ISO-10303-21;
HEADER;
FILE_DESCRIPTION(('Open CASCADE Model'),'2;1');
FILE_NAME('Open CASCADE Shape Model','2026-09-25T21:50:24',('Author'),(
    'Open CASCADE'),'Open CASCADE STEP processor 8.0','build123d',
  'Unknown');
FILE_SCHEMA(('AUTOMOTIVE_DESIGN { 1 0 10303 214 1 1 1 1 }'));
ENDSEC;
DATA;
#1 = APPLICATION_PROTOCOL_DEFINITION('international standard',
  'automotive_design',2000,#2);
#2 = APPLICATION_CONTEXT(
  'core data for automotive mechanical design processes');
#3 = SHAPE_DEFINITION_REPRESENTATION(#4,#10);
#4 = PRODUCT_DEFINITION_SHAPE('','',#5);
#5 = PRODUCT_DEFINITION('design','',#6,#9);
#6 = PRODUCT_DEFINITION_FORMATION('','',#7);
#7 = PRODUCT('COMPOUND','COMPOUND','',(#8));
#8 = PRODUCT_CONTEXT('',#2,'mechanical');
#9 = PRODUCT_DEFINITION_CONTEXT('part definition',#2,'design');
#10 = ADVANCED_BREP_SHAPE_REPRESENTATION('',(#11,#15),#2883);
#11 = AXIS2_PLACEMENT_3D('',#12,#13,#14);
#12 = CARTESIAN_POINT('',(0.,0.,0.));
#13 = DIRECTION('',(0.,0.,1.));
#14 = DIRECTION('',(1.,0.,-0.));
#15 = MANIFOLD_SOLID_BREP('',#16);
#16 = CLOSED_SHELL('',(#17,#137,#319,#368,#523,#550,#557,#633,#682,#845,
    #872,#941,#988,#1035,#1060,#1073,#1149,#1198,#1247,#1274,#1729,#1805
    ,#1854,#1903,#1930,#2006,#2055,#2104,#2131,#2207,#2256,#2305,#2332,
    #2408,#2571,#2620,#2647,#2654,#2661,#2668,#2675,#2751,#2800,#2849,
    #2876));
#17 = ADVANCED_FACE('',(#18),#32,.F.);
#18 = FACE_BOUND('',#19,.F.);
#19 = EDGE_LOOP('',(#20,#55,#83,#111));
#20 = ORIENTED_EDGE('',*,*,#21,.F.);
#21 = EDGE_CURVE('',#22,#24,#26,.T.);
#22 = VERTEX_POINT('',#23);
#23 = CARTESIAN_POINT('',(-482.,-248.5,700.));
#24 = VERTEX_POINT('',#25);
#25 = CARTESIAN_POINT('',(-482.,-248.5,1.23E+03));
#26 = SURFACE_CURVE('',#27,(#31,#43),.PCURVE_S1.);
#27 = LINE('',#28,#29);
#28 = CARTESIAN_POINT('',(-482.,-248.5,700.));
#29 = VECTOR('',#30,1.);
#30 = DIRECTION('',(0.,0.,1.));
#31 = PCURVE('',#32,#37);
#32 = PLANE('',#33);
#33 = AXIS2_PLACEMENT_3D('',#34,#35,#36);
#34 = CARTESIAN_POINT('',(-482.,-248.5,700.));
#35 = DIRECTION('',(1.,0.,-0.));
#36 = DIRECTION('',(0.,0.,1.));
#37 = DEFINITIONAL_REPRESENTATION('',(#38),#42);
#38 = LINE('',#39,#40);
#39 = CARTESIAN_POINT('',(0.,0.));
#40 = VECTOR('',#41,1.);
#41 = DIRECTION('',(1.,0.));
#42 = ( GEOMETRIC_REPRESENTATION_CONTEXT(2) 
PARAMETRIC_REPRESENTATION_CONTEXT() REPRESENTATION_CONTEXT('2D SPACE',''
  ) );
#43 = PCURVE('',#44,#49);
#44 = PLANE('',#45);
#45 = AXIS2_PLACEMENT_3D('',#46,#47,#48);
#46 = CARTESIAN_POINT('',(-482.,-248.5,700.));
#47 = DIRECTION('',(-0.,1.,0.));
#48 = DIRECTION('',(0.,0.,1.));
#49 = DEFINITIONAL_REPRESENTATION('',(#50),#54);
#50 = LINE('',#51,#52);
#51 = CARTESIAN_POINT('',(0.,0.));
#52 = VECTOR('',#53,1.);
#53 = DIRECTION('',(1.,0.));
#54 = ( GEOMETRIC_REPRESENTATION_CONTEXT(2) 
PARAMETRIC_REPRESENTATION_CONTEXT() REPRESENTATION_CONTEXT('2D SPACE',''
  ) );
#55 = ORIENTED_EDGE('',*,*,#56,.T.);
#56 = EDGE_CURVE('',#22,#57,#59,.T.);
#57 = VERTEX_POINT('',#58);
#58 = CARTESIAN_POINT('',(-482.,110.,700.));
#59 = SURFACE_CURVE('',#60,(#64,#71),.PCURVE_S1.);
#60 = LINE('',#61,#62);
#61 = CARTESIAN_POINT('',(-482.,-248.5,700.));
#62 = VECTOR('',#63,1.);
#63 = DIRECTION('',(-0.,1.,0.));
#64 = PCURVE('',#32,#65);
#65 = DEFINITIONAL_REPRESENTATION('',(#66),#70);
#66 = LINE('',#67,#68);
#67 = CARTESIAN_POINT('',(0.,0.));
#68 = VECTOR('',#69,1.);
#69 = DIRECTION('',(0.,-1.));
#70 = ( GEOMETRIC_REPRESENTATION_CONTEXT(2) 
PARAMETRIC_REPRESENTATION_CONTEXT() REPRESENTATION_CONTEXT('2D SPACE',''
  ) );
#71 = PCURVE('',#72,#77);
#72 = PLANE('',#73);
#73 = AXIS2_PLACEMENT_3D('',#74,#75,#76);
#74 = CARTESIAN_POINT('',(-482.,-248.5,700.));
#75 = DIRECTION('',(0.,0.,1.));
#76 = DIRECTION('',(1.,0.,-0.));
#77 = DEFINITIONAL_REPRESENTATION('',(#78),#82);
#78 = LINE('',#79,#80);
#79 = CARTESIAN_POINT('',(0.,0.));
#80 = VECTOR('',#81,1.);
#81 = DIRECTION('',(0.,1.));
#82 = ( GEOMETRIC_REPRESENTATION_CONTEXT(2) 
PARAMETRIC_REPRESENTATION_CONTEXT() REPRESENTATION_CONTEXT('2D SPACE',''
  ) );
#83 = ORIENTED_EDGE('',*,*,#84,.T.);
#84 = EDGE_CURVE('',#57,#85,#87,.T.);
#85 = VERTEX_POINT('',#86);
#86 = CARTESIAN_POINT('',(-482.,110.,1.23E+03));
#87 = SURFACE_CURVE('',#88,(#92,#99),.PCURVE_S1.);
#88 = LINE('',#89,#90);
#89 = CARTESIAN_POINT('',(-482.,110.,700.));
#90 = VECTOR('',#91,1.);
#91 = DIRECTION('',(0.,0.,1.));
#92 = PCURVE('',#32,#93);
#93 = DEFINITIONAL_REPRESENTATION('',(#94),#98);
#94 = LINE('',#95,#96);
#95 = CARTESIAN_POINT('',(0.,-358.5));
#96 = VECTOR('',#97,1.);
#97 = DIRECTION('',(1.,0.));
#98 = ( GEOMETRIC_REPRESENTATION_CONTEXT(2) 
PARAMETRIC_REPRESENTATION_CONTEXT() REPRESENTATION_CONTEXT('2D SPACE',''
  ) );
#99 = PCURVE('',#100,#105);
#100 = PLANE('',#101);
#101 = AXIS2_PLACEMENT_3D('',#102,#103,#104);
#102 = CARTESIAN_POINT('',(-482.,110.,700.));
#103 = DIRECTION('',(-0.,1.,0.));
#104 = DIRECTION('',(0.,0.,1.));
#105 = DEFINITIONAL_REPRESENTATION('',(#106),#110);
#106 = LINE('',#107,#108);
#107 = CARTESIAN_POINT('',(0.,0.));
#108 = VECTOR('',#109,1.);
#109 = DIRECTION('',(1.,0.));
#110 = ( GEOMETRIC_REPRESENTATION_CONTEXT(2) 
PARAMETRIC_REPRESENTATION_CONTEXT() REPRESENTATION_CONTEXT('2D SPACE',''
  ) );
#111 = ORIENTED_EDGE('',*,*,#112,.F.);
#112 = EDGE_CURVE('',#24,#85,#113,.T.);
#113 = SURFACE_CURVE('',#114,(#118,#125),.PCURVE_S1.);
#114 = LINE('',#115,#116);
#115 = CARTESIAN_POINT('',(-482.,-248.5,1.23E+03));
#116 = VECTOR('',#117,1.);
#117 = DIRECTION('',(-0.,1.,0.));
#118 = PCURVE('',#32,#119);
#119 = DEFINITIONAL_REPRESENTATION('',(#120),#124);
#120 = LINE('',#121,#122);
#121 = CARTESIAN_POINT('',(530.,0.));
#122 = VECTOR('',#123,1.);
#123 = DIRECTION('',(0.,-1.));
#124 = ( GEOMETRIC_REPRESENTATION_CONTEXT(2) 
PARAMETRIC_REPRESENTATION_CONTEXT() REPRESENTATION_CONTEXT('2D SPACE',''
  ) );
#125 = PCURVE('',#126,#131);
#126 = PLANE('',#127);
#127 = AXIS2_PLACEMENT_3D('',#128,#129,#130);
#128 = CARTESIAN_POINT('',(-482.,-248.5,1.23E+03));
#129 = DIRECTION('',(0.,0.,1.));
#130 = DIRECTION('',(1.,0.,-0.));
#131 = DEFINITIONAL_REPRESENTATION('',(#132),#136);
#132 = LINE('',#133,#134);
#133 = CARTESIAN_POINT('',(0.,0.));
#134 = VECTOR('',#135,1.);
#135 = DIRECTION('',(0.,1.));
#136 = ( GEOMETRIC_REPRESENTATION_CONTEXT(2) 
PARAMETRIC_REPRESENTATION_CONTEXT() REPRESENTATION_CONTEXT('2D SPACE',''
  ) );
#137 = ADVANCED_FACE('',(#138,#213),#44,.F.);
#138 = FACE_BOUND('',#139,.F.);
#139 = EDGE_LOOP('',(#140,#163,#164,#187));
#140 = ORIENTED_EDGE('',*,*,#141,.F.);
#141 = EDGE_CURVE('',#22,#142,#144,.T.);
#142 = VERTEX_POINT('',#143);
#143 = CARTESIAN_POINT('',(-302.,-248.5,700.));
#144 = SURFACE_CURVE('',#145,(#149,#156),.PCURVE_S1.);
#145 = LINE('',#146,#147);
#146 = CARTESIAN_POINT('',(-482.,-248.5,700.));
#147 = VECTOR('',#148,1.);
#148 = DIRECTION('',(1.,0.,-0.));
#149 = PCURVE('',#44,#150);
#150 = DEFINITIONAL_REPRESENTATION('',(#151),#155);
#151 = LINE('',#152,#153);
#152 = CARTESIAN_POINT('',(0.,0.));
#153 = VECTOR('',#154,1.);
#154 = DIRECTION('',(0.,1.));
#155 = ( GEOMETRIC_REPRESENTATION_CONTEXT(2) 
PARAMETRIC_REPRESENTATION_CONTEXT() REPRESENTATION_CONTEXT('2D SPACE',''
  ) );
#156 = PCURVE('',#72,#157);
#157 = DEFINITIONAL_REPRESENTATION('',(#158),#162);
#158 = LINE('',#159,#160);
#159 = CARTESIAN_POINT('',(0.,0.));
#160 = VECTOR('',#161,1.);
#161 = DIRECTION('',(1.,0.));
#162 = ( GEOMETRIC_REPRESENTATION_CONTEXT(2) 
PARAMETRIC_REPRESENTATION_CONTEXT() REPRESENTATION_CONTEXT('2D SPACE',''
  ) );
#163 = ORIENTED_EDGE('',*,*,#21,.T.);
#164 = ORIENTED_EDGE('',*,*,#165,.T.);
#165 = EDGE_CURVE('',#24,#166,#168,.T.);
#166 = VERTEX_POINT('',#167);
#167 = CARTESIAN_POINT('',(-302.,-248.5,1.23E+03));
#168 = SURFACE_CURVE('',#169,(#173,#180),.PCURVE_S1.);
#169 = LINE('',#170,#171);
#170 = CARTESIAN_POINT('',(-482.,-248.5,1.23E+03));
#171 = VECTOR('',#172,1.);
#172 = DIRECTION('',(1.,0.,-0.));
#173 = PCURVE('',#44,#174);
#174 = DEFINITIONAL_REPRESENTATION('',(#175),#179);
#175 = LINE('',#176,#177);
#176 = CARTESIAN_POINT('',(530.,0.));
#177 = VECTOR('',#178,1.);
#178 = DIRECTION('',(0.,1.));
#179 = ( GEOMETRIC_REPRESENTATION_CONTEXT(2) 
PARAMETRIC_REPRESENTATION_CONTEXT() REPRESENTATION_CONTEXT('2D SPACE',''
  ) );
#180 = PCURVE('',#126,#181);
#181 = DEFINITIONAL_REPRESENTATION('',(#182),#186);
#182 = LINE('',#183,#184);
#183 = CARTESIAN_POINT('',(0.,0.));
#184 = VECTOR('',#185,1.);
#185 = DIRECTION('',(1.,0.));
#186 = ( GEOMETRIC_REPRESENTATION_CONTEXT(2) 
PARAMETRIC_REPRESENTATION_CONTEXT() REPRESENTATION_CONTEXT('2D SPACE',''
  ) );
#187 = ORIENTED_EDGE('',*,*,#188,.F.);
#188 = EDGE_CURVE('',#142,#166,#189,.T.);
#189 = SURFACE_CURVE('',#190,(#194,#201),.PCURVE_S1.);
#190 = LINE('',#191,#192);
#191 = CARTESIAN_POINT('',(-302.,-248.5,700.));
#192 = VECTOR('',#193,1.);
#193 = DIRECTION('',(0.,0.,1.));
#194 = PCURVE('',#44,#195);
#195 = DEFINITIONAL_REPRESENTATION('',(#196),#200);
#196 = LINE('',#197,#198);
#197 = CARTESIAN_POINT('',(0.,180.));
#198 = VECTOR('',#199,1.);
#199 = DIRECTION('',(1.,0.));
#200 = ( GEOMETRIC_REPRESENTATION_CONTEXT(2) 
PARAMETRIC_REPRESENTATION_CONTEXT() REPRESENTATION_CONTEXT('2D SPACE',''
  ) );
#201 = PCURVE('',#202,#207);
#202 = PLANE('',#203);
#203 = AXIS2_PLACEMENT_3D('',#204,#205,#206);
#204 = CARTESIAN_POINT('',(-302.,-248.5,700.));
#205 = DIRECTION('',(1.,0.,-0.));
#206 = DIRECTION('',(0.,0.,1.));
#207 = DEFINITIONAL_REPRESENTATION('',(#208),#212);
#208 = LINE('',#209,#210);
#209 = CARTESIAN_POINT('',(0.,0.));
#210 = VECTOR('',#211,1.);
#211 = DIRECTION('',(1.,0.));
#212 = ( GEOMETRIC_REPRESENTATION_CONTEXT(2) 
PARAMETRIC_REPRESENTATION_CONTEXT() REPRESENTATION_CONTEXT('2D SPACE',''
  ) );
#213 = FACE_BOUND('',#214,.F.);
#214 = EDGE_LOOP('',(#215,#243,#269,#295));
#215 = ORIENTED_EDGE('',*,*,#216,.F.);
#216 = EDGE_CURVE('',#217,#219,#221,.T.);
#217 = VERTEX_POINT('',#218);
#218 = CARTESIAN_POINT('',(-480.5,-248.5,1.2285E+03));
#219 = VERTEX_POINT('',#220);
#220 = CARTESIAN_POINT('',(-303.5,-248.5,1.2285E+03));
#221 = SURFACE_CURVE('',#222,(#226,#232),.PCURVE_S1.);
#222 = LINE('',#223,#224);
#223 = CARTESIAN_POINT('',(-481.25,-248.5,1.2285E+03));
#224 = VECTOR('',#225,1.);
#225 = DIRECTION('',(1.,0.,-0.));
#226 = PCURVE('',#44,#227);
#227 = DEFINITIONAL_REPRESENTATION('',(#228),#231);
#228 = B_SPLINE_CURVE_WITH_KNOTS('',1,(#229,#230),.UNSPECIFIED.,.F.,.F.,
  (2,2),(0.75,177.75),.PIECEWISE_BEZIER_KNOTS.);
#229 = CARTESIAN_POINT('',(528.5,1.5));
#230 = CARTESIAN_POINT('',(528.5,178.5));
#231 = ( GEOMETRIC_REPRESENTATION_CONTEXT(2) 
PARAMETRIC_REPRESENTATION_CONTEXT() REPRESENTATION_CONTEXT('2D SPACE',''
  ) );
#232 = PCURVE('',#233,#238);
#233 = PLANE('',#234);
#234 = AXIS2_PLACEMENT_3D('',#235,#236,#237);
#235 = CARTESIAN_POINT('',(-480.5,-250.,1.2285E+03));
#236 = DIRECTION('',(0.,0.,1.));
#237 = DIRECTION('',(1.,0.,-0.));
#238 = DEFINITIONAL_REPRESENTATION('',(#239),#242);
#239 = B_SPLINE_CURVE_WITH_KNOTS('',1,(#240,#241),.UNSPECIFIED.,.F.,.F.,
  (2,2),(0.75,177.75),.PIECEWISE_BEZIER_KNOTS.);
#240 = CARTESIAN_POINT('',(0.,1.5));
#241 = CARTESIAN_POINT('',(177.,1.5));
#242 = ( GEOMETRIC_REPRESENTATION_CONTEXT(2) 
PARAMETRIC_REPRESENTATION_CONTEXT() REPRESENTATION_CONTEXT('2D SPACE',''
  ) );
#243 = ORIENTED_EDGE('',*,*,#244,.T.);
#244 = EDGE_CURVE('',#217,#245,#247,.T.);
#245 = VERTEX_POINT('',#246);
#246 = CARTESIAN_POINT('',(-480.5,-248.5,701.5));
#247 = SURFACE_CURVE('',#248,(#252,#258),.PCURVE_S1.);
#248 = LINE('',#249,#250);
#249 = CARTESIAN_POINT('',(-480.5,-248.5,700.75));
#250 = VECTOR('',#251,1.);
#251 = DIRECTION('',(-0.,0.,-1.));
#252 = PCURVE('',#44,#253);
#253 = DEFINITIONAL_REPRESENTATION('',(#254),#257);
#254 = B_SPLINE_CURVE_WITH_KNOTS('',1,(#255,#256),.UNSPECIFIED.,.F.,.F.,
  (2,2),(-527.75,-0.75),.PIECEWISE_BEZIER_KNOTS.);
#255 = CARTESIAN_POINT('',(528.5,1.5));
#256 = CARTESIAN_POINT('',(1.5,1.5));
#257 = ( GEOMETRIC_REPRESENTATION_CONTEXT(2) 
PARAMETRIC_REPRESENTATION_CONTEXT() REPRESENTATION_CONTEXT('2D SPACE',''
  ) );
#258 = PCURVE('',#259,#264);
#259 = PLANE('',#260);
#260 = AXIS2_PLACEMENT_3D('',#261,#262,#263);
#261 = CARTESIAN_POINT('',(-480.5,-250.,701.5));
#262 = DIRECTION('',(1.,0.,-0.));
#263 = DIRECTION('',(0.,0.,1.));
#264 = DEFINITIONAL_REPRESENTATION('',(#265),#268);
#265 = B_SPLINE_CURVE_WITH_KNOTS('',1,(#266,#267),.UNSPECIFIED.,.F.,.F.,
  (2,2),(-527.75,-0.75),.PIECEWISE_BEZIER_KNOTS.);
#266 = CARTESIAN_POINT('',(527.,-1.5));
#267 = CARTESIAN_POINT('',(0.,-1.5));
#268 = ( GEOMETRIC_REPRESENTATION_CONTEXT(2) 
PARAMETRIC_REPRESENTATION_CONTEXT() REPRESENTATION_CONTEXT('2D SPACE',''
  ) );
#269 = ORIENTED_EDGE('',*,*,#270,.T.);
#270 = EDGE_CURVE('',#245,#271,#273,.T.);
#271 = VERTEX_POINT('',#272);
#272 = CARTESIAN_POINT('',(-303.5,-248.5,701.5));
#273 = SURFACE_CURVE('',#274,(#278,#284),.PCURVE_S1.);
#274 = LINE('',#275,#276);
#275 = CARTESIAN_POINT('',(-481.25,-248.5,701.5));
#276 = VECTOR('',#277,1.);
#277 = DIRECTION('',(1.,0.,-0.));
#278 = PCURVE('',#44,#279);
#279 = DEFINITIONAL_REPRESENTATION('',(#280),#283);
#280 = B_SPLINE_CURVE_WITH_KNOTS('',1,(#281,#282),.UNSPECIFIED.,.F.,.F.,
  (2,2),(0.75,177.75),.PIECEWISE_BEZIER_KNOTS.);
#281 = CARTESIAN_POINT('',(1.5,1.5));
#282 = CARTESIAN_POINT('',(1.5,178.5));
#283 = ( GEOMETRIC_REPRESENTATION_CONTEXT(2) 
PARAMETRIC_REPRESENTATION_CONTEXT() REPRESENTATION_CONTEXT('2D SPACE',''
  ) );
#284 = PCURVE('',#285,#290);
#285 = PLANE('',#286);
#286 = AXIS2_PLACEMENT_3D('',#287,#288,#289);
#287 = CARTESIAN_POINT('',(-480.5,-250.,701.5));
#288 = DIRECTION('',(0.,0.,1.));
#289 = DIRECTION('',(1.,0.,-0.));
#290 = DEFINITIONAL_REPRESENTATION('',(#291),#294);
#291 = B_SPLINE_CURVE_WITH_KNOTS('',1,(#292,#293),.UNSPECIFIED.,.F.,.F.,
  (2,2),(0.75,177.75),.PIECEWISE_BEZIER_KNOTS.);
#292 = CARTESIAN_POINT('',(0.,1.5));
#293 = CARTESIAN_POINT('',(177.,1.5));
#294 = ( GEOMETRIC_REPRESENTATION_CONTEXT(2) 
PARAMETRIC_REPRESENTATION_CONTEXT() REPRESENTATION_CONTEXT('2D SPACE',''
  ) );
#295 = ORIENTED_EDGE('',*,*,#296,.F.);
#296 = EDGE_CURVE('',#219,#271,#297,.T.);
#297 = SURFACE_CURVE('',#298,(#302,#308),.PCURVE_S1.);
#298 = LINE('',#299,#300);
#299 = CARTESIAN_POINT('',(-303.5,-248.5,700.75));
#300 = VECTOR('',#301,1.);
#301 = DIRECTION('',(-0.,0.,-1.));
#302 = PCURVE('',#44,#303);
#303 = DEFINITIONAL_REPRESENTATION('',(#304),#307);
#304 = B_SPLINE_CURVE_WITH_KNOTS('',1,(#305,#306),.UNSPECIFIED.,.F.,.F.,
  (2,2),(-527.75,-0.75),.PIECEWISE_BEZIER_KNOTS.);
#305 = CARTESIAN_POINT('',(528.5,178.5));
#306 = CARTESIAN_POINT('',(1.5,178.5));
#307 = ( GEOMETRIC_REPRESENTATION_CONTEXT(2) 
PARAMETRIC_REPRESENTATION_CONTEXT() REPRESENTATION_CONTEXT('2D SPACE',''
  ) );
#308 = PCURVE('',#309,#314);
#309 = PLANE('',#310);
#310 = AXIS2_PLACEMENT_3D('',#311,#312,#313);
#311 = CARTESIAN_POINT('',(-303.5,-250.,701.5));
#312 = DIRECTION('',(1.,0.,-0.));
#313 = DIRECTION('',(0.,0.,1.));
#314 = DEFINITIONAL_REPRESENTATION('',(#315),#318);
#315 = B_SPLINE_CURVE_WITH_KNOTS('',1,(#316,#317),.UNSPECIFIED.,.F.,.F.,
  (2,2),(-527.75,-0.75),.PIECEWISE_BEZIER_KNOTS.);
#316 = CARTESIAN_POINT('',(527.,-1.5));
#317 = CARTESIAN_POINT('',(0.,-1.5));
#318 = ( GEOMETRIC_REPRESENTATION_CONTEXT(2) 
PARAMETRIC_REPRESENTATION_CONTEXT() REPRESENTATION_CONTEXT('2D SPACE',''
  ) );
#319 = ADVANCED_FACE('',(#320),#126,.T.);
#320 = FACE_BOUND('',#321,.T.);
#321 = EDGE_LOOP('',(#322,#323,#324,#347));
#322 = ORIENTED_EDGE('',*,*,#112,.F.);
#323 = ORIENTED_EDGE('',*,*,#165,.T.);
#324 = ORIENTED_EDGE('',*,*,#325,.T.);
#325 = EDGE_CURVE('',#166,#326,#328,.T.);
#326 = VERTEX_POINT('',#327);
#327 = CARTESIAN_POINT('',(-302.,110.,1.23E+03));
#328 = SURFACE_CURVE('',#329,(#333,#340),.PCURVE_S1.);
#329 = LINE('',#330,#331);
#330 = CARTESIAN_POINT('',(-302.,-248.5,1.23E+03));
#331 = VECTOR('',#332,1.);
#332 = DIRECTION('',(-0.,1.,0.));
#333 = PCURVE('',#126,#334);
#334 = DEFINITIONAL_REPRESENTATION('',(#335),#339);
#335 = LINE('',#336,#337);
#336 = CARTESIAN_POINT('',(180.,0.));
#337 = VECTOR('',#338,1.);
#338 = DIRECTION('',(0.,1.));
#339 = ( GEOMETRIC_REPRESENTATION_CONTEXT(2) 
PARAMETRIC_REPRESENTATION_CONTEXT() REPRESENTATION_CONTEXT('2D SPACE',''
  ) );
#340 = PCURVE('',#202,#341);
#341 = DEFINITIONAL_REPRESENTATION('',(#342),#346);
#342 = LINE('',#343,#344);
#343 = CARTESIAN_POINT('',(530.,0.));
#344 = VECTOR('',#345,1.);
#345 = DIRECTION('',(0.,-1.));
#346 = ( GEOMETRIC_REPRESENTATION_CONTEXT(2) 
PARAMETRIC_REPRESENTATION_CONTEXT() REPRESENTATION_CONTEXT('2D SPACE',''
  ) );
#347 = ORIENTED_EDGE('',*,*,#348,.F.);
#348 = EDGE_CURVE('',#85,#326,#349,.T.);
#349 = SURFACE_CURVE('',#350,(#354,#361),.PCURVE_S1.);
#350 = LINE('',#351,#352);
#351 = CARTESIAN_POINT('',(-482.,110.,1.23E+03));
#352 = VECTOR('',#353,1.);
#353 = DIRECTION('',(1.,0.,-0.));
#354 = PCURVE('',#126,#355);
#355 = DEFINITIONAL_REPRESENTATION('',(#356),#360);
#356 = LINE('',#357,#358);
#357 = CARTESIAN_POINT('',(0.,358.5));
#358 = VECTOR('',#359,1.);
#359 = DIRECTION('',(1.,0.));
#360 = ( GEOMETRIC_REPRESENTATION_CONTEXT(2) 
PARAMETRIC_REPRESENTATION_CONTEXT() REPRESENTATION_CONTEXT('2D SPACE',''
  ) );
#361 = PCURVE('',#100,#362);
#362 = DEFINITIONAL_REPRESENTATION('',(#363),#367);
#363 = LINE('',#364,#365);
#364 = CARTESIAN_POINT('',(530.,0.));
#365 = VECTOR('',#366,1.);
#366 = DIRECTION('',(0.,1.));
#367 = ( GEOMETRIC_REPRESENTATION_CONTEXT(2) 
PARAMETRIC_REPRESENTATION_CONTEXT() REPRESENTATION_CONTEXT('2D SPACE',''
  ) );
#368 = ADVANCED_FACE('',(#369,#417),#100,.T.);
#369 = FACE_BOUND('',#370,.T.);
#370 = EDGE_LOOP('',(#371,#394,#395,#396));
#371 = ORIENTED_EDGE('',*,*,#372,.F.);
#372 = EDGE_CURVE('',#57,#373,#375,.T.);
#373 = VERTEX_POINT('',#374);
#374 = CARTESIAN_POINT('',(-302.,110.,700.));
#375 = SURFACE_CURVE('',#376,(#380,#387),.PCURVE_S1.);
#376 = LINE('',#377,#378);
#377 = CARTESIAN_POINT('',(-482.,110.,700.));
#378 = VECTOR('',#379,1.);
#379 = DIRECTION('',(1.,0.,-0.));
#380 = PCURVE('',#100,#381);
#381 = DEFINITIONAL_REPRESENTATION('',(#382),#386);
#382 = LINE('',#383,#384);
#383 = CARTESIAN_POINT('',(0.,0.));
#384 = VECTOR('',#385,1.);
#385 = DIRECTION('',(0.,1.));
#386 = ( GEOMETRIC_REPRESENTATION_CONTEXT(2) 
PARAMETRIC_REPRESENTATION_CONTEXT() REPRESENTATION_CONTEXT('2D SPACE',''
  ) );
#387 = PCURVE('',#72,#388);
#388 = DEFINITIONAL_REPRESENTATION('',(#389),#393);
#389 = LINE('',#390,#391);
#390 = CARTESIAN_POINT('',(0.,358.5));
#391 = VECTOR('',#392,1.);
#392 = DIRECTION('',(1.,0.));
#393 = ( GEOMETRIC_REPRESENTATION_CONTEXT(2) 
PARAMETRIC_REPRESENTATION_CONTEXT() REPRESENTATION_CONTEXT('2D SPACE',''
  ) );
#394 = ORIENTED_EDGE('',*,*,#84,.T.);
#395 = ORIENTED_EDGE('',*,*,#348,.T.);
#396 = ORIENTED_EDGE('',*,*,#397,.F.);
#397 = EDGE_CURVE('',#373,#326,#398,.T.);
#398 = SURFACE_CURVE('',#399,(#403,#410),.PCURVE_S1.);
#399 = LINE('',#400,#401);
#400 = CARTESIAN_POINT('',(-302.,110.,700.));
#401 = VECTOR('',#402,1.);
#402 = DIRECTION('',(0.,0.,1.));
#403 = PCURVE('',#100,#404);
#404 = DEFINITIONAL_REPRESENTATION('',(#405),#409);
#405 = LINE('',#406,#407);
#406 = CARTESIAN_POINT('',(0.,180.));
#407 = VECTOR('',#408,1.);
#408 = DIRECTION('',(1.,0.));
#409 = ( GEOMETRIC_REPRESENTATION_CONTEXT(2) 
PARAMETRIC_REPRESENTATION_CONTEXT() REPRESENTATION_CONTEXT('2D SPACE',''
  ) );
#410 = PCURVE('',#202,#411);
#411 = DEFINITIONAL_REPRESENTATION('',(#412),#416);
#412 = LINE('',#413,#414);
#413 = CARTESIAN_POINT('',(0.,-358.5));
#414 = VECTOR('',#415,1.);
#415 = DIRECTION('',(1.,0.));
#416 = ( GEOMETRIC_REPRESENTATION_CONTEXT(2) 
PARAMETRIC_REPRESENTATION_CONTEXT() REPRESENTATION_CONTEXT('2D SPACE',''
  ) );
#417 = FACE_BOUND('',#418,.T.);
#418 = EDGE_LOOP('',(#419,#447,#473,#499));
#419 = ORIENTED_EDGE('',*,*,#420,.F.);
#420 = EDGE_CURVE('',#421,#423,#425,.T.);
#421 = VERTEX_POINT('',#422);
#422 = CARTESIAN_POINT('',(-422.,110.,1.2E+03));
#423 = VERTEX_POINT('',#424);
#424 = CARTESIAN_POINT('',(-362.,110.,1.2E+03));
#425 = SURFACE_CURVE('',#426,(#430,#436),.PCURVE_S1.);
#426 = LINE('',#427,#428);
#427 = CARTESIAN_POINT('',(-452.,110.,1.2E+03));
#428 = VECTOR('',#429,1.);
#429 = DIRECTION('',(1.,0.,-0.));
#430 = PCURVE('',#100,#431);
#431 = DEFINITIONAL_REPRESENTATION('',(#432),#435);
#432 = B_SPLINE_CURVE_WITH_KNOTS('',1,(#433,#434),.UNSPECIFIED.,.F.,.F.,
  (2,2),(30.,90.),.PIECEWISE_BEZIER_KNOTS.);
#433 = CARTESIAN_POINT('',(500.,60.));
#434 = CARTESIAN_POINT('',(500.,120.));
#435 = ( GEOMETRIC_REPRESENTATION_CONTEXT(2) 
PARAMETRIC_REPRESENTATION_CONTEXT() REPRESENTATION_CONTEXT('2D SPACE',''
  ) );
#436 = PCURVE('',#437,#442);
#437 = PLANE('',#438);
#438 = AXIS2_PLACEMENT_3D('',#439,#440,#441);
#439 = CARTESIAN_POINT('',(-422.,107.5,1.2E+03));
#440 = DIRECTION('',(0.,0.,1.));
#441 = DIRECTION('',(1.,0.,-0.));
#442 = DEFINITIONAL_REPRESENTATION('',(#443),#446);
#443 = B_SPLINE_CURVE_WITH_KNOTS('',1,(#444,#445),.UNSPECIFIED.,.F.,.F.,
  (2,2),(30.,90.),.PIECEWISE_BEZIER_KNOTS.);
#444 = CARTESIAN_POINT('',(0.,2.5));
#445 = CARTESIAN_POINT('',(60.,2.5));
#446 = ( GEOMETRIC_REPRESENTATION_CONTEXT(2) 
PARAMETRIC_REPRESENTATION_CONTEXT() REPRESENTATION_CONTEXT('2D SPACE',''
  ) );
#447 = ORIENTED_EDGE('',*,*,#448,.T.);
#448 = EDGE_CURVE('',#421,#449,#451,.T.);
#449 = VERTEX_POINT('',#450);
#450 = CARTESIAN_POINT('',(-422.,110.,1.14E+03));
#451 = SURFACE_CURVE('',#452,(#456,#462),.PCURVE_S1.);
#452 = LINE('',#453,#454);
#453 = CARTESIAN_POINT('',(-422.,110.,920.));
#454 = VECTOR('',#455,1.);
#455 = DIRECTION('',(-0.,0.,-1.));
#456 = PCURVE('',#100,#457);
#457 = DEFINITIONAL_REPRESENTATION('',(#458),#461);
#458 = B_SPLINE_CURVE_WITH_KNOTS('',1,(#459,#460),.UNSPECIFIED.,.F.,.F.,
  (2,2),(-280.,-220.),.PIECEWISE_BEZIER_KNOTS.);
#459 = CARTESIAN_POINT('',(500.,60.));
#460 = CARTESIAN_POINT('',(440.,60.));
#461 = ( GEOMETRIC_REPRESENTATION_CONTEXT(2) 
PARAMETRIC_REPRESENTATION_CONTEXT() REPRESENTATION_CONTEXT('2D SPACE',''
  ) );
#462 = PCURVE('',#463,#468);
#463 = PLANE('',#464);
#464 = AXIS2_PLACEMENT_3D('',#465,#466,#467);
#465 = CARTESIAN_POINT('',(-422.,107.5,1.14E+03));
#466 = DIRECTION('',(1.,0.,-0.));
#467 = DIRECTION('',(0.,0.,1.));
#468 = DEFINITIONAL_REPRESENTATION('',(#469),#472);
#469 = B_SPLINE_CURVE_WITH_KNOTS('',1,(#470,#471),.UNSPECIFIED.,.F.,.F.,
  (2,2),(-280.,-220.),.PIECEWISE_BEZIER_KNOTS.);
#470 = CARTESIAN_POINT('',(60.,-2.5));
#471 = CARTESIAN_POINT('',(0.,-2.5));
#472 = ( GEOMETRIC_REPRESENTATION_CONTEXT(2) 
PARAMETRIC_REPRESENTATION_CONTEXT() REPRESENTATION_CONTEXT('2D SPACE',''
  ) );
#473 = ORIENTED_EDGE('',*,*,#474,.T.);
#474 = EDGE_CURVE('',#449,#475,#477,.T.);
#475 = VERTEX_POINT('',#476);
#476 = CARTESIAN_POINT('',(-362.,110.,1.14E+03));
#477 = SURFACE_CURVE('',#478,(#482,#488),.PCURVE_S1.);
#478 = LINE('',#479,#480);
#479 = CARTESIAN_POINT('',(-452.,110.,1.14E+03));
#480 = VECTOR('',#481,1.);
#481 = DIRECTION('',(1.,0.,-0.));
#482 = PCURVE('',#100,#483);
#483 = DEFINITIONAL_REPRESENTATION('',(#484),#487);
#484 = B_SPLINE_CURVE_WITH_KNOTS('',1,(#485,#486),.UNSPECIFIED.,.F.,.F.,
  (2,2),(30.,90.),.PIECEWISE_BEZIER_KNOTS.);
#485 = CARTESIAN_POINT('',(440.,60.));
#486 = CARTESIAN_POINT('',(440.,120.));
#487 = ( GEOMETRIC_REPRESENTATION_CONTEXT(2) 
PARAMETRIC_REPRESENTATION_CONTEXT() REPRESENTATION_CONTEXT('2D SPACE',''
  ) );
#488 = PCURVE('',#489,#494);
#489 = PLANE('',#490);
#490 = AXIS2_PLACEMENT_3D('',#491,#492,#493);
#491 = CARTESIAN_POINT('',(-422.,107.5,1.14E+03));
#492 = DIRECTION('',(0.,0.,1.));
#493 = DIRECTION('',(1.,0.,-0.));
#494 = DEFINITIONAL_REPRESENTATION('',(#495),#498);
#495 = B_SPLINE_CURVE_WITH_KNOTS('',1,(#496,#497),.UNSPECIFIED.,.F.,.F.,
  (2,2),(30.,90.),.PIECEWISE_BEZIER_KNOTS.);
#496 = CARTESIAN_POINT('',(0.,2.5));
#497 = CARTESIAN_POINT('',(60.,2.5));
#498 = ( GEOMETRIC_REPRESENTATION_CONTEXT(2) 
PARAMETRIC_REPRESENTATION_CONTEXT() REPRESENTATION_CONTEXT('2D SPACE',''
  ) );
#499 = ORIENTED_EDGE('',*,*,#500,.F.);
#500 = EDGE_CURVE('',#423,#475,#501,.T.);
#501 = SURFACE_CURVE('',#502,(#506,#512),.PCURVE_S1.);
#502 = LINE('',#503,#504);
#503 = CARTESIAN_POINT('',(-362.,110.,920.));
#504 = VECTOR('',#505,1.);
#505 = DIRECTION('',(-0.,0.,-1.));
#506 = PCURVE('',#100,#507);
#507 = DEFINITIONAL_REPRESENTATION('',(#508),#511);
#508 = B_SPLINE_CURVE_WITH_KNOTS('',1,(#509,#510),.UNSPECIFIED.,.F.,.F.,
  (2,2),(-280.,-220.),.PIECEWISE_BEZIER_KNOTS.);
#509 = CARTESIAN_POINT('',(500.,120.));
#510 = CARTESIAN_POINT('',(440.,120.));
#511 = ( GEOMETRIC_REPRESENTATION_CONTEXT(2) 
PARAMETRIC_REPRESENTATION_CONTEXT() REPRESENTATION_CONTEXT('2D SPACE',''
  ) );
#512 = PCURVE('',#513,#518);
#513 = PLANE('',#514);
#514 = AXIS2_PLACEMENT_3D('',#515,#516,#517);
#515 = CARTESIAN_POINT('',(-362.,107.5,1.14E+03));
#516 = DIRECTION('',(1.,0.,-0.));
#517 = DIRECTION('',(0.,0.,1.));
#518 = DEFINITIONAL_REPRESENTATION('',(#519),#522);
#519 = B_SPLINE_CURVE_WITH_KNOTS('',1,(#520,#521),.UNSPECIFIED.,.F.,.F.,
  (2,2),(-280.,-220.),.PIECEWISE_BEZIER_KNOTS.);
#520 = CARTESIAN_POINT('',(60.,-2.5));
#521 = CARTESIAN_POINT('',(0.,-2.5));
#522 = ( GEOMETRIC_REPRESENTATION_CONTEXT(2) 
PARAMETRIC_REPRESENTATION_CONTEXT() REPRESENTATION_CONTEXT('2D SPACE',''
  ) );
#523 = ADVANCED_FACE('',(#524),#72,.F.);
#524 = FACE_BOUND('',#525,.F.);
#525 = EDGE_LOOP('',(#526,#527,#528,#549));
#526 = ORIENTED_EDGE('',*,*,#56,.F.);
#527 = ORIENTED_EDGE('',*,*,#141,.T.);
#528 = ORIENTED_EDGE('',*,*,#529,.T.);
#529 = EDGE_CURVE('',#142,#373,#530,.T.);
#530 = SURFACE_CURVE('',#531,(#535,#542),.PCURVE_S1.);
#531 = LINE('',#532,#533);
#532 = CARTESIAN_POINT('',(-302.,-248.5,700.));
#533 = VECTOR('',#534,1.);
#534 = DIRECTION('',(-0.,1.,0.));
#535 = PCURVE('',#72,#536);
#536 = DEFINITIONAL_REPRESENTATION('',(#537),#541);
#537 = LINE('',#538,#539);
#538 = CARTESIAN_POINT('',(180.,0.));
#539 = VECTOR('',#540,1.);
#540 = DIRECTION('',(0.,1.));
#541 = ( GEOMETRIC_REPRESENTATION_CONTEXT(2) 
PARAMETRIC_REPRESENTATION_CONTEXT() REPRESENTATION_CONTEXT('2D SPACE',''
  ) );
#542 = PCURVE('',#202,#543);
#543 = DEFINITIONAL_REPRESENTATION('',(#544),#548);
#544 = LINE('',#545,#546);
#545 = CARTESIAN_POINT('',(0.,0.));
#546 = VECTOR('',#547,1.);
#547 = DIRECTION('',(0.,-1.));
#548 = ( GEOMETRIC_REPRESENTATION_CONTEXT(2) 
PARAMETRIC_REPRESENTATION_CONTEXT() REPRESENTATION_CONTEXT('2D SPACE',''
  ) );
#549 = ORIENTED_EDGE('',*,*,#372,.F.);
#550 = ADVANCED_FACE('',(#551),#202,.T.);
#551 = FACE_BOUND('',#552,.T.);
#552 = EDGE_LOOP('',(#553,#554,#555,#556));
#553 = ORIENTED_EDGE('',*,*,#188,.F.);
#554 = ORIENTED_EDGE('',*,*,#529,.T.);
#555 = ORIENTED_EDGE('',*,*,#397,.T.);
#556 = ORIENTED_EDGE('',*,*,#325,.F.);
#557 = ADVANCED_FACE('',(#558),#233,.F.);
#558 = FACE_BOUND('',#559,.F.);
#559 = EDGE_LOOP('',(#560,#583,#584,#607));
#560 = ORIENTED_EDGE('',*,*,#561,.F.);
#561 = EDGE_CURVE('',#217,#562,#564,.T.);
#562 = VERTEX_POINT('',#563);
#563 = CARTESIAN_POINT('',(-480.5,108.5,1.2285E+03));
#564 = SURFACE_CURVE('',#565,(#569,#576),.PCURVE_S1.);
#565 = LINE('',#566,#567);
#566 = CARTESIAN_POINT('',(-480.5,-250.,1.2285E+03));
#567 = VECTOR('',#568,1.);
#568 = DIRECTION('',(-0.,1.,0.));
#569 = PCURVE('',#233,#570);
#570 = DEFINITIONAL_REPRESENTATION('',(#571),#575);
#571 = LINE('',#572,#573);
#572 = CARTESIAN_POINT('',(0.,0.));
#573 = VECTOR('',#574,1.);
#574 = DIRECTION('',(0.,1.));
#575 = ( GEOMETRIC_REPRESENTATION_CONTEXT(2) 
PARAMETRIC_REPRESENTATION_CONTEXT() REPRESENTATION_CONTEXT('2D SPACE',''
  ) );
#576 = PCURVE('',#259,#577);
#577 = DEFINITIONAL_REPRESENTATION('',(#578),#582);
#578 = LINE('',#579,#580);
#579 = CARTESIAN_POINT('',(527.,0.));
#580 = VECTOR('',#581,1.);
#581 = DIRECTION('',(0.,-1.));
#582 = ( GEOMETRIC_REPRESENTATION_CONTEXT(2) 
PARAMETRIC_REPRESENTATION_CONTEXT() REPRESENTATION_CONTEXT('2D SPACE',''
  ) );
#583 = ORIENTED_EDGE('',*,*,#216,.T.);
#584 = ORIENTED_EDGE('',*,*,#585,.T.);
#585 = EDGE_CURVE('',#219,#586,#588,.T.);
#586 = VERTEX_POINT('',#587);
#587 = CARTESIAN_POINT('',(-303.5,108.5,1.2285E+03));
#588 = SURFACE_CURVE('',#589,(#593,#600),.PCURVE_S1.);
#589 = LINE('',#590,#591);
#590 = CARTESIAN_POINT('',(-303.5,-250.,1.2285E+03));
#591 = VECTOR('',#592,1.);
#592 = DIRECTION('',(-0.,1.,0.));
#593 = PCURVE('',#233,#594);
#594 = DEFINITIONAL_REPRESENTATION('',(#595),#599);
#595 = LINE('',#596,#597);
#596 = CARTESIAN_POINT('',(177.,0.));
#597 = VECTOR('',#598,1.);
#598 = DIRECTION('',(0.,1.));
#599 = ( GEOMETRIC_REPRESENTATION_CONTEXT(2) 
PARAMETRIC_REPRESENTATION_CONTEXT() REPRESENTATION_CONTEXT('2D SPACE',''
  ) );
#600 = PCURVE('',#309,#601);
#601 = DEFINITIONAL_REPRESENTATION('',(#602),#606);
#602 = LINE('',#603,#604);
#603 = CARTESIAN_POINT('',(527.,0.));
#604 = VECTOR('',#605,1.);
#605 = DIRECTION('',(0.,-1.));
#606 = ( GEOMETRIC_REPRESENTATION_CONTEXT(2) 
PARAMETRIC_REPRESENTATION_CONTEXT() REPRESENTATION_CONTEXT('2D SPACE',''
  ) );
#607 = ORIENTED_EDGE('',*,*,#608,.F.);
#608 = EDGE_CURVE('',#562,#586,#609,.T.);
#609 = SURFACE_CURVE('',#610,(#614,#621),.PCURVE_S1.);
#610 = LINE('',#611,#612);
#611 = CARTESIAN_POINT('',(-480.5,108.5,1.2285E+03));
#612 = VECTOR('',#613,1.);
#613 = DIRECTION('',(1.,0.,-0.));
#614 = PCURVE('',#233,#615);
#615 = DEFINITIONAL_REPRESENTATION('',(#616),#620);
#616 = LINE('',#617,#618);
#617 = CARTESIAN_POINT('',(0.,358.5));
#618 = VECTOR('',#619,1.);
#619 = DIRECTION('',(1.,0.));
#620 = ( GEOMETRIC_REPRESENTATION_CONTEXT(2) 
PARAMETRIC_REPRESENTATION_CONTEXT() REPRESENTATION_CONTEXT('2D SPACE',''
  ) );
#621 = PCURVE('',#622,#627);
#622 = PLANE('',#623);
#623 = AXIS2_PLACEMENT_3D('',#624,#625,#626);
#624 = CARTESIAN_POINT('',(-480.5,108.5,701.5));
#625 = DIRECTION('',(-0.,1.,0.));
#626 = DIRECTION('',(0.,0.,1.));
#627 = DEFINITIONAL_REPRESENTATION('',(#628),#632);
#628 = LINE('',#629,#630);
#629 = CARTESIAN_POINT('',(527.,0.));
#630 = VECTOR('',#631,1.);
#631 = DIRECTION('',(0.,1.));
#632 = ( GEOMETRIC_REPRESENTATION_CONTEXT(2) 
PARAMETRIC_REPRESENTATION_CONTEXT() REPRESENTATION_CONTEXT('2D SPACE',''
  ) );
#633 = ADVANCED_FACE('',(#634),#309,.F.);
#634 = FACE_BOUND('',#635,.F.);
#635 = EDGE_LOOP('',(#636,#637,#638,#661));
#636 = ORIENTED_EDGE('',*,*,#585,.F.);
#637 = ORIENTED_EDGE('',*,*,#296,.T.);
#638 = ORIENTED_EDGE('',*,*,#639,.T.);
#639 = EDGE_CURVE('',#271,#640,#642,.T.);
#640 = VERTEX_POINT('',#641);
#641 = CARTESIAN_POINT('',(-303.5,108.5,701.5));
#642 = SURFACE_CURVE('',#643,(#647,#654),.PCURVE_S1.);
#643 = LINE('',#644,#645);
#644 = CARTESIAN_POINT('',(-303.5,-250.,701.5));
#645 = VECTOR('',#646,1.);
#646 = DIRECTION('',(-0.,1.,0.));
#647 = PCURVE('',#309,#648);
#648 = DEFINITIONAL_REPRESENTATION('',(#649),#653);
#649 = LINE('',#650,#651);
#650 = CARTESIAN_POINT('',(0.,0.));
#651 = VECTOR('',#652,1.);
#652 = DIRECTION('',(0.,-1.));
#653 = ( GEOMETRIC_REPRESENTATION_CONTEXT(2) 
PARAMETRIC_REPRESENTATION_CONTEXT() REPRESENTATION_CONTEXT('2D SPACE',''
  ) );
#654 = PCURVE('',#285,#655);
#655 = DEFINITIONAL_REPRESENTATION('',(#656),#660);
#656 = LINE('',#657,#658);
#657 = CARTESIAN_POINT('',(177.,0.));
#658 = VECTOR('',#659,1.);
#659 = DIRECTION('',(0.,1.));
#660 = ( GEOMETRIC_REPRESENTATION_CONTEXT(2) 
PARAMETRIC_REPRESENTATION_CONTEXT() REPRESENTATION_CONTEXT('2D SPACE',''
  ) );
#661 = ORIENTED_EDGE('',*,*,#662,.T.);
#662 = EDGE_CURVE('',#640,#586,#663,.T.);
#663 = SURFACE_CURVE('',#664,(#668,#675),.PCURVE_S1.);
#664 = LINE('',#665,#666);
#665 = CARTESIAN_POINT('',(-303.5,108.5,701.5));
#666 = VECTOR('',#667,1.);
#667 = DIRECTION('',(0.,0.,1.));
#668 = PCURVE('',#309,#669);
#669 = DEFINITIONAL_REPRESENTATION('',(#670),#674);
#670 = LINE('',#671,#672);
#671 = CARTESIAN_POINT('',(0.,-358.5));
#672 = VECTOR('',#673,1.);
#673 = DIRECTION('',(1.,0.));
#674 = ( GEOMETRIC_REPRESENTATION_CONTEXT(2) 
PARAMETRIC_REPRESENTATION_CONTEXT() REPRESENTATION_CONTEXT('2D SPACE',''
  ) );
#675 = PCURVE('',#622,#676);
#676 = DEFINITIONAL_REPRESENTATION('',(#677),#681);
#677 = LINE('',#678,#679);
#678 = CARTESIAN_POINT('',(0.,177.));
#679 = VECTOR('',#680,1.);
#680 = DIRECTION('',(1.,0.));
#681 = ( GEOMETRIC_REPRESENTATION_CONTEXT(2) 
PARAMETRIC_REPRESENTATION_CONTEXT() REPRESENTATION_CONTEXT('2D SPACE',''
  ) );
#682 = ADVANCED_FACE('',(#683,#731),#285,.T.);
#683 = FACE_BOUND('',#684,.T.);
#684 = EDGE_LOOP('',(#685,#708,#709,#710));
#685 = ORIENTED_EDGE('',*,*,#686,.F.);
#686 = EDGE_CURVE('',#245,#687,#689,.T.);
#687 = VERTEX_POINT('',#688);
#688 = CARTESIAN_POINT('',(-480.5,108.5,701.5));
#689 = SURFACE_CURVE('',#690,(#694,#701),.PCURVE_S1.);
#690 = LINE('',#691,#692);
#691 = CARTESIAN_POINT('',(-480.5,-250.,701.5));
#692 = VECTOR('',#693,1.);
#693 = DIRECTION('',(-0.,1.,0.));
#694 = PCURVE('',#285,#695);
#695 = DEFINITIONAL_REPRESENTATION('',(#696),#700);
#696 = LINE('',#697,#698);
#697 = CARTESIAN_POINT('',(0.,0.));
#698 = VECTOR('',#699,1.);
#699 = DIRECTION('',(0.,1.));
#700 = ( GEOMETRIC_REPRESENTATION_CONTEXT(2) 
PARAMETRIC_REPRESENTATION_CONTEXT() REPRESENTATION_CONTEXT('2D SPACE',''
  ) );
#701 = PCURVE('',#259,#702);
#702 = DEFINITIONAL_REPRESENTATION('',(#703),#707);
#703 = LINE('',#704,#705);
#704 = CARTESIAN_POINT('',(0.,0.));
#705 = VECTOR('',#706,1.);
#706 = DIRECTION('',(0.,-1.));
#707 = ( GEOMETRIC_REPRESENTATION_CONTEXT(2) 
PARAMETRIC_REPRESENTATION_CONTEXT() REPRESENTATION_CONTEXT('2D SPACE',''
  ) );
#708 = ORIENTED_EDGE('',*,*,#270,.T.);
#709 = ORIENTED_EDGE('',*,*,#639,.T.);
#710 = ORIENTED_EDGE('',*,*,#711,.F.);
#711 = EDGE_CURVE('',#687,#640,#712,.T.);
#712 = SURFACE_CURVE('',#713,(#717,#724),.PCURVE_S1.);
#713 = LINE('',#714,#715);
#714 = CARTESIAN_POINT('',(-480.5,108.5,701.5));
#715 = VECTOR('',#716,1.);
#716 = DIRECTION('',(1.,0.,-0.));
#717 = PCURVE('',#285,#718);
#718 = DEFINITIONAL_REPRESENTATION('',(#719),#723);
#719 = LINE('',#720,#721);
#720 = CARTESIAN_POINT('',(0.,358.5));
#721 = VECTOR('',#722,1.);
#722 = DIRECTION('',(1.,0.));
#723 = ( GEOMETRIC_REPRESENTATION_CONTEXT(2) 
PARAMETRIC_REPRESENTATION_CONTEXT() REPRESENTATION_CONTEXT('2D SPACE',''
  ) );
#724 = PCURVE('',#622,#725);
#725 = DEFINITIONAL_REPRESENTATION('',(#726),#730);
#726 = LINE('',#727,#728);
#727 = CARTESIAN_POINT('',(0.,0.));
#728 = VECTOR('',#729,1.);
#729 = DIRECTION('',(0.,1.));
#730 = ( GEOMETRIC_REPRESENTATION_CONTEXT(2) 
PARAMETRIC_REPRESENTATION_CONTEXT() REPRESENTATION_CONTEXT('2D SPACE',''
  ) );
#731 = FACE_BOUND('',#732,.T.);
#732 = EDGE_LOOP('',(#733,#763,#791,#819));
#733 = ORIENTED_EDGE('',*,*,#734,.T.);
#734 = EDGE_CURVE('',#735,#737,#739,.T.);
#735 = VERTEX_POINT('',#736);
#736 = CARTESIAN_POINT('',(-467.,-75.,701.5));
#737 = VERTEX_POINT('',#738);
#738 = CARTESIAN_POINT('',(-467.,75.,701.5));
#739 = SURFACE_CURVE('',#740,(#744,#751),.PCURVE_S1.);
#740 = LINE('',#741,#742);
#741 = CARTESIAN_POINT('',(-467.,-75.,701.5));
#742 = VECTOR('',#743,1.);
#743 = DIRECTION('',(-0.,1.,0.));
#744 = PCURVE('',#285,#745);
#745 = DEFINITIONAL_REPRESENTATION('',(#746),#750);
#746 = LINE('',#747,#748);
#747 = CARTESIAN_POINT('',(13.5,175.));
#748 = VECTOR('',#749,1.);
#749 = DIRECTION('',(0.,1.));
#750 = ( GEOMETRIC_REPRESENTATION_CONTEXT(2) 
PARAMETRIC_REPRESENTATION_CONTEXT() REPRESENTATION_CONTEXT('2D SPACE',''
  ) );
#751 = PCURVE('',#752,#757);
#752 = PLANE('',#753);
#753 = AXIS2_PLACEMENT_3D('',#754,#755,#756);
#754 = CARTESIAN_POINT('',(-467.,-75.,701.5));
#755 = DIRECTION('',(1.,0.,-0.));
#756 = DIRECTION('',(0.,0.,1.));
#757 = DEFINITIONAL_REPRESENTATION('',(#758),#762);
#758 = LINE('',#759,#760);
#759 = CARTESIAN_POINT('',(0.,0.));
#760 = VECTOR('',#761,1.);
#761 = DIRECTION('',(0.,-1.));
#762 = ( GEOMETRIC_REPRESENTATION_CONTEXT(2) 
PARAMETRIC_REPRESENTATION_CONTEXT() REPRESENTATION_CONTEXT('2D SPACE',''
  ) );
#763 = ORIENTED_EDGE('',*,*,#764,.T.);
#764 = EDGE_CURVE('',#737,#765,#767,.T.);
#765 = VERTEX_POINT('',#766);
#766 = CARTESIAN_POINT('',(-317.,75.,701.5));
#767 = SURFACE_CURVE('',#768,(#772,#779),.PCURVE_S1.);
#768 = LINE('',#769,#770);
#769 = CARTESIAN_POINT('',(-467.,75.,701.5));
#770 = VECTOR('',#771,1.);
#771 = DIRECTION('',(1.,0.,-0.));
#772 = PCURVE('',#285,#773);
#773 = DEFINITIONAL_REPRESENTATION('',(#774),#778);
#774 = LINE('',#775,#776);
#775 = CARTESIAN_POINT('',(13.5,325.));
#776 = VECTOR('',#777,1.);
#777 = DIRECTION('',(1.,0.));
#778 = ( GEOMETRIC_REPRESENTATION_CONTEXT(2) 
PARAMETRIC_REPRESENTATION_CONTEXT() REPRESENTATION_CONTEXT('2D SPACE',''
  ) );
#779 = PCURVE('',#780,#785);
#780 = PLANE('',#781);
#781 = AXIS2_PLACEMENT_3D('',#782,#783,#784);
#782 = CARTESIAN_POINT('',(-467.,75.,701.5));
#783 = DIRECTION('',(-0.,1.,0.));
#784 = DIRECTION('',(0.,0.,1.));
#785 = DEFINITIONAL_REPRESENTATION('',(#786),#790);
#786 = LINE('',#787,#788);
#787 = CARTESIAN_POINT('',(0.,0.));
#788 = VECTOR('',#789,1.);
#789 = DIRECTION('',(0.,1.));
#790 = ( GEOMETRIC_REPRESENTATION_CONTEXT(2) 
PARAMETRIC_REPRESENTATION_CONTEXT() REPRESENTATION_CONTEXT('2D SPACE',''
  ) );
#791 = ORIENTED_EDGE('',*,*,#792,.F.);
#792 = EDGE_CURVE('',#793,#765,#795,.T.);
#793 = VERTEX_POINT('',#794);
#794 = CARTESIAN_POINT('',(-317.,-75.,701.5));
#795 = SURFACE_CURVE('',#796,(#800,#807),.PCURVE_S1.);
#796 = LINE('',#797,#798);
#797 = CARTESIAN_POINT('',(-317.,-75.,701.5));
#798 = VECTOR('',#799,1.);
#799 = DIRECTION('',(-0.,1.,0.));
#800 = PCURVE('',#285,#801);
#801 = DEFINITIONAL_REPRESENTATION('',(#802),#806);
#802 = LINE('',#803,#804);
#803 = CARTESIAN_POINT('',(163.5,175.));
#804 = VECTOR('',#805,1.);
#805 = DIRECTION('',(0.,1.));
#806 = ( GEOMETRIC_REPRESENTATION_CONTEXT(2) 
PARAMETRIC_REPRESENTATION_CONTEXT() REPRESENTATION_CONTEXT('2D SPACE',''
  ) );
#807 = PCURVE('',#808,#813);
#808 = PLANE('',#809);
#809 = AXIS2_PLACEMENT_3D('',#810,#811,#812);
#810 = CARTESIAN_POINT('',(-317.,-75.,701.5));
#811 = DIRECTION('',(1.,0.,-0.));
#812 = DIRECTION('',(0.,0.,1.));
#813 = DEFINITIONAL_REPRESENTATION('',(#814),#818);
#814 = LINE('',#815,#816);
#815 = CARTESIAN_POINT('',(0.,0.));
#816 = VECTOR('',#817,1.);
#817 = DIRECTION('',(0.,-1.));
#818 = ( GEOMETRIC_REPRESENTATION_CONTEXT(2) 
PARAMETRIC_REPRESENTATION_CONTEXT() REPRESENTATION_CONTEXT('2D SPACE',''
  ) );
#819 = ORIENTED_EDGE('',*,*,#820,.F.);
#820 = EDGE_CURVE('',#735,#793,#821,.T.);
#821 = SURFACE_CURVE('',#822,(#826,#833),.PCURVE_S1.);
#822 = LINE('',#823,#824);
#823 = CARTESIAN_POINT('',(-467.,-75.,701.5));
#824 = VECTOR('',#825,1.);
#825 = DIRECTION('',(1.,0.,-0.));
#826 = PCURVE('',#285,#827);
#827 = DEFINITIONAL_REPRESENTATION('',(#828),#832);
#828 = LINE('',#829,#830);
#829 = CARTESIAN_POINT('',(13.5,175.));
#830 = VECTOR('',#831,1.);
#831 = DIRECTION('',(1.,0.));
#832 = ( GEOMETRIC_REPRESENTATION_CONTEXT(2) 
PARAMETRIC_REPRESENTATION_CONTEXT() REPRESENTATION_CONTEXT('2D SPACE',''
  ) );
#833 = PCURVE('',#834,#839);
#834 = PLANE('',#835);
#835 = AXIS2_PLACEMENT_3D('',#836,#837,#838);
#836 = CARTESIAN_POINT('',(-467.,-75.,701.5));
#837 = DIRECTION('',(-0.,1.,0.));
#838 = DIRECTION('',(0.,0.,1.));
#839 = DEFINITIONAL_REPRESENTATION('',(#840),#844);
#840 = LINE('',#841,#842);
#841 = CARTESIAN_POINT('',(0.,0.));
#842 = VECTOR('',#843,1.);
#843 = DIRECTION('',(0.,1.));
#844 = ( GEOMETRIC_REPRESENTATION_CONTEXT(2) 
PARAMETRIC_REPRESENTATION_CONTEXT() REPRESENTATION_CONTEXT('2D SPACE',''
  ) );
#845 = ADVANCED_FACE('',(#846),#259,.T.);
#846 = FACE_BOUND('',#847,.T.);
#847 = EDGE_LOOP('',(#848,#849,#850,#851));
#848 = ORIENTED_EDGE('',*,*,#561,.F.);
#849 = ORIENTED_EDGE('',*,*,#244,.T.);
#850 = ORIENTED_EDGE('',*,*,#686,.T.);
#851 = ORIENTED_EDGE('',*,*,#852,.T.);
#852 = EDGE_CURVE('',#687,#562,#853,.T.);
#853 = SURFACE_CURVE('',#854,(#858,#865),.PCURVE_S1.);
#854 = LINE('',#855,#856);
#855 = CARTESIAN_POINT('',(-480.5,108.5,701.5));
#856 = VECTOR('',#857,1.);
#857 = DIRECTION('',(0.,0.,1.));
#858 = PCURVE('',#259,#859);
#859 = DEFINITIONAL_REPRESENTATION('',(#860),#864);
#860 = LINE('',#861,#862);
#861 = CARTESIAN_POINT('',(0.,-358.5));
#862 = VECTOR('',#863,1.);
#863 = DIRECTION('',(1.,0.));
#864 = ( GEOMETRIC_REPRESENTATION_CONTEXT(2) 
PARAMETRIC_REPRESENTATION_CONTEXT() REPRESENTATION_CONTEXT('2D SPACE',''
  ) );
#865 = PCURVE('',#622,#866);
#866 = DEFINITIONAL_REPRESENTATION('',(#867),#871);
#867 = LINE('',#868,#869);
#868 = CARTESIAN_POINT('',(0.,0.));
#869 = VECTOR('',#870,1.);
#870 = DIRECTION('',(1.,0.));
#871 = ( GEOMETRIC_REPRESENTATION_CONTEXT(2) 
PARAMETRIC_REPRESENTATION_CONTEXT() REPRESENTATION_CONTEXT('2D SPACE',''
  ) );
#872 = ADVANCED_FACE('',(#873),#437,.F.);
#873 = FACE_BOUND('',#874,.F.);
#874 = EDGE_LOOP('',(#875,#898,#919,#940));
#875 = ORIENTED_EDGE('',*,*,#876,.F.);
#876 = EDGE_CURVE('',#877,#421,#879,.T.);
#877 = VERTEX_POINT('',#878);
#878 = CARTESIAN_POINT('',(-422.,108.5,1.2E+03));
#879 = SURFACE_CURVE('',#880,(#884,#891),.PCURVE_S1.);
#880 = LINE('',#881,#882);
#881 = CARTESIAN_POINT('',(-422.,107.5,1.2E+03));
#882 = VECTOR('',#883,1.);
#883 = DIRECTION('',(-0.,1.,0.));
#884 = PCURVE('',#437,#885);
#885 = DEFINITIONAL_REPRESENTATION('',(#886),#890);
#886 = LINE('',#887,#888);
#887 = CARTESIAN_POINT('',(0.,0.));
#888 = VECTOR('',#889,1.);
#889 = DIRECTION('',(0.,1.));
#890 = ( GEOMETRIC_REPRESENTATION_CONTEXT(2) 
PARAMETRIC_REPRESENTATION_CONTEXT() REPRESENTATION_CONTEXT('2D SPACE',''
  ) );
#891 = PCURVE('',#463,#892);
#892 = DEFINITIONAL_REPRESENTATION('',(#893),#897);
#893 = LINE('',#894,#895);
#894 = CARTESIAN_POINT('',(60.,0.));
#895 = VECTOR('',#896,1.);
#896 = DIRECTION('',(0.,-1.));
#897 = ( GEOMETRIC_REPRESENTATION_CONTEXT(2) 
PARAMETRIC_REPRESENTATION_CONTEXT() REPRESENTATION_CONTEXT('2D SPACE',''
  ) );
#898 = ORIENTED_EDGE('',*,*,#899,.T.);
#899 = EDGE_CURVE('',#877,#900,#902,.T.);
#900 = VERTEX_POINT('',#901);
#901 = CARTESIAN_POINT('',(-362.,108.5,1.2E+03));
#902 = SURFACE_CURVE('',#903,(#907,#913),.PCURVE_S1.);
#903 = LINE('',#904,#905);
#904 = CARTESIAN_POINT('',(-451.25,108.5,1.2E+03));
#905 = VECTOR('',#906,1.);
#906 = DIRECTION('',(1.,0.,-0.));
#907 = PCURVE('',#437,#908);
#908 = DEFINITIONAL_REPRESENTATION('',(#909),#912);
#909 = B_SPLINE_CURVE_WITH_KNOTS('',1,(#910,#911),.UNSPECIFIED.,.F.,.F.,
  (2,2),(29.25,89.25),.PIECEWISE_BEZIER_KNOTS.);
#910 = CARTESIAN_POINT('',(0.,1.));
#911 = CARTESIAN_POINT('',(60.,1.));
#912 = ( GEOMETRIC_REPRESENTATION_CONTEXT(2) 
PARAMETRIC_REPRESENTATION_CONTEXT() REPRESENTATION_CONTEXT('2D SPACE',''
  ) );
#913 = PCURVE('',#622,#914);
#914 = DEFINITIONAL_REPRESENTATION('',(#915),#918);
#915 = B_SPLINE_CURVE_WITH_KNOTS('',1,(#916,#917),.UNSPECIFIED.,.F.,.F.,
  (2,2),(29.25,89.25),.PIECEWISE_BEZIER_KNOTS.);
#916 = CARTESIAN_POINT('',(498.5,58.5));
#917 = CARTESIAN_POINT('',(498.5,118.5));
#918 = ( GEOMETRIC_REPRESENTATION_CONTEXT(2) 
PARAMETRIC_REPRESENTATION_CONTEXT() REPRESENTATION_CONTEXT('2D SPACE',''
  ) );
#919 = ORIENTED_EDGE('',*,*,#920,.T.);
#920 = EDGE_CURVE('',#900,#423,#921,.T.);
#921 = SURFACE_CURVE('',#922,(#926,#933),.PCURVE_S1.);
#922 = LINE('',#923,#924);
#923 = CARTESIAN_POINT('',(-362.,107.5,1.2E+03));
#924 = VECTOR('',#925,1.);
#925 = DIRECTION('',(-0.,1.,0.));
#926 = PCURVE('',#437,#927);
#927 = DEFINITIONAL_REPRESENTATION('',(#928),#932);
#928 = LINE('',#929,#930);
#929 = CARTESIAN_POINT('',(60.,0.));
#930 = VECTOR('',#931,1.);
#931 = DIRECTION('',(0.,1.));
#932 = ( GEOMETRIC_REPRESENTATION_CONTEXT(2) 
PARAMETRIC_REPRESENTATION_CONTEXT() REPRESENTATION_CONTEXT('2D SPACE',''
  ) );
#933 = PCURVE('',#513,#934);
#934 = DEFINITIONAL_REPRESENTATION('',(#935),#939);
#935 = LINE('',#936,#937);
#936 = CARTESIAN_POINT('',(60.,0.));
#937 = VECTOR('',#938,1.);
#938 = DIRECTION('',(0.,-1.));
#939 = ( GEOMETRIC_REPRESENTATION_CONTEXT(2) 
PARAMETRIC_REPRESENTATION_CONTEXT() REPRESENTATION_CONTEXT('2D SPACE',''
  ) );
#940 = ORIENTED_EDGE('',*,*,#420,.F.);
#941 = ADVANCED_FACE('',(#942),#513,.F.);
#942 = FACE_BOUND('',#943,.F.);
#943 = EDGE_LOOP('',(#944,#945,#966,#987));
#944 = ORIENTED_EDGE('',*,*,#920,.F.);
#945 = ORIENTED_EDGE('',*,*,#946,.T.);
#946 = EDGE_CURVE('',#900,#947,#949,.T.);
#947 = VERTEX_POINT('',#948);
#948 = CARTESIAN_POINT('',(-362.,108.5,1.14E+03));
#949 = SURFACE_CURVE('',#950,(#954,#960),.PCURVE_S1.);
#950 = LINE('',#951,#952);
#951 = CARTESIAN_POINT('',(-362.,108.5,920.75));
#952 = VECTOR('',#953,1.);
#953 = DIRECTION('',(-0.,0.,-1.));
#954 = PCURVE('',#513,#955);
#955 = DEFINITIONAL_REPRESENTATION('',(#956),#959);
#956 = B_SPLINE_CURVE_WITH_KNOTS('',1,(#957,#958),.UNSPECIFIED.,.F.,.F.,
  (2,2),(-279.25,-219.25),.PIECEWISE_BEZIER_KNOTS.);
#957 = CARTESIAN_POINT('',(60.,-1.));
#958 = CARTESIAN_POINT('',(0.,-1.));
#959 = ( GEOMETRIC_REPRESENTATION_CONTEXT(2) 
PARAMETRIC_REPRESENTATION_CONTEXT() REPRESENTATION_CONTEXT('2D SPACE',''
  ) );
#960 = PCURVE('',#622,#961);
#961 = DEFINITIONAL_REPRESENTATION('',(#962),#965);
#962 = B_SPLINE_CURVE_WITH_KNOTS('',1,(#963,#964),.UNSPECIFIED.,.F.,.F.,
  (2,2),(-279.25,-219.25),.PIECEWISE_BEZIER_KNOTS.);
#963 = CARTESIAN_POINT('',(498.5,118.5));
#964 = CARTESIAN_POINT('',(438.5,118.5));
#965 = ( GEOMETRIC_REPRESENTATION_CONTEXT(2) 
PARAMETRIC_REPRESENTATION_CONTEXT() REPRESENTATION_CONTEXT('2D SPACE',''
  ) );
#966 = ORIENTED_EDGE('',*,*,#967,.T.);
#967 = EDGE_CURVE('',#947,#475,#968,.T.);
#968 = SURFACE_CURVE('',#969,(#973,#980),.PCURVE_S1.);
#969 = LINE('',#970,#971);
#970 = CARTESIAN_POINT('',(-362.,107.5,1.14E+03));
#971 = VECTOR('',#972,1.);
#972 = DIRECTION('',(-0.,1.,0.));
#973 = PCURVE('',#513,#974);
#974 = DEFINITIONAL_REPRESENTATION('',(#975),#979);
#975 = LINE('',#976,#977);
#976 = CARTESIAN_POINT('',(0.,0.));
#977 = VECTOR('',#978,1.);
#978 = DIRECTION('',(0.,-1.));
#979 = ( GEOMETRIC_REPRESENTATION_CONTEXT(2) 
PARAMETRIC_REPRESENTATION_CONTEXT() REPRESENTATION_CONTEXT('2D SPACE',''
  ) );
#980 = PCURVE('',#489,#981);
#981 = DEFINITIONAL_REPRESENTATION('',(#982),#986);
#982 = LINE('',#983,#984);
#983 = CARTESIAN_POINT('',(60.,0.));
#984 = VECTOR('',#985,1.);
#985 = DIRECTION('',(0.,1.));
#986 = ( GEOMETRIC_REPRESENTATION_CONTEXT(2) 
PARAMETRIC_REPRESENTATION_CONTEXT() REPRESENTATION_CONTEXT('2D SPACE',''
  ) );
#987 = ORIENTED_EDGE('',*,*,#500,.F.);
#988 = ADVANCED_FACE('',(#989),#489,.T.);
#989 = FACE_BOUND('',#990,.T.);
#990 = EDGE_LOOP('',(#991,#1014,#1033,#1034));
#991 = ORIENTED_EDGE('',*,*,#992,.F.);
#992 = EDGE_CURVE('',#993,#449,#995,.T.);
#993 = VERTEX_POINT('',#994);
#994 = CARTESIAN_POINT('',(-422.,108.5,1.14E+03));
#995 = SURFACE_CURVE('',#996,(#1000,#1007),.PCURVE_S1.);
#996 = LINE('',#997,#998);
#997 = CARTESIAN_POINT('',(-422.,107.5,1.14E+03));
#998 = VECTOR('',#999,1.);
#999 = DIRECTION('',(-0.,1.,0.));
#1000 = PCURVE('',#489,#1001);
#1001 = DEFINITIONAL_REPRESENTATION('',(#1002),#1006);
#1002 = LINE('',#1003,#1004);
#1003 = CARTESIAN_POINT('',(0.,0.));
#1004 = VECTOR('',#1005,1.);
#1005 = DIRECTION('',(0.,1.));
#1006 = ( GEOMETRIC_REPRESENTATION_CONTEXT(2) 
PARAMETRIC_REPRESENTATION_CONTEXT() REPRESENTATION_CONTEXT('2D SPACE',''
  ) );
#1007 = PCURVE('',#463,#1008);
#1008 = DEFINITIONAL_REPRESENTATION('',(#1009),#1013);
#1009 = LINE('',#1010,#1011);
#1010 = CARTESIAN_POINT('',(0.,0.));
#1011 = VECTOR('',#1012,1.);
#1012 = DIRECTION('',(0.,-1.));
#1013 = ( GEOMETRIC_REPRESENTATION_CONTEXT(2) 
PARAMETRIC_REPRESENTATION_CONTEXT() REPRESENTATION_CONTEXT('2D SPACE',''
  ) );
#1014 = ORIENTED_EDGE('',*,*,#1015,.T.);
#1015 = EDGE_CURVE('',#993,#947,#1016,.T.);
#1016 = SURFACE_CURVE('',#1017,(#1021,#1027),.PCURVE_S1.);
#1017 = LINE('',#1018,#1019);
#1018 = CARTESIAN_POINT('',(-451.25,108.5,1.14E+03));
#1019 = VECTOR('',#1020,1.);
#1020 = DIRECTION('',(1.,0.,-0.));
#1021 = PCURVE('',#489,#1022);
#1022 = DEFINITIONAL_REPRESENTATION('',(#1023),#1026);
#1023 = B_SPLINE_CURVE_WITH_KNOTS('',1,(#1024,#1025),.UNSPECIFIED.,.F.,
  .F.,(2,2),(29.25,89.25),.PIECEWISE_BEZIER_KNOTS.);
#1024 = CARTESIAN_POINT('',(0.,1.));
#1025 = CARTESIAN_POINT('',(60.,1.));
#1026 = ( GEOMETRIC_REPRESENTATION_CONTEXT(2) 
PARAMETRIC_REPRESENTATION_CONTEXT() REPRESENTATION_CONTEXT('2D SPACE',''
  ) );
#1027 = PCURVE('',#622,#1028);
#1028 = DEFINITIONAL_REPRESENTATION('',(#1029),#1032);
#1029 = B_SPLINE_CURVE_WITH_KNOTS('',1,(#1030,#1031),.UNSPECIFIED.,.F.,
  .F.,(2,2),(29.25,89.25),.PIECEWISE_BEZIER_KNOTS.);
#1030 = CARTESIAN_POINT('',(438.5,58.5));
#1031 = CARTESIAN_POINT('',(438.5,118.5));
#1032 = ( GEOMETRIC_REPRESENTATION_CONTEXT(2) 
PARAMETRIC_REPRESENTATION_CONTEXT() REPRESENTATION_CONTEXT('2D SPACE',''
  ) );
#1033 = ORIENTED_EDGE('',*,*,#967,.T.);
#1034 = ORIENTED_EDGE('',*,*,#474,.F.);
#1035 = ADVANCED_FACE('',(#1036),#463,.T.);
#1036 = FACE_BOUND('',#1037,.T.);
#1037 = EDGE_LOOP('',(#1038,#1039,#1058,#1059));
#1038 = ORIENTED_EDGE('',*,*,#876,.F.);
#1039 = ORIENTED_EDGE('',*,*,#1040,.T.);
#1040 = EDGE_CURVE('',#877,#993,#1041,.T.);
#1041 = SURFACE_CURVE('',#1042,(#1046,#1052),.PCURVE_S1.);
#1042 = LINE('',#1043,#1044);
#1043 = CARTESIAN_POINT('',(-422.,108.5,920.75));
#1044 = VECTOR('',#1045,1.);
#1045 = DIRECTION('',(-0.,0.,-1.));
#1046 = PCURVE('',#463,#1047);
#1047 = DEFINITIONAL_REPRESENTATION('',(#1048),#1051);
#1048 = B_SPLINE_CURVE_WITH_KNOTS('',1,(#1049,#1050),.UNSPECIFIED.,.F.,
  .F.,(2,2),(-279.25,-219.25),.PIECEWISE_BEZIER_KNOTS.);
#1049 = CARTESIAN_POINT('',(60.,-1.));
#1050 = CARTESIAN_POINT('',(0.,-1.));
#1051 = ( GEOMETRIC_REPRESENTATION_CONTEXT(2) 
PARAMETRIC_REPRESENTATION_CONTEXT() REPRESENTATION_CONTEXT('2D SPACE',''
  ) );
#1052 = PCURVE('',#622,#1053);
#1053 = DEFINITIONAL_REPRESENTATION('',(#1054),#1057);
#1054 = B_SPLINE_CURVE_WITH_KNOTS('',1,(#1055,#1056),.UNSPECIFIED.,.F.,
  .F.,(2,2),(-279.25,-219.25),.PIECEWISE_BEZIER_KNOTS.);
#1055 = CARTESIAN_POINT('',(498.5,58.5));
#1056 = CARTESIAN_POINT('',(438.5,58.5));
#1057 = ( GEOMETRIC_REPRESENTATION_CONTEXT(2) 
PARAMETRIC_REPRESENTATION_CONTEXT() REPRESENTATION_CONTEXT('2D SPACE',''
  ) );
#1058 = ORIENTED_EDGE('',*,*,#992,.T.);
#1059 = ORIENTED_EDGE('',*,*,#448,.F.);
#1060 = ADVANCED_FACE('',(#1061,#1067),#622,.F.);
#1061 = FACE_BOUND('',#1062,.F.);
#1062 = EDGE_LOOP('',(#1063,#1064,#1065,#1066));
#1063 = ORIENTED_EDGE('',*,*,#711,.F.);
#1064 = ORIENTED_EDGE('',*,*,#852,.T.);
#1065 = ORIENTED_EDGE('',*,*,#608,.T.);
#1066 = ORIENTED_EDGE('',*,*,#662,.F.);
#1067 = FACE_BOUND('',#1068,.F.);
#1068 = EDGE_LOOP('',(#1069,#1070,#1071,#1072));
#1069 = ORIENTED_EDGE('',*,*,#899,.F.);
#1070 = ORIENTED_EDGE('',*,*,#1040,.T.);
#1071 = ORIENTED_EDGE('',*,*,#1015,.T.);
#1072 = ORIENTED_EDGE('',*,*,#946,.F.);
#1073 = ADVANCED_FACE('',(#1074),#752,.F.);
#1074 = FACE_BOUND('',#1075,.F.);
#1075 = EDGE_LOOP('',(#1076,#1099,#1100,#1123));
#1076 = ORIENTED_EDGE('',*,*,#1077,.F.);
#1077 = EDGE_CURVE('',#735,#1078,#1080,.T.);
#1078 = VERTEX_POINT('',#1079);
#1079 = CARTESIAN_POINT('',(-467.,-75.,730.));
#1080 = SURFACE_CURVE('',#1081,(#1085,#1092),.PCURVE_S1.);
#1081 = LINE('',#1082,#1083);
#1082 = CARTESIAN_POINT('',(-467.,-75.,701.5));
#1083 = VECTOR('',#1084,1.);
#1084 = DIRECTION('',(0.,0.,1.));
#1085 = PCURVE('',#752,#1086);
#1086 = DEFINITIONAL_REPRESENTATION('',(#1087),#1091);
#1087 = LINE('',#1088,#1089);
#1088 = CARTESIAN_POINT('',(0.,0.));
#1089 = VECTOR('',#1090,1.);
#1090 = DIRECTION('',(1.,0.));
#1091 = ( GEOMETRIC_REPRESENTATION_CONTEXT(2) 
PARAMETRIC_REPRESENTATION_CONTEXT() REPRESENTATION_CONTEXT('2D SPACE',''
  ) );
#1092 = PCURVE('',#834,#1093);
#1093 = DEFINITIONAL_REPRESENTATION('',(#1094),#1098);
#1094 = LINE('',#1095,#1096);
#1095 = CARTESIAN_POINT('',(0.,0.));
#1096 = VECTOR('',#1097,1.);
#1097 = DIRECTION('',(1.,0.));
#1098 = ( GEOMETRIC_REPRESENTATION_CONTEXT(2) 
PARAMETRIC_REPRESENTATION_CONTEXT() REPRESENTATION_CONTEXT('2D SPACE',''
  ) );
#1099 = ORIENTED_EDGE('',*,*,#734,.T.);
#1100 = ORIENTED_EDGE('',*,*,#1101,.T.);
#1101 = EDGE_CURVE('',#737,#1102,#1104,.T.);
#1102 = VERTEX_POINT('',#1103);
#1103 = CARTESIAN_POINT('',(-467.,75.,730.));
#1104 = SURFACE_CURVE('',#1105,(#1109,#1116),.PCURVE_S1.);
#1105 = LINE('',#1106,#1107);
#1106 = CARTESIAN_POINT('',(-467.,75.,701.5));
#1107 = VECTOR('',#1108,1.);
#1108 = DIRECTION('',(0.,0.,1.));
#1109 = PCURVE('',#752,#1110);
#1110 = DEFINITIONAL_REPRESENTATION('',(#1111),#1115);
#1111 = LINE('',#1112,#1113);
#1112 = CARTESIAN_POINT('',(0.,-150.));
#1113 = VECTOR('',#1114,1.);
#1114 = DIRECTION('',(1.,0.));
#1115 = ( GEOMETRIC_REPRESENTATION_CONTEXT(2) 
PARAMETRIC_REPRESENTATION_CONTEXT() REPRESENTATION_CONTEXT('2D SPACE',''
  ) );
#1116 = PCURVE('',#780,#1117);
#1117 = DEFINITIONAL_REPRESENTATION('',(#1118),#1122);
#1118 = LINE('',#1119,#1120);
#1119 = CARTESIAN_POINT('',(0.,0.));
#1120 = VECTOR('',#1121,1.);
#1121 = DIRECTION('',(1.,0.));
#1122 = ( GEOMETRIC_REPRESENTATION_CONTEXT(2) 
PARAMETRIC_REPRESENTATION_CONTEXT() REPRESENTATION_CONTEXT('2D SPACE',''
  ) );
#1123 = ORIENTED_EDGE('',*,*,#1124,.F.);
#1124 = EDGE_CURVE('',#1078,#1102,#1125,.T.);
#1125 = SURFACE_CURVE('',#1126,(#1130,#1137),.PCURVE_S1.);
#1126 = LINE('',#1127,#1128);
#1127 = CARTESIAN_POINT('',(-467.,-75.,730.));
#1128 = VECTOR('',#1129,1.);
#1129 = DIRECTION('',(-0.,1.,0.));
#1130 = PCURVE('',#752,#1131);
#1131 = DEFINITIONAL_REPRESENTATION('',(#1132),#1136);
#1132 = LINE('',#1133,#1134);
#1133 = CARTESIAN_POINT('',(28.5,0.));
#1134 = VECTOR('',#1135,1.);
#1135 = DIRECTION('',(0.,-1.));
#1136 = ( GEOMETRIC_REPRESENTATION_CONTEXT(2) 
PARAMETRIC_REPRESENTATION_CONTEXT() REPRESENTATION_CONTEXT('2D SPACE',''
  ) );
#1137 = PCURVE('',#1138,#1143);
#1138 = PLANE('',#1139);
#1139 = AXIS2_PLACEMENT_3D('',#1140,#1141,#1142);
#1140 = CARTESIAN_POINT('',(-467.,-75.,730.));
#1141 = DIRECTION('',(0.,0.,1.));
#1142 = DIRECTION('',(1.,0.,-0.));
#1143 = DEFINITIONAL_REPRESENTATION('',(#1144),#1148);
#1144 = LINE('',#1145,#1146);
#1145 = CARTESIAN_POINT('',(0.,0.));
#1146 = VECTOR('',#1147,1.);
#1147 = DIRECTION('',(0.,1.));
#1148 = ( GEOMETRIC_REPRESENTATION_CONTEXT(2) 
PARAMETRIC_REPRESENTATION_CONTEXT() REPRESENTATION_CONTEXT('2D SPACE',''
  ) );
#1149 = ADVANCED_FACE('',(#1150),#834,.F.);
#1150 = FACE_BOUND('',#1151,.F.);
#1151 = EDGE_LOOP('',(#1152,#1153,#1154,#1177));
#1152 = ORIENTED_EDGE('',*,*,#820,.F.);
#1153 = ORIENTED_EDGE('',*,*,#1077,.T.);
#1154 = ORIENTED_EDGE('',*,*,#1155,.T.);
#1155 = EDGE_CURVE('',#1078,#1156,#1158,.T.);
#1156 = VERTEX_POINT('',#1157);
#1157 = CARTESIAN_POINT('',(-317.,-75.,730.));
#1158 = SURFACE_CURVE('',#1159,(#1163,#1170),.PCURVE_S1.);
#1159 = LINE('',#1160,#1161);
#1160 = CARTESIAN_POINT('',(-467.,-75.,730.));
#1161 = VECTOR('',#1162,1.);
#1162 = DIRECTION('',(1.,0.,-0.));
#1163 = PCURVE('',#834,#1164);
#1164 = DEFINITIONAL_REPRESENTATION('',(#1165),#1169);
#1165 = LINE('',#1166,#1167);
#1166 = CARTESIAN_POINT('',(28.5,0.));
#1167 = VECTOR('',#1168,1.);
#1168 = DIRECTION('',(0.,1.));
#1169 = ( GEOMETRIC_REPRESENTATION_CONTEXT(2) 
PARAMETRIC_REPRESENTATION_CONTEXT() REPRESENTATION_CONTEXT('2D SPACE',''
  ) );
#1170 = PCURVE('',#1138,#1171);
#1171 = DEFINITIONAL_REPRESENTATION('',(#1172),#1176);
#1172 = LINE('',#1173,#1174);
#1173 = CARTESIAN_POINT('',(0.,0.));
#1174 = VECTOR('',#1175,1.);
#1175 = DIRECTION('',(1.,0.));
#1176 = ( GEOMETRIC_REPRESENTATION_CONTEXT(2) 
PARAMETRIC_REPRESENTATION_CONTEXT() REPRESENTATION_CONTEXT('2D SPACE',''
  ) );
#1177 = ORIENTED_EDGE('',*,*,#1178,.F.);
#1178 = EDGE_CURVE('',#793,#1156,#1179,.T.);
#1179 = SURFACE_CURVE('',#1180,(#1184,#1191),.PCURVE_S1.);
#1180 = LINE('',#1181,#1182);
#1181 = CARTESIAN_POINT('',(-317.,-75.,701.5));
#1182 = VECTOR('',#1183,1.);
#1183 = DIRECTION('',(0.,0.,1.));
#1184 = PCURVE('',#834,#1185);
#1185 = DEFINITIONAL_REPRESENTATION('',(#1186),#1190);
#1186 = LINE('',#1187,#1188);
#1187 = CARTESIAN_POINT('',(0.,150.));
#1188 = VECTOR('',#1189,1.);
#1189 = DIRECTION('',(1.,0.));
#1190 = ( GEOMETRIC_REPRESENTATION_CONTEXT(2) 
PARAMETRIC_REPRESENTATION_CONTEXT() REPRESENTATION_CONTEXT('2D SPACE',''
  ) );
#1191 = PCURVE('',#808,#1192);
#1192 = DEFINITIONAL_REPRESENTATION('',(#1193),#1197);
#1193 = LINE('',#1194,#1195);
#1194 = CARTESIAN_POINT('',(0.,0.));
#1195 = VECTOR('',#1196,1.);
#1196 = DIRECTION('',(1.,0.));
#1197 = ( GEOMETRIC_REPRESENTATION_CONTEXT(2) 
PARAMETRIC_REPRESENTATION_CONTEXT() REPRESENTATION_CONTEXT('2D SPACE',''
  ) );
#1198 = ADVANCED_FACE('',(#1199),#808,.T.);
#1199 = FACE_BOUND('',#1200,.T.);
#1200 = EDGE_LOOP('',(#1201,#1202,#1203,#1226));
#1201 = ORIENTED_EDGE('',*,*,#1178,.F.);
#1202 = ORIENTED_EDGE('',*,*,#792,.T.);
#1203 = ORIENTED_EDGE('',*,*,#1204,.T.);
#1204 = EDGE_CURVE('',#765,#1205,#1207,.T.);
#1205 = VERTEX_POINT('',#1206);
#1206 = CARTESIAN_POINT('',(-317.,75.,730.));
#1207 = SURFACE_CURVE('',#1208,(#1212,#1219),.PCURVE_S1.);
#1208 = LINE('',#1209,#1210);
#1209 = CARTESIAN_POINT('',(-317.,75.,701.5));
#1210 = VECTOR('',#1211,1.);
#1211 = DIRECTION('',(0.,0.,1.));
#1212 = PCURVE('',#808,#1213);
#1213 = DEFINITIONAL_REPRESENTATION('',(#1214),#1218);
#1214 = LINE('',#1215,#1216);
#1215 = CARTESIAN_POINT('',(0.,-150.));
#1216 = VECTOR('',#1217,1.);
#1217 = DIRECTION('',(1.,0.));
#1218 = ( GEOMETRIC_REPRESENTATION_CONTEXT(2) 
PARAMETRIC_REPRESENTATION_CONTEXT() REPRESENTATION_CONTEXT('2D SPACE',''
  ) );
#1219 = PCURVE('',#780,#1220);
#1220 = DEFINITIONAL_REPRESENTATION('',(#1221),#1225);
#1221 = LINE('',#1222,#1223);
#1222 = CARTESIAN_POINT('',(0.,150.));
#1223 = VECTOR('',#1224,1.);
#1224 = DIRECTION('',(1.,0.));
#1225 = ( GEOMETRIC_REPRESENTATION_CONTEXT(2) 
PARAMETRIC_REPRESENTATION_CONTEXT() REPRESENTATION_CONTEXT('2D SPACE',''
  ) );
#1226 = ORIENTED_EDGE('',*,*,#1227,.F.);
#1227 = EDGE_CURVE('',#1156,#1205,#1228,.T.);
#1228 = SURFACE_CURVE('',#1229,(#1233,#1240),.PCURVE_S1.);
#1229 = LINE('',#1230,#1231);
#1230 = CARTESIAN_POINT('',(-317.,-75.,730.));
#1231 = VECTOR('',#1232,1.);
#1232 = DIRECTION('',(-0.,1.,0.));
#1233 = PCURVE('',#808,#1234);
#1234 = DEFINITIONAL_REPRESENTATION('',(#1235),#1239);
#1235 = LINE('',#1236,#1237);
#1236 = CARTESIAN_POINT('',(28.5,0.));
#1237 = VECTOR('',#1238,1.);
#1238 = DIRECTION('',(0.,-1.));
#1239 = ( GEOMETRIC_REPRESENTATION_CONTEXT(2) 
PARAMETRIC_REPRESENTATION_CONTEXT() REPRESENTATION_CONTEXT('2D SPACE',''
  ) );
#1240 = PCURVE('',#1138,#1241);
#1241 = DEFINITIONAL_REPRESENTATION('',(#1242),#1246);
#1242 = LINE('',#1243,#1244);
#1243 = CARTESIAN_POINT('',(150.,0.));
#1244 = VECTOR('',#1245,1.);
#1245 = DIRECTION('',(0.,1.));
#1246 = ( GEOMETRIC_REPRESENTATION_CONTEXT(2) 
PARAMETRIC_REPRESENTATION_CONTEXT() REPRESENTATION_CONTEXT('2D SPACE',''
  ) );
#1247 = ADVANCED_FACE('',(#1248),#780,.T.);
#1248 = FACE_BOUND('',#1249,.T.);
#1249 = EDGE_LOOP('',(#1250,#1251,#1252,#1273));
#1250 = ORIENTED_EDGE('',*,*,#764,.F.);
#1251 = ORIENTED_EDGE('',*,*,#1101,.T.);
#1252 = ORIENTED_EDGE('',*,*,#1253,.T.);
#1253 = EDGE_CURVE('',#1102,#1205,#1254,.T.);
#1254 = SURFACE_CURVE('',#1255,(#1259,#1266),.PCURVE_S1.);
#1255 = LINE('',#1256,#1257);
#1256 = CARTESIAN_POINT('',(-467.,75.,730.));
#1257 = VECTOR('',#1258,1.);
#1258 = DIRECTION('',(1.,0.,-0.));
#1259 = PCURVE('',#780,#1260);
#1260 = DEFINITIONAL_REPRESENTATION('',(#1261),#1265);
#1261 = LINE('',#1262,#1263);
#1262 = CARTESIAN_POINT('',(28.5,0.));
#1263 = VECTOR('',#1264,1.);
#1264 = DIRECTION('',(0.,1.));
#1265 = ( GEOMETRIC_REPRESENTATION_CONTEXT(2) 
PARAMETRIC_REPRESENTATION_CONTEXT() REPRESENTATION_CONTEXT('2D SPACE',''
  ) );
#1266 = PCURVE('',#1138,#1267);
#1267 = DEFINITIONAL_REPRESENTATION('',(#1268),#1272);
#1268 = LINE('',#1269,#1270);
#1269 = CARTESIAN_POINT('',(0.,150.));
#1270 = VECTOR('',#1271,1.);
#1271 = DIRECTION('',(1.,0.));
#1272 = ( GEOMETRIC_REPRESENTATION_CONTEXT(2) 
PARAMETRIC_REPRESENTATION_CONTEXT() REPRESENTATION_CONTEXT('2D SPACE',''
  ) );
#1273 = ORIENTED_EDGE('',*,*,#1204,.F.);
#1274 = ADVANCED_FACE('',(#1275,#1281,#1395,#1501,#1615),#1138,.T.);
#1275 = FACE_BOUND('',#1276,.T.);
#1276 = EDGE_LOOP('',(#1277,#1278,#1279,#1280));
#1277 = ORIENTED_EDGE('',*,*,#1124,.F.);
#1278 = ORIENTED_EDGE('',*,*,#1155,.T.);
#1279 = ORIENTED_EDGE('',*,*,#1227,.T.);
#1280 = ORIENTED_EDGE('',*,*,#1253,.F.);
#1281 = FACE_BOUND('',#1282,.T.);
#1282 = EDGE_LOOP('',(#1283,#1313,#1341,#1369));
#1283 = ORIENTED_EDGE('',*,*,#1284,.T.);
#1284 = EDGE_CURVE('',#1285,#1287,#1289,.T.);
#1285 = VERTEX_POINT('',#1286);
#1286 = CARTESIAN_POINT('',(-443.,-45.,730.));
#1287 = VERTEX_POINT('',#1288);
#1288 = CARTESIAN_POINT('',(-443.,45.,730.));
#1289 = SURFACE_CURVE('',#1290,(#1294,#1301),.PCURVE_S1.);
#1290 = LINE('',#1291,#1292);
#1291 = CARTESIAN_POINT('',(-443.,-45.,730.));
#1292 = VECTOR('',#1293,1.);
#1293 = DIRECTION('',(-0.,1.,0.));
#1294 = PCURVE('',#1138,#1295);
#1295 = DEFINITIONAL_REPRESENTATION('',(#1296),#1300);
#1296 = LINE('',#1297,#1298);
#1297 = CARTESIAN_POINT('',(24.,30.));
#1298 = VECTOR('',#1299,1.);
#1299 = DIRECTION('',(0.,1.));
#1300 = ( GEOMETRIC_REPRESENTATION_CONTEXT(2) 
PARAMETRIC_REPRESENTATION_CONTEXT() REPRESENTATION_CONTEXT('2D SPACE',''
  ) );
#1301 = PCURVE('',#1302,#1307);
#1302 = PLANE('',#1303);
#1303 = AXIS2_PLACEMENT_3D('',#1304,#1305,#1306);
#1304 = CARTESIAN_POINT('',(-443.,-45.,730.));
#1305 = DIRECTION('',(1.,0.,-0.));
#1306 = DIRECTION('',(0.,0.,1.));
#1307 = DEFINITIONAL_REPRESENTATION('',(#1308),#1312);
#1308 = LINE('',#1309,#1310);
#1309 = CARTESIAN_POINT('',(0.,0.));
#1310 = VECTOR('',#1311,1.);
#1311 = DIRECTION('',(0.,-1.));
#1312 = ( GEOMETRIC_REPRESENTATION_CONTEXT(2) 
PARAMETRIC_REPRESENTATION_CONTEXT() REPRESENTATION_CONTEXT('2D SPACE',''
  ) );
#1313 = ORIENTED_EDGE('',*,*,#1314,.T.);
#1314 = EDGE_CURVE('',#1287,#1315,#1317,.T.);
#1315 = VERTEX_POINT('',#1316);
#1316 = CARTESIAN_POINT('',(-438.,45.,730.));
#1317 = SURFACE_CURVE('',#1318,(#1322,#1329),.PCURVE_S1.);
#1318 = LINE('',#1319,#1320);
#1319 = CARTESIAN_POINT('',(-443.,45.,730.));
#1320 = VECTOR('',#1321,1.);
#1321 = DIRECTION('',(1.,0.,-0.));
#1322 = PCURVE('',#1138,#1323);
#1323 = DEFINITIONAL_REPRESENTATION('',(#1324),#1328);
#1324 = LINE('',#1325,#1326);
#1325 = CARTESIAN_POINT('',(24.,120.));
#1326 = VECTOR('',#1327,1.);
#1327 = DIRECTION('',(1.,0.));
#1328 = ( GEOMETRIC_REPRESENTATION_CONTEXT(2) 
PARAMETRIC_REPRESENTATION_CONTEXT() REPRESENTATION_CONTEXT('2D SPACE',''
  ) );
#1329 = PCURVE('',#1330,#1335);
#1330 = PLANE('',#1331);
#1331 = AXIS2_PLACEMENT_3D('',#1332,#1333,#1334);
#1332 = CARTESIAN_POINT('',(-443.,45.,730.));
#1333 = DIRECTION('',(-0.,1.,0.));
#1334 = DIRECTION('',(0.,0.,1.));
#1335 = DEFINITIONAL_REPRESENTATION('',(#1336),#1340);
#1336 = LINE('',#1337,#1338);
#1337 = CARTESIAN_POINT('',(0.,0.));
#1338 = VECTOR('',#1339,1.);
#1339 = DIRECTION('',(0.,1.));
#1340 = ( GEOMETRIC_REPRESENTATION_CONTEXT(2) 
PARAMETRIC_REPRESENTATION_CONTEXT() REPRESENTATION_CONTEXT('2D SPACE',''
  ) );
#1341 = ORIENTED_EDGE('',*,*,#1342,.F.);
#1342 = EDGE_CURVE('',#1343,#1315,#1345,.T.);
#1343 = VERTEX_POINT('',#1344);
#1344 = CARTESIAN_POINT('',(-438.,-45.,730.));
#1345 = SURFACE_CURVE('',#1346,(#1350,#1357),.PCURVE_S1.);
#1346 = LINE('',#1347,#1348);
#1347 = CARTESIAN_POINT('',(-438.,-45.,730.));
#1348 = VECTOR('',#1349,1.);
#1349 = DIRECTION('',(-0.,1.,0.));
#1350 = PCURVE('',#1138,#1351);
#1351 = DEFINITIONAL_REPRESENTATION('',(#1352),#1356);
#1352 = LINE('',#1353,#1354);
#1353 = CARTESIAN_POINT('',(29.,30.));
#1354 = VECTOR('',#1355,1.);
#1355 = DIRECTION('',(0.,1.));
#1356 = ( GEOMETRIC_REPRESENTATION_CONTEXT(2) 
PARAMETRIC_REPRESENTATION_CONTEXT() REPRESENTATION_CONTEXT('2D SPACE',''
  ) );
#1357 = PCURVE('',#1358,#1363);
#1358 = PLANE('',#1359);
#1359 = AXIS2_PLACEMENT_3D('',#1360,#1361,#1362);
#1360 = CARTESIAN_POINT('',(-438.,-45.,730.));
#1361 = DIRECTION('',(1.,0.,-0.));
#1362 = DIRECTION('',(0.,0.,1.));
#1363 = DEFINITIONAL_REPRESENTATION('',(#1364),#1368);
#1364 = LINE('',#1365,#1366);
#1365 = CARTESIAN_POINT('',(0.,0.));
#1366 = VECTOR('',#1367,1.);
#1367 = DIRECTION('',(0.,-1.));
#1368 = ( GEOMETRIC_REPRESENTATION_CONTEXT(2) 
PARAMETRIC_REPRESENTATION_CONTEXT() REPRESENTATION_CONTEXT('2D SPACE',''
  ) );
#1369 = ORIENTED_EDGE('',*,*,#1370,.F.);
#1370 = EDGE_CURVE('',#1285,#1343,#1371,.T.);
#1371 = SURFACE_CURVE('',#1372,(#1376,#1383),.PCURVE_S1.);
#1372 = LINE('',#1373,#1374);
#1373 = CARTESIAN_POINT('',(-443.,-45.,730.));
#1374 = VECTOR('',#1375,1.);
#1375 = DIRECTION('',(1.,0.,-0.));
#1376 = PCURVE('',#1138,#1377);
#1377 = DEFINITIONAL_REPRESENTATION('',(#1378),#1382);
#1378 = LINE('',#1379,#1380);
#1379 = CARTESIAN_POINT('',(24.,30.));
#1380 = VECTOR('',#1381,1.);
#1381 = DIRECTION('',(1.,0.));
#1382 = ( GEOMETRIC_REPRESENTATION_CONTEXT(2) 
PARAMETRIC_REPRESENTATION_CONTEXT() REPRESENTATION_CONTEXT('2D SPACE',''
  ) );
#1383 = PCURVE('',#1384,#1389);
#1384 = PLANE('',#1385);
#1385 = AXIS2_PLACEMENT_3D('',#1386,#1387,#1388);
#1386 = CARTESIAN_POINT('',(-443.,-45.,730.));
#1387 = DIRECTION('',(-0.,1.,0.));
#1388 = DIRECTION('',(0.,0.,1.));
#1389 = DEFINITIONAL_REPRESENTATION('',(#1390),#1394);
#1390 = LINE('',#1391,#1392);
#1391 = CARTESIAN_POINT('',(0.,0.));
#1392 = VECTOR('',#1393,1.);
#1393 = DIRECTION('',(0.,1.));
#1394 = ( GEOMETRIC_REPRESENTATION_CONTEXT(2) 
PARAMETRIC_REPRESENTATION_CONTEXT() REPRESENTATION_CONTEXT('2D SPACE',''
  ) );
#1395 = FACE_BOUND('',#1396,.T.);
#1396 = EDGE_LOOP('',(#1397,#1425,#1451,#1477));
#1397 = ORIENTED_EDGE('',*,*,#1398,.T.);
#1398 = EDGE_CURVE('',#1399,#1401,#1403,.T.);
#1399 = VERTEX_POINT('',#1400);
#1400 = CARTESIAN_POINT('',(-363.,-10.,730.));
#1401 = VERTEX_POINT('',#1402);
#1402 = CARTESIAN_POINT('',(-421.,-10.,730.));
#1403 = SURFACE_CURVE('',#1404,(#1408,#1414),.PCURVE_S1.);
#1404 = LINE('',#1405,#1406);
#1405 = CARTESIAN_POINT('',(-444.,-10.,730.));
#1406 = VECTOR('',#1407,1.);
#1407 = DIRECTION('',(-1.,-0.,0.));
#1408 = PCURVE('',#1138,#1409);
#1409 = DEFINITIONAL_REPRESENTATION('',(#1410),#1413);
#1410 = B_SPLINE_CURVE_WITH_KNOTS('',1,(#1411,#1412),.UNSPECIFIED.,.F.,
  .F.,(2,2),(-81.,-23.),.PIECEWISE_BEZIER_KNOTS.);
#1411 = CARTESIAN_POINT('',(104.,65.));
#1412 = CARTESIAN_POINT('',(46.,65.));
#1413 = ( GEOMETRIC_REPRESENTATION_CONTEXT(2) 
PARAMETRIC_REPRESENTATION_CONTEXT() REPRESENTATION_CONTEXT('2D SPACE',''
  ) );
#1414 = PCURVE('',#1415,#1420);
#1415 = PLANE('',#1416);
#1416 = AXIS2_PLACEMENT_3D('',#1417,#1418,#1419);
#1417 = CARTESIAN_POINT('',(-421.,-10.,711.));
#1418 = DIRECTION('',(-0.,1.,0.));
#1419 = DIRECTION('',(0.,0.,1.));
#1420 = DEFINITIONAL_REPRESENTATION('',(#1421),#1424);
#1421 = B_SPLINE_CURVE_WITH_KNOTS('',1,(#1422,#1423),.UNSPECIFIED.,.F.,
  .F.,(2,2),(-81.,-23.),.PIECEWISE_BEZIER_KNOTS.);
#1422 = CARTESIAN_POINT('',(19.,58.));
#1423 = CARTESIAN_POINT('',(19.,0.));
#1424 = ( GEOMETRIC_REPRESENTATION_CONTEXT(2) 
PARAMETRIC_REPRESENTATION_CONTEXT() REPRESENTATION_CONTEXT('2D SPACE',''
  ) );
#1425 = ORIENTED_EDGE('',*,*,#1426,.T.);
#1426 = EDGE_CURVE('',#1401,#1427,#1429,.T.);
#1427 = VERTEX_POINT('',#1428);
#1428 = CARTESIAN_POINT('',(-421.,26.,730.));
#1429 = SURFACE_CURVE('',#1430,(#1434,#1440),.PCURVE_S1.);
#1430 = LINE('',#1431,#1432);
#1431 = CARTESIAN_POINT('',(-421.,-42.5,730.));
#1432 = VECTOR('',#1433,1.);
#1433 = DIRECTION('',(-0.,1.,0.));
#1434 = PCURVE('',#1138,#1435);
#1435 = DEFINITIONAL_REPRESENTATION('',(#1436),#1439);
#1436 = B_SPLINE_CURVE_WITH_KNOTS('',1,(#1437,#1438),.UNSPECIFIED.,.F.,
  .F.,(2,2),(32.5,68.5),.PIECEWISE_BEZIER_KNOTS.);
#1437 = CARTESIAN_POINT('',(46.,65.));
#1438 = CARTESIAN_POINT('',(46.,101.));
#1439 = ( GEOMETRIC_REPRESENTATION_CONTEXT(2) 
PARAMETRIC_REPRESENTATION_CONTEXT() REPRESENTATION_CONTEXT('2D SPACE',''
  ) );
#1440 = PCURVE('',#1441,#1446);
#1441 = PLANE('',#1442);
#1442 = AXIS2_PLACEMENT_3D('',#1443,#1444,#1445);
#1443 = CARTESIAN_POINT('',(-421.,-10.,711.));
#1444 = DIRECTION('',(1.,0.,-0.));
#1445 = DIRECTION('',(0.,0.,1.));
#1446 = DEFINITIONAL_REPRESENTATION('',(#1447),#1450);
#1447 = B_SPLINE_CURVE_WITH_KNOTS('',1,(#1448,#1449),.UNSPECIFIED.,.F.,
  .F.,(2,2),(32.5,68.5),.PIECEWISE_BEZIER_KNOTS.);
#1448 = CARTESIAN_POINT('',(19.,0.));
#1449 = CARTESIAN_POINT('',(19.,-36.));
#1450 = ( GEOMETRIC_REPRESENTATION_CONTEXT(2) 
PARAMETRIC_REPRESENTATION_CONTEXT() REPRESENTATION_CONTEXT('2D SPACE',''
  ) );
#1451 = ORIENTED_EDGE('',*,*,#1452,.F.);
#1452 = EDGE_CURVE('',#1453,#1427,#1455,.T.);
#1453 = VERTEX_POINT('',#1454);
#1454 = CARTESIAN_POINT('',(-363.,26.,730.));
#1455 = SURFACE_CURVE('',#1456,(#1460,#1466),.PCURVE_S1.);
#1456 = LINE('',#1457,#1458);
#1457 = CARTESIAN_POINT('',(-444.,26.,730.));
#1458 = VECTOR('',#1459,1.);
#1459 = DIRECTION('',(-1.,-0.,0.));
#1460 = PCURVE('',#1138,#1461);
#1461 = DEFINITIONAL_REPRESENTATION('',(#1462),#1465);
#1462 = B_SPLINE_CURVE_WITH_KNOTS('',1,(#1463,#1464),.UNSPECIFIED.,.F.,
  .F.,(2,2),(-81.,-23.),.PIECEWISE_BEZIER_KNOTS.);
#1463 = CARTESIAN_POINT('',(104.,101.));
#1464 = CARTESIAN_POINT('',(46.,101.));
#1465 = ( GEOMETRIC_REPRESENTATION_CONTEXT(2) 
PARAMETRIC_REPRESENTATION_CONTEXT() REPRESENTATION_CONTEXT('2D SPACE',''
  ) );
#1466 = PCURVE('',#1467,#1472);
#1467 = PLANE('',#1468);
#1468 = AXIS2_PLACEMENT_3D('',#1469,#1470,#1471);
#1469 = CARTESIAN_POINT('',(-421.,26.,711.));
#1470 = DIRECTION('',(-0.,1.,0.));
#1471 = DIRECTION('',(0.,0.,1.));
#1472 = DEFINITIONAL_REPRESENTATION('',(#1473),#1476);
#1473 = B_SPLINE_CURVE_WITH_KNOTS('',1,(#1474,#1475),.UNSPECIFIED.,.F.,
  .F.,(2,2),(-81.,-23.),.PIECEWISE_BEZIER_KNOTS.);
#1474 = CARTESIAN_POINT('',(19.,58.));
#1475 = CARTESIAN_POINT('',(19.,0.));
#1476 = ( GEOMETRIC_REPRESENTATION_CONTEXT(2) 
PARAMETRIC_REPRESENTATION_CONTEXT() REPRESENTATION_CONTEXT('2D SPACE',''
  ) );
#1477 = ORIENTED_EDGE('',*,*,#1478,.F.);
#1478 = EDGE_CURVE('',#1399,#1453,#1479,.T.);
#1479 = SURFACE_CURVE('',#1480,(#1484,#1490),.PCURVE_S1.);
#1480 = LINE('',#1481,#1482);
#1481 = CARTESIAN_POINT('',(-363.,-42.5,730.));
#1482 = VECTOR('',#1483,1.);
#1483 = DIRECTION('',(-0.,1.,0.));
#1484 = PCURVE('',#1138,#1485);
#1485 = DEFINITIONAL_REPRESENTATION('',(#1486),#1489);
#1486 = B_SPLINE_CURVE_WITH_KNOTS('',1,(#1487,#1488),.UNSPECIFIED.,.F.,
  .F.,(2,2),(32.5,68.5),.PIECEWISE_BEZIER_KNOTS.);
#1487 = CARTESIAN_POINT('',(104.,65.));
#1488 = CARTESIAN_POINT('',(104.,101.));
#1489 = ( GEOMETRIC_REPRESENTATION_CONTEXT(2) 
PARAMETRIC_REPRESENTATION_CONTEXT() REPRESENTATION_CONTEXT('2D SPACE',''
  ) );
#1490 = PCURVE('',#1491,#1496);
#1491 = PLANE('',#1492);
#1492 = AXIS2_PLACEMENT_3D('',#1493,#1494,#1495);
#1493 = CARTESIAN_POINT('',(-363.,-10.,711.));
#1494 = DIRECTION('',(1.,0.,-0.));
#1495 = DIRECTION('',(0.,0.,1.));
#1496 = DEFINITIONAL_REPRESENTATION('',(#1497),#1500);
#1497 = B_SPLINE_CURVE_WITH_KNOTS('',1,(#1498,#1499),.UNSPECIFIED.,.F.,
  .F.,(2,2),(32.5,68.5),.PIECEWISE_BEZIER_KNOTS.);
#1498 = CARTESIAN_POINT('',(19.,0.));
#1499 = CARTESIAN_POINT('',(19.,-36.));
#1500 = ( GEOMETRIC_REPRESENTATION_CONTEXT(2) 
PARAMETRIC_REPRESENTATION_CONTEXT() REPRESENTATION_CONTEXT('2D SPACE',''
  ) );
#1501 = FACE_BOUND('',#1502,.T.);
#1502 = EDGE_LOOP('',(#1503,#1533,#1561,#1589));
#1503 = ORIENTED_EDGE('',*,*,#1504,.T.);
#1504 = EDGE_CURVE('',#1505,#1507,#1509,.T.);
#1505 = VERTEX_POINT('',#1506);
#1506 = CARTESIAN_POINT('',(-346.,-45.,730.));
#1507 = VERTEX_POINT('',#1508);
#1508 = CARTESIAN_POINT('',(-346.,45.,730.));
#1509 = SURFACE_CURVE('',#1510,(#1514,#1521),.PCURVE_S1.);
#1510 = LINE('',#1511,#1512);
#1511 = CARTESIAN_POINT('',(-346.,-45.,730.));
#1512 = VECTOR('',#1513,1.);
#1513 = DIRECTION('',(-0.,1.,0.));
#1514 = PCURVE('',#1138,#1515);
#1515 = DEFINITIONAL_REPRESENTATION('',(#1516),#1520);
#1516 = LINE('',#1517,#1518);
#1517 = CARTESIAN_POINT('',(121.,30.));
#1518 = VECTOR('',#1519,1.);
#1519 = DIRECTION('',(0.,1.));
#1520 = ( GEOMETRIC_REPRESENTATION_CONTEXT(2) 
PARAMETRIC_REPRESENTATION_CONTEXT() REPRESENTATION_CONTEXT('2D SPACE',''
  ) );
#1521 = PCURVE('',#1522,#1527);
#1522 = PLANE('',#1523);
#1523 = AXIS2_PLACEMENT_3D('',#1524,#1525,#1526);
#1524 = CARTESIAN_POINT('',(-346.,-45.,730.));
#1525 = DIRECTION('',(1.,0.,-0.));
#1526 = DIRECTION('',(0.,0.,1.));
#1527 = DEFINITIONAL_REPRESENTATION('',(#1528),#1532);
#1528 = LINE('',#1529,#1530);
#1529 = CARTESIAN_POINT('',(0.,0.));
#1530 = VECTOR('',#1531,1.);
#1531 = DIRECTION('',(0.,-1.));
#1532 = ( GEOMETRIC_REPRESENTATION_CONTEXT(2) 
PARAMETRIC_REPRESENTATION_CONTEXT() REPRESENTATION_CONTEXT('2D SPACE',''
  ) );
#1533 = ORIENTED_EDGE('',*,*,#1534,.T.);
#1534 = EDGE_CURVE('',#1507,#1535,#1537,.T.);
#1535 = VERTEX_POINT('',#1536);
#1536 = CARTESIAN_POINT('',(-341.,45.,730.));
#1537 = SURFACE_CURVE('',#1538,(#1542,#1549),.PCURVE_S1.);
#1538 = LINE('',#1539,#1540);
#1539 = CARTESIAN_POINT('',(-346.,45.,730.));
#1540 = VECTOR('',#1541,1.);
#1541 = DIRECTION('',(1.,0.,-0.));
#1542 = PCURVE('',#1138,#1543);
#1543 = DEFINITIONAL_REPRESENTATION('',(#1544),#1548);
#1544 = LINE('',#1545,#1546);
#1545 = CARTESIAN_POINT('',(121.,120.));
#1546 = VECTOR('',#1547,1.);
#1547 = DIRECTION('',(1.,0.));
#1548 = ( GEOMETRIC_REPRESENTATION_CONTEXT(2) 
PARAMETRIC_REPRESENTATION_CONTEXT() REPRESENTATION_CONTEXT('2D SPACE',''
  ) );
#1549 = PCURVE('',#1550,#1555);
#1550 = PLANE('',#1551);
#1551 = AXIS2_PLACEMENT_3D('',#1552,#1553,#1554);
#1552 = CARTESIAN_POINT('',(-346.,45.,730.));
#1553 = DIRECTION('',(-0.,1.,0.));
#1554 = DIRECTION('',(0.,0.,1.));
#1555 = DEFINITIONAL_REPRESENTATION('',(#1556),#1560);
#1556 = LINE('',#1557,#1558);
#1557 = CARTESIAN_POINT('',(0.,0.));
#1558 = VECTOR('',#1559,1.);
#1559 = DIRECTION('',(0.,1.));
#1560 = ( GEOMETRIC_REPRESENTATION_CONTEXT(2) 
PARAMETRIC_REPRESENTATION_CONTEXT() REPRESENTATION_CONTEXT('2D SPACE',''
  ) );
#1561 = ORIENTED_EDGE('',*,*,#1562,.F.);
#1562 = EDGE_CURVE('',#1563,#1535,#1565,.T.);
#1563 = VERTEX_POINT('',#1564);
#1564 = CARTESIAN_POINT('',(-341.,-45.,730.));
#1565 = SURFACE_CURVE('',#1566,(#1570,#1577),.PCURVE_S1.);
#1566 = LINE('',#1567,#1568);
#1567 = CARTESIAN_POINT('',(-341.,-45.,730.));
#1568 = VECTOR('',#1569,1.);
#1569 = DIRECTION('',(-0.,1.,0.));
#1570 = PCURVE('',#1138,#1571);
#1571 = DEFINITIONAL_REPRESENTATION('',(#1572),#1576);
#1572 = LINE('',#1573,#1574);
#1573 = CARTESIAN_POINT('',(126.,30.));
#1574 = VECTOR('',#1575,1.);
#1575 = DIRECTION('',(0.,1.));
#1576 = ( GEOMETRIC_REPRESENTATION_CONTEXT(2) 
PARAMETRIC_REPRESENTATION_CONTEXT() REPRESENTATION_CONTEXT('2D SPACE',''
  ) );
#1577 = PCURVE('',#1578,#1583);
#1578 = PLANE('',#1579);
#1579 = AXIS2_PLACEMENT_3D('',#1580,#1581,#1582);
#1580 = CARTESIAN_POINT('',(-341.,-45.,730.));
#1581 = DIRECTION('',(1.,0.,-0.));
#1582 = DIRECTION('',(0.,0.,1.));
#1583 = DEFINITIONAL_REPRESENTATION('',(#1584),#1588);
#1584 = LINE('',#1585,#1586);
#1585 = CARTESIAN_POINT('',(0.,0.));
#1586 = VECTOR('',#1587,1.);
#1587 = DIRECTION('',(0.,-1.));
#1588 = ( GEOMETRIC_REPRESENTATION_CONTEXT(2) 
PARAMETRIC_REPRESENTATION_CONTEXT() REPRESENTATION_CONTEXT('2D SPACE',''
  ) );
#1589 = ORIENTED_EDGE('',*,*,#1590,.F.);
#1590 = EDGE_CURVE('',#1505,#1563,#1591,.T.);
#1591 = SURFACE_CURVE('',#1592,(#1596,#1603),.PCURVE_S1.);
#1592 = LINE('',#1593,#1594);
#1593 = CARTESIAN_POINT('',(-346.,-45.,730.));
#1594 = VECTOR('',#1595,1.);
#1595 = DIRECTION('',(1.,0.,-0.));
#1596 = PCURVE('',#1138,#1597);
#1597 = DEFINITIONAL_REPRESENTATION('',(#1598),#1602);
#1598 = LINE('',#1599,#1600);
#1599 = CARTESIAN_POINT('',(121.,30.));
#1600 = VECTOR('',#1601,1.);
#1601 = DIRECTION('',(1.,0.));
#1602 = ( GEOMETRIC_REPRESENTATION_CONTEXT(2) 
PARAMETRIC_REPRESENTATION_CONTEXT() REPRESENTATION_CONTEXT('2D SPACE',''
  ) );
#1603 = PCURVE('',#1604,#1609);
#1604 = PLANE('',#1605);
#1605 = AXIS2_PLACEMENT_3D('',#1606,#1607,#1608);
#1606 = CARTESIAN_POINT('',(-346.,-45.,730.));
#1607 = DIRECTION('',(-0.,1.,0.));
#1608 = DIRECTION('',(0.,0.,1.));
#1609 = DEFINITIONAL_REPRESENTATION('',(#1610),#1614);
#1610 = LINE('',#1611,#1612);
#1611 = CARTESIAN_POINT('',(0.,0.));
#1612 = VECTOR('',#1613,1.);
#1613 = DIRECTION('',(0.,1.));
#1614 = ( GEOMETRIC_REPRESENTATION_CONTEXT(2) 
PARAMETRIC_REPRESENTATION_CONTEXT() REPRESENTATION_CONTEXT('2D SPACE',''
  ) );
#1615 = FACE_BOUND('',#1616,.T.);
#1616 = EDGE_LOOP('',(#1617,#1647,#1675,#1703));
#1617 = ORIENTED_EDGE('',*,*,#1618,.T.);
#1618 = EDGE_CURVE('',#1619,#1621,#1623,.T.);
#1619 = VERTEX_POINT('',#1620);
#1620 = CARTESIAN_POINT('',(-422.,59.,730.));
#1621 = VERTEX_POINT('',#1622);
#1622 = CARTESIAN_POINT('',(-422.,65.,730.));
#1623 = SURFACE_CURVE('',#1624,(#1628,#1635),.PCURVE_S1.);
#1624 = LINE('',#1625,#1626);
#1625 = CARTESIAN_POINT('',(-422.,59.,730.));
#1626 = VECTOR('',#1627,1.);
#1627 = DIRECTION('',(-0.,1.,0.));
#1628 = PCURVE('',#1138,#1629);
#1629 = DEFINITIONAL_REPRESENTATION('',(#1630),#1634);
#1630 = LINE('',#1631,#1632);
#1631 = CARTESIAN_POINT('',(45.,134.));
#1632 = VECTOR('',#1633,1.);
#1633 = DIRECTION('',(0.,1.));
#1634 = ( GEOMETRIC_REPRESENTATION_CONTEXT(2) 
PARAMETRIC_REPRESENTATION_CONTEXT() REPRESENTATION_CONTEXT('2D SPACE',''
  ) );
#1635 = PCURVE('',#1636,#1641);
#1636 = PLANE('',#1637);
#1637 = AXIS2_PLACEMENT_3D('',#1638,#1639,#1640);
#1638 = CARTESIAN_POINT('',(-422.,59.,730.));
#1639 = DIRECTION('',(1.,0.,-0.));
#1640 = DIRECTION('',(0.,0.,1.));
#1641 = DEFINITIONAL_REPRESENTATION('',(#1642),#1646);
#1642 = LINE('',#1643,#1644);
#1643 = CARTESIAN_POINT('',(0.,0.));
#1644 = VECTOR('',#1645,1.);
#1645 = DIRECTION('',(0.,-1.));
#1646 = ( GEOMETRIC_REPRESENTATION_CONTEXT(2) 
PARAMETRIC_REPRESENTATION_CONTEXT() REPRESENTATION_CONTEXT('2D SPACE',''
  ) );
#1647 = ORIENTED_EDGE('',*,*,#1648,.T.);
#1648 = EDGE_CURVE('',#1621,#1649,#1651,.T.);
#1649 = VERTEX_POINT('',#1650);
#1650 = CARTESIAN_POINT('',(-362.,65.,730.));
#1651 = SURFACE_CURVE('',#1652,(#1656,#1663),.PCURVE_S1.);
#1652 = LINE('',#1653,#1654);
#1653 = CARTESIAN_POINT('',(-422.,65.,730.));
#1654 = VECTOR('',#1655,1.);
#1655 = DIRECTION('',(1.,0.,-0.));
#1656 = PCURVE('',#1138,#1657);
#1657 = DEFINITIONAL_REPRESENTATION('',(#1658),#1662);
#1658 = LINE('',#1659,#1660);
#1659 = CARTESIAN_POINT('',(45.,140.));
#1660 = VECTOR('',#1661,1.);
#1661 = DIRECTION('',(1.,0.));
#1662 = ( GEOMETRIC_REPRESENTATION_CONTEXT(2) 
PARAMETRIC_REPRESENTATION_CONTEXT() REPRESENTATION_CONTEXT('2D SPACE',''
  ) );
#1663 = PCURVE('',#1664,#1669);
#1664 = PLANE('',#1665);
#1665 = AXIS2_PLACEMENT_3D('',#1666,#1667,#1668);
#1666 = CARTESIAN_POINT('',(-422.,65.,730.));
#1667 = DIRECTION('',(-0.,1.,0.));
#1668 = DIRECTION('',(0.,0.,1.));
#1669 = DEFINITIONAL_REPRESENTATION('',(#1670),#1674);
#1670 = LINE('',#1671,#1672);
#1671 = CARTESIAN_POINT('',(0.,0.));
#1672 = VECTOR('',#1673,1.);
#1673 = DIRECTION('',(0.,1.));
#1674 = ( GEOMETRIC_REPRESENTATION_CONTEXT(2) 
PARAMETRIC_REPRESENTATION_CONTEXT() REPRESENTATION_CONTEXT('2D SPACE',''
  ) );
#1675 = ORIENTED_EDGE('',*,*,#1676,.F.);
#1676 = EDGE_CURVE('',#1677,#1649,#1679,.T.);
#1677 = VERTEX_POINT('',#1678);
#1678 = CARTESIAN_POINT('',(-362.,59.,730.));
#1679 = SURFACE_CURVE('',#1680,(#1684,#1691),.PCURVE_S1.);
#1680 = LINE('',#1681,#1682);
#1681 = CARTESIAN_POINT('',(-362.,59.,730.));
#1682 = VECTOR('',#1683,1.);
#1683 = DIRECTION('',(-0.,1.,0.));
#1684 = PCURVE('',#1138,#1685);
#1685 = DEFINITIONAL_REPRESENTATION('',(#1686),#1690);
#1686 = LINE('',#1687,#1688);
#1687 = CARTESIAN_POINT('',(105.,134.));
#1688 = VECTOR('',#1689,1.);
#1689 = DIRECTION('',(0.,1.));
#1690 = ( GEOMETRIC_REPRESENTATION_CONTEXT(2) 
PARAMETRIC_REPRESENTATION_CONTEXT() REPRESENTATION_CONTEXT('2D SPACE',''
  ) );
#1691 = PCURVE('',#1692,#1697);
#1692 = PLANE('',#1693);
#1693 = AXIS2_PLACEMENT_3D('',#1694,#1695,#1696);
#1694 = CARTESIAN_POINT('',(-362.,59.,730.));
#1695 = DIRECTION('',(1.,0.,-0.));
#1696 = DIRECTION('',(0.,0.,1.));
#1697 = DEFINITIONAL_REPRESENTATION('',(#1698),#1702);
#1698 = LINE('',#1699,#1700);
#1699 = CARTESIAN_POINT('',(0.,0.));
#1700 = VECTOR('',#1701,1.);
#1701 = DIRECTION('',(0.,-1.));
#1702 = ( GEOMETRIC_REPRESENTATION_CONTEXT(2) 
PARAMETRIC_REPRESENTATION_CONTEXT() REPRESENTATION_CONTEXT('2D SPACE',''
  ) );
#1703 = ORIENTED_EDGE('',*,*,#1704,.F.);
#1704 = EDGE_CURVE('',#1619,#1677,#1705,.T.);
#1705 = SURFACE_CURVE('',#1706,(#1710,#1717),.PCURVE_S1.);
#1706 = LINE('',#1707,#1708);
#1707 = CARTESIAN_POINT('',(-422.,59.,730.));
#1708 = VECTOR('',#1709,1.);
#1709 = DIRECTION('',(1.,0.,-0.));
#1710 = PCURVE('',#1138,#1711);
#1711 = DEFINITIONAL_REPRESENTATION('',(#1712),#1716);
#1712 = LINE('',#1713,#1714);
#1713 = CARTESIAN_POINT('',(45.,134.));
#1714 = VECTOR('',#1715,1.);
#1715 = DIRECTION('',(1.,0.));
#1716 = ( GEOMETRIC_REPRESENTATION_CONTEXT(2) 
PARAMETRIC_REPRESENTATION_CONTEXT() REPRESENTATION_CONTEXT('2D SPACE',''
  ) );
#1717 = PCURVE('',#1718,#1723);
#1718 = PLANE('',#1719);
#1719 = AXIS2_PLACEMENT_3D('',#1720,#1721,#1722);
#1720 = CARTESIAN_POINT('',(-422.,59.,730.));
#1721 = DIRECTION('',(-0.,1.,0.));
#1722 = DIRECTION('',(0.,0.,1.));
#1723 = DEFINITIONAL_REPRESENTATION('',(#1724),#1728);
#1724 = LINE('',#1725,#1726);
#1725 = CARTESIAN_POINT('',(0.,0.));
#1726 = VECTOR('',#1727,1.);
#1727 = DIRECTION('',(0.,1.));
#1728 = ( GEOMETRIC_REPRESENTATION_CONTEXT(2) 
PARAMETRIC_REPRESENTATION_CONTEXT() REPRESENTATION_CONTEXT('2D SPACE',''
  ) );
#1729 = ADVANCED_FACE('',(#1730),#1302,.F.);
#1730 = FACE_BOUND('',#1731,.F.);
#1731 = EDGE_LOOP('',(#1732,#1755,#1756,#1779));
#1732 = ORIENTED_EDGE('',*,*,#1733,.F.);
#1733 = EDGE_CURVE('',#1285,#1734,#1736,.T.);
#1734 = VERTEX_POINT('',#1735);
#1735 = CARTESIAN_POINT('',(-443.,-45.,860.));
#1736 = SURFACE_CURVE('',#1737,(#1741,#1748),.PCURVE_S1.);
#1737 = LINE('',#1738,#1739);
#1738 = CARTESIAN_POINT('',(-443.,-45.,730.));
#1739 = VECTOR('',#1740,1.);
#1740 = DIRECTION('',(0.,0.,1.));
#1741 = PCURVE('',#1302,#1742);
#1742 = DEFINITIONAL_REPRESENTATION('',(#1743),#1747);
#1743 = LINE('',#1744,#1745);
#1744 = CARTESIAN_POINT('',(0.,0.));
#1745 = VECTOR('',#1746,1.);
#1746 = DIRECTION('',(1.,0.));
#1747 = ( GEOMETRIC_REPRESENTATION_CONTEXT(2) 
PARAMETRIC_REPRESENTATION_CONTEXT() REPRESENTATION_CONTEXT('2D SPACE',''
  ) );
#1748 = PCURVE('',#1384,#1749);
#1749 = DEFINITIONAL_REPRESENTATION('',(#1750),#1754);
#1750 = LINE('',#1751,#1752);
#1751 = CARTESIAN_POINT('',(0.,0.));
#1752 = VECTOR('',#1753,1.);
#1753 = DIRECTION('',(1.,0.));
#1754 = ( GEOMETRIC_REPRESENTATION_CONTEXT(2) 
PARAMETRIC_REPRESENTATION_CONTEXT() REPRESENTATION_CONTEXT('2D SPACE',''
  ) );
#1755 = ORIENTED_EDGE('',*,*,#1284,.T.);
#1756 = ORIENTED_EDGE('',*,*,#1757,.T.);
#1757 = EDGE_CURVE('',#1287,#1758,#1760,.T.);
#1758 = VERTEX_POINT('',#1759);
#1759 = CARTESIAN_POINT('',(-443.,45.,860.));
#1760 = SURFACE_CURVE('',#1761,(#1765,#1772),.PCURVE_S1.);
#1761 = LINE('',#1762,#1763);
#1762 = CARTESIAN_POINT('',(-443.,45.,730.));
#1763 = VECTOR('',#1764,1.);
#1764 = DIRECTION('',(0.,0.,1.));
#1765 = PCURVE('',#1302,#1766);
#1766 = DEFINITIONAL_REPRESENTATION('',(#1767),#1771);
#1767 = LINE('',#1768,#1769);
#1768 = CARTESIAN_POINT('',(0.,-90.));
#1769 = VECTOR('',#1770,1.);
#1770 = DIRECTION('',(1.,0.));
#1771 = ( GEOMETRIC_REPRESENTATION_CONTEXT(2) 
PARAMETRIC_REPRESENTATION_CONTEXT() REPRESENTATION_CONTEXT('2D SPACE',''
  ) );
#1772 = PCURVE('',#1330,#1773);
#1773 = DEFINITIONAL_REPRESENTATION('',(#1774),#1778);
#1774 = LINE('',#1775,#1776);
#1775 = CARTESIAN_POINT('',(0.,0.));
#1776 = VECTOR('',#1777,1.);
#1777 = DIRECTION('',(1.,0.));
#1778 = ( GEOMETRIC_REPRESENTATION_CONTEXT(2) 
PARAMETRIC_REPRESENTATION_CONTEXT() REPRESENTATION_CONTEXT('2D SPACE',''
  ) );
#1779 = ORIENTED_EDGE('',*,*,#1780,.F.);
#1780 = EDGE_CURVE('',#1734,#1758,#1781,.T.);
#1781 = SURFACE_CURVE('',#1782,(#1786,#1793),.PCURVE_S1.);
#1782 = LINE('',#1783,#1784);
#1783 = CARTESIAN_POINT('',(-443.,-45.,860.));
#1784 = VECTOR('',#1785,1.);
#1785 = DIRECTION('',(-0.,1.,0.));
#1786 = PCURVE('',#1302,#1787);
#1787 = DEFINITIONAL_REPRESENTATION('',(#1788),#1792);
#1788 = LINE('',#1789,#1790);
#1789 = CARTESIAN_POINT('',(130.,0.));
#1790 = VECTOR('',#1791,1.);
#1791 = DIRECTION('',(0.,-1.));
#1792 = ( GEOMETRIC_REPRESENTATION_CONTEXT(2) 
PARAMETRIC_REPRESENTATION_CONTEXT() REPRESENTATION_CONTEXT('2D SPACE',''
  ) );
#1793 = PCURVE('',#1794,#1799);
#1794 = PLANE('',#1795);
#1795 = AXIS2_PLACEMENT_3D('',#1796,#1797,#1798);
#1796 = CARTESIAN_POINT('',(-443.,-45.,860.));
#1797 = DIRECTION('',(0.,0.,1.));
#1798 = DIRECTION('',(1.,0.,-0.));
#1799 = DEFINITIONAL_REPRESENTATION('',(#1800),#1804);
#1800 = LINE('',#1801,#1802);
#1801 = CARTESIAN_POINT('',(0.,0.));
#1802 = VECTOR('',#1803,1.);
#1803 = DIRECTION('',(0.,1.));
#1804 = ( GEOMETRIC_REPRESENTATION_CONTEXT(2) 
PARAMETRIC_REPRESENTATION_CONTEXT() REPRESENTATION_CONTEXT('2D SPACE',''
  ) );
#1805 = ADVANCED_FACE('',(#1806),#1330,.T.);
#1806 = FACE_BOUND('',#1807,.T.);
#1807 = EDGE_LOOP('',(#1808,#1809,#1810,#1833));
#1808 = ORIENTED_EDGE('',*,*,#1314,.F.);
#1809 = ORIENTED_EDGE('',*,*,#1757,.T.);
#1810 = ORIENTED_EDGE('',*,*,#1811,.T.);
#1811 = EDGE_CURVE('',#1758,#1812,#1814,.T.);
#1812 = VERTEX_POINT('',#1813);
#1813 = CARTESIAN_POINT('',(-438.,45.,860.));
#1814 = SURFACE_CURVE('',#1815,(#1819,#1826),.PCURVE_S1.);
#1815 = LINE('',#1816,#1817);
#1816 = CARTESIAN_POINT('',(-443.,45.,860.));
#1817 = VECTOR('',#1818,1.);
#1818 = DIRECTION('',(1.,0.,-0.));
#1819 = PCURVE('',#1330,#1820);
#1820 = DEFINITIONAL_REPRESENTATION('',(#1821),#1825);
#1821 = LINE('',#1822,#1823);
#1822 = CARTESIAN_POINT('',(130.,0.));
#1823 = VECTOR('',#1824,1.);
#1824 = DIRECTION('',(0.,1.));
#1825 = ( GEOMETRIC_REPRESENTATION_CONTEXT(2) 
PARAMETRIC_REPRESENTATION_CONTEXT() REPRESENTATION_CONTEXT('2D SPACE',''
  ) );
#1826 = PCURVE('',#1794,#1827);
#1827 = DEFINITIONAL_REPRESENTATION('',(#1828),#1832);
#1828 = LINE('',#1829,#1830);
#1829 = CARTESIAN_POINT('',(0.,90.));
#1830 = VECTOR('',#1831,1.);
#1831 = DIRECTION('',(1.,0.));
#1832 = ( GEOMETRIC_REPRESENTATION_CONTEXT(2) 
PARAMETRIC_REPRESENTATION_CONTEXT() REPRESENTATION_CONTEXT('2D SPACE',''
  ) );
#1833 = ORIENTED_EDGE('',*,*,#1834,.F.);
#1834 = EDGE_CURVE('',#1315,#1812,#1835,.T.);
#1835 = SURFACE_CURVE('',#1836,(#1840,#1847),.PCURVE_S1.);
#1836 = LINE('',#1837,#1838);
#1837 = CARTESIAN_POINT('',(-438.,45.,730.));
#1838 = VECTOR('',#1839,1.);
#1839 = DIRECTION('',(0.,0.,1.));
#1840 = PCURVE('',#1330,#1841);
#1841 = DEFINITIONAL_REPRESENTATION('',(#1842),#1846);
#1842 = LINE('',#1843,#1844);
#1843 = CARTESIAN_POINT('',(0.,5.));
#1844 = VECTOR('',#1845,1.);
#1845 = DIRECTION('',(1.,0.));
#1846 = ( GEOMETRIC_REPRESENTATION_CONTEXT(2) 
PARAMETRIC_REPRESENTATION_CONTEXT() REPRESENTATION_CONTEXT('2D SPACE',''
  ) );
#1847 = PCURVE('',#1358,#1848);
#1848 = DEFINITIONAL_REPRESENTATION('',(#1849),#1853);
#1849 = LINE('',#1850,#1851);
#1850 = CARTESIAN_POINT('',(0.,-90.));
#1851 = VECTOR('',#1852,1.);
#1852 = DIRECTION('',(1.,0.));
#1853 = ( GEOMETRIC_REPRESENTATION_CONTEXT(2) 
PARAMETRIC_REPRESENTATION_CONTEXT() REPRESENTATION_CONTEXT('2D SPACE',''
  ) );
#1854 = ADVANCED_FACE('',(#1855),#1384,.F.);
#1855 = FACE_BOUND('',#1856,.F.);
#1856 = EDGE_LOOP('',(#1857,#1858,#1859,#1882));
#1857 = ORIENTED_EDGE('',*,*,#1370,.F.);
#1858 = ORIENTED_EDGE('',*,*,#1733,.T.);
#1859 = ORIENTED_EDGE('',*,*,#1860,.T.);
#1860 = EDGE_CURVE('',#1734,#1861,#1863,.T.);
#1861 = VERTEX_POINT('',#1862);
#1862 = CARTESIAN_POINT('',(-438.,-45.,860.));
#1863 = SURFACE_CURVE('',#1864,(#1868,#1875),.PCURVE_S1.);
#1864 = LINE('',#1865,#1866);
#1865 = CARTESIAN_POINT('',(-443.,-45.,860.));
#1866 = VECTOR('',#1867,1.);
#1867 = DIRECTION('',(1.,0.,-0.));
#1868 = PCURVE('',#1384,#1869);
#1869 = DEFINITIONAL_REPRESENTATION('',(#1870),#1874);
#1870 = LINE('',#1871,#1872);
#1871 = CARTESIAN_POINT('',(130.,0.));
#1872 = VECTOR('',#1873,1.);
#1873 = DIRECTION('',(0.,1.));
#1874 = ( GEOMETRIC_REPRESENTATION_CONTEXT(2) 
PARAMETRIC_REPRESENTATION_CONTEXT() REPRESENTATION_CONTEXT('2D SPACE',''
  ) );
#1875 = PCURVE('',#1794,#1876);
#1876 = DEFINITIONAL_REPRESENTATION('',(#1877),#1881);
#1877 = LINE('',#1878,#1879);
#1878 = CARTESIAN_POINT('',(0.,0.));
#1879 = VECTOR('',#1880,1.);
#1880 = DIRECTION('',(1.,0.));
#1881 = ( GEOMETRIC_REPRESENTATION_CONTEXT(2) 
PARAMETRIC_REPRESENTATION_CONTEXT() REPRESENTATION_CONTEXT('2D SPACE',''
  ) );
#1882 = ORIENTED_EDGE('',*,*,#1883,.F.);
#1883 = EDGE_CURVE('',#1343,#1861,#1884,.T.);
#1884 = SURFACE_CURVE('',#1885,(#1889,#1896),.PCURVE_S1.);
#1885 = LINE('',#1886,#1887);
#1886 = CARTESIAN_POINT('',(-438.,-45.,730.));
#1887 = VECTOR('',#1888,1.);
#1888 = DIRECTION('',(0.,0.,1.));
#1889 = PCURVE('',#1384,#1890);
#1890 = DEFINITIONAL_REPRESENTATION('',(#1891),#1895);
#1891 = LINE('',#1892,#1893);
#1892 = CARTESIAN_POINT('',(0.,5.));
#1893 = VECTOR('',#1894,1.);
#1894 = DIRECTION('',(1.,0.));
#1895 = ( GEOMETRIC_REPRESENTATION_CONTEXT(2) 
PARAMETRIC_REPRESENTATION_CONTEXT() REPRESENTATION_CONTEXT('2D SPACE',''
  ) );
#1896 = PCURVE('',#1358,#1897);
#1897 = DEFINITIONAL_REPRESENTATION('',(#1898),#1902);
#1898 = LINE('',#1899,#1900);
#1899 = CARTESIAN_POINT('',(0.,0.));
#1900 = VECTOR('',#1901,1.);
#1901 = DIRECTION('',(1.,0.));
#1902 = ( GEOMETRIC_REPRESENTATION_CONTEXT(2) 
PARAMETRIC_REPRESENTATION_CONTEXT() REPRESENTATION_CONTEXT('2D SPACE',''
  ) );
#1903 = ADVANCED_FACE('',(#1904),#1358,.T.);
#1904 = FACE_BOUND('',#1905,.T.);
#1905 = EDGE_LOOP('',(#1906,#1907,#1908,#1909));
#1906 = ORIENTED_EDGE('',*,*,#1883,.F.);
#1907 = ORIENTED_EDGE('',*,*,#1342,.T.);
#1908 = ORIENTED_EDGE('',*,*,#1834,.T.);
#1909 = ORIENTED_EDGE('',*,*,#1910,.F.);
#1910 = EDGE_CURVE('',#1861,#1812,#1911,.T.);
#1911 = SURFACE_CURVE('',#1912,(#1916,#1923),.PCURVE_S1.);
#1912 = LINE('',#1913,#1914);
#1913 = CARTESIAN_POINT('',(-438.,-45.,860.));
#1914 = VECTOR('',#1915,1.);
#1915 = DIRECTION('',(-0.,1.,0.));
#1916 = PCURVE('',#1358,#1917);
#1917 = DEFINITIONAL_REPRESENTATION('',(#1918),#1922);
#1918 = LINE('',#1919,#1920);
#1919 = CARTESIAN_POINT('',(130.,0.));
#1920 = VECTOR('',#1921,1.);
#1921 = DIRECTION('',(0.,-1.));
#1922 = ( GEOMETRIC_REPRESENTATION_CONTEXT(2) 
PARAMETRIC_REPRESENTATION_CONTEXT() REPRESENTATION_CONTEXT('2D SPACE',''
  ) );
#1923 = PCURVE('',#1794,#1924);
#1924 = DEFINITIONAL_REPRESENTATION('',(#1925),#1929);
#1925 = LINE('',#1926,#1927);
#1926 = CARTESIAN_POINT('',(5.,0.));
#1927 = VECTOR('',#1928,1.);
#1928 = DIRECTION('',(0.,1.));
#1929 = ( GEOMETRIC_REPRESENTATION_CONTEXT(2) 
PARAMETRIC_REPRESENTATION_CONTEXT() REPRESENTATION_CONTEXT('2D SPACE',''
  ) );
#1930 = ADVANCED_FACE('',(#1931),#1415,.T.);
#1931 = FACE_BOUND('',#1932,.T.);
#1932 = EDGE_LOOP('',(#1933,#1956,#1984,#2005));
#1933 = ORIENTED_EDGE('',*,*,#1934,.F.);
#1934 = EDGE_CURVE('',#1935,#1399,#1937,.T.);
#1935 = VERTEX_POINT('',#1936);
#1936 = CARTESIAN_POINT('',(-363.,-10.,711.));
#1937 = SURFACE_CURVE('',#1938,(#1942,#1949),.PCURVE_S1.);
#1938 = LINE('',#1939,#1940);
#1939 = CARTESIAN_POINT('',(-363.,-10.,711.));
#1940 = VECTOR('',#1941,1.);
#1941 = DIRECTION('',(0.,0.,1.));
#1942 = PCURVE('',#1415,#1943);
#1943 = DEFINITIONAL_REPRESENTATION('',(#1944),#1948);
#1944 = LINE('',#1945,#1946);
#1945 = CARTESIAN_POINT('',(0.,58.));
#1946 = VECTOR('',#1947,1.);
#1947 = DIRECTION('',(1.,0.));
#1948 = ( GEOMETRIC_REPRESENTATION_CONTEXT(2) 
PARAMETRIC_REPRESENTATION_CONTEXT() REPRESENTATION_CONTEXT('2D SPACE',''
  ) );
#1949 = PCURVE('',#1491,#1950);
#1950 = DEFINITIONAL_REPRESENTATION('',(#1951),#1955);
#1951 = LINE('',#1952,#1953);
#1952 = CARTESIAN_POINT('',(0.,0.));
#1953 = VECTOR('',#1954,1.);
#1954 = DIRECTION('',(1.,0.));
#1955 = ( GEOMETRIC_REPRESENTATION_CONTEXT(2) 
PARAMETRIC_REPRESENTATION_CONTEXT() REPRESENTATION_CONTEXT('2D SPACE',''
  ) );
#1956 = ORIENTED_EDGE('',*,*,#1957,.F.);
#1957 = EDGE_CURVE('',#1958,#1935,#1960,.T.);
#1958 = VERTEX_POINT('',#1959);
#1959 = CARTESIAN_POINT('',(-421.,-10.,711.));
#1960 = SURFACE_CURVE('',#1961,(#1965,#1972),.PCURVE_S1.);
#1961 = LINE('',#1962,#1963);
#1962 = CARTESIAN_POINT('',(-421.,-10.,711.));
#1963 = VECTOR('',#1964,1.);
#1964 = DIRECTION('',(1.,0.,-0.));
#1965 = PCURVE('',#1415,#1966);
#1966 = DEFINITIONAL_REPRESENTATION('',(#1967),#1971);
#1967 = LINE('',#1968,#1969);
#1968 = CARTESIAN_POINT('',(0.,0.));
#1969 = VECTOR('',#1970,1.);
#1970 = DIRECTION('',(0.,1.));
#1971 = ( GEOMETRIC_REPRESENTATION_CONTEXT(2) 
PARAMETRIC_REPRESENTATION_CONTEXT() REPRESENTATION_CONTEXT('2D SPACE',''
  ) );
#1972 = PCURVE('',#1973,#1978);
#1973 = PLANE('',#1974);
#1974 = AXIS2_PLACEMENT_3D('',#1975,#1976,#1977);
#1975 = CARTESIAN_POINT('',(-421.,-10.,711.));
#1976 = DIRECTION('',(0.,0.,1.));
#1977 = DIRECTION('',(1.,0.,-0.));
#1978 = DEFINITIONAL_REPRESENTATION('',(#1979),#1983);
#1979 = LINE('',#1980,#1981);
#1980 = CARTESIAN_POINT('',(0.,0.));
#1981 = VECTOR('',#1982,1.);
#1982 = DIRECTION('',(1.,0.));
#1983 = ( GEOMETRIC_REPRESENTATION_CONTEXT(2) 
PARAMETRIC_REPRESENTATION_CONTEXT() REPRESENTATION_CONTEXT('2D SPACE',''
  ) );
#1984 = ORIENTED_EDGE('',*,*,#1985,.T.);
#1985 = EDGE_CURVE('',#1958,#1401,#1986,.T.);
#1986 = SURFACE_CURVE('',#1987,(#1991,#1998),.PCURVE_S1.);
#1987 = LINE('',#1988,#1989);
#1988 = CARTESIAN_POINT('',(-421.,-10.,711.));
#1989 = VECTOR('',#1990,1.);
#1990 = DIRECTION('',(0.,0.,1.));
#1991 = PCURVE('',#1415,#1992);
#1992 = DEFINITIONAL_REPRESENTATION('',(#1993),#1997);
#1993 = LINE('',#1994,#1995);
#1994 = CARTESIAN_POINT('',(0.,0.));
#1995 = VECTOR('',#1996,1.);
#1996 = DIRECTION('',(1.,0.));
#1997 = ( GEOMETRIC_REPRESENTATION_CONTEXT(2) 
PARAMETRIC_REPRESENTATION_CONTEXT() REPRESENTATION_CONTEXT('2D SPACE',''
  ) );
#1998 = PCURVE('',#1441,#1999);
#1999 = DEFINITIONAL_REPRESENTATION('',(#2000),#2004);
#2000 = LINE('',#2001,#2002);
#2001 = CARTESIAN_POINT('',(0.,0.));
#2002 = VECTOR('',#2003,1.);
#2003 = DIRECTION('',(1.,0.));
#2004 = ( GEOMETRIC_REPRESENTATION_CONTEXT(2) 
PARAMETRIC_REPRESENTATION_CONTEXT() REPRESENTATION_CONTEXT('2D SPACE',''
  ) );
#2005 = ORIENTED_EDGE('',*,*,#1398,.F.);
#2006 = ADVANCED_FACE('',(#2007),#1491,.F.);
#2007 = FACE_BOUND('',#2008,.F.);
#2008 = EDGE_LOOP('',(#2009,#2010,#2033,#2054));
#2009 = ORIENTED_EDGE('',*,*,#1934,.F.);
#2010 = ORIENTED_EDGE('',*,*,#2011,.T.);
#2011 = EDGE_CURVE('',#1935,#2012,#2014,.T.);
#2012 = VERTEX_POINT('',#2013);
#2013 = CARTESIAN_POINT('',(-363.,26.,711.));
#2014 = SURFACE_CURVE('',#2015,(#2019,#2026),.PCURVE_S1.);
#2015 = LINE('',#2016,#2017);
#2016 = CARTESIAN_POINT('',(-363.,-10.,711.));
#2017 = VECTOR('',#2018,1.);
#2018 = DIRECTION('',(-0.,1.,0.));
#2019 = PCURVE('',#1491,#2020);
#2020 = DEFINITIONAL_REPRESENTATION('',(#2021),#2025);
#2021 = LINE('',#2022,#2023);
#2022 = CARTESIAN_POINT('',(0.,0.));
#2023 = VECTOR('',#2024,1.);
#2024 = DIRECTION('',(0.,-1.));
#2025 = ( GEOMETRIC_REPRESENTATION_CONTEXT(2) 
PARAMETRIC_REPRESENTATION_CONTEXT() REPRESENTATION_CONTEXT('2D SPACE',''
  ) );
#2026 = PCURVE('',#1973,#2027);
#2027 = DEFINITIONAL_REPRESENTATION('',(#2028),#2032);
#2028 = LINE('',#2029,#2030);
#2029 = CARTESIAN_POINT('',(58.,0.));
#2030 = VECTOR('',#2031,1.);
#2031 = DIRECTION('',(0.,1.));
#2032 = ( GEOMETRIC_REPRESENTATION_CONTEXT(2) 
PARAMETRIC_REPRESENTATION_CONTEXT() REPRESENTATION_CONTEXT('2D SPACE',''
  ) );
#2033 = ORIENTED_EDGE('',*,*,#2034,.T.);
#2034 = EDGE_CURVE('',#2012,#1453,#2035,.T.);
#2035 = SURFACE_CURVE('',#2036,(#2040,#2047),.PCURVE_S1.);
#2036 = LINE('',#2037,#2038);
#2037 = CARTESIAN_POINT('',(-363.,26.,711.));
#2038 = VECTOR('',#2039,1.);
#2039 = DIRECTION('',(0.,0.,1.));
#2040 = PCURVE('',#1491,#2041);
#2041 = DEFINITIONAL_REPRESENTATION('',(#2042),#2046);
#2042 = LINE('',#2043,#2044);
#2043 = CARTESIAN_POINT('',(0.,-36.));
#2044 = VECTOR('',#2045,1.);
#2045 = DIRECTION('',(1.,0.));
#2046 = ( GEOMETRIC_REPRESENTATION_CONTEXT(2) 
PARAMETRIC_REPRESENTATION_CONTEXT() REPRESENTATION_CONTEXT('2D SPACE',''
  ) );
#2047 = PCURVE('',#1467,#2048);
#2048 = DEFINITIONAL_REPRESENTATION('',(#2049),#2053);
#2049 = LINE('',#2050,#2051);
#2050 = CARTESIAN_POINT('',(0.,58.));
#2051 = VECTOR('',#2052,1.);
#2052 = DIRECTION('',(1.,0.));
#2053 = ( GEOMETRIC_REPRESENTATION_CONTEXT(2) 
PARAMETRIC_REPRESENTATION_CONTEXT() REPRESENTATION_CONTEXT('2D SPACE',''
  ) );
#2054 = ORIENTED_EDGE('',*,*,#1478,.F.);
#2055 = ADVANCED_FACE('',(#2056),#1441,.T.);
#2056 = FACE_BOUND('',#2057,.T.);
#2057 = EDGE_LOOP('',(#2058,#2059,#2082,#2103));
#2058 = ORIENTED_EDGE('',*,*,#1985,.F.);
#2059 = ORIENTED_EDGE('',*,*,#2060,.T.);
#2060 = EDGE_CURVE('',#1958,#2061,#2063,.T.);
#2061 = VERTEX_POINT('',#2062);
#2062 = CARTESIAN_POINT('',(-421.,26.,711.));
#2063 = SURFACE_CURVE('',#2064,(#2068,#2075),.PCURVE_S1.);
#2064 = LINE('',#2065,#2066);
#2065 = CARTESIAN_POINT('',(-421.,-10.,711.));
#2066 = VECTOR('',#2067,1.);
#2067 = DIRECTION('',(-0.,1.,0.));
#2068 = PCURVE('',#1441,#2069);
#2069 = DEFINITIONAL_REPRESENTATION('',(#2070),#2074);
#2070 = LINE('',#2071,#2072);
#2071 = CARTESIAN_POINT('',(0.,0.));
#2072 = VECTOR('',#2073,1.);
#2073 = DIRECTION('',(0.,-1.));
#2074 = ( GEOMETRIC_REPRESENTATION_CONTEXT(2) 
PARAMETRIC_REPRESENTATION_CONTEXT() REPRESENTATION_CONTEXT('2D SPACE',''
  ) );
#2075 = PCURVE('',#1973,#2076);
#2076 = DEFINITIONAL_REPRESENTATION('',(#2077),#2081);
#2077 = LINE('',#2078,#2079);
#2078 = CARTESIAN_POINT('',(0.,0.));
#2079 = VECTOR('',#2080,1.);
#2080 = DIRECTION('',(0.,1.));
#2081 = ( GEOMETRIC_REPRESENTATION_CONTEXT(2) 
PARAMETRIC_REPRESENTATION_CONTEXT() REPRESENTATION_CONTEXT('2D SPACE',''
  ) );
#2082 = ORIENTED_EDGE('',*,*,#2083,.T.);
#2083 = EDGE_CURVE('',#2061,#1427,#2084,.T.);
#2084 = SURFACE_CURVE('',#2085,(#2089,#2096),.PCURVE_S1.);
#2085 = LINE('',#2086,#2087);
#2086 = CARTESIAN_POINT('',(-421.,26.,711.));
#2087 = VECTOR('',#2088,1.);
#2088 = DIRECTION('',(0.,0.,1.));
#2089 = PCURVE('',#1441,#2090);
#2090 = DEFINITIONAL_REPRESENTATION('',(#2091),#2095);
#2091 = LINE('',#2092,#2093);
#2092 = CARTESIAN_POINT('',(0.,-36.));
#2093 = VECTOR('',#2094,1.);
#2094 = DIRECTION('',(1.,0.));
#2095 = ( GEOMETRIC_REPRESENTATION_CONTEXT(2) 
PARAMETRIC_REPRESENTATION_CONTEXT() REPRESENTATION_CONTEXT('2D SPACE',''
  ) );
#2096 = PCURVE('',#1467,#2097);
#2097 = DEFINITIONAL_REPRESENTATION('',(#2098),#2102);
#2098 = LINE('',#2099,#2100);
#2099 = CARTESIAN_POINT('',(0.,0.));
#2100 = VECTOR('',#2101,1.);
#2101 = DIRECTION('',(1.,0.));
#2102 = ( GEOMETRIC_REPRESENTATION_CONTEXT(2) 
PARAMETRIC_REPRESENTATION_CONTEXT() REPRESENTATION_CONTEXT('2D SPACE',''
  ) );
#2103 = ORIENTED_EDGE('',*,*,#1426,.F.);
#2104 = ADVANCED_FACE('',(#2105),#1467,.F.);
#2105 = FACE_BOUND('',#2106,.F.);
#2106 = EDGE_LOOP('',(#2107,#2108,#2129,#2130));
#2107 = ORIENTED_EDGE('',*,*,#2034,.F.);
#2108 = ORIENTED_EDGE('',*,*,#2109,.F.);
#2109 = EDGE_CURVE('',#2061,#2012,#2110,.T.);
#2110 = SURFACE_CURVE('',#2111,(#2115,#2122),.PCURVE_S1.);
#2111 = LINE('',#2112,#2113);
#2112 = CARTESIAN_POINT('',(-421.,26.,711.));
#2113 = VECTOR('',#2114,1.);
#2114 = DIRECTION('',(1.,0.,-0.));
#2115 = PCURVE('',#1467,#2116);
#2116 = DEFINITIONAL_REPRESENTATION('',(#2117),#2121);
#2117 = LINE('',#2118,#2119);
#2118 = CARTESIAN_POINT('',(0.,0.));
#2119 = VECTOR('',#2120,1.);
#2120 = DIRECTION('',(0.,1.));
#2121 = ( GEOMETRIC_REPRESENTATION_CONTEXT(2) 
PARAMETRIC_REPRESENTATION_CONTEXT() REPRESENTATION_CONTEXT('2D SPACE',''
  ) );
#2122 = PCURVE('',#1973,#2123);
#2123 = DEFINITIONAL_REPRESENTATION('',(#2124),#2128);
#2124 = LINE('',#2125,#2126);
#2125 = CARTESIAN_POINT('',(0.,36.));
#2126 = VECTOR('',#2127,1.);
#2127 = DIRECTION('',(1.,0.));
#2128 = ( GEOMETRIC_REPRESENTATION_CONTEXT(2) 
PARAMETRIC_REPRESENTATION_CONTEXT() REPRESENTATION_CONTEXT('2D SPACE',''
  ) );
#2129 = ORIENTED_EDGE('',*,*,#2083,.T.);
#2130 = ORIENTED_EDGE('',*,*,#1452,.F.);
#2131 = ADVANCED_FACE('',(#2132),#1522,.F.);
#2132 = FACE_BOUND('',#2133,.F.);
#2133 = EDGE_LOOP('',(#2134,#2157,#2158,#2181));
#2134 = ORIENTED_EDGE('',*,*,#2135,.F.);
#2135 = EDGE_CURVE('',#1505,#2136,#2138,.T.);
#2136 = VERTEX_POINT('',#2137);
#2137 = CARTESIAN_POINT('',(-346.,-45.,860.));
#2138 = SURFACE_CURVE('',#2139,(#2143,#2150),.PCURVE_S1.);
#2139 = LINE('',#2140,#2141);
#2140 = CARTESIAN_POINT('',(-346.,-45.,730.));
#2141 = VECTOR('',#2142,1.);
#2142 = DIRECTION('',(0.,0.,1.));
#2143 = PCURVE('',#1522,#2144);
#2144 = DEFINITIONAL_REPRESENTATION('',(#2145),#2149);
#2145 = LINE('',#2146,#2147);
#2146 = CARTESIAN_POINT('',(0.,0.));
#2147 = VECTOR('',#2148,1.);
#2148 = DIRECTION('',(1.,0.));
#2149 = ( GEOMETRIC_REPRESENTATION_CONTEXT(2) 
PARAMETRIC_REPRESENTATION_CONTEXT() REPRESENTATION_CONTEXT('2D SPACE',''
  ) );
#2150 = PCURVE('',#1604,#2151);
#2151 = DEFINITIONAL_REPRESENTATION('',(#2152),#2156);
#2152 = LINE('',#2153,#2154);
#2153 = CARTESIAN_POINT('',(0.,0.));
#2154 = VECTOR('',#2155,1.);
#2155 = DIRECTION('',(1.,0.));
#2156 = ( GEOMETRIC_REPRESENTATION_CONTEXT(2) 
PARAMETRIC_REPRESENTATION_CONTEXT() REPRESENTATION_CONTEXT('2D SPACE',''
  ) );
#2157 = ORIENTED_EDGE('',*,*,#1504,.T.);
#2158 = ORIENTED_EDGE('',*,*,#2159,.T.);
#2159 = EDGE_CURVE('',#1507,#2160,#2162,.T.);
#2160 = VERTEX_POINT('',#2161);
#2161 = CARTESIAN_POINT('',(-346.,45.,860.));
#2162 = SURFACE_CURVE('',#2163,(#2167,#2174),.PCURVE_S1.);
#2163 = LINE('',#2164,#2165);
#2164 = CARTESIAN_POINT('',(-346.,45.,730.));
#2165 = VECTOR('',#2166,1.);
#2166 = DIRECTION('',(0.,0.,1.));
#2167 = PCURVE('',#1522,#2168);
#2168 = DEFINITIONAL_REPRESENTATION('',(#2169),#2173);
#2169 = LINE('',#2170,#2171);
#2170 = CARTESIAN_POINT('',(0.,-90.));
#2171 = VECTOR('',#2172,1.);
#2172 = DIRECTION('',(1.,0.));
#2173 = ( GEOMETRIC_REPRESENTATION_CONTEXT(2) 
PARAMETRIC_REPRESENTATION_CONTEXT() REPRESENTATION_CONTEXT('2D SPACE',''
  ) );
#2174 = PCURVE('',#1550,#2175);
#2175 = DEFINITIONAL_REPRESENTATION('',(#2176),#2180);
#2176 = LINE('',#2177,#2178);
#2177 = CARTESIAN_POINT('',(0.,0.));
#2178 = VECTOR('',#2179,1.);
#2179 = DIRECTION('',(1.,0.));
#2180 = ( GEOMETRIC_REPRESENTATION_CONTEXT(2) 
PARAMETRIC_REPRESENTATION_CONTEXT() REPRESENTATION_CONTEXT('2D SPACE',''
  ) );
#2181 = ORIENTED_EDGE('',*,*,#2182,.F.);
#2182 = EDGE_CURVE('',#2136,#2160,#2183,.T.);
#2183 = SURFACE_CURVE('',#2184,(#2188,#2195),.PCURVE_S1.);
#2184 = LINE('',#2185,#2186);
#2185 = CARTESIAN_POINT('',(-346.,-45.,860.));
#2186 = VECTOR('',#2187,1.);
#2187 = DIRECTION('',(-0.,1.,0.));
#2188 = PCURVE('',#1522,#2189);
#2189 = DEFINITIONAL_REPRESENTATION('',(#2190),#2194);
#2190 = LINE('',#2191,#2192);
#2191 = CARTESIAN_POINT('',(130.,0.));
#2192 = VECTOR('',#2193,1.);
#2193 = DIRECTION('',(0.,-1.));
#2194 = ( GEOMETRIC_REPRESENTATION_CONTEXT(2) 
PARAMETRIC_REPRESENTATION_CONTEXT() REPRESENTATION_CONTEXT('2D SPACE',''
  ) );
#2195 = PCURVE('',#2196,#2201);
#2196 = PLANE('',#2197);
#2197 = AXIS2_PLACEMENT_3D('',#2198,#2199,#2200);
#2198 = CARTESIAN_POINT('',(-346.,-45.,860.));
#2199 = DIRECTION('',(0.,0.,1.));
#2200 = DIRECTION('',(1.,0.,-0.));
#2201 = DEFINITIONAL_REPRESENTATION('',(#2202),#2206);
#2202 = LINE('',#2203,#2204);
#2203 = CARTESIAN_POINT('',(0.,0.));
#2204 = VECTOR('',#2205,1.);
#2205 = DIRECTION('',(0.,1.));
#2206 = ( GEOMETRIC_REPRESENTATION_CONTEXT(2) 
PARAMETRIC_REPRESENTATION_CONTEXT() REPRESENTATION_CONTEXT('2D SPACE',''
  ) );
#2207 = ADVANCED_FACE('',(#2208),#1550,.T.);
#2208 = FACE_BOUND('',#2209,.T.);
#2209 = EDGE_LOOP('',(#2210,#2211,#2212,#2235));
#2210 = ORIENTED_EDGE('',*,*,#1534,.F.);
#2211 = ORIENTED_EDGE('',*,*,#2159,.T.);
#2212 = ORIENTED_EDGE('',*,*,#2213,.T.);
#2213 = EDGE_CURVE('',#2160,#2214,#2216,.T.);
#2214 = VERTEX_POINT('',#2215);
#2215 = CARTESIAN_POINT('',(-341.,45.,860.));
#2216 = SURFACE_CURVE('',#2217,(#2221,#2228),.PCURVE_S1.);
#2217 = LINE('',#2218,#2219);
#2218 = CARTESIAN_POINT('',(-346.,45.,860.));
#2219 = VECTOR('',#2220,1.);
#2220 = DIRECTION('',(1.,0.,-0.));
#2221 = PCURVE('',#1550,#2222);
#2222 = DEFINITIONAL_REPRESENTATION('',(#2223),#2227);
#2223 = LINE('',#2224,#2225);
#2224 = CARTESIAN_POINT('',(130.,0.));
#2225 = VECTOR('',#2226,1.);
#2226 = DIRECTION('',(0.,1.));
#2227 = ( GEOMETRIC_REPRESENTATION_CONTEXT(2) 
PARAMETRIC_REPRESENTATION_CONTEXT() REPRESENTATION_CONTEXT('2D SPACE',''
  ) );
#2228 = PCURVE('',#2196,#2229);
#2229 = DEFINITIONAL_REPRESENTATION('',(#2230),#2234);
#2230 = LINE('',#2231,#2232);
#2231 = CARTESIAN_POINT('',(0.,90.));
#2232 = VECTOR('',#2233,1.);
#2233 = DIRECTION('',(1.,0.));
#2234 = ( GEOMETRIC_REPRESENTATION_CONTEXT(2) 
PARAMETRIC_REPRESENTATION_CONTEXT() REPRESENTATION_CONTEXT('2D SPACE',''
  ) );
#2235 = ORIENTED_EDGE('',*,*,#2236,.F.);
#2236 = EDGE_CURVE('',#1535,#2214,#2237,.T.);
#2237 = SURFACE_CURVE('',#2238,(#2242,#2249),.PCURVE_S1.);
#2238 = LINE('',#2239,#2240);
#2239 = CARTESIAN_POINT('',(-341.,45.,730.));
#2240 = VECTOR('',#2241,1.);
#2241 = DIRECTION('',(0.,0.,1.));
#2242 = PCURVE('',#1550,#2243);
#2243 = DEFINITIONAL_REPRESENTATION('',(#2244),#2248);
#2244 = LINE('',#2245,#2246);
#2245 = CARTESIAN_POINT('',(0.,5.));
#2246 = VECTOR('',#2247,1.);
#2247 = DIRECTION('',(1.,0.));
#2248 = ( GEOMETRIC_REPRESENTATION_CONTEXT(2) 
PARAMETRIC_REPRESENTATION_CONTEXT() REPRESENTATION_CONTEXT('2D SPACE',''
  ) );
#2249 = PCURVE('',#1578,#2250);
#2250 = DEFINITIONAL_REPRESENTATION('',(#2251),#2255);
#2251 = LINE('',#2252,#2253);
#2252 = CARTESIAN_POINT('',(0.,-90.));
#2253 = VECTOR('',#2254,1.);
#2254 = DIRECTION('',(1.,0.));
#2255 = ( GEOMETRIC_REPRESENTATION_CONTEXT(2) 
PARAMETRIC_REPRESENTATION_CONTEXT() REPRESENTATION_CONTEXT('2D SPACE',''
  ) );
#2256 = ADVANCED_FACE('',(#2257),#1604,.F.);
#2257 = FACE_BOUND('',#2258,.F.);
#2258 = EDGE_LOOP('',(#2259,#2260,#2261,#2284));
#2259 = ORIENTED_EDGE('',*,*,#1590,.F.);
#2260 = ORIENTED_EDGE('',*,*,#2135,.T.);
#2261 = ORIENTED_EDGE('',*,*,#2262,.T.);
#2262 = EDGE_CURVE('',#2136,#2263,#2265,.T.);
#2263 = VERTEX_POINT('',#2264);
#2264 = CARTESIAN_POINT('',(-341.,-45.,860.));
#2265 = SURFACE_CURVE('',#2266,(#2270,#2277),.PCURVE_S1.);
#2266 = LINE('',#2267,#2268);
#2267 = CARTESIAN_POINT('',(-346.,-45.,860.));
#2268 = VECTOR('',#2269,1.);
#2269 = DIRECTION('',(1.,0.,-0.));
#2270 = PCURVE('',#1604,#2271);
#2271 = DEFINITIONAL_REPRESENTATION('',(#2272),#2276);
#2272 = LINE('',#2273,#2274);
#2273 = CARTESIAN_POINT('',(130.,0.));
#2274 = VECTOR('',#2275,1.);
#2275 = DIRECTION('',(0.,1.));
#2276 = ( GEOMETRIC_REPRESENTATION_CONTEXT(2) 
PARAMETRIC_REPRESENTATION_CONTEXT() REPRESENTATION_CONTEXT('2D SPACE',''
  ) );
#2277 = PCURVE('',#2196,#2278);
#2278 = DEFINITIONAL_REPRESENTATION('',(#2279),#2283);
#2279 = LINE('',#2280,#2281);
#2280 = CARTESIAN_POINT('',(0.,0.));
#2281 = VECTOR('',#2282,1.);
#2282 = DIRECTION('',(1.,0.));
#2283 = ( GEOMETRIC_REPRESENTATION_CONTEXT(2) 
PARAMETRIC_REPRESENTATION_CONTEXT() REPRESENTATION_CONTEXT('2D SPACE',''
  ) );
#2284 = ORIENTED_EDGE('',*,*,#2285,.F.);
#2285 = EDGE_CURVE('',#1563,#2263,#2286,.T.);
#2286 = SURFACE_CURVE('',#2287,(#2291,#2298),.PCURVE_S1.);
#2287 = LINE('',#2288,#2289);
#2288 = CARTESIAN_POINT('',(-341.,-45.,730.));
#2289 = VECTOR('',#2290,1.);
#2290 = DIRECTION('',(0.,0.,1.));
#2291 = PCURVE('',#1604,#2292);
#2292 = DEFINITIONAL_REPRESENTATION('',(#2293),#2297);
#2293 = LINE('',#2294,#2295);
#2294 = CARTESIAN_POINT('',(0.,5.));
#2295 = VECTOR('',#2296,1.);
#2296 = DIRECTION('',(1.,0.));
#2297 = ( GEOMETRIC_REPRESENTATION_CONTEXT(2) 
PARAMETRIC_REPRESENTATION_CONTEXT() REPRESENTATION_CONTEXT('2D SPACE',''
  ) );
#2298 = PCURVE('',#1578,#2299);
#2299 = DEFINITIONAL_REPRESENTATION('',(#2300),#2304);
#2300 = LINE('',#2301,#2302);
#2301 = CARTESIAN_POINT('',(0.,0.));
#2302 = VECTOR('',#2303,1.);
#2303 = DIRECTION('',(1.,0.));
#2304 = ( GEOMETRIC_REPRESENTATION_CONTEXT(2) 
PARAMETRIC_REPRESENTATION_CONTEXT() REPRESENTATION_CONTEXT('2D SPACE',''
  ) );
#2305 = ADVANCED_FACE('',(#2306),#1578,.T.);
#2306 = FACE_BOUND('',#2307,.T.);
#2307 = EDGE_LOOP('',(#2308,#2309,#2310,#2311));
#2308 = ORIENTED_EDGE('',*,*,#2285,.F.);
#2309 = ORIENTED_EDGE('',*,*,#1562,.T.);
#2310 = ORIENTED_EDGE('',*,*,#2236,.T.);
#2311 = ORIENTED_EDGE('',*,*,#2312,.F.);
#2312 = EDGE_CURVE('',#2263,#2214,#2313,.T.);
#2313 = SURFACE_CURVE('',#2314,(#2318,#2325),.PCURVE_S1.);
#2314 = LINE('',#2315,#2316);
#2315 = CARTESIAN_POINT('',(-341.,-45.,860.));
#2316 = VECTOR('',#2317,1.);
#2317 = DIRECTION('',(-0.,1.,0.));
#2318 = PCURVE('',#1578,#2319);
#2319 = DEFINITIONAL_REPRESENTATION('',(#2320),#2324);
#2320 = LINE('',#2321,#2322);
#2321 = CARTESIAN_POINT('',(130.,0.));
#2322 = VECTOR('',#2323,1.);
#2323 = DIRECTION('',(0.,-1.));
#2324 = ( GEOMETRIC_REPRESENTATION_CONTEXT(2) 
PARAMETRIC_REPRESENTATION_CONTEXT() REPRESENTATION_CONTEXT('2D SPACE',''
  ) );
#2325 = PCURVE('',#2196,#2326);
#2326 = DEFINITIONAL_REPRESENTATION('',(#2327),#2331);
#2327 = LINE('',#2328,#2329);
#2328 = CARTESIAN_POINT('',(5.,0.));
#2329 = VECTOR('',#2330,1.);
#2330 = DIRECTION('',(0.,1.));
#2331 = ( GEOMETRIC_REPRESENTATION_CONTEXT(2) 
PARAMETRIC_REPRESENTATION_CONTEXT() REPRESENTATION_CONTEXT('2D SPACE',''
  ) );
#2332 = ADVANCED_FACE('',(#2333),#1636,.F.);
#2333 = FACE_BOUND('',#2334,.F.);
#2334 = EDGE_LOOP('',(#2335,#2358,#2359,#2382));
#2335 = ORIENTED_EDGE('',*,*,#2336,.F.);
#2336 = EDGE_CURVE('',#1619,#2337,#2339,.T.);
#2337 = VERTEX_POINT('',#2338);
#2338 = CARTESIAN_POINT('',(-422.,59.,1.055E+03));
#2339 = SURFACE_CURVE('',#2340,(#2344,#2351),.PCURVE_S1.);
#2340 = LINE('',#2341,#2342);
#2341 = CARTESIAN_POINT('',(-422.,59.,730.));
#2342 = VECTOR('',#2343,1.);
#2343 = DIRECTION('',(0.,0.,1.));
#2344 = PCURVE('',#1636,#2345);
#2345 = DEFINITIONAL_REPRESENTATION('',(#2346),#2350);
#2346 = LINE('',#2347,#2348);
#2347 = CARTESIAN_POINT('',(0.,0.));
#2348 = VECTOR('',#2349,1.);
#2349 = DIRECTION('',(1.,0.));
#2350 = ( GEOMETRIC_REPRESENTATION_CONTEXT(2) 
PARAMETRIC_REPRESENTATION_CONTEXT() REPRESENTATION_CONTEXT('2D SPACE',''
  ) );
#2351 = PCURVE('',#1718,#2352);
#2352 = DEFINITIONAL_REPRESENTATION('',(#2353),#2357);
#2353 = LINE('',#2354,#2355);
#2354 = CARTESIAN_POINT('',(0.,0.));
#2355 = VECTOR('',#2356,1.);
#2356 = DIRECTION('',(1.,0.));
#2357 = ( GEOMETRIC_REPRESENTATION_CONTEXT(2) 
PARAMETRIC_REPRESENTATION_CONTEXT() REPRESENTATION_CONTEXT('2D SPACE',''
  ) );
#2358 = ORIENTED_EDGE('',*,*,#1618,.T.);
#2359 = ORIENTED_EDGE('',*,*,#2360,.T.);
#2360 = EDGE_CURVE('',#1621,#2361,#2363,.T.);
#2361 = VERTEX_POINT('',#2362);
#2362 = CARTESIAN_POINT('',(-422.,65.,1.055E+03));
#2363 = SURFACE_CURVE('',#2364,(#2368,#2375),.PCURVE_S1.);
#2364 = LINE('',#2365,#2366);
#2365 = CARTESIAN_POINT('',(-422.,65.,730.));
#2366 = VECTOR('',#2367,1.);
#2367 = DIRECTION('',(0.,0.,1.));
#2368 = PCURVE('',#1636,#2369);
#2369 = DEFINITIONAL_REPRESENTATION('',(#2370),#2374);
#2370 = LINE('',#2371,#2372);
#2371 = CARTESIAN_POINT('',(0.,-6.));
#2372 = VECTOR('',#2373,1.);
#2373 = DIRECTION('',(1.,0.));
#2374 = ( GEOMETRIC_REPRESENTATION_CONTEXT(2) 
PARAMETRIC_REPRESENTATION_CONTEXT() REPRESENTATION_CONTEXT('2D SPACE',''
  ) );
#2375 = PCURVE('',#1664,#2376);
#2376 = DEFINITIONAL_REPRESENTATION('',(#2377),#2381);
#2377 = LINE('',#2378,#2379);
#2378 = CARTESIAN_POINT('',(0.,0.));
#2379 = VECTOR('',#2380,1.);
#2380 = DIRECTION('',(1.,0.));
#2381 = ( GEOMETRIC_REPRESENTATION_CONTEXT(2) 
PARAMETRIC_REPRESENTATION_CONTEXT() REPRESENTATION_CONTEXT('2D SPACE',''
  ) );
#2382 = ORIENTED_EDGE('',*,*,#2383,.F.);
#2383 = EDGE_CURVE('',#2337,#2361,#2384,.T.);
#2384 = SURFACE_CURVE('',#2385,(#2389,#2396),.PCURVE_S1.);
#2385 = LINE('',#2386,#2387);
#2386 = CARTESIAN_POINT('',(-422.,59.,1.055E+03));
#2387 = VECTOR('',#2388,1.);
#2388 = DIRECTION('',(-0.,1.,0.));
#2389 = PCURVE('',#1636,#2390);
#2390 = DEFINITIONAL_REPRESENTATION('',(#2391),#2395);
#2391 = LINE('',#2392,#2393);
#2392 = CARTESIAN_POINT('',(325.,0.));
#2393 = VECTOR('',#2394,1.);
#2394 = DIRECTION('',(0.,-1.));
#2395 = ( GEOMETRIC_REPRESENTATION_CONTEXT(2) 
PARAMETRIC_REPRESENTATION_CONTEXT() REPRESENTATION_CONTEXT('2D SPACE',''
  ) );
#2396 = PCURVE('',#2397,#2402);
#2397 = PLANE('',#2398);
#2398 = AXIS2_PLACEMENT_3D('',#2399,#2400,#2401);
#2399 = CARTESIAN_POINT('',(-422.,59.,1.055E+03));
#2400 = DIRECTION('',(0.,0.,1.));
#2401 = DIRECTION('',(1.,0.,-0.));
#2402 = DEFINITIONAL_REPRESENTATION('',(#2403),#2407);
#2403 = LINE('',#2404,#2405);
#2404 = CARTESIAN_POINT('',(0.,0.));
#2405 = VECTOR('',#2406,1.);
#2406 = DIRECTION('',(0.,1.));
#2407 = ( GEOMETRIC_REPRESENTATION_CONTEXT(2) 
PARAMETRIC_REPRESENTATION_CONTEXT() REPRESENTATION_CONTEXT('2D SPACE',''
  ) );
#2408 = ADVANCED_FACE('',(#2409,#2457),#1718,.F.);
#2409 = FACE_BOUND('',#2410,.F.);
#2410 = EDGE_LOOP('',(#2411,#2412,#2413,#2436));
#2411 = ORIENTED_EDGE('',*,*,#1704,.F.);
#2412 = ORIENTED_EDGE('',*,*,#2336,.T.);
#2413 = ORIENTED_EDGE('',*,*,#2414,.T.);
#2414 = EDGE_CURVE('',#2337,#2415,#2417,.T.);
#2415 = VERTEX_POINT('',#2416);
#2416 = CARTESIAN_POINT('',(-362.,59.,1.055E+03));
#2417 = SURFACE_CURVE('',#2418,(#2422,#2429),.PCURVE_S1.);
#2418 = LINE('',#2419,#2420);
#2419 = CARTESIAN_POINT('',(-422.,59.,1.055E+03));
#2420 = VECTOR('',#2421,1.);
#2421 = DIRECTION('',(1.,0.,-0.));
#2422 = PCURVE('',#1718,#2423);
#2423 = DEFINITIONAL_REPRESENTATION('',(#2424),#2428);
#2424 = LINE('',#2425,#2426);
#2425 = CARTESIAN_POINT('',(325.,0.));
#2426 = VECTOR('',#2427,1.);
#2427 = DIRECTION('',(0.,1.));
#2428 = ( GEOMETRIC_REPRESENTATION_CONTEXT(2) 
PARAMETRIC_REPRESENTATION_CONTEXT() REPRESENTATION_CONTEXT('2D SPACE',''
  ) );
#2429 = PCURVE('',#2397,#2430);
#2430 = DEFINITIONAL_REPRESENTATION('',(#2431),#2435);
#2431 = LINE('',#2432,#2433);
#2432 = CARTESIAN_POINT('',(0.,0.));
#2433 = VECTOR('',#2434,1.);
#2434 = DIRECTION('',(1.,0.));
#2435 = ( GEOMETRIC_REPRESENTATION_CONTEXT(2) 
PARAMETRIC_REPRESENTATION_CONTEXT() REPRESENTATION_CONTEXT('2D SPACE',''
  ) );
#2436 = ORIENTED_EDGE('',*,*,#2437,.F.);
#2437 = EDGE_CURVE('',#1677,#2415,#2438,.T.);
#2438 = SURFACE_CURVE('',#2439,(#2443,#2450),.PCURVE_S1.);
#2439 = LINE('',#2440,#2441);
#2440 = CARTESIAN_POINT('',(-362.,59.,730.));
#2441 = VECTOR('',#2442,1.);
#2442 = DIRECTION('',(0.,0.,1.));
#2443 = PCURVE('',#1718,#2444);
#2444 = DEFINITIONAL_REPRESENTATION('',(#2445),#2449);
#2445 = LINE('',#2446,#2447);
#2446 = CARTESIAN_POINT('',(0.,60.));
#2447 = VECTOR('',#2448,1.);
#2448 = DIRECTION('',(1.,0.));
#2449 = ( GEOMETRIC_REPRESENTATION_CONTEXT(2) 
PARAMETRIC_REPRESENTATION_CONTEXT() REPRESENTATION_CONTEXT('2D SPACE',''
  ) );
#2450 = PCURVE('',#1692,#2451);
#2451 = DEFINITIONAL_REPRESENTATION('',(#2452),#2456);
#2452 = LINE('',#2453,#2454);
#2453 = CARTESIAN_POINT('',(0.,0.));
#2454 = VECTOR('',#2455,1.);
#2455 = DIRECTION('',(1.,0.));
#2456 = ( GEOMETRIC_REPRESENTATION_CONTEXT(2) 
PARAMETRIC_REPRESENTATION_CONTEXT() REPRESENTATION_CONTEXT('2D SPACE',''
  ) );
#2457 = FACE_BOUND('',#2458,.F.);
#2458 = EDGE_LOOP('',(#2459,#2489,#2517,#2545));
#2459 = ORIENTED_EDGE('',*,*,#2460,.F.);
#2460 = EDGE_CURVE('',#2461,#2463,#2465,.T.);
#2461 = VERTEX_POINT('',#2462);
#2462 = CARTESIAN_POINT('',(-417.,59.,1.046E+03));
#2463 = VERTEX_POINT('',#2464);
#2464 = CARTESIAN_POINT('',(-367.,59.,1.046E+03));
#2465 = SURFACE_CURVE('',#2466,(#2470,#2477),.PCURVE_S1.);
#2466 = LINE('',#2467,#2468);
#2467 = CARTESIAN_POINT('',(-417.,59.,1.046E+03));
#2468 = VECTOR('',#2469,1.);
#2469 = DIRECTION('',(1.,0.,-0.));
#2470 = PCURVE('',#1718,#2471);
#2471 = DEFINITIONAL_REPRESENTATION('',(#2472),#2476);
#2472 = LINE('',#2473,#2474);
#2473 = CARTESIAN_POINT('',(316.,5.));
#2474 = VECTOR('',#2475,1.);
#2475 = DIRECTION('',(0.,1.));
#2476 = ( GEOMETRIC_REPRESENTATION_CONTEXT(2) 
PARAMETRIC_REPRESENTATION_CONTEXT() REPRESENTATION_CONTEXT('2D SPACE',''
  ) );
#2477 = PCURVE('',#2478,#2483);
#2478 = PLANE('',#2479);
#2479 = AXIS2_PLACEMENT_3D('',#2480,#2481,#2482);
#2480 = CARTESIAN_POINT('',(-417.,51.,1.046E+03));
#2481 = DIRECTION('',(0.,0.,1.));
#2482 = DIRECTION('',(1.,0.,-0.));
#2483 = DEFINITIONAL_REPRESENTATION('',(#2484),#2488);
#2484 = LINE('',#2485,#2486);
#2485 = CARTESIAN_POINT('',(0.,8.));
#2486 = VECTOR('',#2487,1.);
#2487 = DIRECTION('',(1.,0.));
#2488 = ( GEOMETRIC_REPRESENTATION_CONTEXT(2) 
PARAMETRIC_REPRESENTATION_CONTEXT() REPRESENTATION_CONTEXT('2D SPACE',''
  ) );
#2489 = ORIENTED_EDGE('',*,*,#2490,.F.);
#2490 = EDGE_CURVE('',#2491,#2461,#2493,.T.);
#2491 = VERTEX_POINT('',#2492);
#2492 = CARTESIAN_POINT('',(-417.,59.,1.038E+03));
#2493 = SURFACE_CURVE('',#2494,(#2498,#2505),.PCURVE_S1.);
#2494 = LINE('',#2495,#2496);
#2495 = CARTESIAN_POINT('',(-417.,59.,1.038E+03));
#2496 = VECTOR('',#2497,1.);
#2497 = DIRECTION('',(0.,0.,1.));
#2498 = PCURVE('',#1718,#2499);
#2499 = DEFINITIONAL_REPRESENTATION('',(#2500),#2504);
#2500 = LINE('',#2501,#2502);
#2501 = CARTESIAN_POINT('',(308.,5.));
#2502 = VECTOR('',#2503,1.);
#2503 = DIRECTION('',(1.,0.));
#2504 = ( GEOMETRIC_REPRESENTATION_CONTEXT(2) 
PARAMETRIC_REPRESENTATION_CONTEXT() REPRESENTATION_CONTEXT('2D SPACE',''
  ) );
#2505 = PCURVE('',#2506,#2511);
#2506 = PLANE('',#2507);
#2507 = AXIS2_PLACEMENT_3D('',#2508,#2509,#2510);
#2508 = CARTESIAN_POINT('',(-417.,51.,1.038E+03));
#2509 = DIRECTION('',(1.,0.,-0.));
#2510 = DIRECTION('',(0.,0.,1.));
#2511 = DEFINITIONAL_REPRESENTATION('',(#2512),#2516);
#2512 = LINE('',#2513,#2514);
#2513 = CARTESIAN_POINT('',(0.,-8.));
#2514 = VECTOR('',#2515,1.);
#2515 = DIRECTION('',(1.,0.));
#2516 = ( GEOMETRIC_REPRESENTATION_CONTEXT(2) 
PARAMETRIC_REPRESENTATION_CONTEXT() REPRESENTATION_CONTEXT('2D SPACE',''
  ) );
#2517 = ORIENTED_EDGE('',*,*,#2518,.T.);
#2518 = EDGE_CURVE('',#2491,#2519,#2521,.T.);
#2519 = VERTEX_POINT('',#2520);
#2520 = CARTESIAN_POINT('',(-367.,59.,1.038E+03));
#2521 = SURFACE_CURVE('',#2522,(#2526,#2533),.PCURVE_S1.);
#2522 = LINE('',#2523,#2524);
#2523 = CARTESIAN_POINT('',(-417.,59.,1.038E+03));
#2524 = VECTOR('',#2525,1.);
#2525 = DIRECTION('',(1.,0.,-0.));
#2526 = PCURVE('',#1718,#2527);
#2527 = DEFINITIONAL_REPRESENTATION('',(#2528),#2532);
#2528 = LINE('',#2529,#2530);
#2529 = CARTESIAN_POINT('',(308.,5.));
#2530 = VECTOR('',#2531,1.);
#2531 = DIRECTION('',(0.,1.));
#2532 = ( GEOMETRIC_REPRESENTATION_CONTEXT(2) 
PARAMETRIC_REPRESENTATION_CONTEXT() REPRESENTATION_CONTEXT('2D SPACE',''
  ) );
#2533 = PCURVE('',#2534,#2539);
#2534 = PLANE('',#2535);
#2535 = AXIS2_PLACEMENT_3D('',#2536,#2537,#2538);
#2536 = CARTESIAN_POINT('',(-417.,51.,1.038E+03));
#2537 = DIRECTION('',(0.,0.,1.));
#2538 = DIRECTION('',(1.,0.,-0.));
#2539 = DEFINITIONAL_REPRESENTATION('',(#2540),#2544);
#2540 = LINE('',#2541,#2542);
#2541 = CARTESIAN_POINT('',(0.,8.));
#2542 = VECTOR('',#2543,1.);
#2543 = DIRECTION('',(1.,0.));
#2544 = ( GEOMETRIC_REPRESENTATION_CONTEXT(2) 
PARAMETRIC_REPRESENTATION_CONTEXT() REPRESENTATION_CONTEXT('2D SPACE',''
  ) );
#2545 = ORIENTED_EDGE('',*,*,#2546,.T.);
#2546 = EDGE_CURVE('',#2519,#2463,#2547,.T.);
#2547 = SURFACE_CURVE('',#2548,(#2552,#2559),.PCURVE_S1.);
#2548 = LINE('',#2549,#2550);
#2549 = CARTESIAN_POINT('',(-367.,59.,1.038E+03));
#2550 = VECTOR('',#2551,1.);
#2551 = DIRECTION('',(0.,0.,1.));
#2552 = PCURVE('',#1718,#2553);
#2553 = DEFINITIONAL_REPRESENTATION('',(#2554),#2558);
#2554 = LINE('',#2555,#2556);
#2555 = CARTESIAN_POINT('',(308.,55.));
#2556 = VECTOR('',#2557,1.);
#2557 = DIRECTION('',(1.,0.));
#2558 = ( GEOMETRIC_REPRESENTATION_CONTEXT(2) 
PARAMETRIC_REPRESENTATION_CONTEXT() REPRESENTATION_CONTEXT('2D SPACE',''
  ) );
#2559 = PCURVE('',#2560,#2565);
#2560 = PLANE('',#2561);
#2561 = AXIS2_PLACEMENT_3D('',#2562,#2563,#2564);
#2562 = CARTESIAN_POINT('',(-367.,51.,1.038E+03));
#2563 = DIRECTION('',(1.,0.,-0.));
#2564 = DIRECTION('',(0.,0.,1.));
#2565 = DEFINITIONAL_REPRESENTATION('',(#2566),#2570);
#2566 = LINE('',#2567,#2568);
#2567 = CARTESIAN_POINT('',(0.,-8.));
#2568 = VECTOR('',#2569,1.);
#2569 = DIRECTION('',(1.,0.));
#2570 = ( GEOMETRIC_REPRESENTATION_CONTEXT(2) 
PARAMETRIC_REPRESENTATION_CONTEXT() REPRESENTATION_CONTEXT('2D SPACE',''
  ) );
#2571 = ADVANCED_FACE('',(#2572),#1692,.T.);
#2572 = FACE_BOUND('',#2573,.T.);
#2573 = EDGE_LOOP('',(#2574,#2575,#2576,#2599));
#2574 = ORIENTED_EDGE('',*,*,#2437,.F.);
#2575 = ORIENTED_EDGE('',*,*,#1676,.T.);
#2576 = ORIENTED_EDGE('',*,*,#2577,.T.);
#2577 = EDGE_CURVE('',#1649,#2578,#2580,.T.);
#2578 = VERTEX_POINT('',#2579);
#2579 = CARTESIAN_POINT('',(-362.,65.,1.055E+03));
#2580 = SURFACE_CURVE('',#2581,(#2585,#2592),.PCURVE_S1.);
#2581 = LINE('',#2582,#2583);
#2582 = CARTESIAN_POINT('',(-362.,65.,730.));
#2583 = VECTOR('',#2584,1.);
#2584 = DIRECTION('',(0.,0.,1.));
#2585 = PCURVE('',#1692,#2586);
#2586 = DEFINITIONAL_REPRESENTATION('',(#2587),#2591);
#2587 = LINE('',#2588,#2589);
#2588 = CARTESIAN_POINT('',(0.,-6.));
#2589 = VECTOR('',#2590,1.);
#2590 = DIRECTION('',(1.,0.));
#2591 = ( GEOMETRIC_REPRESENTATION_CONTEXT(2) 
PARAMETRIC_REPRESENTATION_CONTEXT() REPRESENTATION_CONTEXT('2D SPACE',''
  ) );
#2592 = PCURVE('',#1664,#2593);
#2593 = DEFINITIONAL_REPRESENTATION('',(#2594),#2598);
#2594 = LINE('',#2595,#2596);
#2595 = CARTESIAN_POINT('',(0.,60.));
#2596 = VECTOR('',#2597,1.);
#2597 = DIRECTION('',(1.,0.));
#2598 = ( GEOMETRIC_REPRESENTATION_CONTEXT(2) 
PARAMETRIC_REPRESENTATION_CONTEXT() REPRESENTATION_CONTEXT('2D SPACE',''
  ) );
#2599 = ORIENTED_EDGE('',*,*,#2600,.F.);
#2600 = EDGE_CURVE('',#2415,#2578,#2601,.T.);
#2601 = SURFACE_CURVE('',#2602,(#2606,#2613),.PCURVE_S1.);
#2602 = LINE('',#2603,#2604);
#2603 = CARTESIAN_POINT('',(-362.,59.,1.055E+03));
#2604 = VECTOR('',#2605,1.);
#2605 = DIRECTION('',(-0.,1.,0.));
#2606 = PCURVE('',#1692,#2607);
#2607 = DEFINITIONAL_REPRESENTATION('',(#2608),#2612);
#2608 = LINE('',#2609,#2610);
#2609 = CARTESIAN_POINT('',(325.,0.));
#2610 = VECTOR('',#2611,1.);
#2611 = DIRECTION('',(0.,-1.));
#2612 = ( GEOMETRIC_REPRESENTATION_CONTEXT(2) 
PARAMETRIC_REPRESENTATION_CONTEXT() REPRESENTATION_CONTEXT('2D SPACE',''
  ) );
#2613 = PCURVE('',#2397,#2614);
#2614 = DEFINITIONAL_REPRESENTATION('',(#2615),#2619);
#2615 = LINE('',#2616,#2617);
#2616 = CARTESIAN_POINT('',(60.,0.));
#2617 = VECTOR('',#2618,1.);
#2618 = DIRECTION('',(0.,1.));
#2619 = ( GEOMETRIC_REPRESENTATION_CONTEXT(2) 
PARAMETRIC_REPRESENTATION_CONTEXT() REPRESENTATION_CONTEXT('2D SPACE',''
  ) );
#2620 = ADVANCED_FACE('',(#2621),#1664,.T.);
#2621 = FACE_BOUND('',#2622,.T.);
#2622 = EDGE_LOOP('',(#2623,#2624,#2625,#2646));
#2623 = ORIENTED_EDGE('',*,*,#1648,.F.);
#2624 = ORIENTED_EDGE('',*,*,#2360,.T.);
#2625 = ORIENTED_EDGE('',*,*,#2626,.T.);
#2626 = EDGE_CURVE('',#2361,#2578,#2627,.T.);
#2627 = SURFACE_CURVE('',#2628,(#2632,#2639),.PCURVE_S1.);
#2628 = LINE('',#2629,#2630);
#2629 = CARTESIAN_POINT('',(-422.,65.,1.055E+03));
#2630 = VECTOR('',#2631,1.);
#2631 = DIRECTION('',(1.,0.,-0.));
#2632 = PCURVE('',#1664,#2633);
#2633 = DEFINITIONAL_REPRESENTATION('',(#2634),#2638);
#2634 = LINE('',#2635,#2636);
#2635 = CARTESIAN_POINT('',(325.,0.));
#2636 = VECTOR('',#2637,1.);
#2637 = DIRECTION('',(0.,1.));
#2638 = ( GEOMETRIC_REPRESENTATION_CONTEXT(2) 
PARAMETRIC_REPRESENTATION_CONTEXT() REPRESENTATION_CONTEXT('2D SPACE',''
  ) );
#2639 = PCURVE('',#2397,#2640);
#2640 = DEFINITIONAL_REPRESENTATION('',(#2641),#2645);
#2641 = LINE('',#2642,#2643);
#2642 = CARTESIAN_POINT('',(0.,6.));
#2643 = VECTOR('',#2644,1.);
#2644 = DIRECTION('',(1.,0.));
#2645 = ( GEOMETRIC_REPRESENTATION_CONTEXT(2) 
PARAMETRIC_REPRESENTATION_CONTEXT() REPRESENTATION_CONTEXT('2D SPACE',''
  ) );
#2646 = ORIENTED_EDGE('',*,*,#2577,.F.);
#2647 = ADVANCED_FACE('',(#2648),#1794,.T.);
#2648 = FACE_BOUND('',#2649,.T.);
#2649 = EDGE_LOOP('',(#2650,#2651,#2652,#2653));
#2650 = ORIENTED_EDGE('',*,*,#1780,.F.);
#2651 = ORIENTED_EDGE('',*,*,#1860,.T.);
#2652 = ORIENTED_EDGE('',*,*,#1910,.T.);
#2653 = ORIENTED_EDGE('',*,*,#1811,.F.);
#2654 = ADVANCED_FACE('',(#2655),#1973,.T.);
#2655 = FACE_BOUND('',#2656,.T.);
#2656 = EDGE_LOOP('',(#2657,#2658,#2659,#2660));
#2657 = ORIENTED_EDGE('',*,*,#2060,.F.);
#2658 = ORIENTED_EDGE('',*,*,#1957,.T.);
#2659 = ORIENTED_EDGE('',*,*,#2011,.T.);
#2660 = ORIENTED_EDGE('',*,*,#2109,.F.);
#2661 = ADVANCED_FACE('',(#2662),#2196,.T.);
#2662 = FACE_BOUND('',#2663,.T.);
#2663 = EDGE_LOOP('',(#2664,#2665,#2666,#2667));
#2664 = ORIENTED_EDGE('',*,*,#2182,.F.);
#2665 = ORIENTED_EDGE('',*,*,#2262,.T.);
#2666 = ORIENTED_EDGE('',*,*,#2312,.T.);
#2667 = ORIENTED_EDGE('',*,*,#2213,.F.);
#2668 = ADVANCED_FACE('',(#2669),#2397,.T.);
#2669 = FACE_BOUND('',#2670,.T.);
#2670 = EDGE_LOOP('',(#2671,#2672,#2673,#2674));
#2671 = ORIENTED_EDGE('',*,*,#2383,.F.);
#2672 = ORIENTED_EDGE('',*,*,#2414,.T.);
#2673 = ORIENTED_EDGE('',*,*,#2600,.T.);
#2674 = ORIENTED_EDGE('',*,*,#2626,.F.);
#2675 = ADVANCED_FACE('',(#2676),#2478,.T.);
#2676 = FACE_BOUND('',#2677,.T.);
#2677 = EDGE_LOOP('',(#2678,#2701,#2729,#2750));
#2678 = ORIENTED_EDGE('',*,*,#2679,.F.);
#2679 = EDGE_CURVE('',#2680,#2461,#2682,.T.);
#2680 = VERTEX_POINT('',#2681);
#2681 = CARTESIAN_POINT('',(-417.,51.,1.046E+03));
#2682 = SURFACE_CURVE('',#2683,(#2687,#2694),.PCURVE_S1.);
#2683 = LINE('',#2684,#2685);
#2684 = CARTESIAN_POINT('',(-417.,51.,1.046E+03));
#2685 = VECTOR('',#2686,1.);
#2686 = DIRECTION('',(-0.,1.,0.));
#2687 = PCURVE('',#2478,#2688);
#2688 = DEFINITIONAL_REPRESENTATION('',(#2689),#2693);
#2689 = LINE('',#2690,#2691);
#2690 = CARTESIAN_POINT('',(0.,0.));
#2691 = VECTOR('',#2692,1.);
#2692 = DIRECTION('',(0.,1.));
#2693 = ( GEOMETRIC_REPRESENTATION_CONTEXT(2) 
PARAMETRIC_REPRESENTATION_CONTEXT() REPRESENTATION_CONTEXT('2D SPACE',''
  ) );
#2694 = PCURVE('',#2506,#2695);
#2695 = DEFINITIONAL_REPRESENTATION('',(#2696),#2700);
#2696 = LINE('',#2697,#2698);
#2697 = CARTESIAN_POINT('',(8.,0.));
#2698 = VECTOR('',#2699,1.);
#2699 = DIRECTION('',(0.,-1.));
#2700 = ( GEOMETRIC_REPRESENTATION_CONTEXT(2) 
PARAMETRIC_REPRESENTATION_CONTEXT() REPRESENTATION_CONTEXT('2D SPACE',''
  ) );
#2701 = ORIENTED_EDGE('',*,*,#2702,.T.);
#2702 = EDGE_CURVE('',#2680,#2703,#2705,.T.);
#2703 = VERTEX_POINT('',#2704);
#2704 = CARTESIAN_POINT('',(-367.,51.,1.046E+03));
#2705 = SURFACE_CURVE('',#2706,(#2710,#2717),.PCURVE_S1.);
#2706 = LINE('',#2707,#2708);
#2707 = CARTESIAN_POINT('',(-417.,51.,1.046E+03));
#2708 = VECTOR('',#2709,1.);
#2709 = DIRECTION('',(1.,0.,-0.));
#2710 = PCURVE('',#2478,#2711);
#2711 = DEFINITIONAL_REPRESENTATION('',(#2712),#2716);
#2712 = LINE('',#2713,#2714);
#2713 = CARTESIAN_POINT('',(0.,0.));
#2714 = VECTOR('',#2715,1.);
#2715 = DIRECTION('',(1.,0.));
#2716 = ( GEOMETRIC_REPRESENTATION_CONTEXT(2) 
PARAMETRIC_REPRESENTATION_CONTEXT() REPRESENTATION_CONTEXT('2D SPACE',''
  ) );
#2717 = PCURVE('',#2718,#2723);
#2718 = PLANE('',#2719);
#2719 = AXIS2_PLACEMENT_3D('',#2720,#2721,#2722);
#2720 = CARTESIAN_POINT('',(-417.,51.,1.038E+03));
#2721 = DIRECTION('',(-0.,1.,0.));
#2722 = DIRECTION('',(0.,0.,1.));
#2723 = DEFINITIONAL_REPRESENTATION('',(#2724),#2728);
#2724 = LINE('',#2725,#2726);
#2725 = CARTESIAN_POINT('',(8.,0.));
#2726 = VECTOR('',#2727,1.);
#2727 = DIRECTION('',(0.,1.));
#2728 = ( GEOMETRIC_REPRESENTATION_CONTEXT(2) 
PARAMETRIC_REPRESENTATION_CONTEXT() REPRESENTATION_CONTEXT('2D SPACE',''
  ) );
#2729 = ORIENTED_EDGE('',*,*,#2730,.T.);
#2730 = EDGE_CURVE('',#2703,#2463,#2731,.T.);
#2731 = SURFACE_CURVE('',#2732,(#2736,#2743),.PCURVE_S1.);
#2732 = LINE('',#2733,#2734);
#2733 = CARTESIAN_POINT('',(-367.,51.,1.046E+03));
#2734 = VECTOR('',#2735,1.);
#2735 = DIRECTION('',(-0.,1.,0.));
#2736 = PCURVE('',#2478,#2737);
#2737 = DEFINITIONAL_REPRESENTATION('',(#2738),#2742);
#2738 = LINE('',#2739,#2740);
#2739 = CARTESIAN_POINT('',(50.,0.));
#2740 = VECTOR('',#2741,1.);
#2741 = DIRECTION('',(0.,1.));
#2742 = ( GEOMETRIC_REPRESENTATION_CONTEXT(2) 
PARAMETRIC_REPRESENTATION_CONTEXT() REPRESENTATION_CONTEXT('2D SPACE',''
  ) );
#2743 = PCURVE('',#2560,#2744);
#2744 = DEFINITIONAL_REPRESENTATION('',(#2745),#2749);
#2745 = LINE('',#2746,#2747);
#2746 = CARTESIAN_POINT('',(8.,0.));
#2747 = VECTOR('',#2748,1.);
#2748 = DIRECTION('',(0.,-1.));
#2749 = ( GEOMETRIC_REPRESENTATION_CONTEXT(2) 
PARAMETRIC_REPRESENTATION_CONTEXT() REPRESENTATION_CONTEXT('2D SPACE',''
  ) );
#2750 = ORIENTED_EDGE('',*,*,#2460,.F.);
#2751 = ADVANCED_FACE('',(#2752),#2560,.T.);
#2752 = FACE_BOUND('',#2753,.T.);
#2753 = EDGE_LOOP('',(#2754,#2777,#2798,#2799));
#2754 = ORIENTED_EDGE('',*,*,#2755,.F.);
#2755 = EDGE_CURVE('',#2756,#2703,#2758,.T.);
#2756 = VERTEX_POINT('',#2757);
#2757 = CARTESIAN_POINT('',(-367.,51.,1.038E+03));
#2758 = SURFACE_CURVE('',#2759,(#2763,#2770),.PCURVE_S1.);
#2759 = LINE('',#2760,#2761);
#2760 = CARTESIAN_POINT('',(-367.,51.,1.038E+03));
#2761 = VECTOR('',#2762,1.);
#2762 = DIRECTION('',(0.,0.,1.));
#2763 = PCURVE('',#2560,#2764);
#2764 = DEFINITIONAL_REPRESENTATION('',(#2765),#2769);
#2765 = LINE('',#2766,#2767);
#2766 = CARTESIAN_POINT('',(0.,0.));
#2767 = VECTOR('',#2768,1.);
#2768 = DIRECTION('',(1.,0.));
#2769 = ( GEOMETRIC_REPRESENTATION_CONTEXT(2) 
PARAMETRIC_REPRESENTATION_CONTEXT() REPRESENTATION_CONTEXT('2D SPACE',''
  ) );
#2770 = PCURVE('',#2718,#2771);
#2771 = DEFINITIONAL_REPRESENTATION('',(#2772),#2776);
#2772 = LINE('',#2773,#2774);
#2773 = CARTESIAN_POINT('',(0.,50.));
#2774 = VECTOR('',#2775,1.);
#2775 = DIRECTION('',(1.,0.));
#2776 = ( GEOMETRIC_REPRESENTATION_CONTEXT(2) 
PARAMETRIC_REPRESENTATION_CONTEXT() REPRESENTATION_CONTEXT('2D SPACE',''
  ) );
#2777 = ORIENTED_EDGE('',*,*,#2778,.T.);
#2778 = EDGE_CURVE('',#2756,#2519,#2779,.T.);
#2779 = SURFACE_CURVE('',#2780,(#2784,#2791),.PCURVE_S1.);
#2780 = LINE('',#2781,#2782);
#2781 = CARTESIAN_POINT('',(-367.,51.,1.038E+03));
#2782 = VECTOR('',#2783,1.);
#2783 = DIRECTION('',(-0.,1.,0.));
#2784 = PCURVE('',#2560,#2785);
#2785 = DEFINITIONAL_REPRESENTATION('',(#2786),#2790);
#2786 = LINE('',#2787,#2788);
#2787 = CARTESIAN_POINT('',(0.,0.));
#2788 = VECTOR('',#2789,1.);
#2789 = DIRECTION('',(0.,-1.));
#2790 = ( GEOMETRIC_REPRESENTATION_CONTEXT(2) 
PARAMETRIC_REPRESENTATION_CONTEXT() REPRESENTATION_CONTEXT('2D SPACE',''
  ) );
#2791 = PCURVE('',#2534,#2792);
#2792 = DEFINITIONAL_REPRESENTATION('',(#2793),#2797);
#2793 = LINE('',#2794,#2795);
#2794 = CARTESIAN_POINT('',(50.,0.));
#2795 = VECTOR('',#2796,1.);
#2796 = DIRECTION('',(0.,1.));
#2797 = ( GEOMETRIC_REPRESENTATION_CONTEXT(2) 
PARAMETRIC_REPRESENTATION_CONTEXT() REPRESENTATION_CONTEXT('2D SPACE',''
  ) );
#2798 = ORIENTED_EDGE('',*,*,#2546,.T.);
#2799 = ORIENTED_EDGE('',*,*,#2730,.F.);
#2800 = ADVANCED_FACE('',(#2801),#2534,.F.);
#2801 = FACE_BOUND('',#2802,.F.);
#2802 = EDGE_LOOP('',(#2803,#2826,#2847,#2848));
#2803 = ORIENTED_EDGE('',*,*,#2804,.F.);
#2804 = EDGE_CURVE('',#2805,#2491,#2807,.T.);
#2805 = VERTEX_POINT('',#2806);
#2806 = CARTESIAN_POINT('',(-417.,51.,1.038E+03));
#2807 = SURFACE_CURVE('',#2808,(#2812,#2819),.PCURVE_S1.);
#2808 = LINE('',#2809,#2810);
#2809 = CARTESIAN_POINT('',(-417.,51.,1.038E+03));
#2810 = VECTOR('',#2811,1.);
#2811 = DIRECTION('',(-0.,1.,0.));
#2812 = PCURVE('',#2534,#2813);
#2813 = DEFINITIONAL_REPRESENTATION('',(#2814),#2818);
#2814 = LINE('',#2815,#2816);
#2815 = CARTESIAN_POINT('',(0.,0.));
#2816 = VECTOR('',#2817,1.);
#2817 = DIRECTION('',(0.,1.));
#2818 = ( GEOMETRIC_REPRESENTATION_CONTEXT(2) 
PARAMETRIC_REPRESENTATION_CONTEXT() REPRESENTATION_CONTEXT('2D SPACE',''
  ) );
#2819 = PCURVE('',#2506,#2820);
#2820 = DEFINITIONAL_REPRESENTATION('',(#2821),#2825);
#2821 = LINE('',#2822,#2823);
#2822 = CARTESIAN_POINT('',(0.,0.));
#2823 = VECTOR('',#2824,1.);
#2824 = DIRECTION('',(0.,-1.));
#2825 = ( GEOMETRIC_REPRESENTATION_CONTEXT(2) 
PARAMETRIC_REPRESENTATION_CONTEXT() REPRESENTATION_CONTEXT('2D SPACE',''
  ) );
#2826 = ORIENTED_EDGE('',*,*,#2827,.T.);
#2827 = EDGE_CURVE('',#2805,#2756,#2828,.T.);
#2828 = SURFACE_CURVE('',#2829,(#2833,#2840),.PCURVE_S1.);
#2829 = LINE('',#2830,#2831);
#2830 = CARTESIAN_POINT('',(-417.,51.,1.038E+03));
#2831 = VECTOR('',#2832,1.);
#2832 = DIRECTION('',(1.,0.,-0.));
#2833 = PCURVE('',#2534,#2834);
#2834 = DEFINITIONAL_REPRESENTATION('',(#2835),#2839);
#2835 = LINE('',#2836,#2837);
#2836 = CARTESIAN_POINT('',(0.,0.));
#2837 = VECTOR('',#2838,1.);
#2838 = DIRECTION('',(1.,0.));
#2839 = ( GEOMETRIC_REPRESENTATION_CONTEXT(2) 
PARAMETRIC_REPRESENTATION_CONTEXT() REPRESENTATION_CONTEXT('2D SPACE',''
  ) );
#2840 = PCURVE('',#2718,#2841);
#2841 = DEFINITIONAL_REPRESENTATION('',(#2842),#2846);
#2842 = LINE('',#2843,#2844);
#2843 = CARTESIAN_POINT('',(0.,0.));
#2844 = VECTOR('',#2845,1.);
#2845 = DIRECTION('',(0.,1.));
#2846 = ( GEOMETRIC_REPRESENTATION_CONTEXT(2) 
PARAMETRIC_REPRESENTATION_CONTEXT() REPRESENTATION_CONTEXT('2D SPACE',''
  ) );
#2847 = ORIENTED_EDGE('',*,*,#2778,.T.);
#2848 = ORIENTED_EDGE('',*,*,#2518,.F.);
#2849 = ADVANCED_FACE('',(#2850),#2506,.F.);
#2850 = FACE_BOUND('',#2851,.F.);
#2851 = EDGE_LOOP('',(#2852,#2873,#2874,#2875));
#2852 = ORIENTED_EDGE('',*,*,#2853,.F.);
#2853 = EDGE_CURVE('',#2805,#2680,#2854,.T.);
#2854 = SURFACE_CURVE('',#2855,(#2859,#2866),.PCURVE_S1.);
#2855 = LINE('',#2856,#2857);
#2856 = CARTESIAN_POINT('',(-417.,51.,1.038E+03));
#2857 = VECTOR('',#2858,1.);
#2858 = DIRECTION('',(0.,0.,1.));
#2859 = PCURVE('',#2506,#2860);
#2860 = DEFINITIONAL_REPRESENTATION('',(#2861),#2865);
#2861 = LINE('',#2862,#2863);
#2862 = CARTESIAN_POINT('',(0.,0.));
#2863 = VECTOR('',#2864,1.);
#2864 = DIRECTION('',(1.,0.));
#2865 = ( GEOMETRIC_REPRESENTATION_CONTEXT(2) 
PARAMETRIC_REPRESENTATION_CONTEXT() REPRESENTATION_CONTEXT('2D SPACE',''
  ) );
#2866 = PCURVE('',#2718,#2867);
#2867 = DEFINITIONAL_REPRESENTATION('',(#2868),#2872);
#2868 = LINE('',#2869,#2870);
#2869 = CARTESIAN_POINT('',(0.,0.));
#2870 = VECTOR('',#2871,1.);
#2871 = DIRECTION('',(1.,0.));
#2872 = ( GEOMETRIC_REPRESENTATION_CONTEXT(2) 
PARAMETRIC_REPRESENTATION_CONTEXT() REPRESENTATION_CONTEXT('2D SPACE',''
  ) );
#2873 = ORIENTED_EDGE('',*,*,#2804,.T.);
#2874 = ORIENTED_EDGE('',*,*,#2490,.T.);
#2875 = ORIENTED_EDGE('',*,*,#2679,.F.);
#2876 = ADVANCED_FACE('',(#2877),#2718,.F.);
#2877 = FACE_BOUND('',#2878,.F.);
#2878 = EDGE_LOOP('',(#2879,#2880,#2881,#2882));
#2879 = ORIENTED_EDGE('',*,*,#2827,.F.);
#2880 = ORIENTED_EDGE('',*,*,#2853,.T.);
#2881 = ORIENTED_EDGE('',*,*,#2702,.T.);
#2882 = ORIENTED_EDGE('',*,*,#2755,.F.);
#2883 = ( GEOMETRIC_REPRESENTATION_CONTEXT(3) 
GLOBAL_UNCERTAINTY_ASSIGNED_CONTEXT((#2887)) 
GLOBAL_UNIT_ASSIGNED_CONTEXT((#2884,#2885,#2886)) REPRESENTATION_CONTEXT
('Context #1','3D Context with UNIT and UNCERTAINTY') );
#2884 = ( LENGTH_UNIT() NAMED_UNIT(*) SI_UNIT(.MILLI.,.METRE.) );
#2885 = ( NAMED_UNIT(*) PLANE_ANGLE_UNIT() SI_UNIT($,.RADIAN.) );
#2886 = ( NAMED_UNIT(*) SI_UNIT($,.STERADIAN.) SOLID_ANGLE_UNIT() );
#2887 = UNCERTAINTY_MEASURE_WITH_UNIT(LENGTH_MEASURE(1.E-07),#2884,
  'distance_accuracy_value','confusion accuracy');
#2888 = PRODUCT_RELATED_PRODUCT_CATEGORY('part',$,(#7));
ENDSEC;
END-ISO-10303-21;
