ISO-10303-21;
HEADER;
FILE_DESCRIPTION(('Open CASCADE Model'),'2;1');
FILE_NAME('Open CASCADE Shape Model','2026-10-02T11:56:52',('Author'),(
    'Open CASCADE'),'Open CASCADE STEP processor 8.0','build123d',
  'Unknown');
FILE_SCHEMA(('AUTOMOTIVE_DESIGN { 1 0 10303 214 1 1 1 1 }'));
ENDSEC;
DATA;
#1 = APPLICATION_PROTOCOL_DEFINITION('international standard',
  'automotive_design',2000,#2);
#2 = APPLICATION_CONTEXT(
  'core data for automotive mechanical design processes');
#3 = SHAPE_DEFINITION_REPRESENTATION(#4,#10);
#4 = PRODUCT_DEFINITION_SHAPE('','',#5);
#5 = PRODUCT_DEFINITION('design','',#6,#9);
#6 = PRODUCT_DEFINITION_FORMATION('','',#7);
#7 = PRODUCT('COMPOUND','COMPOUND','',(#8));
#8 = PRODUCT_CONTEXT('',#2,'mechanical');
#9 = PRODUCT_DEFINITION_CONTEXT('part definition',#2,'design');
#10 = SHAPE_REPRESENTATION('',(#11,#15,#1755,#4001,#4331,#5293,#5937),
  #6267);
#11 = AXIS2_PLACEMENT_3D('',#12,#13,#14);
#12 = CARTESIAN_POINT('',(0.,0.,0.));
#13 = DIRECTION('',(0.,0.,1.));
#14 = DIRECTION('',(1.,0.,-0.));
#15 = MANIFOLD_SOLID_BREP('',#16);
#16 = CLOSED_SHELL('',(#17,#193,#379,#658,#813,#862,#911,#938,#947,#1023
    ,#1072,#1311,#1338,#1365,#1392,#1419,#1466,#1493,#1520,#1527,#1554,
    #1623,#1670,#1717,#1742));
#17 = ADVANCED_FACE('',(#18),#32,.F.);
#18 = FACE_BOUND('',#19,.F.);
#19 = EDGE_LOOP('',(#20,#55,#83,#111,#139,#167));
#20 = ORIENTED_EDGE('',*,*,#21,.F.);
#21 = EDGE_CURVE('',#22,#24,#26,.T.);
#22 = VERTEX_POINT('',#23);
#23 = CARTESIAN_POINT('',(-482.,-248.5,700.));
#24 = VERTEX_POINT('',#25);
#25 = CARTESIAN_POINT('',(-482.,-248.5,1.245E+03));
#26 = SURFACE_CURVE('',#27,(#31,#43),.PCURVE_S1.);
#27 = LINE('',#28,#29);
#28 = CARTESIAN_POINT('',(-482.,-248.5,700.));
#29 = VECTOR('',#30,1.);
#30 = DIRECTION('',(0.,0.,1.));
#31 = PCURVE('',#32,#37);
#32 = PLANE('',#33);
#33 = AXIS2_PLACEMENT_3D('',#34,#35,#36);
#34 = CARTESIAN_POINT('',(-482.,-248.5,700.));
#35 = DIRECTION('',(1.,0.,-0.));
#36 = DIRECTION('',(0.,0.,1.));
#37 = DEFINITIONAL_REPRESENTATION('',(#38),#42);
#38 = LINE('',#39,#40);
#39 = CARTESIAN_POINT('',(0.,0.));
#40 = VECTOR('',#41,1.);
#41 = DIRECTION('',(1.,0.));
#42 = ( GEOMETRIC_REPRESENTATION_CONTEXT(2) 
PARAMETRIC_REPRESENTATION_CONTEXT() REPRESENTATION_CONTEXT('2D SPACE',''
  ) );
#43 = PCURVE('',#44,#49);
#44 = PLANE('',#45);
#45 = AXIS2_PLACEMENT_3D('',#46,#47,#48);
#46 = CARTESIAN_POINT('',(-482.,-248.5,700.));
#47 = DIRECTION('',(-0.,1.,0.));
#48 = DIRECTION('',(0.,0.,1.));
#49 = DEFINITIONAL_REPRESENTATION('',(#50),#54);
#50 = LINE('',#51,#52);
#51 = CARTESIAN_POINT('',(0.,0.));
#52 = VECTOR('',#53,1.);
#53 = DIRECTION('',(1.,0.));
#54 = ( GEOMETRIC_REPRESENTATION_CONTEXT(2) 
PARAMETRIC_REPRESENTATION_CONTEXT() REPRESENTATION_CONTEXT('2D SPACE',''
  ) );
#55 = ORIENTED_EDGE('',*,*,#56,.T.);
#56 = EDGE_CURVE('',#22,#57,#59,.T.);
#57 = VERTEX_POINT('',#58);
#58 = CARTESIAN_POINT('',(-482.,110.,700.));
#59 = SURFACE_CURVE('',#60,(#64,#71),.PCURVE_S1.);
#60 = LINE('',#61,#62);
#61 = CARTESIAN_POINT('',(-482.,-248.5,700.));
#62 = VECTOR('',#63,1.);
#63 = DIRECTION('',(-0.,1.,0.));
#64 = PCURVE('',#32,#65);
#65 = DEFINITIONAL_REPRESENTATION('',(#66),#70);
#66 = LINE('',#67,#68);
#67 = CARTESIAN_POINT('',(0.,0.));
#68 = VECTOR('',#69,1.);
#69 = DIRECTION('',(0.,-1.));
#70 = ( GEOMETRIC_REPRESENTATION_CONTEXT(2) 
PARAMETRIC_REPRESENTATION_CONTEXT() REPRESENTATION_CONTEXT('2D SPACE',''
  ) );
#71 = PCURVE('',#72,#77);
#72 = PLANE('',#73);
#73 = AXIS2_PLACEMENT_3D('',#74,#75,#76);
#74 = CARTESIAN_POINT('',(-482.,-248.5,700.));
#75 = DIRECTION('',(0.,0.,1.));
#76 = DIRECTION('',(1.,0.,-0.));
#77 = DEFINITIONAL_REPRESENTATION('',(#78),#82);
#78 = LINE('',#79,#80);
#79 = CARTESIAN_POINT('',(0.,0.));
#80 = VECTOR('',#81,1.);
#81 = DIRECTION('',(0.,1.));
#82 = ( GEOMETRIC_REPRESENTATION_CONTEXT(2) 
PARAMETRIC_REPRESENTATION_CONTEXT() REPRESENTATION_CONTEXT('2D SPACE',''
  ) );
#83 = ORIENTED_EDGE('',*,*,#84,.T.);
#84 = EDGE_CURVE('',#57,#85,#87,.T.);
#85 = VERTEX_POINT('',#86);
#86 = CARTESIAN_POINT('',(-482.,110.,1.23E+03));
#87 = SURFACE_CURVE('',#88,(#92,#99),.PCURVE_S1.);
#88 = LINE('',#89,#90);
#89 = CARTESIAN_POINT('',(-482.,110.,700.));
#90 = VECTOR('',#91,1.);
#91 = DIRECTION('',(0.,0.,1.));
#92 = PCURVE('',#32,#93);
#93 = DEFINITIONAL_REPRESENTATION('',(#94),#98);
#94 = LINE('',#95,#96);
#95 = CARTESIAN_POINT('',(0.,-358.5));
#96 = VECTOR('',#97,1.);
#97 = DIRECTION('',(1.,0.));
#98 = ( GEOMETRIC_REPRESENTATION_CONTEXT(2) 
PARAMETRIC_REPRESENTATION_CONTEXT() REPRESENTATION_CONTEXT('2D SPACE',''
  ) );
#99 = PCURVE('',#100,#105);
#100 = PLANE('',#101);
#101 = AXIS2_PLACEMENT_3D('',#102,#103,#104);
#102 = CARTESIAN_POINT('',(-482.,110.,700.));
#103 = DIRECTION('',(-0.,1.,0.));
#104 = DIRECTION('',(0.,0.,1.));
#105 = DEFINITIONAL_REPRESENTATION('',(#106),#110);
#106 = LINE('',#107,#108);
#107 = CARTESIAN_POINT('',(0.,0.));
#108 = VECTOR('',#109,1.);
#109 = DIRECTION('',(1.,0.));
#110 = ( GEOMETRIC_REPRESENTATION_CONTEXT(2) 
PARAMETRIC_REPRESENTATION_CONTEXT() REPRESENTATION_CONTEXT('2D SPACE',''
  ) );
#111 = ORIENTED_EDGE('',*,*,#112,.F.);
#112 = EDGE_CURVE('',#113,#85,#115,.T.);
#113 = VERTEX_POINT('',#114);
#114 = CARTESIAN_POINT('',(-482.,-247.,1.23E+03));
#115 = SURFACE_CURVE('',#116,(#120,#127),.PCURVE_S1.);
#116 = LINE('',#117,#118);
#117 = CARTESIAN_POINT('',(-482.,-248.5,1.23E+03));
#118 = VECTOR('',#119,1.);
#119 = DIRECTION('',(-0.,1.,0.));
#120 = PCURVE('',#32,#121);
#121 = DEFINITIONAL_REPRESENTATION('',(#122),#126);
#122 = LINE('',#123,#124);
#123 = CARTESIAN_POINT('',(530.,0.));
#124 = VECTOR('',#125,1.);
#125 = DIRECTION('',(0.,-1.));
#126 = ( GEOMETRIC_REPRESENTATION_CONTEXT(2) 
PARAMETRIC_REPRESENTATION_CONTEXT() REPRESENTATION_CONTEXT('2D SPACE',''
  ) );
#127 = PCURVE('',#128,#133);
#128 = PLANE('',#129);
#129 = AXIS2_PLACEMENT_3D('',#130,#131,#132);
#130 = CARTESIAN_POINT('',(-482.,-248.5,1.23E+03));
#131 = DIRECTION('',(0.,0.,1.));
#132 = DIRECTION('',(1.,0.,-0.));
#133 = DEFINITIONAL_REPRESENTATION('',(#134),#138);
#134 = LINE('',#135,#136);
#135 = CARTESIAN_POINT('',(0.,0.));
#136 = VECTOR('',#137,1.);
#137 = DIRECTION('',(0.,1.));
#138 = ( GEOMETRIC_REPRESENTATION_CONTEXT(2) 
PARAMETRIC_REPRESENTATION_CONTEXT() REPRESENTATION_CONTEXT('2D SPACE',''
  ) );
#139 = ORIENTED_EDGE('',*,*,#140,.T.);
#140 = EDGE_CURVE('',#113,#141,#143,.T.);
#141 = VERTEX_POINT('',#142);
#142 = CARTESIAN_POINT('',(-482.,-247.,1.245E+03));
#143 = SURFACE_CURVE('',#144,(#148,#155),.PCURVE_S1.);
#144 = LINE('',#145,#146);
#145 = CARTESIAN_POINT('',(-482.,-247.,1.23E+03));
#146 = VECTOR('',#147,1.);
#147 = DIRECTION('',(0.,0.,1.));
#148 = PCURVE('',#32,#149);
#149 = DEFINITIONAL_REPRESENTATION('',(#150),#154);
#150 = LINE('',#151,#152);
#151 = CARTESIAN_POINT('',(530.,-1.5));
#152 = VECTOR('',#153,1.);
#153 = DIRECTION('',(1.,0.));
#154 = ( GEOMETRIC_REPRESENTATION_CONTEXT(2) 
PARAMETRIC_REPRESENTATION_CONTEXT() REPRESENTATION_CONTEXT('2D SPACE',''
  ) );
#155 = PCURVE('',#156,#161);
#156 = PLANE('',#157);
#157 = AXIS2_PLACEMENT_3D('',#158,#159,#160);
#158 = CARTESIAN_POINT('',(-482.,-247.,1.23E+03));
#159 = DIRECTION('',(-0.,1.,0.));
#160 = DIRECTION('',(0.,0.,1.));
#161 = DEFINITIONAL_REPRESENTATION('',(#162),#166);
#162 = LINE('',#163,#164);
#163 = CARTESIAN_POINT('',(0.,0.));
#164 = VECTOR('',#165,1.);
#165 = DIRECTION('',(1.,0.));
#166 = ( GEOMETRIC_REPRESENTATION_CONTEXT(2) 
PARAMETRIC_REPRESENTATION_CONTEXT() REPRESENTATION_CONTEXT('2D SPACE',''
  ) );
#167 = ORIENTED_EDGE('',*,*,#168,.F.);
#168 = EDGE_CURVE('',#24,#141,#169,.T.);
#169 = SURFACE_CURVE('',#170,(#174,#181),.PCURVE_S1.);
#170 = LINE('',#171,#172);
#171 = CARTESIAN_POINT('',(-482.,-248.5,1.245E+03));
#172 = VECTOR('',#173,1.);
#173 = DIRECTION('',(-0.,1.,0.));
#174 = PCURVE('',#32,#175);
#175 = DEFINITIONAL_REPRESENTATION('',(#176),#180);
#176 = LINE('',#177,#178);
#177 = CARTESIAN_POINT('',(545.,0.));
#178 = VECTOR('',#179,1.);
#179 = DIRECTION('',(0.,-1.));
#180 = ( GEOMETRIC_REPRESENTATION_CONTEXT(2) 
PARAMETRIC_REPRESENTATION_CONTEXT() REPRESENTATION_CONTEXT('2D SPACE',''
  ) );
#181 = PCURVE('',#182,#187);
#182 = PLANE('',#183);
#183 = AXIS2_PLACEMENT_3D('',#184,#185,#186);
#184 = CARTESIAN_POINT('',(-482.,-248.5,1.245E+03));
#185 = DIRECTION('',(0.,0.,1.));
#186 = DIRECTION('',(1.,0.,-0.));
#187 = DEFINITIONAL_REPRESENTATION('',(#188),#192);
#188 = LINE('',#189,#190);
#189 = CARTESIAN_POINT('',(0.,0.));
#190 = VECTOR('',#191,1.);
#191 = DIRECTION('',(0.,1.));
#192 = ( GEOMETRIC_REPRESENTATION_CONTEXT(2) 
PARAMETRIC_REPRESENTATION_CONTEXT() REPRESENTATION_CONTEXT('2D SPACE',''
  ) );
#193 = ADVANCED_FACE('',(#194,#269),#44,.F.);
#194 = FACE_BOUND('',#195,.F.);
#195 = EDGE_LOOP('',(#196,#219,#220,#243));
#196 = ORIENTED_EDGE('',*,*,#197,.F.);
#197 = EDGE_CURVE('',#22,#198,#200,.T.);
#198 = VERTEX_POINT('',#199);
#199 = CARTESIAN_POINT('',(-302.,-248.5,700.));
#200 = SURFACE_CURVE('',#201,(#205,#212),.PCURVE_S1.);
#201 = LINE('',#202,#203);
#202 = CARTESIAN_POINT('',(-482.,-248.5,700.));
#203 = VECTOR('',#204,1.);
#204 = DIRECTION('',(1.,0.,-0.));
#205 = PCURVE('',#44,#206);
#206 = DEFINITIONAL_REPRESENTATION('',(#207),#211);
#207 = LINE('',#208,#209);
#208 = CARTESIAN_POINT('',(0.,0.));
#209 = VECTOR('',#210,1.);
#210 = DIRECTION('',(0.,1.));
#211 = ( GEOMETRIC_REPRESENTATION_CONTEXT(2) 
PARAMETRIC_REPRESENTATION_CONTEXT() REPRESENTATION_CONTEXT('2D SPACE',''
  ) );
#212 = PCURVE('',#72,#213);
#213 = DEFINITIONAL_REPRESENTATION('',(#214),#218);
#214 = LINE('',#215,#216);
#215 = CARTESIAN_POINT('',(0.,0.));
#216 = VECTOR('',#217,1.);
#217 = DIRECTION('',(1.,0.));
#218 = ( GEOMETRIC_REPRESENTATION_CONTEXT(2) 
PARAMETRIC_REPRESENTATION_CONTEXT() REPRESENTATION_CONTEXT('2D SPACE',''
  ) );
#219 = ORIENTED_EDGE('',*,*,#21,.T.);
#220 = ORIENTED_EDGE('',*,*,#221,.T.);
#221 = EDGE_CURVE('',#24,#222,#224,.T.);
#222 = VERTEX_POINT('',#223);
#223 = CARTESIAN_POINT('',(-302.,-248.5,1.245E+03));
#224 = SURFACE_CURVE('',#225,(#229,#236),.PCURVE_S1.);
#225 = LINE('',#226,#227);
#226 = CARTESIAN_POINT('',(-482.,-248.5,1.245E+03));
#227 = VECTOR('',#228,1.);
#228 = DIRECTION('',(1.,0.,-0.));
#229 = PCURVE('',#44,#230);
#230 = DEFINITIONAL_REPRESENTATION('',(#231),#235);
#231 = LINE('',#232,#233);
#232 = CARTESIAN_POINT('',(545.,0.));
#233 = VECTOR('',#234,1.);
#234 = DIRECTION('',(0.,1.));
#235 = ( GEOMETRIC_REPRESENTATION_CONTEXT(2) 
PARAMETRIC_REPRESENTATION_CONTEXT() REPRESENTATION_CONTEXT('2D SPACE',''
  ) );
#236 = PCURVE('',#182,#237);
#237 = DEFINITIONAL_REPRESENTATION('',(#238),#242);
#238 = LINE('',#239,#240);
#239 = CARTESIAN_POINT('',(0.,0.));
#240 = VECTOR('',#241,1.);
#241 = DIRECTION('',(1.,0.));
#242 = ( GEOMETRIC_REPRESENTATION_CONTEXT(2) 
PARAMETRIC_REPRESENTATION_CONTEXT() REPRESENTATION_CONTEXT('2D SPACE',''
  ) );
#243 = ORIENTED_EDGE('',*,*,#244,.F.);
#244 = EDGE_CURVE('',#198,#222,#245,.T.);
#245 = SURFACE_CURVE('',#246,(#250,#257),.PCURVE_S1.);
#246 = LINE('',#247,#248);
#247 = CARTESIAN_POINT('',(-302.,-248.5,700.));
#248 = VECTOR('',#249,1.);
#249 = DIRECTION('',(0.,0.,1.));
#250 = PCURVE('',#44,#251);
#251 = DEFINITIONAL_REPRESENTATION('',(#252),#256);
#252 = LINE('',#253,#254);
#253 = CARTESIAN_POINT('',(0.,180.));
#254 = VECTOR('',#255,1.);
#255 = DIRECTION('',(1.,0.));
#256 = ( GEOMETRIC_REPRESENTATION_CONTEXT(2) 
PARAMETRIC_REPRESENTATION_CONTEXT() REPRESENTATION_CONTEXT('2D SPACE',''
  ) );
#257 = PCURVE('',#258,#263);
#258 = PLANE('',#259);
#259 = AXIS2_PLACEMENT_3D('',#260,#261,#262);
#260 = CARTESIAN_POINT('',(-302.,-248.5,700.));
#261 = DIRECTION('',(1.,0.,-0.));
#262 = DIRECTION('',(0.,0.,1.));
#263 = DEFINITIONAL_REPRESENTATION('',(#264),#268);
#264 = LINE('',#265,#266);
#265 = CARTESIAN_POINT('',(0.,0.));
#266 = VECTOR('',#267,1.);
#267 = DIRECTION('',(1.,0.));
#268 = ( GEOMETRIC_REPRESENTATION_CONTEXT(2) 
PARAMETRIC_REPRESENTATION_CONTEXT() REPRESENTATION_CONTEXT('2D SPACE',''
  ) );
#269 = FACE_BOUND('',#270,.F.);
#270 = EDGE_LOOP('',(#271,#300,#327,#354));
#271 = ORIENTED_EDGE('',*,*,#272,.F.);
#272 = EDGE_CURVE('',#273,#275,#277,.T.);
#273 = VERTEX_POINT('',#274);
#274 = CARTESIAN_POINT('',(-480.5,-248.5,1.2285E+03));
#275 = VERTEX_POINT('',#276);
#276 = CARTESIAN_POINT('',(-303.5,-248.5,1.2285E+03));
#277 = SURFACE_CURVE('',#278,(#282,#289),.PCURVE_S1.);
#278 = LINE('',#279,#280);
#279 = CARTESIAN_POINT('',(-481.25,-248.5,1.2285E+03));
#280 = VECTOR('',#281,1.);
#281 = DIRECTION('',(1.,0.,-0.));
#282 = PCURVE('',#44,#283);
#283 = DEFINITIONAL_REPRESENTATION('',(#284),#288);
#284 = LINE('',#285,#286);
#285 = CARTESIAN_POINT('',(528.5,0.75));
#286 = VECTOR('',#287,1.);
#287 = DIRECTION('',(0.,1.));
#288 = ( GEOMETRIC_REPRESENTATION_CONTEXT(2) 
PARAMETRIC_REPRESENTATION_CONTEXT() REPRESENTATION_CONTEXT('2D SPACE',''
  ) );
#289 = PCURVE('',#290,#295);
#290 = PLANE('',#291);
#291 = AXIS2_PLACEMENT_3D('',#292,#293,#294);
#292 = CARTESIAN_POINT('',(-480.5,-249.5,1.2285E+03));
#293 = DIRECTION('',(0.,0.,1.));
#294 = DIRECTION('',(1.,0.,-0.));
#295 = DEFINITIONAL_REPRESENTATION('',(#296),#299);
#296 = B_SPLINE_CURVE_WITH_KNOTS('',1,(#297,#298),.UNSPECIFIED.,.F.,.F.,
  (2,2),(0.75,177.75),.PIECEWISE_BEZIER_KNOTS.);
#297 = CARTESIAN_POINT('',(0.,1.));
#298 = CARTESIAN_POINT('',(177.,1.));
#299 = ( GEOMETRIC_REPRESENTATION_CONTEXT(2) 
PARAMETRIC_REPRESENTATION_CONTEXT() REPRESENTATION_CONTEXT('2D SPACE',''
  ) );
#300 = ORIENTED_EDGE('',*,*,#301,.T.);
#301 = EDGE_CURVE('',#273,#302,#304,.T.);
#302 = VERTEX_POINT('',#303);
#303 = CARTESIAN_POINT('',(-480.5,-248.5,701.5));
#304 = SURFACE_CURVE('',#305,(#309,#316),.PCURVE_S1.);
#305 = LINE('',#306,#307);
#306 = CARTESIAN_POINT('',(-480.5,-248.5,700.75));
#307 = VECTOR('',#308,1.);
#308 = DIRECTION('',(-0.,0.,-1.));
#309 = PCURVE('',#44,#310);
#310 = DEFINITIONAL_REPRESENTATION('',(#311),#315);
#311 = LINE('',#312,#313);
#312 = CARTESIAN_POINT('',(0.75,1.5));
#313 = VECTOR('',#314,1.);
#314 = DIRECTION('',(-1.,0.));
#315 = ( GEOMETRIC_REPRESENTATION_CONTEXT(2) 
PARAMETRIC_REPRESENTATION_CONTEXT() REPRESENTATION_CONTEXT('2D SPACE',''
  ) );
#316 = PCURVE('',#317,#322);
#317 = PLANE('',#318);
#318 = AXIS2_PLACEMENT_3D('',#319,#320,#321);
#319 = CARTESIAN_POINT('',(-480.5,-249.5,701.5));
#320 = DIRECTION('',(1.,0.,-0.));
#321 = DIRECTION('',(0.,0.,1.));
#322 = DEFINITIONAL_REPRESENTATION('',(#323),#326);
#323 = B_SPLINE_CURVE_WITH_KNOTS('',1,(#324,#325),.UNSPECIFIED.,.F.,.F.,
  (2,2),(-527.75,-0.75),.PIECEWISE_BEZIER_KNOTS.);
#324 = CARTESIAN_POINT('',(527.,-1.));
#325 = CARTESIAN_POINT('',(0.,-1.));
#326 = ( GEOMETRIC_REPRESENTATION_CONTEXT(2) 
PARAMETRIC_REPRESENTATION_CONTEXT() REPRESENTATION_CONTEXT('2D SPACE',''
  ) );
#327 = ORIENTED_EDGE('',*,*,#328,.T.);
#328 = EDGE_CURVE('',#302,#329,#331,.T.);
#329 = VERTEX_POINT('',#330);
#330 = CARTESIAN_POINT('',(-303.5,-248.5,701.5));
#331 = SURFACE_CURVE('',#332,(#336,#343),.PCURVE_S1.);
#332 = LINE('',#333,#334);
#333 = CARTESIAN_POINT('',(-481.25,-248.5,701.5));
#334 = VECTOR('',#335,1.);
#335 = DIRECTION('',(1.,0.,-0.));
#336 = PCURVE('',#44,#337);
#337 = DEFINITIONAL_REPRESENTATION('',(#338),#342);
#338 = LINE('',#339,#340);
#339 = CARTESIAN_POINT('',(1.5,0.75));
#340 = VECTOR('',#341,1.);
#341 = DIRECTION('',(0.,1.));
#342 = ( GEOMETRIC_REPRESENTATION_CONTEXT(2) 
PARAMETRIC_REPRESENTATION_CONTEXT() REPRESENTATION_CONTEXT('2D SPACE',''
  ) );
#343 = PCURVE('',#344,#349);
#344 = PLANE('',#345);
#345 = AXIS2_PLACEMENT_3D('',#346,#347,#348);
#346 = CARTESIAN_POINT('',(-480.5,-249.5,701.5));
#347 = DIRECTION('',(0.,0.,1.));
#348 = DIRECTION('',(1.,0.,-0.));
#349 = DEFINITIONAL_REPRESENTATION('',(#350),#353);
#350 = B_SPLINE_CURVE_WITH_KNOTS('',1,(#351,#352),.UNSPECIFIED.,.F.,.F.,
  (2,2),(0.75,177.75),.PIECEWISE_BEZIER_KNOTS.);
#351 = CARTESIAN_POINT('',(0.,1.));
#352 = CARTESIAN_POINT('',(177.,1.));
#353 = ( GEOMETRIC_REPRESENTATION_CONTEXT(2) 
PARAMETRIC_REPRESENTATION_CONTEXT() REPRESENTATION_CONTEXT('2D SPACE',''
  ) );
#354 = ORIENTED_EDGE('',*,*,#355,.F.);
#355 = EDGE_CURVE('',#275,#329,#356,.T.);
#356 = SURFACE_CURVE('',#357,(#361,#368),.PCURVE_S1.);
#357 = LINE('',#358,#359);
#358 = CARTESIAN_POINT('',(-303.5,-248.5,700.75));
#359 = VECTOR('',#360,1.);
#360 = DIRECTION('',(-0.,0.,-1.));
#361 = PCURVE('',#44,#362);
#362 = DEFINITIONAL_REPRESENTATION('',(#363),#367);
#363 = LINE('',#364,#365);
#364 = CARTESIAN_POINT('',(0.75,178.5));
#365 = VECTOR('',#366,1.);
#366 = DIRECTION('',(-1.,0.));
#367 = ( GEOMETRIC_REPRESENTATION_CONTEXT(2) 
PARAMETRIC_REPRESENTATION_CONTEXT() REPRESENTATION_CONTEXT('2D SPACE',''
  ) );
#368 = PCURVE('',#369,#374);
#369 = PLANE('',#370);
#370 = AXIS2_PLACEMENT_3D('',#371,#372,#373);
#371 = CARTESIAN_POINT('',(-303.5,-249.5,701.5));
#372 = DIRECTION('',(1.,0.,-0.));
#373 = DIRECTION('',(0.,0.,1.));
#374 = DEFINITIONAL_REPRESENTATION('',(#375),#378);
#375 = B_SPLINE_CURVE_WITH_KNOTS('',1,(#376,#377),.UNSPECIFIED.,.F.,.F.,
  (2,2),(-527.75,-0.75),.PIECEWISE_BEZIER_KNOTS.);
#376 = CARTESIAN_POINT('',(527.,-1.));
#377 = CARTESIAN_POINT('',(0.,-1.));
#378 = ( GEOMETRIC_REPRESENTATION_CONTEXT(2) 
PARAMETRIC_REPRESENTATION_CONTEXT() REPRESENTATION_CONTEXT('2D SPACE',''
  ) );
#379 = ADVANCED_FACE('',(#380,#428,#459,#490,#521,#627),#72,.F.);
#380 = FACE_BOUND('',#381,.F.);
#381 = EDGE_LOOP('',(#382,#383,#384,#407));
#382 = ORIENTED_EDGE('',*,*,#56,.F.);
#383 = ORIENTED_EDGE('',*,*,#197,.T.);
#384 = ORIENTED_EDGE('',*,*,#385,.T.);
#385 = EDGE_CURVE('',#198,#386,#388,.T.);
#386 = VERTEX_POINT('',#387);
#387 = CARTESIAN_POINT('',(-302.,110.,700.));
#388 = SURFACE_CURVE('',#389,(#393,#400),.PCURVE_S1.);
#389 = LINE('',#390,#391);
#390 = CARTESIAN_POINT('',(-302.,-248.5,700.));
#391 = VECTOR('',#392,1.);
#392 = DIRECTION('',(-0.,1.,0.));
#393 = PCURVE('',#72,#394);
#394 = DEFINITIONAL_REPRESENTATION('',(#395),#399);
#395 = LINE('',#396,#397);
#396 = CARTESIAN_POINT('',(180.,0.));
#397 = VECTOR('',#398,1.);
#398 = DIRECTION('',(0.,1.));
#399 = ( GEOMETRIC_REPRESENTATION_CONTEXT(2) 
PARAMETRIC_REPRESENTATION_CONTEXT() REPRESENTATION_CONTEXT('2D SPACE',''
  ) );
#400 = PCURVE('',#258,#401);
#401 = DEFINITIONAL_REPRESENTATION('',(#402),#406);
#402 = LINE('',#403,#404);
#403 = CARTESIAN_POINT('',(0.,0.));
#404 = VECTOR('',#405,1.);
#405 = DIRECTION('',(0.,-1.));
#406 = ( GEOMETRIC_REPRESENTATION_CONTEXT(2) 
PARAMETRIC_REPRESENTATION_CONTEXT() REPRESENTATION_CONTEXT('2D SPACE',''
  ) );
#407 = ORIENTED_EDGE('',*,*,#408,.F.);
#408 = EDGE_CURVE('',#57,#386,#409,.T.);
#409 = SURFACE_CURVE('',#410,(#414,#421),.PCURVE_S1.);
#410 = LINE('',#411,#412);
#411 = CARTESIAN_POINT('',(-482.,110.,700.));
#412 = VECTOR('',#413,1.);
#413 = DIRECTION('',(1.,0.,-0.));
#414 = PCURVE('',#72,#415);
#415 = DEFINITIONAL_REPRESENTATION('',(#416),#420);
#416 = LINE('',#417,#418);
#417 = CARTESIAN_POINT('',(0.,358.5));
#418 = VECTOR('',#419,1.);
#419 = DIRECTION('',(1.,0.));
#420 = ( GEOMETRIC_REPRESENTATION_CONTEXT(2) 
PARAMETRIC_REPRESENTATION_CONTEXT() REPRESENTATION_CONTEXT('2D SPACE',''
  ) );
#421 = PCURVE('',#100,#422);
#422 = DEFINITIONAL_REPRESENTATION('',(#423),#427);
#423 = LINE('',#424,#425);
#424 = CARTESIAN_POINT('',(0.,0.));
#425 = VECTOR('',#426,1.);
#426 = DIRECTION('',(0.,1.));
#427 = ( GEOMETRIC_REPRESENTATION_CONTEXT(2) 
PARAMETRIC_REPRESENTATION_CONTEXT() REPRESENTATION_CONTEXT('2D SPACE',''
  ) );
#428 = FACE_BOUND('',#429,.F.);
#429 = EDGE_LOOP('',(#430));
#430 = ORIENTED_EDGE('',*,*,#431,.F.);
#431 = EDGE_CURVE('',#432,#432,#434,.T.);
#432 = VERTEX_POINT('',#433);
#433 = CARTESIAN_POINT('',(-449.25,-60.,700.));
#434 = SURFACE_CURVE('',#435,(#440,#447),.PCURVE_S1.);
#435 = CIRCLE('',#436,2.75);
#436 = AXIS2_PLACEMENT_3D('',#437,#438,#439);
#437 = CARTESIAN_POINT('',(-452.,-60.,700.));
#438 = DIRECTION('',(0.,0.,1.));
#439 = DIRECTION('',(1.,0.,-0.));
#440 = PCURVE('',#72,#441);
#441 = DEFINITIONAL_REPRESENTATION('',(#442),#446);
#442 = CIRCLE('',#443,2.75);
#443 = AXIS2_PLACEMENT_2D('',#444,#445);
#444 = CARTESIAN_POINT('',(30.,188.5));
#445 = DIRECTION('',(1.,0.));
#446 = ( GEOMETRIC_REPRESENTATION_CONTEXT(2) 
PARAMETRIC_REPRESENTATION_CONTEXT() REPRESENTATION_CONTEXT('2D SPACE',''
  ) );
#447 = PCURVE('',#448,#453);
#448 = CYLINDRICAL_SURFACE('',#449,2.75);
#449 = AXIS2_PLACEMENT_3D('',#450,#451,#452);
#450 = CARTESIAN_POINT('',(-452.,-60.,699.));
#451 = DIRECTION('',(0.,0.,1.));
#452 = DIRECTION('',(1.,0.,-0.));
#453 = DEFINITIONAL_REPRESENTATION('',(#454),#458);
#454 = LINE('',#455,#456);
#455 = CARTESIAN_POINT('',(0.,1.));
#456 = VECTOR('',#457,1.);
#457 = DIRECTION('',(1.,0.));
#458 = ( GEOMETRIC_REPRESENTATION_CONTEXT(2) 
PARAMETRIC_REPRESENTATION_CONTEXT() REPRESENTATION_CONTEXT('2D SPACE',''
  ) );
#459 = FACE_BOUND('',#460,.F.);
#460 = EDGE_LOOP('',(#461));
#461 = ORIENTED_EDGE('',*,*,#462,.F.);
#462 = EDGE_CURVE('',#463,#463,#465,.T.);
#463 = VERTEX_POINT('',#464);
#464 = CARTESIAN_POINT('',(-329.25,-60.,700.));
#465 = SURFACE_CURVE('',#466,(#471,#478),.PCURVE_S1.);
#466 = CIRCLE('',#467,2.75);
#467 = AXIS2_PLACEMENT_3D('',#468,#469,#470);
#468 = CARTESIAN_POINT('',(-332.,-60.,700.));
#469 = DIRECTION('',(0.,0.,1.));
#470 = DIRECTION('',(1.,0.,-0.));
#471 = PCURVE('',#72,#472);
#472 = DEFINITIONAL_REPRESENTATION('',(#473),#477);
#473 = CIRCLE('',#474,2.75);
#474 = AXIS2_PLACEMENT_2D('',#475,#476);
#475 = CARTESIAN_POINT('',(150.,188.5));
#476 = DIRECTION('',(1.,0.));
#477 = ( GEOMETRIC_REPRESENTATION_CONTEXT(2) 
PARAMETRIC_REPRESENTATION_CONTEXT() REPRESENTATION_CONTEXT('2D SPACE',''
  ) );
#478 = PCURVE('',#479,#484);
#479 = CYLINDRICAL_SURFACE('',#480,2.75);
#480 = AXIS2_PLACEMENT_3D('',#481,#482,#483);
#481 = CARTESIAN_POINT('',(-332.,-60.,699.));
#482 = DIRECTION('',(0.,0.,1.));
#483 = DIRECTION('',(1.,0.,-0.));
#484 = DEFINITIONAL_REPRESENTATION('',(#485),#489);
#485 = LINE('',#486,#487);
#486 = CARTESIAN_POINT('',(0.,1.));
#487 = VECTOR('',#488,1.);
#488 = DIRECTION('',(1.,0.));
#489 = ( GEOMETRIC_REPRESENTATION_CONTEXT(2) 
PARAMETRIC_REPRESENTATION_CONTEXT() REPRESENTATION_CONTEXT('2D SPACE',''
  ) );
#490 = FACE_BOUND('',#491,.F.);
#491 = EDGE_LOOP('',(#492));
#492 = ORIENTED_EDGE('',*,*,#493,.F.);
#493 = EDGE_CURVE('',#494,#494,#496,.T.);
#494 = VERTEX_POINT('',#495);
#495 = CARTESIAN_POINT('',(-449.25,60.,700.));
#496 = SURFACE_CURVE('',#497,(#502,#509),.PCURVE_S1.);
#497 = CIRCLE('',#498,2.75);
#498 = AXIS2_PLACEMENT_3D('',#499,#500,#501);
#499 = CARTESIAN_POINT('',(-452.,60.,700.));
#500 = DIRECTION('',(0.,0.,1.));
#501 = DIRECTION('',(1.,0.,-0.));
#502 = PCURVE('',#72,#503);
#503 = DEFINITIONAL_REPRESENTATION('',(#504),#508);
#504 = CIRCLE('',#505,2.75);
#505 = AXIS2_PLACEMENT_2D('',#506,#507);
#506 = CARTESIAN_POINT('',(30.,308.5));
#507 = DIRECTION('',(1.,0.));
#508 = ( GEOMETRIC_REPRESENTATION_CONTEXT(2) 
PARAMETRIC_REPRESENTATION_CONTEXT() REPRESENTATION_CONTEXT('2D SPACE',''
  ) );
#509 = PCURVE('',#510,#515);
#510 = CYLINDRICAL_SURFACE('',#511,2.75);
#511 = AXIS2_PLACEMENT_3D('',#512,#513,#514);
#512 = CARTESIAN_POINT('',(-452.,60.,699.));
#513 = DIRECTION('',(0.,0.,1.));
#514 = DIRECTION('',(1.,0.,-0.));
#515 = DEFINITIONAL_REPRESENTATION('',(#516),#520);
#516 = LINE('',#517,#518);
#517 = CARTESIAN_POINT('',(0.,1.));
#518 = VECTOR('',#519,1.);
#519 = DIRECTION('',(1.,0.));
#520 = ( GEOMETRIC_REPRESENTATION_CONTEXT(2) 
PARAMETRIC_REPRESENTATION_CONTEXT() REPRESENTATION_CONTEXT('2D SPACE',''
  ) );
#521 = FACE_BOUND('',#522,.F.);
#522 = EDGE_LOOP('',(#523,#551,#577,#603));
#523 = ORIENTED_EDGE('',*,*,#524,.T.);
#524 = EDGE_CURVE('',#525,#527,#529,.T.);
#525 = VERTEX_POINT('',#526);
#526 = CARTESIAN_POINT('',(-372.,-7.,700.));
#527 = VERTEX_POINT('',#528);
#528 = CARTESIAN_POINT('',(-412.,-7.,700.));
#529 = SURFACE_CURVE('',#530,(#534,#540),.PCURVE_S1.);
#530 = LINE('',#531,#532);
#531 = CARTESIAN_POINT('',(-447.,-7.,700.));
#532 = VECTOR('',#533,1.);
#533 = DIRECTION('',(-1.,-0.,0.));
#534 = PCURVE('',#72,#535);
#535 = DEFINITIONAL_REPRESENTATION('',(#536),#539);
#536 = B_SPLINE_CURVE_WITH_KNOTS('',1,(#537,#538),.UNSPECIFIED.,.F.,.F.,
  (2,2),(-75.,-35.),.PIECEWISE_BEZIER_KNOTS.);
#537 = CARTESIAN_POINT('',(110.,241.5));
#538 = CARTESIAN_POINT('',(70.,241.5));
#539 = ( GEOMETRIC_REPRESENTATION_CONTEXT(2) 
PARAMETRIC_REPRESENTATION_CONTEXT() REPRESENTATION_CONTEXT('2D SPACE',''
  ) );
#540 = PCURVE('',#541,#546);
#541 = PLANE('',#542);
#542 = AXIS2_PLACEMENT_3D('',#543,#544,#545);
#543 = CARTESIAN_POINT('',(-412.,-7.,699.));
#544 = DIRECTION('',(-0.,1.,0.));
#545 = DIRECTION('',(0.,0.,1.));
#546 = DEFINITIONAL_REPRESENTATION('',(#547),#550);
#547 = B_SPLINE_CURVE_WITH_KNOTS('',1,(#548,#549),.UNSPECIFIED.,.F.,.F.,
  (2,2),(-75.,-35.),.PIECEWISE_BEZIER_KNOTS.);
#548 = CARTESIAN_POINT('',(1.,40.));
#549 = CARTESIAN_POINT('',(1.,0.));
#550 = ( GEOMETRIC_REPRESENTATION_CONTEXT(2) 
PARAMETRIC_REPRESENTATION_CONTEXT() REPRESENTATION_CONTEXT('2D SPACE',''
  ) );
#551 = ORIENTED_EDGE('',*,*,#552,.T.);
#552 = EDGE_CURVE('',#527,#553,#555,.T.);
#553 = VERTEX_POINT('',#554);
#554 = CARTESIAN_POINT('',(-412.,23.,700.));
#555 = SURFACE_CURVE('',#556,(#560,#566),.PCURVE_S1.);
#556 = LINE('',#557,#558);
#557 = CARTESIAN_POINT('',(-412.,-127.75,700.));
#558 = VECTOR('',#559,1.);
#559 = DIRECTION('',(-0.,1.,0.));
#560 = PCURVE('',#72,#561);
#561 = DEFINITIONAL_REPRESENTATION('',(#562),#565);
#562 = B_SPLINE_CURVE_WITH_KNOTS('',1,(#563,#564),.UNSPECIFIED.,.F.,.F.,
  (2,2),(120.75,150.75),.PIECEWISE_BEZIER_KNOTS.);
#563 = CARTESIAN_POINT('',(70.,241.5));
#564 = CARTESIAN_POINT('',(70.,271.5));
#565 = ( GEOMETRIC_REPRESENTATION_CONTEXT(2) 
PARAMETRIC_REPRESENTATION_CONTEXT() REPRESENTATION_CONTEXT('2D SPACE',''
  ) );
#566 = PCURVE('',#567,#572);
#567 = PLANE('',#568);
#568 = AXIS2_PLACEMENT_3D('',#569,#570,#571);
#569 = CARTESIAN_POINT('',(-412.,-7.,699.));
#570 = DIRECTION('',(1.,0.,-0.));
#571 = DIRECTION('',(0.,0.,1.));
#572 = DEFINITIONAL_REPRESENTATION('',(#573),#576);
#573 = B_SPLINE_CURVE_WITH_KNOTS('',1,(#574,#575),.UNSPECIFIED.,.F.,.F.,
  (2,2),(120.75,150.75),.PIECEWISE_BEZIER_KNOTS.);
#574 = CARTESIAN_POINT('',(1.,0.));
#575 = CARTESIAN_POINT('',(1.,-30.));
#576 = ( GEOMETRIC_REPRESENTATION_CONTEXT(2) 
PARAMETRIC_REPRESENTATION_CONTEXT() REPRESENTATION_CONTEXT('2D SPACE',''
  ) );
#577 = ORIENTED_EDGE('',*,*,#578,.F.);
#578 = EDGE_CURVE('',#579,#553,#581,.T.);
#579 = VERTEX_POINT('',#580);
#580 = CARTESIAN_POINT('',(-372.,23.,700.));
#581 = SURFACE_CURVE('',#582,(#586,#592),.PCURVE_S1.);
#582 = LINE('',#583,#584);
#583 = CARTESIAN_POINT('',(-447.,23.,700.));
#584 = VECTOR('',#585,1.);
#585 = DIRECTION('',(-1.,-0.,0.));
#586 = PCURVE('',#72,#587);
#587 = DEFINITIONAL_REPRESENTATION('',(#588),#591);
#588 = B_SPLINE_CURVE_WITH_KNOTS('',1,(#589,#590),.UNSPECIFIED.,.F.,.F.,
  (2,2),(-75.,-35.),.PIECEWISE_BEZIER_KNOTS.);
#589 = CARTESIAN_POINT('',(110.,271.5));
#590 = CARTESIAN_POINT('',(70.,271.5));
#591 = ( GEOMETRIC_REPRESENTATION_CONTEXT(2) 
PARAMETRIC_REPRESENTATION_CONTEXT() REPRESENTATION_CONTEXT('2D SPACE',''
  ) );
#592 = PCURVE('',#593,#598);
#593 = PLANE('',#594);
#594 = AXIS2_PLACEMENT_3D('',#595,#596,#597);
#595 = CARTESIAN_POINT('',(-412.,23.,699.));
#596 = DIRECTION('',(-0.,1.,0.));
#597 = DIRECTION('',(0.,0.,1.));
#598 = DEFINITIONAL_REPRESENTATION('',(#599),#602);
#599 = B_SPLINE_CURVE_WITH_KNOTS('',1,(#600,#601),.UNSPECIFIED.,.F.,.F.,
  (2,2),(-75.,-35.),.PIECEWISE_BEZIER_KNOTS.);
#600 = CARTESIAN_POINT('',(1.,40.));
#601 = CARTESIAN_POINT('',(1.,0.));
#602 = ( GEOMETRIC_REPRESENTATION_CONTEXT(2) 
PARAMETRIC_REPRESENTATION_CONTEXT() REPRESENTATION_CONTEXT('2D SPACE',''
  ) );
#603 = ORIENTED_EDGE('',*,*,#604,.F.);
#604 = EDGE_CURVE('',#525,#579,#605,.T.);
#605 = SURFACE_CURVE('',#606,(#610,#616),.PCURVE_S1.);
#606 = LINE('',#607,#608);
#607 = CARTESIAN_POINT('',(-372.,-127.75,700.));
#608 = VECTOR('',#609,1.);
#609 = DIRECTION('',(-0.,1.,0.));
#610 = PCURVE('',#72,#611);
#611 = DEFINITIONAL_REPRESENTATION('',(#612),#615);
#612 = B_SPLINE_CURVE_WITH_KNOTS('',1,(#613,#614),.UNSPECIFIED.,.F.,.F.,
  (2,2),(120.75,150.75),.PIECEWISE_BEZIER_KNOTS.);
#613 = CARTESIAN_POINT('',(110.,241.5));
#614 = CARTESIAN_POINT('',(110.,271.5));
#615 = ( GEOMETRIC_REPRESENTATION_CONTEXT(2) 
PARAMETRIC_REPRESENTATION_CONTEXT() REPRESENTATION_CONTEXT('2D SPACE',''
  ) );
#616 = PCURVE('',#617,#622);
#617 = PLANE('',#618);
#618 = AXIS2_PLACEMENT_3D('',#619,#620,#621);
#619 = CARTESIAN_POINT('',(-372.,-7.,699.));
#620 = DIRECTION('',(1.,0.,-0.));
#621 = DIRECTION('',(0.,0.,1.));
#622 = DEFINITIONAL_REPRESENTATION('',(#623),#626);
#623 = B_SPLINE_CURVE_WITH_KNOTS('',1,(#624,#625),.UNSPECIFIED.,.F.,.F.,
  (2,2),(120.75,150.75),.PIECEWISE_BEZIER_KNOTS.);
#624 = CARTESIAN_POINT('',(1.,0.));
#625 = CARTESIAN_POINT('',(1.,-30.));
#626 = ( GEOMETRIC_REPRESENTATION_CONTEXT(2) 
PARAMETRIC_REPRESENTATION_CONTEXT() REPRESENTATION_CONTEXT('2D SPACE',''
  ) );
#627 = FACE_BOUND('',#628,.F.);
#628 = EDGE_LOOP('',(#629));
#629 = ORIENTED_EDGE('',*,*,#630,.F.);
#630 = EDGE_CURVE('',#631,#631,#633,.T.);
#631 = VERTEX_POINT('',#632);
#632 = CARTESIAN_POINT('',(-329.25,60.,700.));
#633 = SURFACE_CURVE('',#634,(#639,#646),.PCURVE_S1.);
#634 = CIRCLE('',#635,2.75);
#635 = AXIS2_PLACEMENT_3D('',#636,#637,#638);
#636 = CARTESIAN_POINT('',(-332.,60.,700.));
#637 = DIRECTION('',(0.,0.,1.));
#638 = DIRECTION('',(1.,0.,-0.));
#639 = PCURVE('',#72,#640);
#640 = DEFINITIONAL_REPRESENTATION('',(#641),#645);
#641 = CIRCLE('',#642,2.75);
#642 = AXIS2_PLACEMENT_2D('',#643,#644);
#643 = CARTESIAN_POINT('',(150.,308.5));
#644 = DIRECTION('',(1.,0.));
#645 = ( GEOMETRIC_REPRESENTATION_CONTEXT(2) 
PARAMETRIC_REPRESENTATION_CONTEXT() REPRESENTATION_CONTEXT('2D SPACE',''
  ) );
#646 = PCURVE('',#647,#652);
#647 = CYLINDRICAL_SURFACE('',#648,2.75);
#648 = AXIS2_PLACEMENT_3D('',#649,#650,#651);
#649 = CARTESIAN_POINT('',(-332.,60.,699.));
#650 = DIRECTION('',(0.,0.,1.));
#651 = DIRECTION('',(1.,0.,-0.));
#652 = DEFINITIONAL_REPRESENTATION('',(#653),#657);
#653 = LINE('',#654,#655);
#654 = CARTESIAN_POINT('',(0.,1.));
#655 = VECTOR('',#656,1.);
#656 = DIRECTION('',(1.,0.));
#657 = ( GEOMETRIC_REPRESENTATION_CONTEXT(2) 
PARAMETRIC_REPRESENTATION_CONTEXT() REPRESENTATION_CONTEXT('2D SPACE',''
  ) );
#658 = ADVANCED_FACE('',(#659,#707),#100,.T.);
#659 = FACE_BOUND('',#660,.T.);
#660 = EDGE_LOOP('',(#661,#662,#663,#686));
#661 = ORIENTED_EDGE('',*,*,#408,.F.);
#662 = ORIENTED_EDGE('',*,*,#84,.T.);
#663 = ORIENTED_EDGE('',*,*,#664,.T.);
#664 = EDGE_CURVE('',#85,#665,#667,.T.);
#665 = VERTEX_POINT('',#666);
#666 = CARTESIAN_POINT('',(-302.,110.,1.23E+03));
#667 = SURFACE_CURVE('',#668,(#672,#679),.PCURVE_S1.);
#668 = LINE('',#669,#670);
#669 = CARTESIAN_POINT('',(-482.,110.,1.23E+03));
#670 = VECTOR('',#671,1.);
#671 = DIRECTION('',(1.,0.,-0.));
#672 = PCURVE('',#100,#673);
#673 = DEFINITIONAL_REPRESENTATION('',(#674),#678);
#674 = LINE('',#675,#676);
#675 = CARTESIAN_POINT('',(530.,0.));
#676 = VECTOR('',#677,1.);
#677 = DIRECTION('',(0.,1.));
#678 = ( GEOMETRIC_REPRESENTATION_CONTEXT(2) 
PARAMETRIC_REPRESENTATION_CONTEXT() REPRESENTATION_CONTEXT('2D SPACE',''
  ) );
#679 = PCURVE('',#128,#680);
#680 = DEFINITIONAL_REPRESENTATION('',(#681),#685);
#681 = LINE('',#682,#683);
#682 = CARTESIAN_POINT('',(0.,358.5));
#683 = VECTOR('',#684,1.);
#684 = DIRECTION('',(1.,0.));
#685 = ( GEOMETRIC_REPRESENTATION_CONTEXT(2) 
PARAMETRIC_REPRESENTATION_CONTEXT() REPRESENTATION_CONTEXT('2D SPACE',''
  ) );
#686 = ORIENTED_EDGE('',*,*,#687,.F.);
#687 = EDGE_CURVE('',#386,#665,#688,.T.);
#688 = SURFACE_CURVE('',#689,(#693,#700),.PCURVE_S1.);
#689 = LINE('',#690,#691);
#690 = CARTESIAN_POINT('',(-302.,110.,700.));
#691 = VECTOR('',#692,1.);
#692 = DIRECTION('',(0.,0.,1.));
#693 = PCURVE('',#100,#694);
#694 = DEFINITIONAL_REPRESENTATION('',(#695),#699);
#695 = LINE('',#696,#697);
#696 = CARTESIAN_POINT('',(0.,180.));
#697 = VECTOR('',#698,1.);
#698 = DIRECTION('',(1.,0.));
#699 = ( GEOMETRIC_REPRESENTATION_CONTEXT(2) 
PARAMETRIC_REPRESENTATION_CONTEXT() REPRESENTATION_CONTEXT('2D SPACE',''
  ) );
#700 = PCURVE('',#258,#701);
#701 = DEFINITIONAL_REPRESENTATION('',(#702),#706);
#702 = LINE('',#703,#704);
#703 = CARTESIAN_POINT('',(0.,-358.5));
#704 = VECTOR('',#705,1.);
#705 = DIRECTION('',(1.,0.));
#706 = ( GEOMETRIC_REPRESENTATION_CONTEXT(2) 
PARAMETRIC_REPRESENTATION_CONTEXT() REPRESENTATION_CONTEXT('2D SPACE',''
  ) );
#707 = FACE_BOUND('',#708,.T.);
#708 = EDGE_LOOP('',(#709,#737,#763,#789));
#709 = ORIENTED_EDGE('',*,*,#710,.F.);
#710 = EDGE_CURVE('',#711,#713,#715,.T.);
#711 = VERTEX_POINT('',#712);
#712 = CARTESIAN_POINT('',(-422.,110.,1.2E+03));
#713 = VERTEX_POINT('',#714);
#714 = CARTESIAN_POINT('',(-362.,110.,1.2E+03));
#715 = SURFACE_CURVE('',#716,(#720,#726),.PCURVE_S1.);
#716 = LINE('',#717,#718);
#717 = CARTESIAN_POINT('',(-452.,110.,1.2E+03));
#718 = VECTOR('',#719,1.);
#719 = DIRECTION('',(1.,0.,-0.));
#720 = PCURVE('',#100,#721);
#721 = DEFINITIONAL_REPRESENTATION('',(#722),#725);
#722 = B_SPLINE_CURVE_WITH_KNOTS('',1,(#723,#724),.UNSPECIFIED.,.F.,.F.,
  (2,2),(30.,90.),.PIECEWISE_BEZIER_KNOTS.);
#723 = CARTESIAN_POINT('',(500.,60.));
#724 = CARTESIAN_POINT('',(500.,120.));
#725 = ( GEOMETRIC_REPRESENTATION_CONTEXT(2) 
PARAMETRIC_REPRESENTATION_CONTEXT() REPRESENTATION_CONTEXT('2D SPACE',''
  ) );
#726 = PCURVE('',#727,#732);
#727 = PLANE('',#728);
#728 = AXIS2_PLACEMENT_3D('',#729,#730,#731);
#729 = CARTESIAN_POINT('',(-422.,107.5,1.2E+03));
#730 = DIRECTION('',(0.,0.,1.));
#731 = DIRECTION('',(1.,0.,-0.));
#732 = DEFINITIONAL_REPRESENTATION('',(#733),#736);
#733 = B_SPLINE_CURVE_WITH_KNOTS('',1,(#734,#735),.UNSPECIFIED.,.F.,.F.,
  (2,2),(30.,90.),.PIECEWISE_BEZIER_KNOTS.);
#734 = CARTESIAN_POINT('',(0.,2.5));
#735 = CARTESIAN_POINT('',(60.,2.5));
#736 = ( GEOMETRIC_REPRESENTATION_CONTEXT(2) 
PARAMETRIC_REPRESENTATION_CONTEXT() REPRESENTATION_CONTEXT('2D SPACE',''
  ) );
#737 = ORIENTED_EDGE('',*,*,#738,.T.);
#738 = EDGE_CURVE('',#711,#739,#741,.T.);
#739 = VERTEX_POINT('',#740);
#740 = CARTESIAN_POINT('',(-422.,110.,1.14E+03));
#741 = SURFACE_CURVE('',#742,(#746,#752),.PCURVE_S1.);
#742 = LINE('',#743,#744);
#743 = CARTESIAN_POINT('',(-422.,110.,920.));
#744 = VECTOR('',#745,1.);
#745 = DIRECTION('',(-0.,0.,-1.));
#746 = PCURVE('',#100,#747);
#747 = DEFINITIONAL_REPRESENTATION('',(#748),#751);
#748 = B_SPLINE_CURVE_WITH_KNOTS('',1,(#749,#750),.UNSPECIFIED.,.F.,.F.,
  (2,2),(-280.,-220.),.PIECEWISE_BEZIER_KNOTS.);
#749 = CARTESIAN_POINT('',(500.,60.));
#750 = CARTESIAN_POINT('',(440.,60.));
#751 = ( GEOMETRIC_REPRESENTATION_CONTEXT(2) 
PARAMETRIC_REPRESENTATION_CONTEXT() REPRESENTATION_CONTEXT('2D SPACE',''
  ) );
#752 = PCURVE('',#753,#758);
#753 = PLANE('',#754);
#754 = AXIS2_PLACEMENT_3D('',#755,#756,#757);
#755 = CARTESIAN_POINT('',(-422.,107.5,1.14E+03));
#756 = DIRECTION('',(1.,0.,-0.));
#757 = DIRECTION('',(0.,0.,1.));
#758 = DEFINITIONAL_REPRESENTATION('',(#759),#762);
#759 = B_SPLINE_CURVE_WITH_KNOTS('',1,(#760,#761),.UNSPECIFIED.,.F.,.F.,
  (2,2),(-280.,-220.),.PIECEWISE_BEZIER_KNOTS.);
#760 = CARTESIAN_POINT('',(60.,-2.5));
#761 = CARTESIAN_POINT('',(0.,-2.5));
#762 = ( GEOMETRIC_REPRESENTATION_CONTEXT(2) 
PARAMETRIC_REPRESENTATION_CONTEXT() REPRESENTATION_CONTEXT('2D SPACE',''
  ) );
#763 = ORIENTED_EDGE('',*,*,#764,.T.);
#764 = EDGE_CURVE('',#739,#765,#767,.T.);
#765 = VERTEX_POINT('',#766);
#766 = CARTESIAN_POINT('',(-362.,110.,1.14E+03));
#767 = SURFACE_CURVE('',#768,(#772,#778),.PCURVE_S1.);
#768 = LINE('',#769,#770);
#769 = CARTESIAN_POINT('',(-452.,110.,1.14E+03));
#770 = VECTOR('',#771,1.);
#771 = DIRECTION('',(1.,0.,-0.));
#772 = PCURVE('',#100,#773);
#773 = DEFINITIONAL_REPRESENTATION('',(#774),#777);
#774 = B_SPLINE_CURVE_WITH_KNOTS('',1,(#775,#776),.UNSPECIFIED.,.F.,.F.,
  (2,2),(30.,90.),.PIECEWISE_BEZIER_KNOTS.);
#775 = CARTESIAN_POINT('',(440.,60.));
#776 = CARTESIAN_POINT('',(440.,120.));
#777 = ( GEOMETRIC_REPRESENTATION_CONTEXT(2) 
PARAMETRIC_REPRESENTATION_CONTEXT() REPRESENTATION_CONTEXT('2D SPACE',''
  ) );
#778 = PCURVE('',#779,#784);
#779 = PLANE('',#780);
#780 = AXIS2_PLACEMENT_3D('',#781,#782,#783);
#781 = CARTESIAN_POINT('',(-422.,107.5,1.14E+03));
#782 = DIRECTION('',(0.,0.,1.));
#783 = DIRECTION('',(1.,0.,-0.));
#784 = DEFINITIONAL_REPRESENTATION('',(#785),#788);
#785 = B_SPLINE_CURVE_WITH_KNOTS('',1,(#786,#787),.UNSPECIFIED.,.F.,.F.,
  (2,2),(30.,90.),.PIECEWISE_BEZIER_KNOTS.);
#786 = CARTESIAN_POINT('',(0.,2.5));
#787 = CARTESIAN_POINT('',(60.,2.5));
#788 = ( GEOMETRIC_REPRESENTATION_CONTEXT(2) 
PARAMETRIC_REPRESENTATION_CONTEXT() REPRESENTATION_CONTEXT('2D SPACE',''
  ) );
#789 = ORIENTED_EDGE('',*,*,#790,.F.);
#790 = EDGE_CURVE('',#713,#765,#791,.T.);
#791 = SURFACE_CURVE('',#792,(#796,#802),.PCURVE_S1.);
#792 = LINE('',#793,#794);
#793 = CARTESIAN_POINT('',(-362.,110.,920.));
#794 = VECTOR('',#795,1.);
#795 = DIRECTION('',(-0.,0.,-1.));
#796 = PCURVE('',#100,#797);
#797 = DEFINITIONAL_REPRESENTATION('',(#798),#801);
#798 = B_SPLINE_CURVE_WITH_KNOTS('',1,(#799,#800),.UNSPECIFIED.,.F.,.F.,
  (2,2),(-280.,-220.),.PIECEWISE_BEZIER_KNOTS.);
#799 = CARTESIAN_POINT('',(500.,120.));
#800 = CARTESIAN_POINT('',(440.,120.));
#801 = ( GEOMETRIC_REPRESENTATION_CONTEXT(2) 
PARAMETRIC_REPRESENTATION_CONTEXT() REPRESENTATION_CONTEXT('2D SPACE',''
  ) );
#802 = PCURVE('',#803,#808);
#803 = PLANE('',#804);
#804 = AXIS2_PLACEMENT_3D('',#805,#806,#807);
#805 = CARTESIAN_POINT('',(-362.,107.5,1.14E+03));
#806 = DIRECTION('',(1.,0.,-0.));
#807 = DIRECTION('',(0.,0.,1.));
#808 = DEFINITIONAL_REPRESENTATION('',(#809),#812);
#809 = B_SPLINE_CURVE_WITH_KNOTS('',1,(#810,#811),.UNSPECIFIED.,.F.,.F.,
  (2,2),(-280.,-220.),.PIECEWISE_BEZIER_KNOTS.);
#810 = CARTESIAN_POINT('',(60.,-2.5));
#811 = CARTESIAN_POINT('',(0.,-2.5));
#812 = ( GEOMETRIC_REPRESENTATION_CONTEXT(2) 
PARAMETRIC_REPRESENTATION_CONTEXT() REPRESENTATION_CONTEXT('2D SPACE',''
  ) );
#813 = ADVANCED_FACE('',(#814),#128,.T.);
#814 = FACE_BOUND('',#815,.T.);
#815 = EDGE_LOOP('',(#816,#817,#840,#861));
#816 = ORIENTED_EDGE('',*,*,#112,.F.);
#817 = ORIENTED_EDGE('',*,*,#818,.T.);
#818 = EDGE_CURVE('',#113,#819,#821,.T.);
#819 = VERTEX_POINT('',#820);
#820 = CARTESIAN_POINT('',(-302.,-247.,1.23E+03));
#821 = SURFACE_CURVE('',#822,(#826,#833),.PCURVE_S1.);
#822 = LINE('',#823,#824);
#823 = CARTESIAN_POINT('',(-482.,-247.,1.23E+03));
#824 = VECTOR('',#825,1.);
#825 = DIRECTION('',(1.,0.,-0.));
#826 = PCURVE('',#128,#827);
#827 = DEFINITIONAL_REPRESENTATION('',(#828),#832);
#828 = LINE('',#829,#830);
#829 = CARTESIAN_POINT('',(0.,1.5));
#830 = VECTOR('',#831,1.);
#831 = DIRECTION('',(1.,0.));
#832 = ( GEOMETRIC_REPRESENTATION_CONTEXT(2) 
PARAMETRIC_REPRESENTATION_CONTEXT() REPRESENTATION_CONTEXT('2D SPACE',''
  ) );
#833 = PCURVE('',#156,#834);
#834 = DEFINITIONAL_REPRESENTATION('',(#835),#839);
#835 = LINE('',#836,#837);
#836 = CARTESIAN_POINT('',(0.,0.));
#837 = VECTOR('',#838,1.);
#838 = DIRECTION('',(0.,1.));
#839 = ( GEOMETRIC_REPRESENTATION_CONTEXT(2) 
PARAMETRIC_REPRESENTATION_CONTEXT() REPRESENTATION_CONTEXT('2D SPACE',''
  ) );
#840 = ORIENTED_EDGE('',*,*,#841,.T.);
#841 = EDGE_CURVE('',#819,#665,#842,.T.);
#842 = SURFACE_CURVE('',#843,(#847,#854),.PCURVE_S1.);
#843 = LINE('',#844,#845);
#844 = CARTESIAN_POINT('',(-302.,-248.5,1.23E+03));
#845 = VECTOR('',#846,1.);
#846 = DIRECTION('',(-0.,1.,0.));
#847 = PCURVE('',#128,#848);
#848 = DEFINITIONAL_REPRESENTATION('',(#849),#853);
#849 = LINE('',#850,#851);
#850 = CARTESIAN_POINT('',(180.,0.));
#851 = VECTOR('',#852,1.);
#852 = DIRECTION('',(0.,1.));
#853 = ( GEOMETRIC_REPRESENTATION_CONTEXT(2) 
PARAMETRIC_REPRESENTATION_CONTEXT() REPRESENTATION_CONTEXT('2D SPACE',''
  ) );
#854 = PCURVE('',#258,#855);
#855 = DEFINITIONAL_REPRESENTATION('',(#856),#860);
#856 = LINE('',#857,#858);
#857 = CARTESIAN_POINT('',(530.,0.));
#858 = VECTOR('',#859,1.);
#859 = DIRECTION('',(0.,-1.));
#860 = ( GEOMETRIC_REPRESENTATION_CONTEXT(2) 
PARAMETRIC_REPRESENTATION_CONTEXT() REPRESENTATION_CONTEXT('2D SPACE',''
  ) );
#861 = ORIENTED_EDGE('',*,*,#664,.F.);
#862 = ADVANCED_FACE('',(#863),#156,.T.);
#863 = FACE_BOUND('',#864,.T.);
#864 = EDGE_LOOP('',(#865,#866,#867,#890));
#865 = ORIENTED_EDGE('',*,*,#818,.F.);
#866 = ORIENTED_EDGE('',*,*,#140,.T.);
#867 = ORIENTED_EDGE('',*,*,#868,.T.);
#868 = EDGE_CURVE('',#141,#869,#871,.T.);
#869 = VERTEX_POINT('',#870);
#870 = CARTESIAN_POINT('',(-302.,-247.,1.245E+03));
#871 = SURFACE_CURVE('',#872,(#876,#883),.PCURVE_S1.);
#872 = LINE('',#873,#874);
#873 = CARTESIAN_POINT('',(-482.,-247.,1.245E+03));
#874 = VECTOR('',#875,1.);
#875 = DIRECTION('',(1.,0.,-0.));
#876 = PCURVE('',#156,#877);
#877 = DEFINITIONAL_REPRESENTATION('',(#878),#882);
#878 = LINE('',#879,#880);
#879 = CARTESIAN_POINT('',(15.,0.));
#880 = VECTOR('',#881,1.);
#881 = DIRECTION('',(0.,1.));
#882 = ( GEOMETRIC_REPRESENTATION_CONTEXT(2) 
PARAMETRIC_REPRESENTATION_CONTEXT() REPRESENTATION_CONTEXT('2D SPACE',''
  ) );
#883 = PCURVE('',#182,#884);
#884 = DEFINITIONAL_REPRESENTATION('',(#885),#889);
#885 = LINE('',#886,#887);
#886 = CARTESIAN_POINT('',(0.,1.5));
#887 = VECTOR('',#888,1.);
#888 = DIRECTION('',(1.,0.));
#889 = ( GEOMETRIC_REPRESENTATION_CONTEXT(2) 
PARAMETRIC_REPRESENTATION_CONTEXT() REPRESENTATION_CONTEXT('2D SPACE',''
  ) );
#890 = ORIENTED_EDGE('',*,*,#891,.F.);
#891 = EDGE_CURVE('',#819,#869,#892,.T.);
#892 = SURFACE_CURVE('',#893,(#897,#904),.PCURVE_S1.);
#893 = LINE('',#894,#895);
#894 = CARTESIAN_POINT('',(-302.,-247.,1.23E+03));
#895 = VECTOR('',#896,1.);
#896 = DIRECTION('',(0.,0.,1.));
#897 = PCURVE('',#156,#898);
#898 = DEFINITIONAL_REPRESENTATION('',(#899),#903);
#899 = LINE('',#900,#901);
#900 = CARTESIAN_POINT('',(0.,180.));
#901 = VECTOR('',#902,1.);
#902 = DIRECTION('',(1.,0.));
#903 = ( GEOMETRIC_REPRESENTATION_CONTEXT(2) 
PARAMETRIC_REPRESENTATION_CONTEXT() REPRESENTATION_CONTEXT('2D SPACE',''
  ) );
#904 = PCURVE('',#258,#905);
#905 = DEFINITIONAL_REPRESENTATION('',(#906),#910);
#906 = LINE('',#907,#908);
#907 = CARTESIAN_POINT('',(530.,-1.5));
#908 = VECTOR('',#909,1.);
#909 = DIRECTION('',(1.,0.));
#910 = ( GEOMETRIC_REPRESENTATION_CONTEXT(2) 
PARAMETRIC_REPRESENTATION_CONTEXT() REPRESENTATION_CONTEXT('2D SPACE',''
  ) );
#911 = ADVANCED_FACE('',(#912),#182,.T.);
#912 = FACE_BOUND('',#913,.T.);
#913 = EDGE_LOOP('',(#914,#915,#916,#937));
#914 = ORIENTED_EDGE('',*,*,#168,.F.);
#915 = ORIENTED_EDGE('',*,*,#221,.T.);
#916 = ORIENTED_EDGE('',*,*,#917,.T.);
#917 = EDGE_CURVE('',#222,#869,#918,.T.);
#918 = SURFACE_CURVE('',#919,(#923,#930),.PCURVE_S1.);
#919 = LINE('',#920,#921);
#920 = CARTESIAN_POINT('',(-302.,-248.5,1.245E+03));
#921 = VECTOR('',#922,1.);
#922 = DIRECTION('',(-0.,1.,0.));
#923 = PCURVE('',#182,#924);
#924 = DEFINITIONAL_REPRESENTATION('',(#925),#929);
#925 = LINE('',#926,#927);
#926 = CARTESIAN_POINT('',(180.,0.));
#927 = VECTOR('',#928,1.);
#928 = DIRECTION('',(0.,1.));
#929 = ( GEOMETRIC_REPRESENTATION_CONTEXT(2) 
PARAMETRIC_REPRESENTATION_CONTEXT() REPRESENTATION_CONTEXT('2D SPACE',''
  ) );
#930 = PCURVE('',#258,#931);
#931 = DEFINITIONAL_REPRESENTATION('',(#932),#936);
#932 = LINE('',#933,#934);
#933 = CARTESIAN_POINT('',(545.,0.));
#934 = VECTOR('',#935,1.);
#935 = DIRECTION('',(0.,-1.));
#936 = ( GEOMETRIC_REPRESENTATION_CONTEXT(2) 
PARAMETRIC_REPRESENTATION_CONTEXT() REPRESENTATION_CONTEXT('2D SPACE',''
  ) );
#937 = ORIENTED_EDGE('',*,*,#868,.F.);
#938 = ADVANCED_FACE('',(#939),#258,.T.);
#939 = FACE_BOUND('',#940,.T.);
#940 = EDGE_LOOP('',(#941,#942,#943,#944,#945,#946));
#941 = ORIENTED_EDGE('',*,*,#244,.F.);
#942 = ORIENTED_EDGE('',*,*,#385,.T.);
#943 = ORIENTED_EDGE('',*,*,#687,.T.);
#944 = ORIENTED_EDGE('',*,*,#841,.F.);
#945 = ORIENTED_EDGE('',*,*,#891,.T.);
#946 = ORIENTED_EDGE('',*,*,#917,.F.);
#947 = ADVANCED_FACE('',(#948),#290,.F.);
#948 = FACE_BOUND('',#949,.F.);
#949 = EDGE_LOOP('',(#950,#973,#974,#997));
#950 = ORIENTED_EDGE('',*,*,#951,.F.);
#951 = EDGE_CURVE('',#273,#952,#954,.T.);
#952 = VERTEX_POINT('',#953);
#953 = CARTESIAN_POINT('',(-480.5,108.5,1.2285E+03));
#954 = SURFACE_CURVE('',#955,(#959,#966),.PCURVE_S1.);
#955 = LINE('',#956,#957);
#956 = CARTESIAN_POINT('',(-480.5,-249.5,1.2285E+03));
#957 = VECTOR('',#958,1.);
#958 = DIRECTION('',(-0.,1.,0.));
#959 = PCURVE('',#290,#960);
#960 = DEFINITIONAL_REPRESENTATION('',(#961),#965);
#961 = LINE('',#962,#963);
#962 = CARTESIAN_POINT('',(0.,0.));
#963 = VECTOR('',#964,1.);
#964 = DIRECTION('',(0.,1.));
#965 = ( GEOMETRIC_REPRESENTATION_CONTEXT(2) 
PARAMETRIC_REPRESENTATION_CONTEXT() REPRESENTATION_CONTEXT('2D SPACE',''
  ) );
#966 = PCURVE('',#317,#967);
#967 = DEFINITIONAL_REPRESENTATION('',(#968),#972);
#968 = LINE('',#969,#970);
#969 = CARTESIAN_POINT('',(527.,0.));
#970 = VECTOR('',#971,1.);
#971 = DIRECTION('',(0.,-1.));
#972 = ( GEOMETRIC_REPRESENTATION_CONTEXT(2) 
PARAMETRIC_REPRESENTATION_CONTEXT() REPRESENTATION_CONTEXT('2D SPACE',''
  ) );
#973 = ORIENTED_EDGE('',*,*,#272,.T.);
#974 = ORIENTED_EDGE('',*,*,#975,.T.);
#975 = EDGE_CURVE('',#275,#976,#978,.T.);
#976 = VERTEX_POINT('',#977);
#977 = CARTESIAN_POINT('',(-303.5,108.5,1.2285E+03));
#978 = SURFACE_CURVE('',#979,(#983,#990),.PCURVE_S1.);
#979 = LINE('',#980,#981);
#980 = CARTESIAN_POINT('',(-303.5,-249.5,1.2285E+03));
#981 = VECTOR('',#982,1.);
#982 = DIRECTION('',(-0.,1.,0.));
#983 = PCURVE('',#290,#984);
#984 = DEFINITIONAL_REPRESENTATION('',(#985),#989);
#985 = LINE('',#986,#987);
#986 = CARTESIAN_POINT('',(177.,0.));
#987 = VECTOR('',#988,1.);
#988 = DIRECTION('',(0.,1.));
#989 = ( GEOMETRIC_REPRESENTATION_CONTEXT(2) 
PARAMETRIC_REPRESENTATION_CONTEXT() REPRESENTATION_CONTEXT('2D SPACE',''
  ) );
#990 = PCURVE('',#369,#991);
#991 = DEFINITIONAL_REPRESENTATION('',(#992),#996);
#992 = LINE('',#993,#994);
#993 = CARTESIAN_POINT('',(527.,0.));
#994 = VECTOR('',#995,1.);
#995 = DIRECTION('',(0.,-1.));
#996 = ( GEOMETRIC_REPRESENTATION_CONTEXT(2) 
PARAMETRIC_REPRESENTATION_CONTEXT() REPRESENTATION_CONTEXT('2D SPACE',''
  ) );
#997 = ORIENTED_EDGE('',*,*,#998,.F.);
#998 = EDGE_CURVE('',#952,#976,#999,.T.);
#999 = SURFACE_CURVE('',#1000,(#1004,#1011),.PCURVE_S1.);
#1000 = LINE('',#1001,#1002);
#1001 = CARTESIAN_POINT('',(-480.5,108.5,1.2285E+03));
#1002 = VECTOR('',#1003,1.);
#1003 = DIRECTION('',(1.,0.,-0.));
#1004 = PCURVE('',#290,#1005);
#1005 = DEFINITIONAL_REPRESENTATION('',(#1006),#1010);
#1006 = LINE('',#1007,#1008);
#1007 = CARTESIAN_POINT('',(0.,358.));
#1008 = VECTOR('',#1009,1.);
#1009 = DIRECTION('',(1.,0.));
#1010 = ( GEOMETRIC_REPRESENTATION_CONTEXT(2) 
PARAMETRIC_REPRESENTATION_CONTEXT() REPRESENTATION_CONTEXT('2D SPACE',''
  ) );
#1011 = PCURVE('',#1012,#1017);
#1012 = PLANE('',#1013);
#1013 = AXIS2_PLACEMENT_3D('',#1014,#1015,#1016);
#1014 = CARTESIAN_POINT('',(-480.5,108.5,701.5));
#1015 = DIRECTION('',(-0.,1.,0.));
#1016 = DIRECTION('',(0.,0.,1.));
#1017 = DEFINITIONAL_REPRESENTATION('',(#1018),#1022);
#1018 = LINE('',#1019,#1020);
#1019 = CARTESIAN_POINT('',(527.,0.));
#1020 = VECTOR('',#1021,1.);
#1021 = DIRECTION('',(0.,1.));
#1022 = ( GEOMETRIC_REPRESENTATION_CONTEXT(2) 
PARAMETRIC_REPRESENTATION_CONTEXT() REPRESENTATION_CONTEXT('2D SPACE',''
  ) );
#1023 = ADVANCED_FACE('',(#1024),#317,.T.);
#1024 = FACE_BOUND('',#1025,.T.);
#1025 = EDGE_LOOP('',(#1026,#1027,#1028,#1051));
#1026 = ORIENTED_EDGE('',*,*,#951,.F.);
#1027 = ORIENTED_EDGE('',*,*,#301,.T.);
#1028 = ORIENTED_EDGE('',*,*,#1029,.T.);
#1029 = EDGE_CURVE('',#302,#1030,#1032,.T.);
#1030 = VERTEX_POINT('',#1031);
#1031 = CARTESIAN_POINT('',(-480.5,108.5,701.5));
#1032 = SURFACE_CURVE('',#1033,(#1037,#1044),.PCURVE_S1.);
#1033 = LINE('',#1034,#1035);
#1034 = CARTESIAN_POINT('',(-480.5,-249.5,701.5));
#1035 = VECTOR('',#1036,1.);
#1036 = DIRECTION('',(-0.,1.,0.));
#1037 = PCURVE('',#317,#1038);
#1038 = DEFINITIONAL_REPRESENTATION('',(#1039),#1043);
#1039 = LINE('',#1040,#1041);
#1040 = CARTESIAN_POINT('',(0.,0.));
#1041 = VECTOR('',#1042,1.);
#1042 = DIRECTION('',(0.,-1.));
#1043 = ( GEOMETRIC_REPRESENTATION_CONTEXT(2) 
PARAMETRIC_REPRESENTATION_CONTEXT() REPRESENTATION_CONTEXT('2D SPACE',''
  ) );
#1044 = PCURVE('',#344,#1045);
#1045 = DEFINITIONAL_REPRESENTATION('',(#1046),#1050);
#1046 = LINE('',#1047,#1048);
#1047 = CARTESIAN_POINT('',(0.,0.));
#1048 = VECTOR('',#1049,1.);
#1049 = DIRECTION('',(0.,1.));
#1050 = ( GEOMETRIC_REPRESENTATION_CONTEXT(2) 
PARAMETRIC_REPRESENTATION_CONTEXT() REPRESENTATION_CONTEXT('2D SPACE',''
  ) );
#1051 = ORIENTED_EDGE('',*,*,#1052,.T.);
#1052 = EDGE_CURVE('',#1030,#952,#1053,.T.);
#1053 = SURFACE_CURVE('',#1054,(#1058,#1065),.PCURVE_S1.);
#1054 = LINE('',#1055,#1056);
#1055 = CARTESIAN_POINT('',(-480.5,108.5,701.5));
#1056 = VECTOR('',#1057,1.);
#1057 = DIRECTION('',(0.,0.,1.));
#1058 = PCURVE('',#317,#1059);
#1059 = DEFINITIONAL_REPRESENTATION('',(#1060),#1064);
#1060 = LINE('',#1061,#1062);
#1061 = CARTESIAN_POINT('',(0.,-358.));
#1062 = VECTOR('',#1063,1.);
#1063 = DIRECTION('',(1.,0.));
#1064 = ( GEOMETRIC_REPRESENTATION_CONTEXT(2) 
PARAMETRIC_REPRESENTATION_CONTEXT() REPRESENTATION_CONTEXT('2D SPACE',''
  ) );
#1065 = PCURVE('',#1012,#1066);
#1066 = DEFINITIONAL_REPRESENTATION('',(#1067),#1071);
#1067 = LINE('',#1068,#1069);
#1068 = CARTESIAN_POINT('',(0.,0.));
#1069 = VECTOR('',#1070,1.);
#1070 = DIRECTION('',(1.,0.));
#1071 = ( GEOMETRIC_REPRESENTATION_CONTEXT(2) 
PARAMETRIC_REPRESENTATION_CONTEXT() REPRESENTATION_CONTEXT('2D SPACE',''
  ) );
#1072 = ADVANCED_FACE('',(#1073,#1121,#1147,#1173,#1199,#1285),#344,.T.
  );
#1073 = FACE_BOUND('',#1074,.T.);
#1074 = EDGE_LOOP('',(#1075,#1076,#1077,#1100));
#1075 = ORIENTED_EDGE('',*,*,#1029,.F.);
#1076 = ORIENTED_EDGE('',*,*,#328,.T.);
#1077 = ORIENTED_EDGE('',*,*,#1078,.T.);
#1078 = EDGE_CURVE('',#329,#1079,#1081,.T.);
#1079 = VERTEX_POINT('',#1080);
#1080 = CARTESIAN_POINT('',(-303.5,108.5,701.5));
#1081 = SURFACE_CURVE('',#1082,(#1086,#1093),.PCURVE_S1.);
#1082 = LINE('',#1083,#1084);
#1083 = CARTESIAN_POINT('',(-303.5,-249.5,701.5));
#1084 = VECTOR('',#1085,1.);
#1085 = DIRECTION('',(-0.,1.,0.));
#1086 = PCURVE('',#344,#1087);
#1087 = DEFINITIONAL_REPRESENTATION('',(#1088),#1092);
#1088 = LINE('',#1089,#1090);
#1089 = CARTESIAN_POINT('',(177.,0.));
#1090 = VECTOR('',#1091,1.);
#1091 = DIRECTION('',(0.,1.));
#1092 = ( GEOMETRIC_REPRESENTATION_CONTEXT(2) 
PARAMETRIC_REPRESENTATION_CONTEXT() REPRESENTATION_CONTEXT('2D SPACE',''
  ) );
#1093 = PCURVE('',#369,#1094);
#1094 = DEFINITIONAL_REPRESENTATION('',(#1095),#1099);
#1095 = LINE('',#1096,#1097);
#1096 = CARTESIAN_POINT('',(0.,0.));
#1097 = VECTOR('',#1098,1.);
#1098 = DIRECTION('',(0.,-1.));
#1099 = ( GEOMETRIC_REPRESENTATION_CONTEXT(2) 
PARAMETRIC_REPRESENTATION_CONTEXT() REPRESENTATION_CONTEXT('2D SPACE',''
  ) );
#1100 = ORIENTED_EDGE('',*,*,#1101,.F.);
#1101 = EDGE_CURVE('',#1030,#1079,#1102,.T.);
#1102 = SURFACE_CURVE('',#1103,(#1107,#1114),.PCURVE_S1.);
#1103 = LINE('',#1104,#1105);
#1104 = CARTESIAN_POINT('',(-480.5,108.5,701.5));
#1105 = VECTOR('',#1106,1.);
#1106 = DIRECTION('',(1.,0.,-0.));
#1107 = PCURVE('',#344,#1108);
#1108 = DEFINITIONAL_REPRESENTATION('',(#1109),#1113);
#1109 = LINE('',#1110,#1111);
#1110 = CARTESIAN_POINT('',(0.,358.));
#1111 = VECTOR('',#1112,1.);
#1112 = DIRECTION('',(1.,0.));
#1113 = ( GEOMETRIC_REPRESENTATION_CONTEXT(2) 
PARAMETRIC_REPRESENTATION_CONTEXT() REPRESENTATION_CONTEXT('2D SPACE',''
  ) );
#1114 = PCURVE('',#1012,#1115);
#1115 = DEFINITIONAL_REPRESENTATION('',(#1116),#1120);
#1116 = LINE('',#1117,#1118);
#1117 = CARTESIAN_POINT('',(0.,0.));
#1118 = VECTOR('',#1119,1.);
#1119 = DIRECTION('',(0.,1.));
#1120 = ( GEOMETRIC_REPRESENTATION_CONTEXT(2) 
PARAMETRIC_REPRESENTATION_CONTEXT() REPRESENTATION_CONTEXT('2D SPACE',''
  ) );
#1121 = FACE_BOUND('',#1122,.T.);
#1122 = EDGE_LOOP('',(#1123));
#1123 = ORIENTED_EDGE('',*,*,#1124,.F.);
#1124 = EDGE_CURVE('',#1125,#1125,#1127,.T.);
#1125 = VERTEX_POINT('',#1126);
#1126 = CARTESIAN_POINT('',(-449.25,-60.,701.5));
#1127 = SURFACE_CURVE('',#1128,(#1133,#1140),.PCURVE_S1.);
#1128 = CIRCLE('',#1129,2.75);
#1129 = AXIS2_PLACEMENT_3D('',#1130,#1131,#1132);
#1130 = CARTESIAN_POINT('',(-452.,-60.,701.5));
#1131 = DIRECTION('',(0.,0.,1.));
#1132 = DIRECTION('',(1.,0.,-0.));
#1133 = PCURVE('',#344,#1134);
#1134 = DEFINITIONAL_REPRESENTATION('',(#1135),#1139);
#1135 = CIRCLE('',#1136,2.75);
#1136 = AXIS2_PLACEMENT_2D('',#1137,#1138);
#1137 = CARTESIAN_POINT('',(28.5,189.5));
#1138 = DIRECTION('',(1.,0.));
#1139 = ( GEOMETRIC_REPRESENTATION_CONTEXT(2) 
PARAMETRIC_REPRESENTATION_CONTEXT() REPRESENTATION_CONTEXT('2D SPACE',''
  ) );
#1140 = PCURVE('',#448,#1141);
#1141 = DEFINITIONAL_REPRESENTATION('',(#1142),#1146);
#1142 = LINE('',#1143,#1144);
#1143 = CARTESIAN_POINT('',(0.,2.5));
#1144 = VECTOR('',#1145,1.);
#1145 = DIRECTION('',(1.,0.));
#1146 = ( GEOMETRIC_REPRESENTATION_CONTEXT(2) 
PARAMETRIC_REPRESENTATION_CONTEXT() REPRESENTATION_CONTEXT('2D SPACE',''
  ) );
#1147 = FACE_BOUND('',#1148,.T.);
#1148 = EDGE_LOOP('',(#1149));
#1149 = ORIENTED_EDGE('',*,*,#1150,.F.);
#1150 = EDGE_CURVE('',#1151,#1151,#1153,.T.);
#1151 = VERTEX_POINT('',#1152);
#1152 = CARTESIAN_POINT('',(-329.25,-60.,701.5));
#1153 = SURFACE_CURVE('',#1154,(#1159,#1166),.PCURVE_S1.);
#1154 = CIRCLE('',#1155,2.75);
#1155 = AXIS2_PLACEMENT_3D('',#1156,#1157,#1158);
#1156 = CARTESIAN_POINT('',(-332.,-60.,701.5));
#1157 = DIRECTION('',(0.,0.,1.));
#1158 = DIRECTION('',(1.,0.,-0.));
#1159 = PCURVE('',#344,#1160);
#1160 = DEFINITIONAL_REPRESENTATION('',(#1161),#1165);
#1161 = CIRCLE('',#1162,2.75);
#1162 = AXIS2_PLACEMENT_2D('',#1163,#1164);
#1163 = CARTESIAN_POINT('',(148.5,189.5));
#1164 = DIRECTION('',(1.,0.));
#1165 = ( GEOMETRIC_REPRESENTATION_CONTEXT(2) 
PARAMETRIC_REPRESENTATION_CONTEXT() REPRESENTATION_CONTEXT('2D SPACE',''
  ) );
#1166 = PCURVE('',#479,#1167);
#1167 = DEFINITIONAL_REPRESENTATION('',(#1168),#1172);
#1168 = LINE('',#1169,#1170);
#1169 = CARTESIAN_POINT('',(0.,2.5));
#1170 = VECTOR('',#1171,1.);
#1171 = DIRECTION('',(1.,0.));
#1172 = ( GEOMETRIC_REPRESENTATION_CONTEXT(2) 
PARAMETRIC_REPRESENTATION_CONTEXT() REPRESENTATION_CONTEXT('2D SPACE',''
  ) );
#1173 = FACE_BOUND('',#1174,.T.);
#1174 = EDGE_LOOP('',(#1175));
#1175 = ORIENTED_EDGE('',*,*,#1176,.F.);
#1176 = EDGE_CURVE('',#1177,#1177,#1179,.T.);
#1177 = VERTEX_POINT('',#1178);
#1178 = CARTESIAN_POINT('',(-449.25,60.,701.5));
#1179 = SURFACE_CURVE('',#1180,(#1185,#1192),.PCURVE_S1.);
#1180 = CIRCLE('',#1181,2.75);
#1181 = AXIS2_PLACEMENT_3D('',#1182,#1183,#1184);
#1182 = CARTESIAN_POINT('',(-452.,60.,701.5));
#1183 = DIRECTION('',(0.,0.,1.));
#1184 = DIRECTION('',(1.,0.,-0.));
#1185 = PCURVE('',#344,#1186);
#1186 = DEFINITIONAL_REPRESENTATION('',(#1187),#1191);
#1187 = CIRCLE('',#1188,2.75);
#1188 = AXIS2_PLACEMENT_2D('',#1189,#1190);
#1189 = CARTESIAN_POINT('',(28.5,309.5));
#1190 = DIRECTION('',(1.,0.));
#1191 = ( GEOMETRIC_REPRESENTATION_CONTEXT(2) 
PARAMETRIC_REPRESENTATION_CONTEXT() REPRESENTATION_CONTEXT('2D SPACE',''
  ) );
#1192 = PCURVE('',#510,#1193);
#1193 = DEFINITIONAL_REPRESENTATION('',(#1194),#1198);
#1194 = LINE('',#1195,#1196);
#1195 = CARTESIAN_POINT('',(0.,2.5));
#1196 = VECTOR('',#1197,1.);
#1197 = DIRECTION('',(1.,0.));
#1198 = ( GEOMETRIC_REPRESENTATION_CONTEXT(2) 
PARAMETRIC_REPRESENTATION_CONTEXT() REPRESENTATION_CONTEXT('2D SPACE',''
  ) );
#1199 = FACE_BOUND('',#1200,.T.);
#1200 = EDGE_LOOP('',(#1201,#1224,#1245,#1266));
#1201 = ORIENTED_EDGE('',*,*,#1202,.T.);
#1202 = EDGE_CURVE('',#1203,#1205,#1207,.T.);
#1203 = VERTEX_POINT('',#1204);
#1204 = CARTESIAN_POINT('',(-372.,-7.,701.5));
#1205 = VERTEX_POINT('',#1206);
#1206 = CARTESIAN_POINT('',(-412.,-7.,701.5));
#1207 = SURFACE_CURVE('',#1208,(#1212,#1218),.PCURVE_S1.);
#1208 = LINE('',#1209,#1210);
#1209 = CARTESIAN_POINT('',(-446.25,-7.,701.5));
#1210 = VECTOR('',#1211,1.);
#1211 = DIRECTION('',(-1.,-0.,0.));
#1212 = PCURVE('',#344,#1213);
#1213 = DEFINITIONAL_REPRESENTATION('',(#1214),#1217);
#1214 = B_SPLINE_CURVE_WITH_KNOTS('',1,(#1215,#1216),.UNSPECIFIED.,.F.,
  .F.,(2,2),(-74.25,-34.25),.PIECEWISE_BEZIER_KNOTS.);
#1215 = CARTESIAN_POINT('',(108.5,242.5));
#1216 = CARTESIAN_POINT('',(68.5,242.5));
#1217 = ( GEOMETRIC_REPRESENTATION_CONTEXT(2) 
PARAMETRIC_REPRESENTATION_CONTEXT() REPRESENTATION_CONTEXT('2D SPACE',''
  ) );
#1218 = PCURVE('',#541,#1219);
#1219 = DEFINITIONAL_REPRESENTATION('',(#1220),#1223);
#1220 = B_SPLINE_CURVE_WITH_KNOTS('',1,(#1221,#1222),.UNSPECIFIED.,.F.,
  .F.,(2,2),(-74.25,-34.25),.PIECEWISE_BEZIER_KNOTS.);
#1221 = CARTESIAN_POINT('',(2.5,40.));
#1222 = CARTESIAN_POINT('',(2.5,0.));
#1223 = ( GEOMETRIC_REPRESENTATION_CONTEXT(2) 
PARAMETRIC_REPRESENTATION_CONTEXT() REPRESENTATION_CONTEXT('2D SPACE',''
  ) );
#1224 = ORIENTED_EDGE('',*,*,#1225,.T.);
#1225 = EDGE_CURVE('',#1205,#1226,#1228,.T.);
#1226 = VERTEX_POINT('',#1227);
#1227 = CARTESIAN_POINT('',(-412.,23.,701.5));
#1228 = SURFACE_CURVE('',#1229,(#1233,#1239),.PCURVE_S1.);
#1229 = LINE('',#1230,#1231);
#1230 = CARTESIAN_POINT('',(-412.,-128.25,701.5));
#1231 = VECTOR('',#1232,1.);
#1232 = DIRECTION('',(-0.,1.,0.));
#1233 = PCURVE('',#344,#1234);
#1234 = DEFINITIONAL_REPRESENTATION('',(#1235),#1238);
#1235 = B_SPLINE_CURVE_WITH_KNOTS('',1,(#1236,#1237),.UNSPECIFIED.,.F.,
  .F.,(2,2),(121.25,151.25),.PIECEWISE_BEZIER_KNOTS.);
#1236 = CARTESIAN_POINT('',(68.5,242.5));
#1237 = CARTESIAN_POINT('',(68.5,272.5));
#1238 = ( GEOMETRIC_REPRESENTATION_CONTEXT(2) 
PARAMETRIC_REPRESENTATION_CONTEXT() REPRESENTATION_CONTEXT('2D SPACE',''
  ) );
#1239 = PCURVE('',#567,#1240);
#1240 = DEFINITIONAL_REPRESENTATION('',(#1241),#1244);
#1241 = B_SPLINE_CURVE_WITH_KNOTS('',1,(#1242,#1243),.UNSPECIFIED.,.F.,
  .F.,(2,2),(121.25,151.25),.PIECEWISE_BEZIER_KNOTS.);
#1242 = CARTESIAN_POINT('',(2.5,0.));
#1243 = CARTESIAN_POINT('',(2.5,-30.));
#1244 = ( GEOMETRIC_REPRESENTATION_CONTEXT(2) 
PARAMETRIC_REPRESENTATION_CONTEXT() REPRESENTATION_CONTEXT('2D SPACE',''
  ) );
#1245 = ORIENTED_EDGE('',*,*,#1246,.F.);
#1246 = EDGE_CURVE('',#1247,#1226,#1249,.T.);
#1247 = VERTEX_POINT('',#1248);
#1248 = CARTESIAN_POINT('',(-372.,23.,701.5));
#1249 = SURFACE_CURVE('',#1250,(#1254,#1260),.PCURVE_S1.);
#1250 = LINE('',#1251,#1252);
#1251 = CARTESIAN_POINT('',(-446.25,23.,701.5));
#1252 = VECTOR('',#1253,1.);
#1253 = DIRECTION('',(-1.,-0.,0.));
#1254 = PCURVE('',#344,#1255);
#1255 = DEFINITIONAL_REPRESENTATION('',(#1256),#1259);
#1256 = B_SPLINE_CURVE_WITH_KNOTS('',1,(#1257,#1258),.UNSPECIFIED.,.F.,
  .F.,(2,2),(-74.25,-34.25),.PIECEWISE_BEZIER_KNOTS.);
#1257 = CARTESIAN_POINT('',(108.5,272.5));
#1258 = CARTESIAN_POINT('',(68.5,272.5));
#1259 = ( GEOMETRIC_REPRESENTATION_CONTEXT(2) 
PARAMETRIC_REPRESENTATION_CONTEXT() REPRESENTATION_CONTEXT('2D SPACE',''
  ) );
#1260 = PCURVE('',#593,#1261);
#1261 = DEFINITIONAL_REPRESENTATION('',(#1262),#1265);
#1262 = B_SPLINE_CURVE_WITH_KNOTS('',1,(#1263,#1264),.UNSPECIFIED.,.F.,
  .F.,(2,2),(-74.25,-34.25),.PIECEWISE_BEZIER_KNOTS.);
#1263 = CARTESIAN_POINT('',(2.5,40.));
#1264 = CARTESIAN_POINT('',(2.5,0.));
#1265 = ( GEOMETRIC_REPRESENTATION_CONTEXT(2) 
PARAMETRIC_REPRESENTATION_CONTEXT() REPRESENTATION_CONTEXT('2D SPACE',''
  ) );
#1266 = ORIENTED_EDGE('',*,*,#1267,.F.);
#1267 = EDGE_CURVE('',#1203,#1247,#1268,.T.);
#1268 = SURFACE_CURVE('',#1269,(#1273,#1279),.PCURVE_S1.);
#1269 = LINE('',#1270,#1271);
#1270 = CARTESIAN_POINT('',(-372.,-128.25,701.5));
#1271 = VECTOR('',#1272,1.);
#1272 = DIRECTION('',(-0.,1.,0.));
#1273 = PCURVE('',#344,#1274);
#1274 = DEFINITIONAL_REPRESENTATION('',(#1275),#1278);
#1275 = B_SPLINE_CURVE_WITH_KNOTS('',1,(#1276,#1277),.UNSPECIFIED.,.F.,
  .F.,(2,2),(121.25,151.25),.PIECEWISE_BEZIER_KNOTS.);
#1276 = CARTESIAN_POINT('',(108.5,242.5));
#1277 = CARTESIAN_POINT('',(108.5,272.5));
#1278 = ( GEOMETRIC_REPRESENTATION_CONTEXT(2) 
PARAMETRIC_REPRESENTATION_CONTEXT() REPRESENTATION_CONTEXT('2D SPACE',''
  ) );
#1279 = PCURVE('',#617,#1280);
#1280 = DEFINITIONAL_REPRESENTATION('',(#1281),#1284);
#1281 = B_SPLINE_CURVE_WITH_KNOTS('',1,(#1282,#1283),.UNSPECIFIED.,.F.,
  .F.,(2,2),(121.25,151.25),.PIECEWISE_BEZIER_KNOTS.);
#1282 = CARTESIAN_POINT('',(2.5,0.));
#1283 = CARTESIAN_POINT('',(2.5,-30.));
#1284 = ( GEOMETRIC_REPRESENTATION_CONTEXT(2) 
PARAMETRIC_REPRESENTATION_CONTEXT() REPRESENTATION_CONTEXT('2D SPACE',''
  ) );
#1285 = FACE_BOUND('',#1286,.T.);
#1286 = EDGE_LOOP('',(#1287));
#1287 = ORIENTED_EDGE('',*,*,#1288,.F.);
#1288 = EDGE_CURVE('',#1289,#1289,#1291,.T.);
#1289 = VERTEX_POINT('',#1290);
#1290 = CARTESIAN_POINT('',(-329.25,60.,701.5));
#1291 = SURFACE_CURVE('',#1292,(#1297,#1304),.PCURVE_S1.);
#1292 = CIRCLE('',#1293,2.75);
#1293 = AXIS2_PLACEMENT_3D('',#1294,#1295,#1296);
#1294 = CARTESIAN_POINT('',(-332.,60.,701.5));
#1295 = DIRECTION('',(0.,0.,1.));
#1296 = DIRECTION('',(1.,0.,-0.));
#1297 = PCURVE('',#344,#1298);
#1298 = DEFINITIONAL_REPRESENTATION('',(#1299),#1303);
#1299 = CIRCLE('',#1300,2.75);
#1300 = AXIS2_PLACEMENT_2D('',#1301,#1302);
#1301 = CARTESIAN_POINT('',(148.5,309.5));
#1302 = DIRECTION('',(1.,0.));
#1303 = ( GEOMETRIC_REPRESENTATION_CONTEXT(2) 
PARAMETRIC_REPRESENTATION_CONTEXT() REPRESENTATION_CONTEXT('2D SPACE',''
  ) );
#1304 = PCURVE('',#647,#1305);
#1305 = DEFINITIONAL_REPRESENTATION('',(#1306),#1310);
#1306 = LINE('',#1307,#1308);
#1307 = CARTESIAN_POINT('',(0.,2.5));
#1308 = VECTOR('',#1309,1.);
#1309 = DIRECTION('',(1.,0.));
#1310 = ( GEOMETRIC_REPRESENTATION_CONTEXT(2) 
PARAMETRIC_REPRESENTATION_CONTEXT() REPRESENTATION_CONTEXT('2D SPACE',''
  ) );
#1311 = ADVANCED_FACE('',(#1312),#369,.F.);
#1312 = FACE_BOUND('',#1313,.F.);
#1313 = EDGE_LOOP('',(#1314,#1315,#1316,#1317));
#1314 = ORIENTED_EDGE('',*,*,#975,.F.);
#1315 = ORIENTED_EDGE('',*,*,#355,.T.);
#1316 = ORIENTED_EDGE('',*,*,#1078,.T.);
#1317 = ORIENTED_EDGE('',*,*,#1318,.T.);
#1318 = EDGE_CURVE('',#1079,#976,#1319,.T.);
#1319 = SURFACE_CURVE('',#1320,(#1324,#1331),.PCURVE_S1.);
#1320 = LINE('',#1321,#1322);
#1321 = CARTESIAN_POINT('',(-303.5,108.5,701.5));
#1322 = VECTOR('',#1323,1.);
#1323 = DIRECTION('',(0.,0.,1.));
#1324 = PCURVE('',#369,#1325);
#1325 = DEFINITIONAL_REPRESENTATION('',(#1326),#1330);
#1326 = LINE('',#1327,#1328);
#1327 = CARTESIAN_POINT('',(0.,-358.));
#1328 = VECTOR('',#1329,1.);
#1329 = DIRECTION('',(1.,0.));
#1330 = ( GEOMETRIC_REPRESENTATION_CONTEXT(2) 
PARAMETRIC_REPRESENTATION_CONTEXT() REPRESENTATION_CONTEXT('2D SPACE',''
  ) );
#1331 = PCURVE('',#1012,#1332);
#1332 = DEFINITIONAL_REPRESENTATION('',(#1333),#1337);
#1333 = LINE('',#1334,#1335);
#1334 = CARTESIAN_POINT('',(0.,177.));
#1335 = VECTOR('',#1336,1.);
#1336 = DIRECTION('',(1.,0.));
#1337 = ( GEOMETRIC_REPRESENTATION_CONTEXT(2) 
PARAMETRIC_REPRESENTATION_CONTEXT() REPRESENTATION_CONTEXT('2D SPACE',''
  ) );
#1338 = ADVANCED_FACE('',(#1339),#448,.F.);
#1339 = FACE_BOUND('',#1340,.F.);
#1340 = EDGE_LOOP('',(#1341,#1342,#1363,#1364));
#1341 = ORIENTED_EDGE('',*,*,#1124,.F.);
#1342 = ORIENTED_EDGE('',*,*,#1343,.F.);
#1343 = EDGE_CURVE('',#432,#1125,#1344,.T.);
#1344 = SEAM_CURVE('',#1345,(#1349,#1356),.PCURVE_S1.);
#1345 = LINE('',#1346,#1347);
#1346 = CARTESIAN_POINT('',(-449.25,-60.,699.));
#1347 = VECTOR('',#1348,1.);
#1348 = DIRECTION('',(0.,0.,1.));
#1349 = PCURVE('',#448,#1350);
#1350 = DEFINITIONAL_REPRESENTATION('',(#1351),#1355);
#1351 = LINE('',#1352,#1353);
#1352 = CARTESIAN_POINT('',(6.28318530718,-0.));
#1353 = VECTOR('',#1354,1.);
#1354 = DIRECTION('',(0.,1.));
#1355 = ( GEOMETRIC_REPRESENTATION_CONTEXT(2) 
PARAMETRIC_REPRESENTATION_CONTEXT() REPRESENTATION_CONTEXT('2D SPACE',''
  ) );
#1356 = PCURVE('',#448,#1357);
#1357 = DEFINITIONAL_REPRESENTATION('',(#1358),#1362);
#1358 = LINE('',#1359,#1360);
#1359 = CARTESIAN_POINT('',(0.,-0.));
#1360 = VECTOR('',#1361,1.);
#1361 = DIRECTION('',(0.,1.));
#1362 = ( GEOMETRIC_REPRESENTATION_CONTEXT(2) 
PARAMETRIC_REPRESENTATION_CONTEXT() REPRESENTATION_CONTEXT('2D SPACE',''
  ) );
#1363 = ORIENTED_EDGE('',*,*,#431,.T.);
#1364 = ORIENTED_EDGE('',*,*,#1343,.T.);
#1365 = ADVANCED_FACE('',(#1366),#479,.F.);
#1366 = FACE_BOUND('',#1367,.F.);
#1367 = EDGE_LOOP('',(#1368,#1369,#1390,#1391));
#1368 = ORIENTED_EDGE('',*,*,#1150,.F.);
#1369 = ORIENTED_EDGE('',*,*,#1370,.F.);
#1370 = EDGE_CURVE('',#463,#1151,#1371,.T.);
#1371 = SEAM_CURVE('',#1372,(#1376,#1383),.PCURVE_S1.);
#1372 = LINE('',#1373,#1374);
#1373 = CARTESIAN_POINT('',(-329.25,-60.,699.));
#1374 = VECTOR('',#1375,1.);
#1375 = DIRECTION('',(0.,0.,1.));
#1376 = PCURVE('',#479,#1377);
#1377 = DEFINITIONAL_REPRESENTATION('',(#1378),#1382);
#1378 = LINE('',#1379,#1380);
#1379 = CARTESIAN_POINT('',(6.28318530718,-0.));
#1380 = VECTOR('',#1381,1.);
#1381 = DIRECTION('',(0.,1.));
#1382 = ( GEOMETRIC_REPRESENTATION_CONTEXT(2) 
PARAMETRIC_REPRESENTATION_CONTEXT() REPRESENTATION_CONTEXT('2D SPACE',''
  ) );
#1383 = PCURVE('',#479,#1384);
#1384 = DEFINITIONAL_REPRESENTATION('',(#1385),#1389);
#1385 = LINE('',#1386,#1387);
#1386 = CARTESIAN_POINT('',(0.,-0.));
#1387 = VECTOR('',#1388,1.);
#1388 = DIRECTION('',(0.,1.));
#1389 = ( GEOMETRIC_REPRESENTATION_CONTEXT(2) 
PARAMETRIC_REPRESENTATION_CONTEXT() REPRESENTATION_CONTEXT('2D SPACE',''
  ) );
#1390 = ORIENTED_EDGE('',*,*,#462,.T.);
#1391 = ORIENTED_EDGE('',*,*,#1370,.T.);
#1392 = ADVANCED_FACE('',(#1393),#510,.F.);
#1393 = FACE_BOUND('',#1394,.F.);
#1394 = EDGE_LOOP('',(#1395,#1396,#1417,#1418));
#1395 = ORIENTED_EDGE('',*,*,#1176,.F.);
#1396 = ORIENTED_EDGE('',*,*,#1397,.F.);
#1397 = EDGE_CURVE('',#494,#1177,#1398,.T.);
#1398 = SEAM_CURVE('',#1399,(#1403,#1410),.PCURVE_S1.);
#1399 = LINE('',#1400,#1401);
#1400 = CARTESIAN_POINT('',(-449.25,60.,699.));
#1401 = VECTOR('',#1402,1.);
#1402 = DIRECTION('',(0.,0.,1.));
#1403 = PCURVE('',#510,#1404);
#1404 = DEFINITIONAL_REPRESENTATION('',(#1405),#1409);
#1405 = LINE('',#1406,#1407);
#1406 = CARTESIAN_POINT('',(6.28318530718,-0.));
#1407 = VECTOR('',#1408,1.);
#1408 = DIRECTION('',(0.,1.));
#1409 = ( GEOMETRIC_REPRESENTATION_CONTEXT(2) 
PARAMETRIC_REPRESENTATION_CONTEXT() REPRESENTATION_CONTEXT('2D SPACE',''
  ) );
#1410 = PCURVE('',#510,#1411);
#1411 = DEFINITIONAL_REPRESENTATION('',(#1412),#1416);
#1412 = LINE('',#1413,#1414);
#1413 = CARTESIAN_POINT('',(0.,-0.));
#1414 = VECTOR('',#1415,1.);
#1415 = DIRECTION('',(0.,1.));
#1416 = ( GEOMETRIC_REPRESENTATION_CONTEXT(2) 
PARAMETRIC_REPRESENTATION_CONTEXT() REPRESENTATION_CONTEXT('2D SPACE',''
  ) );
#1417 = ORIENTED_EDGE('',*,*,#493,.T.);
#1418 = ORIENTED_EDGE('',*,*,#1397,.T.);
#1419 = ADVANCED_FACE('',(#1420),#541,.T.);
#1420 = FACE_BOUND('',#1421,.T.);
#1421 = EDGE_LOOP('',(#1422,#1443,#1444,#1465));
#1422 = ORIENTED_EDGE('',*,*,#1423,.F.);
#1423 = EDGE_CURVE('',#525,#1203,#1424,.T.);
#1424 = SURFACE_CURVE('',#1425,(#1429,#1436),.PCURVE_S1.);
#1425 = LINE('',#1426,#1427);
#1426 = CARTESIAN_POINT('',(-372.,-7.,699.));
#1427 = VECTOR('',#1428,1.);
#1428 = DIRECTION('',(0.,0.,1.));
#1429 = PCURVE('',#541,#1430);
#1430 = DEFINITIONAL_REPRESENTATION('',(#1431),#1435);
#1431 = LINE('',#1432,#1433);
#1432 = CARTESIAN_POINT('',(0.,40.));
#1433 = VECTOR('',#1434,1.);
#1434 = DIRECTION('',(1.,0.));
#1435 = ( GEOMETRIC_REPRESENTATION_CONTEXT(2) 
PARAMETRIC_REPRESENTATION_CONTEXT() REPRESENTATION_CONTEXT('2D SPACE',''
  ) );
#1436 = PCURVE('',#617,#1437);
#1437 = DEFINITIONAL_REPRESENTATION('',(#1438),#1442);
#1438 = LINE('',#1439,#1440);
#1439 = CARTESIAN_POINT('',(0.,0.));
#1440 = VECTOR('',#1441,1.);
#1441 = DIRECTION('',(1.,0.));
#1442 = ( GEOMETRIC_REPRESENTATION_CONTEXT(2) 
PARAMETRIC_REPRESENTATION_CONTEXT() REPRESENTATION_CONTEXT('2D SPACE',''
  ) );
#1443 = ORIENTED_EDGE('',*,*,#524,.T.);
#1444 = ORIENTED_EDGE('',*,*,#1445,.T.);
#1445 = EDGE_CURVE('',#527,#1205,#1446,.T.);
#1446 = SURFACE_CURVE('',#1447,(#1451,#1458),.PCURVE_S1.);
#1447 = LINE('',#1448,#1449);
#1448 = CARTESIAN_POINT('',(-412.,-7.,699.));
#1449 = VECTOR('',#1450,1.);
#1450 = DIRECTION('',(0.,0.,1.));
#1451 = PCURVE('',#541,#1452);
#1452 = DEFINITIONAL_REPRESENTATION('',(#1453),#1457);
#1453 = LINE('',#1454,#1455);
#1454 = CARTESIAN_POINT('',(0.,0.));
#1455 = VECTOR('',#1456,1.);
#1456 = DIRECTION('',(1.,0.));
#1457 = ( GEOMETRIC_REPRESENTATION_CONTEXT(2) 
PARAMETRIC_REPRESENTATION_CONTEXT() REPRESENTATION_CONTEXT('2D SPACE',''
  ) );
#1458 = PCURVE('',#567,#1459);
#1459 = DEFINITIONAL_REPRESENTATION('',(#1460),#1464);
#1460 = LINE('',#1461,#1462);
#1461 = CARTESIAN_POINT('',(0.,0.));
#1462 = VECTOR('',#1463,1.);
#1463 = DIRECTION('',(1.,0.));
#1464 = ( GEOMETRIC_REPRESENTATION_CONTEXT(2) 
PARAMETRIC_REPRESENTATION_CONTEXT() REPRESENTATION_CONTEXT('2D SPACE',''
  ) );
#1465 = ORIENTED_EDGE('',*,*,#1202,.F.);
#1466 = ADVANCED_FACE('',(#1467),#617,.F.);
#1467 = FACE_BOUND('',#1468,.F.);
#1468 = EDGE_LOOP('',(#1469,#1470,#1471,#1492));
#1469 = ORIENTED_EDGE('',*,*,#1423,.F.);
#1470 = ORIENTED_EDGE('',*,*,#604,.T.);
#1471 = ORIENTED_EDGE('',*,*,#1472,.T.);
#1472 = EDGE_CURVE('',#579,#1247,#1473,.T.);
#1473 = SURFACE_CURVE('',#1474,(#1478,#1485),.PCURVE_S1.);
#1474 = LINE('',#1475,#1476);
#1475 = CARTESIAN_POINT('',(-372.,23.,699.));
#1476 = VECTOR('',#1477,1.);
#1477 = DIRECTION('',(0.,0.,1.));
#1478 = PCURVE('',#617,#1479);
#1479 = DEFINITIONAL_REPRESENTATION('',(#1480),#1484);
#1480 = LINE('',#1481,#1482);
#1481 = CARTESIAN_POINT('',(0.,-30.));
#1482 = VECTOR('',#1483,1.);
#1483 = DIRECTION('',(1.,0.));
#1484 = ( GEOMETRIC_REPRESENTATION_CONTEXT(2) 
PARAMETRIC_REPRESENTATION_CONTEXT() REPRESENTATION_CONTEXT('2D SPACE',''
  ) );
#1485 = PCURVE('',#593,#1486);
#1486 = DEFINITIONAL_REPRESENTATION('',(#1487),#1491);
#1487 = LINE('',#1488,#1489);
#1488 = CARTESIAN_POINT('',(0.,40.));
#1489 = VECTOR('',#1490,1.);
#1490 = DIRECTION('',(1.,0.));
#1491 = ( GEOMETRIC_REPRESENTATION_CONTEXT(2) 
PARAMETRIC_REPRESENTATION_CONTEXT() REPRESENTATION_CONTEXT('2D SPACE',''
  ) );
#1492 = ORIENTED_EDGE('',*,*,#1267,.F.);
#1493 = ADVANCED_FACE('',(#1494),#593,.F.);
#1494 = FACE_BOUND('',#1495,.F.);
#1495 = EDGE_LOOP('',(#1496,#1497,#1498,#1519));
#1496 = ORIENTED_EDGE('',*,*,#1472,.F.);
#1497 = ORIENTED_EDGE('',*,*,#578,.T.);
#1498 = ORIENTED_EDGE('',*,*,#1499,.T.);
#1499 = EDGE_CURVE('',#553,#1226,#1500,.T.);
#1500 = SURFACE_CURVE('',#1501,(#1505,#1512),.PCURVE_S1.);
#1501 = LINE('',#1502,#1503);
#1502 = CARTESIAN_POINT('',(-412.,23.,699.));
#1503 = VECTOR('',#1504,1.);
#1504 = DIRECTION('',(0.,0.,1.));
#1505 = PCURVE('',#593,#1506);
#1506 = DEFINITIONAL_REPRESENTATION('',(#1507),#1511);
#1507 = LINE('',#1508,#1509);
#1508 = CARTESIAN_POINT('',(0.,0.));
#1509 = VECTOR('',#1510,1.);
#1510 = DIRECTION('',(1.,0.));
#1511 = ( GEOMETRIC_REPRESENTATION_CONTEXT(2) 
PARAMETRIC_REPRESENTATION_CONTEXT() REPRESENTATION_CONTEXT('2D SPACE',''
  ) );
#1512 = PCURVE('',#567,#1513);
#1513 = DEFINITIONAL_REPRESENTATION('',(#1514),#1518);
#1514 = LINE('',#1515,#1516);
#1515 = CARTESIAN_POINT('',(0.,-30.));
#1516 = VECTOR('',#1517,1.);
#1517 = DIRECTION('',(1.,0.));
#1518 = ( GEOMETRIC_REPRESENTATION_CONTEXT(2) 
PARAMETRIC_REPRESENTATION_CONTEXT() REPRESENTATION_CONTEXT('2D SPACE',''
  ) );
#1519 = ORIENTED_EDGE('',*,*,#1246,.F.);
#1520 = ADVANCED_FACE('',(#1521),#567,.T.);
#1521 = FACE_BOUND('',#1522,.T.);
#1522 = EDGE_LOOP('',(#1523,#1524,#1525,#1526));
#1523 = ORIENTED_EDGE('',*,*,#1445,.F.);
#1524 = ORIENTED_EDGE('',*,*,#552,.T.);
#1525 = ORIENTED_EDGE('',*,*,#1499,.T.);
#1526 = ORIENTED_EDGE('',*,*,#1225,.F.);
#1527 = ADVANCED_FACE('',(#1528),#647,.F.);
#1528 = FACE_BOUND('',#1529,.F.);
#1529 = EDGE_LOOP('',(#1530,#1531,#1552,#1553));
#1530 = ORIENTED_EDGE('',*,*,#1288,.F.);
#1531 = ORIENTED_EDGE('',*,*,#1532,.F.);
#1532 = EDGE_CURVE('',#631,#1289,#1533,.T.);
#1533 = SEAM_CURVE('',#1534,(#1538,#1545),.PCURVE_S1.);
#1534 = LINE('',#1535,#1536);
#1535 = CARTESIAN_POINT('',(-329.25,60.,699.));
#1536 = VECTOR('',#1537,1.);
#1537 = DIRECTION('',(0.,0.,1.));
#1538 = PCURVE('',#647,#1539);
#1539 = DEFINITIONAL_REPRESENTATION('',(#1540),#1544);
#1540 = LINE('',#1541,#1542);
#1541 = CARTESIAN_POINT('',(6.28318530718,-0.));
#1542 = VECTOR('',#1543,1.);
#1543 = DIRECTION('',(0.,1.));
#1544 = ( GEOMETRIC_REPRESENTATION_CONTEXT(2) 
PARAMETRIC_REPRESENTATION_CONTEXT() REPRESENTATION_CONTEXT('2D SPACE',''
  ) );
#1545 = PCURVE('',#647,#1546);
#1546 = DEFINITIONAL_REPRESENTATION('',(#1547),#1551);
#1547 = LINE('',#1548,#1549);
#1548 = CARTESIAN_POINT('',(0.,-0.));
#1549 = VECTOR('',#1550,1.);
#1550 = DIRECTION('',(0.,1.));
#1551 = ( GEOMETRIC_REPRESENTATION_CONTEXT(2) 
PARAMETRIC_REPRESENTATION_CONTEXT() REPRESENTATION_CONTEXT('2D SPACE',''
  ) );
#1552 = ORIENTED_EDGE('',*,*,#630,.T.);
#1553 = ORIENTED_EDGE('',*,*,#1532,.T.);
#1554 = ADVANCED_FACE('',(#1555),#727,.F.);
#1555 = FACE_BOUND('',#1556,.F.);
#1556 = EDGE_LOOP('',(#1557,#1580,#1601,#1622));
#1557 = ORIENTED_EDGE('',*,*,#1558,.F.);
#1558 = EDGE_CURVE('',#1559,#711,#1561,.T.);
#1559 = VERTEX_POINT('',#1560);
#1560 = CARTESIAN_POINT('',(-422.,108.5,1.2E+03));
#1561 = SURFACE_CURVE('',#1562,(#1566,#1573),.PCURVE_S1.);
#1562 = LINE('',#1563,#1564);
#1563 = CARTESIAN_POINT('',(-422.,107.5,1.2E+03));
#1564 = VECTOR('',#1565,1.);
#1565 = DIRECTION('',(-0.,1.,0.));
#1566 = PCURVE('',#727,#1567);
#1567 = DEFINITIONAL_REPRESENTATION('',(#1568),#1572);
#1568 = LINE('',#1569,#1570);
#1569 = CARTESIAN_POINT('',(0.,0.));
#1570 = VECTOR('',#1571,1.);
#1571 = DIRECTION('',(0.,1.));
#1572 = ( GEOMETRIC_REPRESENTATION_CONTEXT(2) 
PARAMETRIC_REPRESENTATION_CONTEXT() REPRESENTATION_CONTEXT('2D SPACE',''
  ) );
#1573 = PCURVE('',#753,#1574);
#1574 = DEFINITIONAL_REPRESENTATION('',(#1575),#1579);
#1575 = LINE('',#1576,#1577);
#1576 = CARTESIAN_POINT('',(60.,0.));
#1577 = VECTOR('',#1578,1.);
#1578 = DIRECTION('',(0.,-1.));
#1579 = ( GEOMETRIC_REPRESENTATION_CONTEXT(2) 
PARAMETRIC_REPRESENTATION_CONTEXT() REPRESENTATION_CONTEXT('2D SPACE',''
  ) );
#1580 = ORIENTED_EDGE('',*,*,#1581,.T.);
#1581 = EDGE_CURVE('',#1559,#1582,#1584,.T.);
#1582 = VERTEX_POINT('',#1583);
#1583 = CARTESIAN_POINT('',(-362.,108.5,1.2E+03));
#1584 = SURFACE_CURVE('',#1585,(#1589,#1595),.PCURVE_S1.);
#1585 = LINE('',#1586,#1587);
#1586 = CARTESIAN_POINT('',(-451.25,108.5,1.2E+03));
#1587 = VECTOR('',#1588,1.);
#1588 = DIRECTION('',(1.,0.,-0.));
#1589 = PCURVE('',#727,#1590);
#1590 = DEFINITIONAL_REPRESENTATION('',(#1591),#1594);
#1591 = B_SPLINE_CURVE_WITH_KNOTS('',1,(#1592,#1593),.UNSPECIFIED.,.F.,
  .F.,(2,2),(29.25,89.25),.PIECEWISE_BEZIER_KNOTS.);
#1592 = CARTESIAN_POINT('',(0.,1.));
#1593 = CARTESIAN_POINT('',(60.,1.));
#1594 = ( GEOMETRIC_REPRESENTATION_CONTEXT(2) 
PARAMETRIC_REPRESENTATION_CONTEXT() REPRESENTATION_CONTEXT('2D SPACE',''
  ) );
#1595 = PCURVE('',#1012,#1596);
#1596 = DEFINITIONAL_REPRESENTATION('',(#1597),#1600);
#1597 = B_SPLINE_CURVE_WITH_KNOTS('',1,(#1598,#1599),.UNSPECIFIED.,.F.,
  .F.,(2,2),(29.25,89.25),.PIECEWISE_BEZIER_KNOTS.);
#1598 = CARTESIAN_POINT('',(498.5,58.5));
#1599 = CARTESIAN_POINT('',(498.5,118.5));
#1600 = ( GEOMETRIC_REPRESENTATION_CONTEXT(2) 
PARAMETRIC_REPRESENTATION_CONTEXT() REPRESENTATION_CONTEXT('2D SPACE',''
  ) );
#1601 = ORIENTED_EDGE('',*,*,#1602,.T.);
#1602 = EDGE_CURVE('',#1582,#713,#1603,.T.);
#1603 = SURFACE_CURVE('',#1604,(#1608,#1615),.PCURVE_S1.);
#1604 = LINE('',#1605,#1606);
#1605 = CARTESIAN_POINT('',(-362.,107.5,1.2E+03));
#1606 = VECTOR('',#1607,1.);
#1607 = DIRECTION('',(-0.,1.,0.));
#1608 = PCURVE('',#727,#1609);
#1609 = DEFINITIONAL_REPRESENTATION('',(#1610),#1614);
#1610 = LINE('',#1611,#1612);
#1611 = CARTESIAN_POINT('',(60.,0.));
#1612 = VECTOR('',#1613,1.);
#1613 = DIRECTION('',(0.,1.));
#1614 = ( GEOMETRIC_REPRESENTATION_CONTEXT(2) 
PARAMETRIC_REPRESENTATION_CONTEXT() REPRESENTATION_CONTEXT('2D SPACE',''
  ) );
#1615 = PCURVE('',#803,#1616);
#1616 = DEFINITIONAL_REPRESENTATION('',(#1617),#1621);
#1617 = LINE('',#1618,#1619);
#1618 = CARTESIAN_POINT('',(60.,0.));
#1619 = VECTOR('',#1620,1.);
#1620 = DIRECTION('',(0.,-1.));
#1621 = ( GEOMETRIC_REPRESENTATION_CONTEXT(2) 
PARAMETRIC_REPRESENTATION_CONTEXT() REPRESENTATION_CONTEXT('2D SPACE',''
  ) );
#1622 = ORIENTED_EDGE('',*,*,#710,.F.);
#1623 = ADVANCED_FACE('',(#1624),#803,.F.);
#1624 = FACE_BOUND('',#1625,.F.);
#1625 = EDGE_LOOP('',(#1626,#1627,#1648,#1669));
#1626 = ORIENTED_EDGE('',*,*,#1602,.F.);
#1627 = ORIENTED_EDGE('',*,*,#1628,.T.);
#1628 = EDGE_CURVE('',#1582,#1629,#1631,.T.);
#1629 = VERTEX_POINT('',#1630);
#1630 = CARTESIAN_POINT('',(-362.,108.5,1.14E+03));
#1631 = SURFACE_CURVE('',#1632,(#1636,#1642),.PCURVE_S1.);
#1632 = LINE('',#1633,#1634);
#1633 = CARTESIAN_POINT('',(-362.,108.5,920.75));
#1634 = VECTOR('',#1635,1.);
#1635 = DIRECTION('',(-0.,0.,-1.));
#1636 = PCURVE('',#803,#1637);
#1637 = DEFINITIONAL_REPRESENTATION('',(#1638),#1641);
#1638 = B_SPLINE_CURVE_WITH_KNOTS('',1,(#1639,#1640),.UNSPECIFIED.,.F.,
  .F.,(2,2),(-279.25,-219.25),.PIECEWISE_BEZIER_KNOTS.);
#1639 = CARTESIAN_POINT('',(60.,-1.));
#1640 = CARTESIAN_POINT('',(0.,-1.));
#1641 = ( GEOMETRIC_REPRESENTATION_CONTEXT(2) 
PARAMETRIC_REPRESENTATION_CONTEXT() REPRESENTATION_CONTEXT('2D SPACE',''
  ) );
#1642 = PCURVE('',#1012,#1643);
#1643 = DEFINITIONAL_REPRESENTATION('',(#1644),#1647);
#1644 = B_SPLINE_CURVE_WITH_KNOTS('',1,(#1645,#1646),.UNSPECIFIED.,.F.,
  .F.,(2,2),(-279.25,-219.25),.PIECEWISE_BEZIER_KNOTS.);
#1645 = CARTESIAN_POINT('',(498.5,118.5));
#1646 = CARTESIAN_POINT('',(438.5,118.5));
#1647 = ( GEOMETRIC_REPRESENTATION_CONTEXT(2) 
PARAMETRIC_REPRESENTATION_CONTEXT() REPRESENTATION_CONTEXT('2D SPACE',''
  ) );
#1648 = ORIENTED_EDGE('',*,*,#1649,.T.);
#1649 = EDGE_CURVE('',#1629,#765,#1650,.T.);
#1650 = SURFACE_CURVE('',#1651,(#1655,#1662),.PCURVE_S1.);
#1651 = LINE('',#1652,#1653);
#1652 = CARTESIAN_POINT('',(-362.,107.5,1.14E+03));
#1653 = VECTOR('',#1654,1.);
#1654 = DIRECTION('',(-0.,1.,0.));
#1655 = PCURVE('',#803,#1656);
#1656 = DEFINITIONAL_REPRESENTATION('',(#1657),#1661);
#1657 = LINE('',#1658,#1659);
#1658 = CARTESIAN_POINT('',(0.,0.));
#1659 = VECTOR('',#1660,1.);
#1660 = DIRECTION('',(0.,-1.));
#1661 = ( GEOMETRIC_REPRESENTATION_CONTEXT(2) 
PARAMETRIC_REPRESENTATION_CONTEXT() REPRESENTATION_CONTEXT('2D SPACE',''
  ) );
#1662 = PCURVE('',#779,#1663);
#1663 = DEFINITIONAL_REPRESENTATION('',(#1664),#1668);
#1664 = LINE('',#1665,#1666);
#1665 = CARTESIAN_POINT('',(60.,0.));
#1666 = VECTOR('',#1667,1.);
#1667 = DIRECTION('',(0.,1.));
#1668 = ( GEOMETRIC_REPRESENTATION_CONTEXT(2) 
PARAMETRIC_REPRESENTATION_CONTEXT() REPRESENTATION_CONTEXT('2D SPACE',''
  ) );
#1669 = ORIENTED_EDGE('',*,*,#790,.F.);
#1670 = ADVANCED_FACE('',(#1671),#779,.T.);
#1671 = FACE_BOUND('',#1672,.T.);
#1672 = EDGE_LOOP('',(#1673,#1696,#1715,#1716));
#1673 = ORIENTED_EDGE('',*,*,#1674,.F.);
#1674 = EDGE_CURVE('',#1675,#739,#1677,.T.);
#1675 = VERTEX_POINT('',#1676);
#1676 = CARTESIAN_POINT('',(-422.,108.5,1.14E+03));
#1677 = SURFACE_CURVE('',#1678,(#1682,#1689),.PCURVE_S1.);
#1678 = LINE('',#1679,#1680);
#1679 = CARTESIAN_POINT('',(-422.,107.5,1.14E+03));
#1680 = VECTOR('',#1681,1.);
#1681 = DIRECTION('',(-0.,1.,0.));
#1682 = PCURVE('',#779,#1683);
#1683 = DEFINITIONAL_REPRESENTATION('',(#1684),#1688);
#1684 = LINE('',#1685,#1686);
#1685 = CARTESIAN_POINT('',(0.,0.));
#1686 = VECTOR('',#1687,1.);
#1687 = DIRECTION('',(0.,1.));
#1688 = ( GEOMETRIC_REPRESENTATION_CONTEXT(2) 
PARAMETRIC_REPRESENTATION_CONTEXT() REPRESENTATION_CONTEXT('2D SPACE',''
  ) );
#1689 = PCURVE('',#753,#1690);
#1690 = DEFINITIONAL_REPRESENTATION('',(#1691),#1695);
#1691 = LINE('',#1692,#1693);
#1692 = CARTESIAN_POINT('',(0.,0.));
#1693 = VECTOR('',#1694,1.);
#1694 = DIRECTION('',(0.,-1.));
#1695 = ( GEOMETRIC_REPRESENTATION_CONTEXT(2) 
PARAMETRIC_REPRESENTATION_CONTEXT() REPRESENTATION_CONTEXT('2D SPACE',''
  ) );
#1696 = ORIENTED_EDGE('',*,*,#1697,.T.);
#1697 = EDGE_CURVE('',#1675,#1629,#1698,.T.);
#1698 = SURFACE_CURVE('',#1699,(#1703,#1709),.PCURVE_S1.);
#1699 = LINE('',#1700,#1701);
#1700 = CARTESIAN_POINT('',(-451.25,108.5,1.14E+03));
#1701 = VECTOR('',#1702,1.);
#1702 = DIRECTION('',(1.,0.,-0.));
#1703 = PCURVE('',#779,#1704);
#1704 = DEFINITIONAL_REPRESENTATION('',(#1705),#1708);
#1705 = B_SPLINE_CURVE_WITH_KNOTS('',1,(#1706,#1707),.UNSPECIFIED.,.F.,
  .F.,(2,2),(29.25,89.25),.PIECEWISE_BEZIER_KNOTS.);
#1706 = CARTESIAN_POINT('',(0.,1.));
#1707 = CARTESIAN_POINT('',(60.,1.));
#1708 = ( GEOMETRIC_REPRESENTATION_CONTEXT(2) 
PARAMETRIC_REPRESENTATION_CONTEXT() REPRESENTATION_CONTEXT('2D SPACE',''
  ) );
#1709 = PCURVE('',#1012,#1710);
#1710 = DEFINITIONAL_REPRESENTATION('',(#1711),#1714);
#1711 = B_SPLINE_CURVE_WITH_KNOTS('',1,(#1712,#1713),.UNSPECIFIED.,.F.,
  .F.,(2,2),(29.25,89.25),.PIECEWISE_BEZIER_KNOTS.);
#1712 = CARTESIAN_POINT('',(438.5,58.5));
#1713 = CARTESIAN_POINT('',(438.5,118.5));
#1714 = ( GEOMETRIC_REPRESENTATION_CONTEXT(2) 
PARAMETRIC_REPRESENTATION_CONTEXT() REPRESENTATION_CONTEXT('2D SPACE',''
  ) );
#1715 = ORIENTED_EDGE('',*,*,#1649,.T.);
#1716 = ORIENTED_EDGE('',*,*,#764,.F.);
#1717 = ADVANCED_FACE('',(#1718),#753,.T.);
#1718 = FACE_BOUND('',#1719,.T.);
#1719 = EDGE_LOOP('',(#1720,#1721,#1740,#1741));
#1720 = ORIENTED_EDGE('',*,*,#1558,.F.);
#1721 = ORIENTED_EDGE('',*,*,#1722,.T.);
#1722 = EDGE_CURVE('',#1559,#1675,#1723,.T.);
#1723 = SURFACE_CURVE('',#1724,(#1728,#1734),.PCURVE_S1.);
#1724 = LINE('',#1725,#1726);
#1725 = CARTESIAN_POINT('',(-422.,108.5,920.75));
#1726 = VECTOR('',#1727,1.);
#1727 = DIRECTION('',(-0.,0.,-1.));
#1728 = PCURVE('',#753,#1729);
#1729 = DEFINITIONAL_REPRESENTATION('',(#1730),#1733);
#1730 = B_SPLINE_CURVE_WITH_KNOTS('',1,(#1731,#1732),.UNSPECIFIED.,.F.,
  .F.,(2,2),(-279.25,-219.25),.PIECEWISE_BEZIER_KNOTS.);
#1731 = CARTESIAN_POINT('',(60.,-1.));
#1732 = CARTESIAN_POINT('',(0.,-1.));
#1733 = ( GEOMETRIC_REPRESENTATION_CONTEXT(2) 
PARAMETRIC_REPRESENTATION_CONTEXT() REPRESENTATION_CONTEXT('2D SPACE',''
  ) );
#1734 = PCURVE('',#1012,#1735);
#1735 = DEFINITIONAL_REPRESENTATION('',(#1736),#1739);
#1736 = B_SPLINE_CURVE_WITH_KNOTS('',1,(#1737,#1738),.UNSPECIFIED.,.F.,
  .F.,(2,2),(-279.25,-219.25),.PIECEWISE_BEZIER_KNOTS.);
#1737 = CARTESIAN_POINT('',(498.5,58.5));
#1738 = CARTESIAN_POINT('',(438.5,58.5));
#1739 = ( GEOMETRIC_REPRESENTATION_CONTEXT(2) 
PARAMETRIC_REPRESENTATION_CONTEXT() REPRESENTATION_CONTEXT('2D SPACE',''
  ) );
#1740 = ORIENTED_EDGE('',*,*,#1674,.T.);
#1741 = ORIENTED_EDGE('',*,*,#738,.F.);
#1742 = ADVANCED_FACE('',(#1743,#1749),#1012,.F.);
#1743 = FACE_BOUND('',#1744,.F.);
#1744 = EDGE_LOOP('',(#1745,#1746,#1747,#1748));
#1745 = ORIENTED_EDGE('',*,*,#1101,.F.);
#1746 = ORIENTED_EDGE('',*,*,#1052,.T.);
#1747 = ORIENTED_EDGE('',*,*,#998,.T.);
#1748 = ORIENTED_EDGE('',*,*,#1318,.F.);
#1749 = FACE_BOUND('',#1750,.F.);
#1750 = EDGE_LOOP('',(#1751,#1752,#1753,#1754));
#1751 = ORIENTED_EDGE('',*,*,#1581,.F.);
#1752 = ORIENTED_EDGE('',*,*,#1722,.T.);
#1753 = ORIENTED_EDGE('',*,*,#1697,.T.);
#1754 = ORIENTED_EDGE('',*,*,#1628,.F.);
#1755 = MANIFOLD_SOLID_BREP('',#1756);
#1756 = CLOSED_SHELL('',(#1757,#1877,#1953,#2566,#2615,#2852,#2859,#2886
    ,#2913,#2989,#3038,#3087,#3114,#3141,#3217,#3266,#3315,#3342,#3418,
    #3467,#3516,#3543,#3619,#3668,#3717,#3744,#3771,#3842,#3891,#3940,
    #3967,#3974,#3987,#3994));
#1757 = ADVANCED_FACE('',(#1758),#1772,.F.);
#1758 = FACE_BOUND('',#1759,.F.);
#1759 = EDGE_LOOP('',(#1760,#1795,#1823,#1851));
#1760 = ORIENTED_EDGE('',*,*,#1761,.F.);
#1761 = EDGE_CURVE('',#1762,#1764,#1766,.T.);
#1762 = VERTEX_POINT('',#1763);
#1763 = CARTESIAN_POINT('',(-467.,-75.,701.5));
#1764 = VERTEX_POINT('',#1765);
#1765 = CARTESIAN_POINT('',(-467.,-75.,730.));
#1766 = SURFACE_CURVE('',#1767,(#1771,#1783),.PCURVE_S1.);
#1767 = LINE('',#1768,#1769);
#1768 = CARTESIAN_POINT('',(-467.,-75.,701.5));
#1769 = VECTOR('',#1770,1.);
#1770 = DIRECTION('',(0.,0.,1.));
#1771 = PCURVE('',#1772,#1777);
#1772 = PLANE('',#1773);
#1773 = AXIS2_PLACEMENT_3D('',#1774,#1775,#1776);
#1774 = CARTESIAN_POINT('',(-467.,-75.,701.5));
#1775 = DIRECTION('',(1.,0.,-0.));
#1776 = DIRECTION('',(0.,0.,1.));
#1777 = DEFINITIONAL_REPRESENTATION('',(#1778),#1782);
#1778 = LINE('',#1779,#1780);
#1779 = CARTESIAN_POINT('',(0.,0.));
#1780 = VECTOR('',#1781,1.);
#1781 = DIRECTION('',(1.,0.));
#1782 = ( GEOMETRIC_REPRESENTATION_CONTEXT(2) 
PARAMETRIC_REPRESENTATION_CONTEXT() REPRESENTATION_CONTEXT('2D SPACE',''
  ) );
#1783 = PCURVE('',#1784,#1789);
#1784 = PLANE('',#1785);
#1785 = AXIS2_PLACEMENT_3D('',#1786,#1787,#1788);
#1786 = CARTESIAN_POINT('',(-467.,-75.,701.5));
#1787 = DIRECTION('',(-0.,1.,0.));
#1788 = DIRECTION('',(0.,0.,1.));
#1789 = DEFINITIONAL_REPRESENTATION('',(#1790),#1794);
#1790 = LINE('',#1791,#1792);
#1791 = CARTESIAN_POINT('',(0.,0.));
#1792 = VECTOR('',#1793,1.);
#1793 = DIRECTION('',(1.,0.));
#1794 = ( GEOMETRIC_REPRESENTATION_CONTEXT(2) 
PARAMETRIC_REPRESENTATION_CONTEXT() REPRESENTATION_CONTEXT('2D SPACE',''
  ) );
#1795 = ORIENTED_EDGE('',*,*,#1796,.T.);
#1796 = EDGE_CURVE('',#1762,#1797,#1799,.T.);
#1797 = VERTEX_POINT('',#1798);
#1798 = CARTESIAN_POINT('',(-467.,75.,701.5));
#1799 = SURFACE_CURVE('',#1800,(#1804,#1811),.PCURVE_S1.);
#1800 = LINE('',#1801,#1802);
#1801 = CARTESIAN_POINT('',(-467.,-75.,701.5));
#1802 = VECTOR('',#1803,1.);
#1803 = DIRECTION('',(-0.,1.,0.));
#1804 = PCURVE('',#1772,#1805);
#1805 = DEFINITIONAL_REPRESENTATION('',(#1806),#1810);
#1806 = LINE('',#1807,#1808);
#1807 = CARTESIAN_POINT('',(0.,0.));
#1808 = VECTOR('',#1809,1.);
#1809 = DIRECTION('',(0.,-1.));
#1810 = ( GEOMETRIC_REPRESENTATION_CONTEXT(2) 
PARAMETRIC_REPRESENTATION_CONTEXT() REPRESENTATION_CONTEXT('2D SPACE',''
  ) );
#1811 = PCURVE('',#1812,#1817);
#1812 = PLANE('',#1813);
#1813 = AXIS2_PLACEMENT_3D('',#1814,#1815,#1816);
#1814 = CARTESIAN_POINT('',(-467.,-75.,701.5));
#1815 = DIRECTION('',(0.,0.,1.));
#1816 = DIRECTION('',(1.,0.,-0.));
#1817 = DEFINITIONAL_REPRESENTATION('',(#1818),#1822);
#1818 = LINE('',#1819,#1820);
#1819 = CARTESIAN_POINT('',(0.,0.));
#1820 = VECTOR('',#1821,1.);
#1821 = DIRECTION('',(0.,1.));
#1822 = ( GEOMETRIC_REPRESENTATION_CONTEXT(2) 
PARAMETRIC_REPRESENTATION_CONTEXT() REPRESENTATION_CONTEXT('2D SPACE',''
  ) );
#1823 = ORIENTED_EDGE('',*,*,#1824,.T.);
#1824 = EDGE_CURVE('',#1797,#1825,#1827,.T.);
#1825 = VERTEX_POINT('',#1826);
#1826 = CARTESIAN_POINT('',(-467.,75.,730.));
#1827 = SURFACE_CURVE('',#1828,(#1832,#1839),.PCURVE_S1.);
#1828 = LINE('',#1829,#1830);
#1829 = CARTESIAN_POINT('',(-467.,75.,701.5));
#1830 = VECTOR('',#1831,1.);
#1831 = DIRECTION('',(0.,0.,1.));
#1832 = PCURVE('',#1772,#1833);
#1833 = DEFINITIONAL_REPRESENTATION('',(#1834),#1838);
#1834 = LINE('',#1835,#1836);
#1835 = CARTESIAN_POINT('',(0.,-150.));
#1836 = VECTOR('',#1837,1.);
#1837 = DIRECTION('',(1.,0.));
#1838 = ( GEOMETRIC_REPRESENTATION_CONTEXT(2) 
PARAMETRIC_REPRESENTATION_CONTEXT() REPRESENTATION_CONTEXT('2D SPACE',''
  ) );
#1839 = PCURVE('',#1840,#1845);
#1840 = PLANE('',#1841);
#1841 = AXIS2_PLACEMENT_3D('',#1842,#1843,#1844);
#1842 = CARTESIAN_POINT('',(-467.,75.,701.5));
#1843 = DIRECTION('',(-0.,1.,0.));
#1844 = DIRECTION('',(0.,0.,1.));
#1845 = DEFINITIONAL_REPRESENTATION('',(#1846),#1850);
#1846 = LINE('',#1847,#1848);
#1847 = CARTESIAN_POINT('',(0.,0.));
#1848 = VECTOR('',#1849,1.);
#1849 = DIRECTION('',(1.,0.));
#1850 = ( GEOMETRIC_REPRESENTATION_CONTEXT(2) 
PARAMETRIC_REPRESENTATION_CONTEXT() REPRESENTATION_CONTEXT('2D SPACE',''
  ) );
#1851 = ORIENTED_EDGE('',*,*,#1852,.F.);
#1852 = EDGE_CURVE('',#1764,#1825,#1853,.T.);
#1853 = SURFACE_CURVE('',#1854,(#1858,#1865),.PCURVE_S1.);
#1854 = LINE('',#1855,#1856);
#1855 = CARTESIAN_POINT('',(-467.,-75.,730.));
#1856 = VECTOR('',#1857,1.);
#1857 = DIRECTION('',(-0.,1.,0.));
#1858 = PCURVE('',#1772,#1859);
#1859 = DEFINITIONAL_REPRESENTATION('',(#1860),#1864);
#1860 = LINE('',#1861,#1862);
#1861 = CARTESIAN_POINT('',(28.5,0.));
#1862 = VECTOR('',#1863,1.);
#1863 = DIRECTION('',(0.,-1.));
#1864 = ( GEOMETRIC_REPRESENTATION_CONTEXT(2) 
PARAMETRIC_REPRESENTATION_CONTEXT() REPRESENTATION_CONTEXT('2D SPACE',''
  ) );
#1865 = PCURVE('',#1866,#1871);
#1866 = PLANE('',#1867);
#1867 = AXIS2_PLACEMENT_3D('',#1868,#1869,#1870);
#1868 = CARTESIAN_POINT('',(-467.,-75.,730.));
#1869 = DIRECTION('',(0.,0.,1.));
#1870 = DIRECTION('',(1.,0.,-0.));
#1871 = DEFINITIONAL_REPRESENTATION('',(#1872),#1876);
#1872 = LINE('',#1873,#1874);
#1873 = CARTESIAN_POINT('',(0.,0.));
#1874 = VECTOR('',#1875,1.);
#1875 = DIRECTION('',(0.,1.));
#1876 = ( GEOMETRIC_REPRESENTATION_CONTEXT(2) 
PARAMETRIC_REPRESENTATION_CONTEXT() REPRESENTATION_CONTEXT('2D SPACE',''
  ) );
#1877 = ADVANCED_FACE('',(#1878),#1784,.F.);
#1878 = FACE_BOUND('',#1879,.F.);
#1879 = EDGE_LOOP('',(#1880,#1903,#1904,#1927));
#1880 = ORIENTED_EDGE('',*,*,#1881,.F.);
#1881 = EDGE_CURVE('',#1762,#1882,#1884,.T.);
#1882 = VERTEX_POINT('',#1883);
#1883 = CARTESIAN_POINT('',(-317.,-75.,701.5));
#1884 = SURFACE_CURVE('',#1885,(#1889,#1896),.PCURVE_S1.);
#1885 = LINE('',#1886,#1887);
#1886 = CARTESIAN_POINT('',(-467.,-75.,701.5));
#1887 = VECTOR('',#1888,1.);
#1888 = DIRECTION('',(1.,0.,-0.));
#1889 = PCURVE('',#1784,#1890);
#1890 = DEFINITIONAL_REPRESENTATION('',(#1891),#1895);
#1891 = LINE('',#1892,#1893);
#1892 = CARTESIAN_POINT('',(0.,0.));
#1893 = VECTOR('',#1894,1.);
#1894 = DIRECTION('',(0.,1.));
#1895 = ( GEOMETRIC_REPRESENTATION_CONTEXT(2) 
PARAMETRIC_REPRESENTATION_CONTEXT() REPRESENTATION_CONTEXT('2D SPACE',''
  ) );
#1896 = PCURVE('',#1812,#1897);
#1897 = DEFINITIONAL_REPRESENTATION('',(#1898),#1902);
#1898 = LINE('',#1899,#1900);
#1899 = CARTESIAN_POINT('',(0.,0.));
#1900 = VECTOR('',#1901,1.);
#1901 = DIRECTION('',(1.,0.));
#1902 = ( GEOMETRIC_REPRESENTATION_CONTEXT(2) 
PARAMETRIC_REPRESENTATION_CONTEXT() REPRESENTATION_CONTEXT('2D SPACE',''
  ) );
#1903 = ORIENTED_EDGE('',*,*,#1761,.T.);
#1904 = ORIENTED_EDGE('',*,*,#1905,.T.);
#1905 = EDGE_CURVE('',#1764,#1906,#1908,.T.);
#1906 = VERTEX_POINT('',#1907);
#1907 = CARTESIAN_POINT('',(-317.,-75.,730.));
#1908 = SURFACE_CURVE('',#1909,(#1913,#1920),.PCURVE_S1.);
#1909 = LINE('',#1910,#1911);
#1910 = CARTESIAN_POINT('',(-467.,-75.,730.));
#1911 = VECTOR('',#1912,1.);
#1912 = DIRECTION('',(1.,0.,-0.));
#1913 = PCURVE('',#1784,#1914);
#1914 = DEFINITIONAL_REPRESENTATION('',(#1915),#1919);
#1915 = LINE('',#1916,#1917);
#1916 = CARTESIAN_POINT('',(28.5,0.));
#1917 = VECTOR('',#1918,1.);
#1918 = DIRECTION('',(0.,1.));
#1919 = ( GEOMETRIC_REPRESENTATION_CONTEXT(2) 
PARAMETRIC_REPRESENTATION_CONTEXT() REPRESENTATION_CONTEXT('2D SPACE',''
  ) );
#1920 = PCURVE('',#1866,#1921);
#1921 = DEFINITIONAL_REPRESENTATION('',(#1922),#1926);
#1922 = LINE('',#1923,#1924);
#1923 = CARTESIAN_POINT('',(0.,0.));
#1924 = VECTOR('',#1925,1.);
#1925 = DIRECTION('',(1.,0.));
#1926 = ( GEOMETRIC_REPRESENTATION_CONTEXT(2) 
PARAMETRIC_REPRESENTATION_CONTEXT() REPRESENTATION_CONTEXT('2D SPACE',''
  ) );
#1927 = ORIENTED_EDGE('',*,*,#1928,.F.);
#1928 = EDGE_CURVE('',#1882,#1906,#1929,.T.);
#1929 = SURFACE_CURVE('',#1930,(#1934,#1941),.PCURVE_S1.);
#1930 = LINE('',#1931,#1932);
#1931 = CARTESIAN_POINT('',(-317.,-75.,701.5));
#1932 = VECTOR('',#1933,1.);
#1933 = DIRECTION('',(0.,0.,1.));
#1934 = PCURVE('',#1784,#1935);
#1935 = DEFINITIONAL_REPRESENTATION('',(#1936),#1940);
#1936 = LINE('',#1937,#1938);
#1937 = CARTESIAN_POINT('',(0.,150.));
#1938 = VECTOR('',#1939,1.);
#1939 = DIRECTION('',(1.,0.));
#1940 = ( GEOMETRIC_REPRESENTATION_CONTEXT(2) 
PARAMETRIC_REPRESENTATION_CONTEXT() REPRESENTATION_CONTEXT('2D SPACE',''
  ) );
#1941 = PCURVE('',#1942,#1947);
#1942 = PLANE('',#1943);
#1943 = AXIS2_PLACEMENT_3D('',#1944,#1945,#1946);
#1944 = CARTESIAN_POINT('',(-317.,-75.,701.5));
#1945 = DIRECTION('',(1.,0.,-0.));
#1946 = DIRECTION('',(0.,0.,1.));
#1947 = DEFINITIONAL_REPRESENTATION('',(#1948),#1952);
#1948 = LINE('',#1949,#1950);
#1949 = CARTESIAN_POINT('',(0.,0.));
#1950 = VECTOR('',#1951,1.);
#1951 = DIRECTION('',(1.,0.));
#1952 = ( GEOMETRIC_REPRESENTATION_CONTEXT(2) 
PARAMETRIC_REPRESENTATION_CONTEXT() REPRESENTATION_CONTEXT('2D SPACE',''
  ) );
#1953 = ADVANCED_FACE('',(#1954,#2002,#2033,#2064,#2178,#2209,#2315,
    #2429,#2535),#1866,.T.);
#1954 = FACE_BOUND('',#1955,.T.);
#1955 = EDGE_LOOP('',(#1956,#1957,#1958,#1981));
#1956 = ORIENTED_EDGE('',*,*,#1852,.F.);
#1957 = ORIENTED_EDGE('',*,*,#1905,.T.);
#1958 = ORIENTED_EDGE('',*,*,#1959,.T.);
#1959 = EDGE_CURVE('',#1906,#1960,#1962,.T.);
#1960 = VERTEX_POINT('',#1961);
#1961 = CARTESIAN_POINT('',(-317.,75.,730.));
#1962 = SURFACE_CURVE('',#1963,(#1967,#1974),.PCURVE_S1.);
#1963 = LINE('',#1964,#1965);
#1964 = CARTESIAN_POINT('',(-317.,-75.,730.));
#1965 = VECTOR('',#1966,1.);
#1966 = DIRECTION('',(-0.,1.,0.));
#1967 = PCURVE('',#1866,#1968);
#1968 = DEFINITIONAL_REPRESENTATION('',(#1969),#1973);
#1969 = LINE('',#1970,#1971);
#1970 = CARTESIAN_POINT('',(150.,0.));
#1971 = VECTOR('',#1972,1.);
#1972 = DIRECTION('',(0.,1.));
#1973 = ( GEOMETRIC_REPRESENTATION_CONTEXT(2) 
PARAMETRIC_REPRESENTATION_CONTEXT() REPRESENTATION_CONTEXT('2D SPACE',''
  ) );
#1974 = PCURVE('',#1942,#1975);
#1975 = DEFINITIONAL_REPRESENTATION('',(#1976),#1980);
#1976 = LINE('',#1977,#1978);
#1977 = CARTESIAN_POINT('',(28.5,0.));
#1978 = VECTOR('',#1979,1.);
#1979 = DIRECTION('',(0.,-1.));
#1980 = ( GEOMETRIC_REPRESENTATION_CONTEXT(2) 
PARAMETRIC_REPRESENTATION_CONTEXT() REPRESENTATION_CONTEXT('2D SPACE',''
  ) );
#1981 = ORIENTED_EDGE('',*,*,#1982,.F.);
#1982 = EDGE_CURVE('',#1825,#1960,#1983,.T.);
#1983 = SURFACE_CURVE('',#1984,(#1988,#1995),.PCURVE_S1.);
#1984 = LINE('',#1985,#1986);
#1985 = CARTESIAN_POINT('',(-467.,75.,730.));
#1986 = VECTOR('',#1987,1.);
#1987 = DIRECTION('',(1.,0.,-0.));
#1988 = PCURVE('',#1866,#1989);
#1989 = DEFINITIONAL_REPRESENTATION('',(#1990),#1994);
#1990 = LINE('',#1991,#1992);
#1991 = CARTESIAN_POINT('',(0.,150.));
#1992 = VECTOR('',#1993,1.);
#1993 = DIRECTION('',(1.,0.));
#1994 = ( GEOMETRIC_REPRESENTATION_CONTEXT(2) 
PARAMETRIC_REPRESENTATION_CONTEXT() REPRESENTATION_CONTEXT('2D SPACE',''
  ) );
#1995 = PCURVE('',#1840,#1996);
#1996 = DEFINITIONAL_REPRESENTATION('',(#1997),#2001);
#1997 = LINE('',#1998,#1999);
#1998 = CARTESIAN_POINT('',(28.5,0.));
#1999 = VECTOR('',#2000,1.);
#2000 = DIRECTION('',(0.,1.));
#2001 = ( GEOMETRIC_REPRESENTATION_CONTEXT(2) 
PARAMETRIC_REPRESENTATION_CONTEXT() REPRESENTATION_CONTEXT('2D SPACE',''
  ) );
#2002 = FACE_BOUND('',#2003,.T.);
#2003 = EDGE_LOOP('',(#2004));
#2004 = ORIENTED_EDGE('',*,*,#2005,.F.);
#2005 = EDGE_CURVE('',#2006,#2006,#2008,.T.);
#2006 = VERTEX_POINT('',#2007);
#2007 = CARTESIAN_POINT('',(-449.25,-60.,730.));
#2008 = SURFACE_CURVE('',#2009,(#2014,#2021),.PCURVE_S1.);
#2009 = CIRCLE('',#2010,2.75);
#2010 = AXIS2_PLACEMENT_3D('',#2011,#2012,#2013);
#2011 = CARTESIAN_POINT('',(-452.,-60.,730.));
#2012 = DIRECTION('',(0.,0.,1.));
#2013 = DIRECTION('',(1.,0.,-0.));
#2014 = PCURVE('',#1866,#2015);
#2015 = DEFINITIONAL_REPRESENTATION('',(#2016),#2020);
#2016 = CIRCLE('',#2017,2.75);
#2017 = AXIS2_PLACEMENT_2D('',#2018,#2019);
#2018 = CARTESIAN_POINT('',(15.,15.));
#2019 = DIRECTION('',(1.,0.));
#2020 = ( GEOMETRIC_REPRESENTATION_CONTEXT(2) 
PARAMETRIC_REPRESENTATION_CONTEXT() REPRESENTATION_CONTEXT('2D SPACE',''
  ) );
#2021 = PCURVE('',#2022,#2027);
#2022 = CYLINDRICAL_SURFACE('',#2023,2.75);
#2023 = AXIS2_PLACEMENT_3D('',#2024,#2025,#2026);
#2024 = CARTESIAN_POINT('',(-452.,-60.,700.5));
#2025 = DIRECTION('',(0.,0.,1.));
#2026 = DIRECTION('',(1.,0.,-0.));
#2027 = DEFINITIONAL_REPRESENTATION('',(#2028),#2032);
#2028 = LINE('',#2029,#2030);
#2029 = CARTESIAN_POINT('',(0.,29.5));
#2030 = VECTOR('',#2031,1.);
#2031 = DIRECTION('',(1.,0.));
#2032 = ( GEOMETRIC_REPRESENTATION_CONTEXT(2) 
PARAMETRIC_REPRESENTATION_CONTEXT() REPRESENTATION_CONTEXT('2D SPACE',''
  ) );
#2033 = FACE_BOUND('',#2034,.T.);
#2034 = EDGE_LOOP('',(#2035));
#2035 = ORIENTED_EDGE('',*,*,#2036,.F.);
#2036 = EDGE_CURVE('',#2037,#2037,#2039,.T.);
#2037 = VERTEX_POINT('',#2038);
#2038 = CARTESIAN_POINT('',(-329.25,-60.,730.));
#2039 = SURFACE_CURVE('',#2040,(#2045,#2052),.PCURVE_S1.);
#2040 = CIRCLE('',#2041,2.75);
#2041 = AXIS2_PLACEMENT_3D('',#2042,#2043,#2044);
#2042 = CARTESIAN_POINT('',(-332.,-60.,730.));
#2043 = DIRECTION('',(0.,0.,1.));
#2044 = DIRECTION('',(1.,0.,-0.));
#2045 = PCURVE('',#1866,#2046);
#2046 = DEFINITIONAL_REPRESENTATION('',(#2047),#2051);
#2047 = CIRCLE('',#2048,2.75);
#2048 = AXIS2_PLACEMENT_2D('',#2049,#2050);
#2049 = CARTESIAN_POINT('',(135.,15.));
#2050 = DIRECTION('',(1.,0.));
#2051 = ( GEOMETRIC_REPRESENTATION_CONTEXT(2) 
PARAMETRIC_REPRESENTATION_CONTEXT() REPRESENTATION_CONTEXT('2D SPACE',''
  ) );
#2052 = PCURVE('',#2053,#2058);
#2053 = CYLINDRICAL_SURFACE('',#2054,2.75);
#2054 = AXIS2_PLACEMENT_3D('',#2055,#2056,#2057);
#2055 = CARTESIAN_POINT('',(-332.,-60.,700.5));
#2056 = DIRECTION('',(0.,0.,1.));
#2057 = DIRECTION('',(1.,0.,-0.));
#2058 = DEFINITIONAL_REPRESENTATION('',(#2059),#2063);
#2059 = LINE('',#2060,#2061);
#2060 = CARTESIAN_POINT('',(0.,29.5));
#2061 = VECTOR('',#2062,1.);
#2062 = DIRECTION('',(1.,0.));
#2063 = ( GEOMETRIC_REPRESENTATION_CONTEXT(2) 
PARAMETRIC_REPRESENTATION_CONTEXT() REPRESENTATION_CONTEXT('2D SPACE',''
  ) );
#2064 = FACE_BOUND('',#2065,.T.);
#2065 = EDGE_LOOP('',(#2066,#2096,#2124,#2152));
#2066 = ORIENTED_EDGE('',*,*,#2067,.T.);
#2067 = EDGE_CURVE('',#2068,#2070,#2072,.T.);
#2068 = VERTEX_POINT('',#2069);
#2069 = CARTESIAN_POINT('',(-443.,-45.,730.));
#2070 = VERTEX_POINT('',#2071);
#2071 = CARTESIAN_POINT('',(-443.,45.,730.));
#2072 = SURFACE_CURVE('',#2073,(#2077,#2084),.PCURVE_S1.);
#2073 = LINE('',#2074,#2075);
#2074 = CARTESIAN_POINT('',(-443.,-45.,730.));
#2075 = VECTOR('',#2076,1.);
#2076 = DIRECTION('',(-0.,1.,0.));
#2077 = PCURVE('',#1866,#2078);
#2078 = DEFINITIONAL_REPRESENTATION('',(#2079),#2083);
#2079 = LINE('',#2080,#2081);
#2080 = CARTESIAN_POINT('',(24.,30.));
#2081 = VECTOR('',#2082,1.);
#2082 = DIRECTION('',(0.,1.));
#2083 = ( GEOMETRIC_REPRESENTATION_CONTEXT(2) 
PARAMETRIC_REPRESENTATION_CONTEXT() REPRESENTATION_CONTEXT('2D SPACE',''
  ) );
#2084 = PCURVE('',#2085,#2090);
#2085 = PLANE('',#2086);
#2086 = AXIS2_PLACEMENT_3D('',#2087,#2088,#2089);
#2087 = CARTESIAN_POINT('',(-443.,-45.,730.));
#2088 = DIRECTION('',(1.,0.,-0.));
#2089 = DIRECTION('',(0.,0.,1.));
#2090 = DEFINITIONAL_REPRESENTATION('',(#2091),#2095);
#2091 = LINE('',#2092,#2093);
#2092 = CARTESIAN_POINT('',(0.,0.));
#2093 = VECTOR('',#2094,1.);
#2094 = DIRECTION('',(0.,-1.));
#2095 = ( GEOMETRIC_REPRESENTATION_CONTEXT(2) 
PARAMETRIC_REPRESENTATION_CONTEXT() REPRESENTATION_CONTEXT('2D SPACE',''
  ) );
#2096 = ORIENTED_EDGE('',*,*,#2097,.T.);
#2097 = EDGE_CURVE('',#2070,#2098,#2100,.T.);
#2098 = VERTEX_POINT('',#2099);
#2099 = CARTESIAN_POINT('',(-438.,45.,730.));
#2100 = SURFACE_CURVE('',#2101,(#2105,#2112),.PCURVE_S1.);
#2101 = LINE('',#2102,#2103);
#2102 = CARTESIAN_POINT('',(-443.,45.,730.));
#2103 = VECTOR('',#2104,1.);
#2104 = DIRECTION('',(1.,0.,-0.));
#2105 = PCURVE('',#1866,#2106);
#2106 = DEFINITIONAL_REPRESENTATION('',(#2107),#2111);
#2107 = LINE('',#2108,#2109);
#2108 = CARTESIAN_POINT('',(24.,120.));
#2109 = VECTOR('',#2110,1.);
#2110 = DIRECTION('',(1.,0.));
#2111 = ( GEOMETRIC_REPRESENTATION_CONTEXT(2) 
PARAMETRIC_REPRESENTATION_CONTEXT() REPRESENTATION_CONTEXT('2D SPACE',''
  ) );
#2112 = PCURVE('',#2113,#2118);
#2113 = PLANE('',#2114);
#2114 = AXIS2_PLACEMENT_3D('',#2115,#2116,#2117);
#2115 = CARTESIAN_POINT('',(-443.,45.,730.));
#2116 = DIRECTION('',(-0.,1.,0.));
#2117 = DIRECTION('',(0.,0.,1.));
#2118 = DEFINITIONAL_REPRESENTATION('',(#2119),#2123);
#2119 = LINE('',#2120,#2121);
#2120 = CARTESIAN_POINT('',(0.,0.));
#2121 = VECTOR('',#2122,1.);
#2122 = DIRECTION('',(0.,1.));
#2123 = ( GEOMETRIC_REPRESENTATION_CONTEXT(2) 
PARAMETRIC_REPRESENTATION_CONTEXT() REPRESENTATION_CONTEXT('2D SPACE',''
  ) );
#2124 = ORIENTED_EDGE('',*,*,#2125,.F.);
#2125 = EDGE_CURVE('',#2126,#2098,#2128,.T.);
#2126 = VERTEX_POINT('',#2127);
#2127 = CARTESIAN_POINT('',(-438.,-45.,730.));
#2128 = SURFACE_CURVE('',#2129,(#2133,#2140),.PCURVE_S1.);
#2129 = LINE('',#2130,#2131);
#2130 = CARTESIAN_POINT('',(-438.,-45.,730.));
#2131 = VECTOR('',#2132,1.);
#2132 = DIRECTION('',(-0.,1.,0.));
#2133 = PCURVE('',#1866,#2134);
#2134 = DEFINITIONAL_REPRESENTATION('',(#2135),#2139);
#2135 = LINE('',#2136,#2137);
#2136 = CARTESIAN_POINT('',(29.,30.));
#2137 = VECTOR('',#2138,1.);
#2138 = DIRECTION('',(0.,1.));
#2139 = ( GEOMETRIC_REPRESENTATION_CONTEXT(2) 
PARAMETRIC_REPRESENTATION_CONTEXT() REPRESENTATION_CONTEXT('2D SPACE',''
  ) );
#2140 = PCURVE('',#2141,#2146);
#2141 = PLANE('',#2142);
#2142 = AXIS2_PLACEMENT_3D('',#2143,#2144,#2145);
#2143 = CARTESIAN_POINT('',(-438.,-45.,730.));
#2144 = DIRECTION('',(1.,0.,-0.));
#2145 = DIRECTION('',(0.,0.,1.));
#2146 = DEFINITIONAL_REPRESENTATION('',(#2147),#2151);
#2147 = LINE('',#2148,#2149);
#2148 = CARTESIAN_POINT('',(0.,0.));
#2149 = VECTOR('',#2150,1.);
#2150 = DIRECTION('',(0.,-1.));
#2151 = ( GEOMETRIC_REPRESENTATION_CONTEXT(2) 
PARAMETRIC_REPRESENTATION_CONTEXT() REPRESENTATION_CONTEXT('2D SPACE',''
  ) );
#2152 = ORIENTED_EDGE('',*,*,#2153,.F.);
#2153 = EDGE_CURVE('',#2068,#2126,#2154,.T.);
#2154 = SURFACE_CURVE('',#2155,(#2159,#2166),.PCURVE_S1.);
#2155 = LINE('',#2156,#2157);
#2156 = CARTESIAN_POINT('',(-443.,-45.,730.));
#2157 = VECTOR('',#2158,1.);
#2158 = DIRECTION('',(1.,0.,-0.));
#2159 = PCURVE('',#1866,#2160);
#2160 = DEFINITIONAL_REPRESENTATION('',(#2161),#2165);
#2161 = LINE('',#2162,#2163);
#2162 = CARTESIAN_POINT('',(24.,30.));
#2163 = VECTOR('',#2164,1.);
#2164 = DIRECTION('',(1.,0.));
#2165 = ( GEOMETRIC_REPRESENTATION_CONTEXT(2) 
PARAMETRIC_REPRESENTATION_CONTEXT() REPRESENTATION_CONTEXT('2D SPACE',''
  ) );
#2166 = PCURVE('',#2167,#2172);
#2167 = PLANE('',#2168);
#2168 = AXIS2_PLACEMENT_3D('',#2169,#2170,#2171);
#2169 = CARTESIAN_POINT('',(-443.,-45.,730.));
#2170 = DIRECTION('',(-0.,1.,0.));
#2171 = DIRECTION('',(0.,0.,1.));
#2172 = DEFINITIONAL_REPRESENTATION('',(#2173),#2177);
#2173 = LINE('',#2174,#2175);
#2174 = CARTESIAN_POINT('',(0.,0.));
#2175 = VECTOR('',#2176,1.);
#2176 = DIRECTION('',(0.,1.));
#2177 = ( GEOMETRIC_REPRESENTATION_CONTEXT(2) 
PARAMETRIC_REPRESENTATION_CONTEXT() REPRESENTATION_CONTEXT('2D SPACE',''
  ) );
#2178 = FACE_BOUND('',#2179,.T.);
#2179 = EDGE_LOOP('',(#2180));
#2180 = ORIENTED_EDGE('',*,*,#2181,.F.);
#2181 = EDGE_CURVE('',#2182,#2182,#2184,.T.);
#2182 = VERTEX_POINT('',#2183);
#2183 = CARTESIAN_POINT('',(-449.25,60.,730.));
#2184 = SURFACE_CURVE('',#2185,(#2190,#2197),.PCURVE_S1.);
#2185 = CIRCLE('',#2186,2.75);
#2186 = AXIS2_PLACEMENT_3D('',#2187,#2188,#2189);
#2187 = CARTESIAN_POINT('',(-452.,60.,730.));
#2188 = DIRECTION('',(0.,0.,1.));
#2189 = DIRECTION('',(1.,0.,-0.));
#2190 = PCURVE('',#1866,#2191);
#2191 = DEFINITIONAL_REPRESENTATION('',(#2192),#2196);
#2192 = CIRCLE('',#2193,2.75);
#2193 = AXIS2_PLACEMENT_2D('',#2194,#2195);
#2194 = CARTESIAN_POINT('',(15.,135.));
#2195 = DIRECTION('',(1.,0.));
#2196 = ( GEOMETRIC_REPRESENTATION_CONTEXT(2) 
PARAMETRIC_REPRESENTATION_CONTEXT() REPRESENTATION_CONTEXT('2D SPACE',''
  ) );
#2197 = PCURVE('',#2198,#2203);
#2198 = CYLINDRICAL_SURFACE('',#2199,2.75);
#2199 = AXIS2_PLACEMENT_3D('',#2200,#2201,#2202);
#2200 = CARTESIAN_POINT('',(-452.,60.,700.5));
#2201 = DIRECTION('',(0.,0.,1.));
#2202 = DIRECTION('',(1.,0.,-0.));
#2203 = DEFINITIONAL_REPRESENTATION('',(#2204),#2208);
#2204 = LINE('',#2205,#2206);
#2205 = CARTESIAN_POINT('',(0.,29.5));
#2206 = VECTOR('',#2207,1.);
#2207 = DIRECTION('',(1.,0.));
#2208 = ( GEOMETRIC_REPRESENTATION_CONTEXT(2) 
PARAMETRIC_REPRESENTATION_CONTEXT() REPRESENTATION_CONTEXT('2D SPACE',''
  ) );
#2209 = FACE_BOUND('',#2210,.T.);
#2210 = EDGE_LOOP('',(#2211,#2239,#2265,#2291));
#2211 = ORIENTED_EDGE('',*,*,#2212,.T.);
#2212 = EDGE_CURVE('',#2213,#2215,#2217,.T.);
#2213 = VERTEX_POINT('',#2214);
#2214 = CARTESIAN_POINT('',(-363.,-10.,730.));
#2215 = VERTEX_POINT('',#2216);
#2216 = CARTESIAN_POINT('',(-421.,-10.,730.));
#2217 = SURFACE_CURVE('',#2218,(#2222,#2228),.PCURVE_S1.);
#2218 = LINE('',#2219,#2220);
#2219 = CARTESIAN_POINT('',(-444.,-10.,730.));
#2220 = VECTOR('',#2221,1.);
#2221 = DIRECTION('',(-1.,-0.,0.));
#2222 = PCURVE('',#1866,#2223);
#2223 = DEFINITIONAL_REPRESENTATION('',(#2224),#2227);
#2224 = B_SPLINE_CURVE_WITH_KNOTS('',1,(#2225,#2226),.UNSPECIFIED.,.F.,
  .F.,(2,2),(-81.,-23.),.PIECEWISE_BEZIER_KNOTS.);
#2225 = CARTESIAN_POINT('',(104.,65.));
#2226 = CARTESIAN_POINT('',(46.,65.));
#2227 = ( GEOMETRIC_REPRESENTATION_CONTEXT(2) 
PARAMETRIC_REPRESENTATION_CONTEXT() REPRESENTATION_CONTEXT('2D SPACE',''
  ) );
#2228 = PCURVE('',#2229,#2234);
#2229 = PLANE('',#2230);
#2230 = AXIS2_PLACEMENT_3D('',#2231,#2232,#2233);
#2231 = CARTESIAN_POINT('',(-421.,-10.,710.5));
#2232 = DIRECTION('',(-0.,1.,0.));
#2233 = DIRECTION('',(0.,0.,1.));
#2234 = DEFINITIONAL_REPRESENTATION('',(#2235),#2238);
#2235 = B_SPLINE_CURVE_WITH_KNOTS('',1,(#2236,#2237),.UNSPECIFIED.,.F.,
  .F.,(2,2),(-81.,-23.),.PIECEWISE_BEZIER_KNOTS.);
#2236 = CARTESIAN_POINT('',(19.5,58.));
#2237 = CARTESIAN_POINT('',(19.5,0.));
#2238 = ( GEOMETRIC_REPRESENTATION_CONTEXT(2) 
PARAMETRIC_REPRESENTATION_CONTEXT() REPRESENTATION_CONTEXT('2D SPACE',''
  ) );
#2239 = ORIENTED_EDGE('',*,*,#2240,.T.);
#2240 = EDGE_CURVE('',#2215,#2241,#2243,.T.);
#2241 = VERTEX_POINT('',#2242);
#2242 = CARTESIAN_POINT('',(-421.,26.,730.));
#2243 = SURFACE_CURVE('',#2244,(#2248,#2254),.PCURVE_S1.);
#2244 = LINE('',#2245,#2246);
#2245 = CARTESIAN_POINT('',(-421.,-42.5,730.));
#2246 = VECTOR('',#2247,1.);
#2247 = DIRECTION('',(-0.,1.,0.));
#2248 = PCURVE('',#1866,#2249);
#2249 = DEFINITIONAL_REPRESENTATION('',(#2250),#2253);
#2250 = B_SPLINE_CURVE_WITH_KNOTS('',1,(#2251,#2252),.UNSPECIFIED.,.F.,
  .F.,(2,2),(32.5,68.5),.PIECEWISE_BEZIER_KNOTS.);
#2251 = CARTESIAN_POINT('',(46.,65.));
#2252 = CARTESIAN_POINT('',(46.,101.));
#2253 = ( GEOMETRIC_REPRESENTATION_CONTEXT(2) 
PARAMETRIC_REPRESENTATION_CONTEXT() REPRESENTATION_CONTEXT('2D SPACE',''
  ) );
#2254 = PCURVE('',#2255,#2260);
#2255 = PLANE('',#2256);
#2256 = AXIS2_PLACEMENT_3D('',#2257,#2258,#2259);
#2257 = CARTESIAN_POINT('',(-421.,-10.,710.5));
#2258 = DIRECTION('',(1.,0.,-0.));
#2259 = DIRECTION('',(0.,0.,1.));
#2260 = DEFINITIONAL_REPRESENTATION('',(#2261),#2264);
#2261 = B_SPLINE_CURVE_WITH_KNOTS('',1,(#2262,#2263),.UNSPECIFIED.,.F.,
  .F.,(2,2),(32.5,68.5),.PIECEWISE_BEZIER_KNOTS.);
#2262 = CARTESIAN_POINT('',(19.5,0.));
#2263 = CARTESIAN_POINT('',(19.5,-36.));
#2264 = ( GEOMETRIC_REPRESENTATION_CONTEXT(2) 
PARAMETRIC_REPRESENTATION_CONTEXT() REPRESENTATION_CONTEXT('2D SPACE',''
  ) );
#2265 = ORIENTED_EDGE('',*,*,#2266,.F.);
#2266 = EDGE_CURVE('',#2267,#2241,#2269,.T.);
#2267 = VERTEX_POINT('',#2268);
#2268 = CARTESIAN_POINT('',(-363.,26.,730.));
#2269 = SURFACE_CURVE('',#2270,(#2274,#2280),.PCURVE_S1.);
#2270 = LINE('',#2271,#2272);
#2271 = CARTESIAN_POINT('',(-444.,26.,730.));
#2272 = VECTOR('',#2273,1.);
#2273 = DIRECTION('',(-1.,-0.,0.));
#2274 = PCURVE('',#1866,#2275);
#2275 = DEFINITIONAL_REPRESENTATION('',(#2276),#2279);
#2276 = B_SPLINE_CURVE_WITH_KNOTS('',1,(#2277,#2278),.UNSPECIFIED.,.F.,
  .F.,(2,2),(-81.,-23.),.PIECEWISE_BEZIER_KNOTS.);
#2277 = CARTESIAN_POINT('',(104.,101.));
#2278 = CARTESIAN_POINT('',(46.,101.));
#2279 = ( GEOMETRIC_REPRESENTATION_CONTEXT(2) 
PARAMETRIC_REPRESENTATION_CONTEXT() REPRESENTATION_CONTEXT('2D SPACE',''
  ) );
#2280 = PCURVE('',#2281,#2286);
#2281 = PLANE('',#2282);
#2282 = AXIS2_PLACEMENT_3D('',#2283,#2284,#2285);
#2283 = CARTESIAN_POINT('',(-421.,26.,710.5));
#2284 = DIRECTION('',(-0.,1.,0.));
#2285 = DIRECTION('',(0.,0.,1.));
#2286 = DEFINITIONAL_REPRESENTATION('',(#2287),#2290);
#2287 = B_SPLINE_CURVE_WITH_KNOTS('',1,(#2288,#2289),.UNSPECIFIED.,.F.,
  .F.,(2,2),(-81.,-23.),.PIECEWISE_BEZIER_KNOTS.);
#2288 = CARTESIAN_POINT('',(19.5,58.));
#2289 = CARTESIAN_POINT('',(19.5,0.));
#2290 = ( GEOMETRIC_REPRESENTATION_CONTEXT(2) 
PARAMETRIC_REPRESENTATION_CONTEXT() REPRESENTATION_CONTEXT('2D SPACE',''
  ) );
#2291 = ORIENTED_EDGE('',*,*,#2292,.F.);
#2292 = EDGE_CURVE('',#2213,#2267,#2293,.T.);
#2293 = SURFACE_CURVE('',#2294,(#2298,#2304),.PCURVE_S1.);
#2294 = LINE('',#2295,#2296);
#2295 = CARTESIAN_POINT('',(-363.,-42.5,730.));
#2296 = VECTOR('',#2297,1.);
#2297 = DIRECTION('',(-0.,1.,0.));
#2298 = PCURVE('',#1866,#2299);
#2299 = DEFINITIONAL_REPRESENTATION('',(#2300),#2303);
#2300 = B_SPLINE_CURVE_WITH_KNOTS('',1,(#2301,#2302),.UNSPECIFIED.,.F.,
  .F.,(2,2),(32.5,68.5),.PIECEWISE_BEZIER_KNOTS.);
#2301 = CARTESIAN_POINT('',(104.,65.));
#2302 = CARTESIAN_POINT('',(104.,101.));
#2303 = ( GEOMETRIC_REPRESENTATION_CONTEXT(2) 
PARAMETRIC_REPRESENTATION_CONTEXT() REPRESENTATION_CONTEXT('2D SPACE',''
  ) );
#2304 = PCURVE('',#2305,#2310);
#2305 = PLANE('',#2306);
#2306 = AXIS2_PLACEMENT_3D('',#2307,#2308,#2309);
#2307 = CARTESIAN_POINT('',(-363.,-10.,710.5));
#2308 = DIRECTION('',(1.,0.,-0.));
#2309 = DIRECTION('',(0.,0.,1.));
#2310 = DEFINITIONAL_REPRESENTATION('',(#2311),#2314);
#2311 = B_SPLINE_CURVE_WITH_KNOTS('',1,(#2312,#2313),.UNSPECIFIED.,.F.,
  .F.,(2,2),(32.5,68.5),.PIECEWISE_BEZIER_KNOTS.);
#2312 = CARTESIAN_POINT('',(19.5,0.));
#2313 = CARTESIAN_POINT('',(19.5,-36.));
#2314 = ( GEOMETRIC_REPRESENTATION_CONTEXT(2) 
PARAMETRIC_REPRESENTATION_CONTEXT() REPRESENTATION_CONTEXT('2D SPACE',''
  ) );
#2315 = FACE_BOUND('',#2316,.T.);
#2316 = EDGE_LOOP('',(#2317,#2347,#2375,#2403));
#2317 = ORIENTED_EDGE('',*,*,#2318,.T.);
#2318 = EDGE_CURVE('',#2319,#2321,#2323,.T.);
#2319 = VERTEX_POINT('',#2320);
#2320 = CARTESIAN_POINT('',(-346.,-45.,730.));
#2321 = VERTEX_POINT('',#2322);
#2322 = CARTESIAN_POINT('',(-346.,45.,730.));
#2323 = SURFACE_CURVE('',#2324,(#2328,#2335),.PCURVE_S1.);
#2324 = LINE('',#2325,#2326);
#2325 = CARTESIAN_POINT('',(-346.,-45.,730.));
#2326 = VECTOR('',#2327,1.);
#2327 = DIRECTION('',(-0.,1.,0.));
#2328 = PCURVE('',#1866,#2329);
#2329 = DEFINITIONAL_REPRESENTATION('',(#2330),#2334);
#2330 = LINE('',#2331,#2332);
#2331 = CARTESIAN_POINT('',(121.,30.));
#2332 = VECTOR('',#2333,1.);
#2333 = DIRECTION('',(0.,1.));
#2334 = ( GEOMETRIC_REPRESENTATION_CONTEXT(2) 
PARAMETRIC_REPRESENTATION_CONTEXT() REPRESENTATION_CONTEXT('2D SPACE',''
  ) );
#2335 = PCURVE('',#2336,#2341);
#2336 = PLANE('',#2337);
#2337 = AXIS2_PLACEMENT_3D('',#2338,#2339,#2340);
#2338 = CARTESIAN_POINT('',(-346.,-45.,730.));
#2339 = DIRECTION('',(1.,0.,-0.));
#2340 = DIRECTION('',(0.,0.,1.));
#2341 = DEFINITIONAL_REPRESENTATION('',(#2342),#2346);
#2342 = LINE('',#2343,#2344);
#2343 = CARTESIAN_POINT('',(0.,0.));
#2344 = VECTOR('',#2345,1.);
#2345 = DIRECTION('',(0.,-1.));
#2346 = ( GEOMETRIC_REPRESENTATION_CONTEXT(2) 
PARAMETRIC_REPRESENTATION_CONTEXT() REPRESENTATION_CONTEXT('2D SPACE',''
  ) );
#2347 = ORIENTED_EDGE('',*,*,#2348,.T.);
#2348 = EDGE_CURVE('',#2321,#2349,#2351,.T.);
#2349 = VERTEX_POINT('',#2350);
#2350 = CARTESIAN_POINT('',(-341.,45.,730.));
#2351 = SURFACE_CURVE('',#2352,(#2356,#2363),.PCURVE_S1.);
#2352 = LINE('',#2353,#2354);
#2353 = CARTESIAN_POINT('',(-346.,45.,730.));
#2354 = VECTOR('',#2355,1.);
#2355 = DIRECTION('',(1.,0.,-0.));
#2356 = PCURVE('',#1866,#2357);
#2357 = DEFINITIONAL_REPRESENTATION('',(#2358),#2362);
#2358 = LINE('',#2359,#2360);
#2359 = CARTESIAN_POINT('',(121.,120.));
#2360 = VECTOR('',#2361,1.);
#2361 = DIRECTION('',(1.,0.));
#2362 = ( GEOMETRIC_REPRESENTATION_CONTEXT(2) 
PARAMETRIC_REPRESENTATION_CONTEXT() REPRESENTATION_CONTEXT('2D SPACE',''
  ) );
#2363 = PCURVE('',#2364,#2369);
#2364 = PLANE('',#2365);
#2365 = AXIS2_PLACEMENT_3D('',#2366,#2367,#2368);
#2366 = CARTESIAN_POINT('',(-346.,45.,730.));
#2367 = DIRECTION('',(-0.,1.,0.));
#2368 = DIRECTION('',(0.,0.,1.));
#2369 = DEFINITIONAL_REPRESENTATION('',(#2370),#2374);
#2370 = LINE('',#2371,#2372);
#2371 = CARTESIAN_POINT('',(0.,0.));
#2372 = VECTOR('',#2373,1.);
#2373 = DIRECTION('',(0.,1.));
#2374 = ( GEOMETRIC_REPRESENTATION_CONTEXT(2) 
PARAMETRIC_REPRESENTATION_CONTEXT() REPRESENTATION_CONTEXT('2D SPACE',''
  ) );
#2375 = ORIENTED_EDGE('',*,*,#2376,.F.);
#2376 = EDGE_CURVE('',#2377,#2349,#2379,.T.);
#2377 = VERTEX_POINT('',#2378);
#2378 = CARTESIAN_POINT('',(-341.,-45.,730.));
#2379 = SURFACE_CURVE('',#2380,(#2384,#2391),.PCURVE_S1.);
#2380 = LINE('',#2381,#2382);
#2381 = CARTESIAN_POINT('',(-341.,-45.,730.));
#2382 = VECTOR('',#2383,1.);
#2383 = DIRECTION('',(-0.,1.,0.));
#2384 = PCURVE('',#1866,#2385);
#2385 = DEFINITIONAL_REPRESENTATION('',(#2386),#2390);
#2386 = LINE('',#2387,#2388);
#2387 = CARTESIAN_POINT('',(126.,30.));
#2388 = VECTOR('',#2389,1.);
#2389 = DIRECTION('',(0.,1.));
#2390 = ( GEOMETRIC_REPRESENTATION_CONTEXT(2) 
PARAMETRIC_REPRESENTATION_CONTEXT() REPRESENTATION_CONTEXT('2D SPACE',''
  ) );
#2391 = PCURVE('',#2392,#2397);
#2392 = PLANE('',#2393);
#2393 = AXIS2_PLACEMENT_3D('',#2394,#2395,#2396);
#2394 = CARTESIAN_POINT('',(-341.,-45.,730.));
#2395 = DIRECTION('',(1.,0.,-0.));
#2396 = DIRECTION('',(0.,0.,1.));
#2397 = DEFINITIONAL_REPRESENTATION('',(#2398),#2402);
#2398 = LINE('',#2399,#2400);
#2399 = CARTESIAN_POINT('',(0.,0.));
#2400 = VECTOR('',#2401,1.);
#2401 = DIRECTION('',(0.,-1.));
#2402 = ( GEOMETRIC_REPRESENTATION_CONTEXT(2) 
PARAMETRIC_REPRESENTATION_CONTEXT() REPRESENTATION_CONTEXT('2D SPACE',''
  ) );
#2403 = ORIENTED_EDGE('',*,*,#2404,.F.);
#2404 = EDGE_CURVE('',#2319,#2377,#2405,.T.);
#2405 = SURFACE_CURVE('',#2406,(#2410,#2417),.PCURVE_S1.);
#2406 = LINE('',#2407,#2408);
#2407 = CARTESIAN_POINT('',(-346.,-45.,730.));
#2408 = VECTOR('',#2409,1.);
#2409 = DIRECTION('',(1.,0.,-0.));
#2410 = PCURVE('',#1866,#2411);
#2411 = DEFINITIONAL_REPRESENTATION('',(#2412),#2416);
#2412 = LINE('',#2413,#2414);
#2413 = CARTESIAN_POINT('',(121.,30.));
#2414 = VECTOR('',#2415,1.);
#2415 = DIRECTION('',(1.,0.));
#2416 = ( GEOMETRIC_REPRESENTATION_CONTEXT(2) 
PARAMETRIC_REPRESENTATION_CONTEXT() REPRESENTATION_CONTEXT('2D SPACE',''
  ) );
#2417 = PCURVE('',#2418,#2423);
#2418 = PLANE('',#2419);
#2419 = AXIS2_PLACEMENT_3D('',#2420,#2421,#2422);
#2420 = CARTESIAN_POINT('',(-346.,-45.,730.));
#2421 = DIRECTION('',(-0.,1.,0.));
#2422 = DIRECTION('',(0.,0.,1.));
#2423 = DEFINITIONAL_REPRESENTATION('',(#2424),#2428);
#2424 = LINE('',#2425,#2426);
#2425 = CARTESIAN_POINT('',(0.,0.));
#2426 = VECTOR('',#2427,1.);
#2427 = DIRECTION('',(0.,1.));
#2428 = ( GEOMETRIC_REPRESENTATION_CONTEXT(2) 
PARAMETRIC_REPRESENTATION_CONTEXT() REPRESENTATION_CONTEXT('2D SPACE',''
  ) );
#2429 = FACE_BOUND('',#2430,.T.);
#2430 = EDGE_LOOP('',(#2431,#2459,#2485,#2511));
#2431 = ORIENTED_EDGE('',*,*,#2432,.T.);
#2432 = EDGE_CURVE('',#2433,#2435,#2437,.T.);
#2433 = VERTEX_POINT('',#2434);
#2434 = CARTESIAN_POINT('',(-361.,58.5,730.));
#2435 = VERTEX_POINT('',#2436);
#2436 = CARTESIAN_POINT('',(-423.,58.5,730.));
#2437 = SURFACE_CURVE('',#2438,(#2442,#2448),.PCURVE_S1.);
#2438 = LINE('',#2439,#2440);
#2439 = CARTESIAN_POINT('',(-445.,58.5,730.));
#2440 = VECTOR('',#2441,1.);
#2441 = DIRECTION('',(-1.,-0.,0.));
#2442 = PCURVE('',#1866,#2443);
#2443 = DEFINITIONAL_REPRESENTATION('',(#2444),#2447);
#2444 = B_SPLINE_CURVE_WITH_KNOTS('',1,(#2445,#2446),.UNSPECIFIED.,.F.,
  .F.,(2,2),(-84.,-22.),.PIECEWISE_BEZIER_KNOTS.);
#2445 = CARTESIAN_POINT('',(106.,133.5));
#2446 = CARTESIAN_POINT('',(44.,133.5));
#2447 = ( GEOMETRIC_REPRESENTATION_CONTEXT(2) 
PARAMETRIC_REPRESENTATION_CONTEXT() REPRESENTATION_CONTEXT('2D SPACE',''
  ) );
#2448 = PCURVE('',#2449,#2454);
#2449 = PLANE('',#2450);
#2450 = AXIS2_PLACEMENT_3D('',#2451,#2452,#2453);
#2451 = CARTESIAN_POINT('',(-423.,58.5,720.));
#2452 = DIRECTION('',(-0.,1.,0.));
#2453 = DIRECTION('',(0.,0.,1.));
#2454 = DEFINITIONAL_REPRESENTATION('',(#2455),#2458);
#2455 = B_SPLINE_CURVE_WITH_KNOTS('',1,(#2456,#2457),.UNSPECIFIED.,.F.,
  .F.,(2,2),(-84.,-22.),.PIECEWISE_BEZIER_KNOTS.);
#2456 = CARTESIAN_POINT('',(10.,62.));
#2457 = CARTESIAN_POINT('',(10.,0.));
#2458 = ( GEOMETRIC_REPRESENTATION_CONTEXT(2) 
PARAMETRIC_REPRESENTATION_CONTEXT() REPRESENTATION_CONTEXT('2D SPACE',''
  ) );
#2459 = ORIENTED_EDGE('',*,*,#2460,.T.);
#2460 = EDGE_CURVE('',#2435,#2461,#2463,.T.);
#2461 = VERTEX_POINT('',#2462);
#2462 = CARTESIAN_POINT('',(-423.,62.5,730.));
#2463 = SURFACE_CURVE('',#2464,(#2468,#2474),.PCURVE_S1.);
#2464 = LINE('',#2465,#2466);
#2465 = CARTESIAN_POINT('',(-423.,-8.25,730.));
#2466 = VECTOR('',#2467,1.);
#2467 = DIRECTION('',(-0.,1.,0.));
#2468 = PCURVE('',#1866,#2469);
#2469 = DEFINITIONAL_REPRESENTATION('',(#2470),#2473);
#2470 = B_SPLINE_CURVE_WITH_KNOTS('',1,(#2471,#2472),.UNSPECIFIED.,.F.,
  .F.,(2,2),(66.75,70.75),.PIECEWISE_BEZIER_KNOTS.);
#2471 = CARTESIAN_POINT('',(44.,133.5));
#2472 = CARTESIAN_POINT('',(44.,137.5));
#2473 = ( GEOMETRIC_REPRESENTATION_CONTEXT(2) 
PARAMETRIC_REPRESENTATION_CONTEXT() REPRESENTATION_CONTEXT('2D SPACE',''
  ) );
#2474 = PCURVE('',#2475,#2480);
#2475 = PLANE('',#2476);
#2476 = AXIS2_PLACEMENT_3D('',#2477,#2478,#2479);
#2477 = CARTESIAN_POINT('',(-423.,58.5,720.));
#2478 = DIRECTION('',(1.,0.,-0.));
#2479 = DIRECTION('',(0.,0.,1.));
#2480 = DEFINITIONAL_REPRESENTATION('',(#2481),#2484);
#2481 = B_SPLINE_CURVE_WITH_KNOTS('',1,(#2482,#2483),.UNSPECIFIED.,.F.,
  .F.,(2,2),(66.75,70.75),.PIECEWISE_BEZIER_KNOTS.);
#2482 = CARTESIAN_POINT('',(10.,0.));
#2483 = CARTESIAN_POINT('',(10.,-4.));
#2484 = ( GEOMETRIC_REPRESENTATION_CONTEXT(2) 
PARAMETRIC_REPRESENTATION_CONTEXT() REPRESENTATION_CONTEXT('2D SPACE',''
  ) );
#2485 = ORIENTED_EDGE('',*,*,#2486,.F.);
#2486 = EDGE_CURVE('',#2487,#2461,#2489,.T.);
#2487 = VERTEX_POINT('',#2488);
#2488 = CARTESIAN_POINT('',(-361.,62.5,730.));
#2489 = SURFACE_CURVE('',#2490,(#2494,#2500),.PCURVE_S1.);
#2490 = LINE('',#2491,#2492);
#2491 = CARTESIAN_POINT('',(-445.,62.5,730.));
#2492 = VECTOR('',#2493,1.);
#2493 = DIRECTION('',(-1.,-0.,0.));
#2494 = PCURVE('',#1866,#2495);
#2495 = DEFINITIONAL_REPRESENTATION('',(#2496),#2499);
#2496 = B_SPLINE_CURVE_WITH_KNOTS('',1,(#2497,#2498),.UNSPECIFIED.,.F.,
  .F.,(2,2),(-84.,-22.),.PIECEWISE_BEZIER_KNOTS.);
#2497 = CARTESIAN_POINT('',(106.,137.5));
#2498 = CARTESIAN_POINT('',(44.,137.5));
#2499 = ( GEOMETRIC_REPRESENTATION_CONTEXT(2) 
PARAMETRIC_REPRESENTATION_CONTEXT() REPRESENTATION_CONTEXT('2D SPACE',''
  ) );
#2500 = PCURVE('',#2501,#2506);
#2501 = PLANE('',#2502);
#2502 = AXIS2_PLACEMENT_3D('',#2503,#2504,#2505);
#2503 = CARTESIAN_POINT('',(-423.,62.5,720.));
#2504 = DIRECTION('',(-0.,1.,0.));
#2505 = DIRECTION('',(0.,0.,1.));
#2506 = DEFINITIONAL_REPRESENTATION('',(#2507),#2510);
#2507 = B_SPLINE_CURVE_WITH_KNOTS('',1,(#2508,#2509),.UNSPECIFIED.,.F.,
  .F.,(2,2),(-84.,-22.),.PIECEWISE_BEZIER_KNOTS.);
#2508 = CARTESIAN_POINT('',(10.,62.));
#2509 = CARTESIAN_POINT('',(10.,0.));
#2510 = ( GEOMETRIC_REPRESENTATION_CONTEXT(2) 
PARAMETRIC_REPRESENTATION_CONTEXT() REPRESENTATION_CONTEXT('2D SPACE',''
  ) );
#2511 = ORIENTED_EDGE('',*,*,#2512,.F.);
#2512 = EDGE_CURVE('',#2433,#2487,#2513,.T.);
#2513 = SURFACE_CURVE('',#2514,(#2518,#2524),.PCURVE_S1.);
#2514 = LINE('',#2515,#2516);
#2515 = CARTESIAN_POINT('',(-361.,-8.25,730.));
#2516 = VECTOR('',#2517,1.);
#2517 = DIRECTION('',(-0.,1.,0.));
#2518 = PCURVE('',#1866,#2519);
#2519 = DEFINITIONAL_REPRESENTATION('',(#2520),#2523);
#2520 = B_SPLINE_CURVE_WITH_KNOTS('',1,(#2521,#2522),.UNSPECIFIED.,.F.,
  .F.,(2,2),(66.75,70.75),.PIECEWISE_BEZIER_KNOTS.);
#2521 = CARTESIAN_POINT('',(106.,133.5));
#2522 = CARTESIAN_POINT('',(106.,137.5));
#2523 = ( GEOMETRIC_REPRESENTATION_CONTEXT(2) 
PARAMETRIC_REPRESENTATION_CONTEXT() REPRESENTATION_CONTEXT('2D SPACE',''
  ) );
#2524 = PCURVE('',#2525,#2530);
#2525 = PLANE('',#2526);
#2526 = AXIS2_PLACEMENT_3D('',#2527,#2528,#2529);
#2527 = CARTESIAN_POINT('',(-361.,58.5,720.));
#2528 = DIRECTION('',(1.,0.,-0.));
#2529 = DIRECTION('',(0.,0.,1.));
#2530 = DEFINITIONAL_REPRESENTATION('',(#2531),#2534);
#2531 = B_SPLINE_CURVE_WITH_KNOTS('',1,(#2532,#2533),.UNSPECIFIED.,.F.,
  .F.,(2,2),(66.75,70.75),.PIECEWISE_BEZIER_KNOTS.);
#2532 = CARTESIAN_POINT('',(10.,0.));
#2533 = CARTESIAN_POINT('',(10.,-4.));
#2534 = ( GEOMETRIC_REPRESENTATION_CONTEXT(2) 
PARAMETRIC_REPRESENTATION_CONTEXT() REPRESENTATION_CONTEXT('2D SPACE',''
  ) );
#2535 = FACE_BOUND('',#2536,.T.);
#2536 = EDGE_LOOP('',(#2537));
#2537 = ORIENTED_EDGE('',*,*,#2538,.F.);
#2538 = EDGE_CURVE('',#2539,#2539,#2541,.T.);
#2539 = VERTEX_POINT('',#2540);
#2540 = CARTESIAN_POINT('',(-329.25,60.,730.));
#2541 = SURFACE_CURVE('',#2542,(#2547,#2554),.PCURVE_S1.);
#2542 = CIRCLE('',#2543,2.75);
#2543 = AXIS2_PLACEMENT_3D('',#2544,#2545,#2546);
#2544 = CARTESIAN_POINT('',(-332.,60.,730.));
#2545 = DIRECTION('',(0.,0.,1.));
#2546 = DIRECTION('',(1.,0.,-0.));
#2547 = PCURVE('',#1866,#2548);
#2548 = DEFINITIONAL_REPRESENTATION('',(#2549),#2553);
#2549 = CIRCLE('',#2550,2.75);
#2550 = AXIS2_PLACEMENT_2D('',#2551,#2552);
#2551 = CARTESIAN_POINT('',(135.,135.));
#2552 = DIRECTION('',(1.,0.));
#2553 = ( GEOMETRIC_REPRESENTATION_CONTEXT(2) 
PARAMETRIC_REPRESENTATION_CONTEXT() REPRESENTATION_CONTEXT('2D SPACE',''
  ) );
#2554 = PCURVE('',#2555,#2560);
#2555 = CYLINDRICAL_SURFACE('',#2556,2.75);
#2556 = AXIS2_PLACEMENT_3D('',#2557,#2558,#2559);
#2557 = CARTESIAN_POINT('',(-332.,60.,700.5));
#2558 = DIRECTION('',(0.,0.,1.));
#2559 = DIRECTION('',(1.,0.,-0.));
#2560 = DEFINITIONAL_REPRESENTATION('',(#2561),#2565);
#2561 = LINE('',#2562,#2563);
#2562 = CARTESIAN_POINT('',(0.,29.5));
#2563 = VECTOR('',#2564,1.);
#2564 = DIRECTION('',(1.,0.));
#2565 = ( GEOMETRIC_REPRESENTATION_CONTEXT(2) 
PARAMETRIC_REPRESENTATION_CONTEXT() REPRESENTATION_CONTEXT('2D SPACE',''
  ) );
#2566 = ADVANCED_FACE('',(#2567),#1840,.T.);
#2567 = FACE_BOUND('',#2568,.T.);
#2568 = EDGE_LOOP('',(#2569,#2592,#2593,#2594));
#2569 = ORIENTED_EDGE('',*,*,#2570,.F.);
#2570 = EDGE_CURVE('',#1797,#2571,#2573,.T.);
#2571 = VERTEX_POINT('',#2572);
#2572 = CARTESIAN_POINT('',(-317.,75.,701.5));
#2573 = SURFACE_CURVE('',#2574,(#2578,#2585),.PCURVE_S1.);
#2574 = LINE('',#2575,#2576);
#2575 = CARTESIAN_POINT('',(-467.,75.,701.5));
#2576 = VECTOR('',#2577,1.);
#2577 = DIRECTION('',(1.,0.,-0.));
#2578 = PCURVE('',#1840,#2579);
#2579 = DEFINITIONAL_REPRESENTATION('',(#2580),#2584);
#2580 = LINE('',#2581,#2582);
#2581 = CARTESIAN_POINT('',(0.,0.));
#2582 = VECTOR('',#2583,1.);
#2583 = DIRECTION('',(0.,1.));
#2584 = ( GEOMETRIC_REPRESENTATION_CONTEXT(2) 
PARAMETRIC_REPRESENTATION_CONTEXT() REPRESENTATION_CONTEXT('2D SPACE',''
  ) );
#2585 = PCURVE('',#1812,#2586);
#2586 = DEFINITIONAL_REPRESENTATION('',(#2587),#2591);
#2587 = LINE('',#2588,#2589);
#2588 = CARTESIAN_POINT('',(0.,150.));
#2589 = VECTOR('',#2590,1.);
#2590 = DIRECTION('',(1.,0.));
#2591 = ( GEOMETRIC_REPRESENTATION_CONTEXT(2) 
PARAMETRIC_REPRESENTATION_CONTEXT() REPRESENTATION_CONTEXT('2D SPACE',''
  ) );
#2592 = ORIENTED_EDGE('',*,*,#1824,.T.);
#2593 = ORIENTED_EDGE('',*,*,#1982,.T.);
#2594 = ORIENTED_EDGE('',*,*,#2595,.F.);
#2595 = EDGE_CURVE('',#2571,#1960,#2596,.T.);
#2596 = SURFACE_CURVE('',#2597,(#2601,#2608),.PCURVE_S1.);
#2597 = LINE('',#2598,#2599);
#2598 = CARTESIAN_POINT('',(-317.,75.,701.5));
#2599 = VECTOR('',#2600,1.);
#2600 = DIRECTION('',(0.,0.,1.));
#2601 = PCURVE('',#1840,#2602);
#2602 = DEFINITIONAL_REPRESENTATION('',(#2603),#2607);
#2603 = LINE('',#2604,#2605);
#2604 = CARTESIAN_POINT('',(0.,150.));
#2605 = VECTOR('',#2606,1.);
#2606 = DIRECTION('',(1.,0.));
#2607 = ( GEOMETRIC_REPRESENTATION_CONTEXT(2) 
PARAMETRIC_REPRESENTATION_CONTEXT() REPRESENTATION_CONTEXT('2D SPACE',''
  ) );
#2608 = PCURVE('',#1942,#2609);
#2609 = DEFINITIONAL_REPRESENTATION('',(#2610),#2614);
#2610 = LINE('',#2611,#2612);
#2611 = CARTESIAN_POINT('',(0.,-150.));
#2612 = VECTOR('',#2613,1.);
#2613 = DIRECTION('',(1.,0.));
#2614 = ( GEOMETRIC_REPRESENTATION_CONTEXT(2) 
PARAMETRIC_REPRESENTATION_CONTEXT() REPRESENTATION_CONTEXT('2D SPACE',''
  ) );
#2615 = ADVANCED_FACE('',(#2616,#2642,#2668,#2694,#2720,#2826),#1812,.F.
  );
#2616 = FACE_BOUND('',#2617,.F.);
#2617 = EDGE_LOOP('',(#2618,#2619,#2620,#2641));
#2618 = ORIENTED_EDGE('',*,*,#1796,.F.);
#2619 = ORIENTED_EDGE('',*,*,#1881,.T.);
#2620 = ORIENTED_EDGE('',*,*,#2621,.T.);
#2621 = EDGE_CURVE('',#1882,#2571,#2622,.T.);
#2622 = SURFACE_CURVE('',#2623,(#2627,#2634),.PCURVE_S1.);
#2623 = LINE('',#2624,#2625);
#2624 = CARTESIAN_POINT('',(-317.,-75.,701.5));
#2625 = VECTOR('',#2626,1.);
#2626 = DIRECTION('',(-0.,1.,0.));
#2627 = PCURVE('',#1812,#2628);
#2628 = DEFINITIONAL_REPRESENTATION('',(#2629),#2633);
#2629 = LINE('',#2630,#2631);
#2630 = CARTESIAN_POINT('',(150.,0.));
#2631 = VECTOR('',#2632,1.);
#2632 = DIRECTION('',(0.,1.));
#2633 = ( GEOMETRIC_REPRESENTATION_CONTEXT(2) 
PARAMETRIC_REPRESENTATION_CONTEXT() REPRESENTATION_CONTEXT('2D SPACE',''
  ) );
#2634 = PCURVE('',#1942,#2635);
#2635 = DEFINITIONAL_REPRESENTATION('',(#2636),#2640);
#2636 = LINE('',#2637,#2638);
#2637 = CARTESIAN_POINT('',(0.,0.));
#2638 = VECTOR('',#2639,1.);
#2639 = DIRECTION('',(0.,-1.));
#2640 = ( GEOMETRIC_REPRESENTATION_CONTEXT(2) 
PARAMETRIC_REPRESENTATION_CONTEXT() REPRESENTATION_CONTEXT('2D SPACE',''
  ) );
#2641 = ORIENTED_EDGE('',*,*,#2570,.F.);
#2642 = FACE_BOUND('',#2643,.F.);
#2643 = EDGE_LOOP('',(#2644));
#2644 = ORIENTED_EDGE('',*,*,#2645,.F.);
#2645 = EDGE_CURVE('',#2646,#2646,#2648,.T.);
#2646 = VERTEX_POINT('',#2647);
#2647 = CARTESIAN_POINT('',(-449.25,-60.,701.5));
#2648 = SURFACE_CURVE('',#2649,(#2654,#2661),.PCURVE_S1.);
#2649 = CIRCLE('',#2650,2.75);
#2650 = AXIS2_PLACEMENT_3D('',#2651,#2652,#2653);
#2651 = CARTESIAN_POINT('',(-452.,-60.,701.5));
#2652 = DIRECTION('',(0.,0.,1.));
#2653 = DIRECTION('',(1.,0.,-0.));
#2654 = PCURVE('',#1812,#2655);
#2655 = DEFINITIONAL_REPRESENTATION('',(#2656),#2660);
#2656 = CIRCLE('',#2657,2.75);
#2657 = AXIS2_PLACEMENT_2D('',#2658,#2659);
#2658 = CARTESIAN_POINT('',(15.,15.));
#2659 = DIRECTION('',(1.,0.));
#2660 = ( GEOMETRIC_REPRESENTATION_CONTEXT(2) 
PARAMETRIC_REPRESENTATION_CONTEXT() REPRESENTATION_CONTEXT('2D SPACE',''
  ) );
#2661 = PCURVE('',#2022,#2662);
#2662 = DEFINITIONAL_REPRESENTATION('',(#2663),#2667);
#2663 = LINE('',#2664,#2665);
#2664 = CARTESIAN_POINT('',(0.,1.));
#2665 = VECTOR('',#2666,1.);
#2666 = DIRECTION('',(1.,0.));
#2667 = ( GEOMETRIC_REPRESENTATION_CONTEXT(2) 
PARAMETRIC_REPRESENTATION_CONTEXT() REPRESENTATION_CONTEXT('2D SPACE',''
  ) );
#2668 = FACE_BOUND('',#2669,.F.);
#2669 = EDGE_LOOP('',(#2670));
#2670 = ORIENTED_EDGE('',*,*,#2671,.F.);
#2671 = EDGE_CURVE('',#2672,#2672,#2674,.T.);
#2672 = VERTEX_POINT('',#2673);
#2673 = CARTESIAN_POINT('',(-329.25,-60.,701.5));
#2674 = SURFACE_CURVE('',#2675,(#2680,#2687),.PCURVE_S1.);
#2675 = CIRCLE('',#2676,2.75);
#2676 = AXIS2_PLACEMENT_3D('',#2677,#2678,#2679);
#2677 = CARTESIAN_POINT('',(-332.,-60.,701.5));
#2678 = DIRECTION('',(0.,0.,1.));
#2679 = DIRECTION('',(1.,0.,-0.));
#2680 = PCURVE('',#1812,#2681);
#2681 = DEFINITIONAL_REPRESENTATION('',(#2682),#2686);
#2682 = CIRCLE('',#2683,2.75);
#2683 = AXIS2_PLACEMENT_2D('',#2684,#2685);
#2684 = CARTESIAN_POINT('',(135.,15.));
#2685 = DIRECTION('',(1.,0.));
#2686 = ( GEOMETRIC_REPRESENTATION_CONTEXT(2) 
PARAMETRIC_REPRESENTATION_CONTEXT() REPRESENTATION_CONTEXT('2D SPACE',''
  ) );
#2687 = PCURVE('',#2053,#2688);
#2688 = DEFINITIONAL_REPRESENTATION('',(#2689),#2693);
#2689 = LINE('',#2690,#2691);
#2690 = CARTESIAN_POINT('',(0.,1.));
#2691 = VECTOR('',#2692,1.);
#2692 = DIRECTION('',(1.,0.));
#2693 = ( GEOMETRIC_REPRESENTATION_CONTEXT(2) 
PARAMETRIC_REPRESENTATION_CONTEXT() REPRESENTATION_CONTEXT('2D SPACE',''
  ) );
#2694 = FACE_BOUND('',#2695,.F.);
#2695 = EDGE_LOOP('',(#2696));
#2696 = ORIENTED_EDGE('',*,*,#2697,.F.);
#2697 = EDGE_CURVE('',#2698,#2698,#2700,.T.);
#2698 = VERTEX_POINT('',#2699);
#2699 = CARTESIAN_POINT('',(-449.25,60.,701.5));
#2700 = SURFACE_CURVE('',#2701,(#2706,#2713),.PCURVE_S1.);
#2701 = CIRCLE('',#2702,2.75);
#2702 = AXIS2_PLACEMENT_3D('',#2703,#2704,#2705);
#2703 = CARTESIAN_POINT('',(-452.,60.,701.5));
#2704 = DIRECTION('',(0.,0.,1.));
#2705 = DIRECTION('',(1.,0.,-0.));
#2706 = PCURVE('',#1812,#2707);
#2707 = DEFINITIONAL_REPRESENTATION('',(#2708),#2712);
#2708 = CIRCLE('',#2709,2.75);
#2709 = AXIS2_PLACEMENT_2D('',#2710,#2711);
#2710 = CARTESIAN_POINT('',(15.,135.));
#2711 = DIRECTION('',(1.,0.));
#2712 = ( GEOMETRIC_REPRESENTATION_CONTEXT(2) 
PARAMETRIC_REPRESENTATION_CONTEXT() REPRESENTATION_CONTEXT('2D SPACE',''
  ) );
#2713 = PCURVE('',#2198,#2714);
#2714 = DEFINITIONAL_REPRESENTATION('',(#2715),#2719);
#2715 = LINE('',#2716,#2717);
#2716 = CARTESIAN_POINT('',(0.,1.));
#2717 = VECTOR('',#2718,1.);
#2718 = DIRECTION('',(1.,0.));
#2719 = ( GEOMETRIC_REPRESENTATION_CONTEXT(2) 
PARAMETRIC_REPRESENTATION_CONTEXT() REPRESENTATION_CONTEXT('2D SPACE',''
  ) );
#2720 = FACE_BOUND('',#2721,.F.);
#2721 = EDGE_LOOP('',(#2722,#2750,#2776,#2802));
#2722 = ORIENTED_EDGE('',*,*,#2723,.T.);
#2723 = EDGE_CURVE('',#2724,#2726,#2728,.T.);
#2724 = VERTEX_POINT('',#2725);
#2725 = CARTESIAN_POINT('',(-356.,-17.,701.5));
#2726 = VERTEX_POINT('',#2727);
#2727 = CARTESIAN_POINT('',(-428.,-17.,701.5));
#2728 = SURFACE_CURVE('',#2729,(#2733,#2739),.PCURVE_S1.);
#2729 = LINE('',#2730,#2731);
#2730 = CARTESIAN_POINT('',(-447.5,-17.,701.5));
#2731 = VECTOR('',#2732,1.);
#2732 = DIRECTION('',(-1.,-0.,0.));
#2733 = PCURVE('',#1812,#2734);
#2734 = DEFINITIONAL_REPRESENTATION('',(#2735),#2738);
#2735 = B_SPLINE_CURVE_WITH_KNOTS('',1,(#2736,#2737),.UNSPECIFIED.,.F.,
  .F.,(2,2),(-91.5,-19.5),.PIECEWISE_BEZIER_KNOTS.);
#2736 = CARTESIAN_POINT('',(111.,58.));
#2737 = CARTESIAN_POINT('',(39.,58.));
#2738 = ( GEOMETRIC_REPRESENTATION_CONTEXT(2) 
PARAMETRIC_REPRESENTATION_CONTEXT() REPRESENTATION_CONTEXT('2D SPACE',''
  ) );
#2739 = PCURVE('',#2740,#2745);
#2740 = PLANE('',#2741);
#2741 = AXIS2_PLACEMENT_3D('',#2742,#2743,#2744);
#2742 = CARTESIAN_POINT('',(-428.,-17.,700.5));
#2743 = DIRECTION('',(-0.,1.,0.));
#2744 = DIRECTION('',(0.,0.,1.));
#2745 = DEFINITIONAL_REPRESENTATION('',(#2746),#2749);
#2746 = B_SPLINE_CURVE_WITH_KNOTS('',1,(#2747,#2748),.UNSPECIFIED.,.F.,
  .F.,(2,2),(-91.5,-19.5),.PIECEWISE_BEZIER_KNOTS.);
#2747 = CARTESIAN_POINT('',(1.,72.));
#2748 = CARTESIAN_POINT('',(1.,0.));
#2749 = ( GEOMETRIC_REPRESENTATION_CONTEXT(2) 
PARAMETRIC_REPRESENTATION_CONTEXT() REPRESENTATION_CONTEXT('2D SPACE',''
  ) );
#2750 = ORIENTED_EDGE('',*,*,#2751,.T.);
#2751 = EDGE_CURVE('',#2726,#2752,#2754,.T.);
#2752 = VERTEX_POINT('',#2753);
#2753 = CARTESIAN_POINT('',(-428.,33.,701.5));
#2754 = SURFACE_CURVE('',#2755,(#2759,#2765),.PCURVE_S1.);
#2755 = LINE('',#2756,#2757);
#2756 = CARTESIAN_POINT('',(-428.,-46.,701.5));
#2757 = VECTOR('',#2758,1.);
#2758 = DIRECTION('',(-0.,1.,0.));
#2759 = PCURVE('',#1812,#2760);
#2760 = DEFINITIONAL_REPRESENTATION('',(#2761),#2764);
#2761 = B_SPLINE_CURVE_WITH_KNOTS('',1,(#2762,#2763),.UNSPECIFIED.,.F.,
  .F.,(2,2),(29.,79.),.PIECEWISE_BEZIER_KNOTS.);
#2762 = CARTESIAN_POINT('',(39.,58.));
#2763 = CARTESIAN_POINT('',(39.,108.));
#2764 = ( GEOMETRIC_REPRESENTATION_CONTEXT(2) 
PARAMETRIC_REPRESENTATION_CONTEXT() REPRESENTATION_CONTEXT('2D SPACE',''
  ) );
#2765 = PCURVE('',#2766,#2771);
#2766 = PLANE('',#2767);
#2767 = AXIS2_PLACEMENT_3D('',#2768,#2769,#2770);
#2768 = CARTESIAN_POINT('',(-428.,-17.,700.5));
#2769 = DIRECTION('',(1.,0.,-0.));
#2770 = DIRECTION('',(0.,0.,1.));
#2771 = DEFINITIONAL_REPRESENTATION('',(#2772),#2775);
#2772 = B_SPLINE_CURVE_WITH_KNOTS('',1,(#2773,#2774),.UNSPECIFIED.,.F.,
  .F.,(2,2),(29.,79.),.PIECEWISE_BEZIER_KNOTS.);
#2773 = CARTESIAN_POINT('',(1.,0.));
#2774 = CARTESIAN_POINT('',(1.,-50.));
#2775 = ( GEOMETRIC_REPRESENTATION_CONTEXT(2) 
PARAMETRIC_REPRESENTATION_CONTEXT() REPRESENTATION_CONTEXT('2D SPACE',''
  ) );
#2776 = ORIENTED_EDGE('',*,*,#2777,.F.);
#2777 = EDGE_CURVE('',#2778,#2752,#2780,.T.);
#2778 = VERTEX_POINT('',#2779);
#2779 = CARTESIAN_POINT('',(-356.,33.,701.5));
#2780 = SURFACE_CURVE('',#2781,(#2785,#2791),.PCURVE_S1.);
#2781 = LINE('',#2782,#2783);
#2782 = CARTESIAN_POINT('',(-447.5,33.,701.5));
#2783 = VECTOR('',#2784,1.);
#2784 = DIRECTION('',(-1.,-0.,0.));
#2785 = PCURVE('',#1812,#2786);
#2786 = DEFINITIONAL_REPRESENTATION('',(#2787),#2790);
#2787 = B_SPLINE_CURVE_WITH_KNOTS('',1,(#2788,#2789),.UNSPECIFIED.,.F.,
  .F.,(2,2),(-91.5,-19.5),.PIECEWISE_BEZIER_KNOTS.);
#2788 = CARTESIAN_POINT('',(111.,108.));
#2789 = CARTESIAN_POINT('',(39.,108.));
#2790 = ( GEOMETRIC_REPRESENTATION_CONTEXT(2) 
PARAMETRIC_REPRESENTATION_CONTEXT() REPRESENTATION_CONTEXT('2D SPACE',''
  ) );
#2791 = PCURVE('',#2792,#2797);
#2792 = PLANE('',#2793);
#2793 = AXIS2_PLACEMENT_3D('',#2794,#2795,#2796);
#2794 = CARTESIAN_POINT('',(-428.,33.,700.5));
#2795 = DIRECTION('',(-0.,1.,0.));
#2796 = DIRECTION('',(0.,0.,1.));
#2797 = DEFINITIONAL_REPRESENTATION('',(#2798),#2801);
#2798 = B_SPLINE_CURVE_WITH_KNOTS('',1,(#2799,#2800),.UNSPECIFIED.,.F.,
  .F.,(2,2),(-91.5,-19.5),.PIECEWISE_BEZIER_KNOTS.);
#2799 = CARTESIAN_POINT('',(1.,72.));
#2800 = CARTESIAN_POINT('',(1.,0.));
#2801 = ( GEOMETRIC_REPRESENTATION_CONTEXT(2) 
PARAMETRIC_REPRESENTATION_CONTEXT() REPRESENTATION_CONTEXT('2D SPACE',''
  ) );
#2802 = ORIENTED_EDGE('',*,*,#2803,.F.);
#2803 = EDGE_CURVE('',#2724,#2778,#2804,.T.);
#2804 = SURFACE_CURVE('',#2805,(#2809,#2815),.PCURVE_S1.);
#2805 = LINE('',#2806,#2807);
#2806 = CARTESIAN_POINT('',(-356.,-46.,701.5));
#2807 = VECTOR('',#2808,1.);
#2808 = DIRECTION('',(-0.,1.,0.));
#2809 = PCURVE('',#1812,#2810);
#2810 = DEFINITIONAL_REPRESENTATION('',(#2811),#2814);
#2811 = B_SPLINE_CURVE_WITH_KNOTS('',1,(#2812,#2813),.UNSPECIFIED.,.F.,
  .F.,(2,2),(29.,79.),.PIECEWISE_BEZIER_KNOTS.);
#2812 = CARTESIAN_POINT('',(111.,58.));
#2813 = CARTESIAN_POINT('',(111.,108.));
#2814 = ( GEOMETRIC_REPRESENTATION_CONTEXT(2) 
PARAMETRIC_REPRESENTATION_CONTEXT() REPRESENTATION_CONTEXT('2D SPACE',''
  ) );
#2815 = PCURVE('',#2816,#2821);
#2816 = PLANE('',#2817);
#2817 = AXIS2_PLACEMENT_3D('',#2818,#2819,#2820);
#2818 = CARTESIAN_POINT('',(-356.,-17.,700.5));
#2819 = DIRECTION('',(1.,0.,-0.));
#2820 = DIRECTION('',(0.,0.,1.));
#2821 = DEFINITIONAL_REPRESENTATION('',(#2822),#2825);
#2822 = B_SPLINE_CURVE_WITH_KNOTS('',1,(#2823,#2824),.UNSPECIFIED.,.F.,
  .F.,(2,2),(29.,79.),.PIECEWISE_BEZIER_KNOTS.);
#2823 = CARTESIAN_POINT('',(1.,0.));
#2824 = CARTESIAN_POINT('',(1.,-50.));
#2825 = ( GEOMETRIC_REPRESENTATION_CONTEXT(2) 
PARAMETRIC_REPRESENTATION_CONTEXT() REPRESENTATION_CONTEXT('2D SPACE',''
  ) );
#2826 = FACE_BOUND('',#2827,.F.);
#2827 = EDGE_LOOP('',(#2828));
#2828 = ORIENTED_EDGE('',*,*,#2829,.F.);
#2829 = EDGE_CURVE('',#2830,#2830,#2832,.T.);
#2830 = VERTEX_POINT('',#2831);
#2831 = CARTESIAN_POINT('',(-329.25,60.,701.5));
#2832 = SURFACE_CURVE('',#2833,(#2838,#2845),.PCURVE_S1.);
#2833 = CIRCLE('',#2834,2.75);
#2834 = AXIS2_PLACEMENT_3D('',#2835,#2836,#2837);
#2835 = CARTESIAN_POINT('',(-332.,60.,701.5));
#2836 = DIRECTION('',(0.,0.,1.));
#2837 = DIRECTION('',(1.,0.,-0.));
#2838 = PCURVE('',#1812,#2839);
#2839 = DEFINITIONAL_REPRESENTATION('',(#2840),#2844);
#2840 = CIRCLE('',#2841,2.75);
#2841 = AXIS2_PLACEMENT_2D('',#2842,#2843);
#2842 = CARTESIAN_POINT('',(135.,135.));
#2843 = DIRECTION('',(1.,0.));
#2844 = ( GEOMETRIC_REPRESENTATION_CONTEXT(2) 
PARAMETRIC_REPRESENTATION_CONTEXT() REPRESENTATION_CONTEXT('2D SPACE',''
  ) );
#2845 = PCURVE('',#2555,#2846);
#2846 = DEFINITIONAL_REPRESENTATION('',(#2847),#2851);
#2847 = LINE('',#2848,#2849);
#2848 = CARTESIAN_POINT('',(0.,1.));
#2849 = VECTOR('',#2850,1.);
#2850 = DIRECTION('',(1.,0.));
#2851 = ( GEOMETRIC_REPRESENTATION_CONTEXT(2) 
PARAMETRIC_REPRESENTATION_CONTEXT() REPRESENTATION_CONTEXT('2D SPACE',''
  ) );
#2852 = ADVANCED_FACE('',(#2853),#1942,.T.);
#2853 = FACE_BOUND('',#2854,.T.);
#2854 = EDGE_LOOP('',(#2855,#2856,#2857,#2858));
#2855 = ORIENTED_EDGE('',*,*,#1928,.F.);
#2856 = ORIENTED_EDGE('',*,*,#2621,.T.);
#2857 = ORIENTED_EDGE('',*,*,#2595,.T.);
#2858 = ORIENTED_EDGE('',*,*,#1959,.F.);
#2859 = ADVANCED_FACE('',(#2860),#2022,.F.);
#2860 = FACE_BOUND('',#2861,.F.);
#2861 = EDGE_LOOP('',(#2862,#2863,#2884,#2885));
#2862 = ORIENTED_EDGE('',*,*,#2005,.F.);
#2863 = ORIENTED_EDGE('',*,*,#2864,.F.);
#2864 = EDGE_CURVE('',#2646,#2006,#2865,.T.);
#2865 = SEAM_CURVE('',#2866,(#2870,#2877),.PCURVE_S1.);
#2866 = LINE('',#2867,#2868);
#2867 = CARTESIAN_POINT('',(-449.25,-60.,700.5));
#2868 = VECTOR('',#2869,1.);
#2869 = DIRECTION('',(0.,0.,1.));
#2870 = PCURVE('',#2022,#2871);
#2871 = DEFINITIONAL_REPRESENTATION('',(#2872),#2876);
#2872 = LINE('',#2873,#2874);
#2873 = CARTESIAN_POINT('',(6.28318530718,-0.));
#2874 = VECTOR('',#2875,1.);
#2875 = DIRECTION('',(0.,1.));
#2876 = ( GEOMETRIC_REPRESENTATION_CONTEXT(2) 
PARAMETRIC_REPRESENTATION_CONTEXT() REPRESENTATION_CONTEXT('2D SPACE',''
  ) );
#2877 = PCURVE('',#2022,#2878);
#2878 = DEFINITIONAL_REPRESENTATION('',(#2879),#2883);
#2879 = LINE('',#2880,#2881);
#2880 = CARTESIAN_POINT('',(0.,-0.));
#2881 = VECTOR('',#2882,1.);
#2882 = DIRECTION('',(0.,1.));
#2883 = ( GEOMETRIC_REPRESENTATION_CONTEXT(2) 
PARAMETRIC_REPRESENTATION_CONTEXT() REPRESENTATION_CONTEXT('2D SPACE',''
  ) );
#2884 = ORIENTED_EDGE('',*,*,#2645,.T.);
#2885 = ORIENTED_EDGE('',*,*,#2864,.T.);
#2886 = ADVANCED_FACE('',(#2887),#2053,.F.);
#2887 = FACE_BOUND('',#2888,.F.);
#2888 = EDGE_LOOP('',(#2889,#2890,#2911,#2912));
#2889 = ORIENTED_EDGE('',*,*,#2036,.F.);
#2890 = ORIENTED_EDGE('',*,*,#2891,.F.);
#2891 = EDGE_CURVE('',#2672,#2037,#2892,.T.);
#2892 = SEAM_CURVE('',#2893,(#2897,#2904),.PCURVE_S1.);
#2893 = LINE('',#2894,#2895);
#2894 = CARTESIAN_POINT('',(-329.25,-60.,700.5));
#2895 = VECTOR('',#2896,1.);
#2896 = DIRECTION('',(0.,0.,1.));
#2897 = PCURVE('',#2053,#2898);
#2898 = DEFINITIONAL_REPRESENTATION('',(#2899),#2903);
#2899 = LINE('',#2900,#2901);
#2900 = CARTESIAN_POINT('',(6.28318530718,-0.));
#2901 = VECTOR('',#2902,1.);
#2902 = DIRECTION('',(0.,1.));
#2903 = ( GEOMETRIC_REPRESENTATION_CONTEXT(2) 
PARAMETRIC_REPRESENTATION_CONTEXT() REPRESENTATION_CONTEXT('2D SPACE',''
  ) );
#2904 = PCURVE('',#2053,#2905);
#2905 = DEFINITIONAL_REPRESENTATION('',(#2906),#2910);
#2906 = LINE('',#2907,#2908);
#2907 = CARTESIAN_POINT('',(0.,-0.));
#2908 = VECTOR('',#2909,1.);
#2909 = DIRECTION('',(0.,1.));
#2910 = ( GEOMETRIC_REPRESENTATION_CONTEXT(2) 
PARAMETRIC_REPRESENTATION_CONTEXT() REPRESENTATION_CONTEXT('2D SPACE',''
  ) );
#2911 = ORIENTED_EDGE('',*,*,#2671,.T.);
#2912 = ORIENTED_EDGE('',*,*,#2891,.T.);
#2913 = ADVANCED_FACE('',(#2914),#2085,.F.);
#2914 = FACE_BOUND('',#2915,.F.);
#2915 = EDGE_LOOP('',(#2916,#2939,#2940,#2963));
#2916 = ORIENTED_EDGE('',*,*,#2917,.F.);
#2917 = EDGE_CURVE('',#2068,#2918,#2920,.T.);
#2918 = VERTEX_POINT('',#2919);
#2919 = CARTESIAN_POINT('',(-443.,-45.,860.));
#2920 = SURFACE_CURVE('',#2921,(#2925,#2932),.PCURVE_S1.);
#2921 = LINE('',#2922,#2923);
#2922 = CARTESIAN_POINT('',(-443.,-45.,730.));
#2923 = VECTOR('',#2924,1.);
#2924 = DIRECTION('',(0.,0.,1.));
#2925 = PCURVE('',#2085,#2926);
#2926 = DEFINITIONAL_REPRESENTATION('',(#2927),#2931);
#2927 = LINE('',#2928,#2929);
#2928 = CARTESIAN_POINT('',(0.,0.));
#2929 = VECTOR('',#2930,1.);
#2930 = DIRECTION('',(1.,0.));
#2931 = ( GEOMETRIC_REPRESENTATION_CONTEXT(2) 
PARAMETRIC_REPRESENTATION_CONTEXT() REPRESENTATION_CONTEXT('2D SPACE',''
  ) );
#2932 = PCURVE('',#2167,#2933);
#2933 = DEFINITIONAL_REPRESENTATION('',(#2934),#2938);
#2934 = LINE('',#2935,#2936);
#2935 = CARTESIAN_POINT('',(0.,0.));
#2936 = VECTOR('',#2937,1.);
#2937 = DIRECTION('',(1.,0.));
#2938 = ( GEOMETRIC_REPRESENTATION_CONTEXT(2) 
PARAMETRIC_REPRESENTATION_CONTEXT() REPRESENTATION_CONTEXT('2D SPACE',''
  ) );
#2939 = ORIENTED_EDGE('',*,*,#2067,.T.);
#2940 = ORIENTED_EDGE('',*,*,#2941,.T.);
#2941 = EDGE_CURVE('',#2070,#2942,#2944,.T.);
#2942 = VERTEX_POINT('',#2943);
#2943 = CARTESIAN_POINT('',(-443.,45.,860.));
#2944 = SURFACE_CURVE('',#2945,(#2949,#2956),.PCURVE_S1.);
#2945 = LINE('',#2946,#2947);
#2946 = CARTESIAN_POINT('',(-443.,45.,730.));
#2947 = VECTOR('',#2948,1.);
#2948 = DIRECTION('',(0.,0.,1.));
#2949 = PCURVE('',#2085,#2950);
#2950 = DEFINITIONAL_REPRESENTATION('',(#2951),#2955);
#2951 = LINE('',#2952,#2953);
#2952 = CARTESIAN_POINT('',(0.,-90.));
#2953 = VECTOR('',#2954,1.);
#2954 = DIRECTION('',(1.,0.));
#2955 = ( GEOMETRIC_REPRESENTATION_CONTEXT(2) 
PARAMETRIC_REPRESENTATION_CONTEXT() REPRESENTATION_CONTEXT('2D SPACE',''
  ) );
#2956 = PCURVE('',#2113,#2957);
#2957 = DEFINITIONAL_REPRESENTATION('',(#2958),#2962);
#2958 = LINE('',#2959,#2960);
#2959 = CARTESIAN_POINT('',(0.,0.));
#2960 = VECTOR('',#2961,1.);
#2961 = DIRECTION('',(1.,0.));
#2962 = ( GEOMETRIC_REPRESENTATION_CONTEXT(2) 
PARAMETRIC_REPRESENTATION_CONTEXT() REPRESENTATION_CONTEXT('2D SPACE',''
  ) );
#2963 = ORIENTED_EDGE('',*,*,#2964,.F.);
#2964 = EDGE_CURVE('',#2918,#2942,#2965,.T.);
#2965 = SURFACE_CURVE('',#2966,(#2970,#2977),.PCURVE_S1.);
#2966 = LINE('',#2967,#2968);
#2967 = CARTESIAN_POINT('',(-443.,-45.,860.));
#2968 = VECTOR('',#2969,1.);
#2969 = DIRECTION('',(-0.,1.,0.));
#2970 = PCURVE('',#2085,#2971);
#2971 = DEFINITIONAL_REPRESENTATION('',(#2972),#2976);
#2972 = LINE('',#2973,#2974);
#2973 = CARTESIAN_POINT('',(130.,0.));
#2974 = VECTOR('',#2975,1.);
#2975 = DIRECTION('',(0.,-1.));
#2976 = ( GEOMETRIC_REPRESENTATION_CONTEXT(2) 
PARAMETRIC_REPRESENTATION_CONTEXT() REPRESENTATION_CONTEXT('2D SPACE',''
  ) );
#2977 = PCURVE('',#2978,#2983);
#2978 = PLANE('',#2979);
#2979 = AXIS2_PLACEMENT_3D('',#2980,#2981,#2982);
#2980 = CARTESIAN_POINT('',(-443.,-45.,860.));
#2981 = DIRECTION('',(0.,0.,1.));
#2982 = DIRECTION('',(1.,0.,-0.));
#2983 = DEFINITIONAL_REPRESENTATION('',(#2984),#2988);
#2984 = LINE('',#2985,#2986);
#2985 = CARTESIAN_POINT('',(0.,0.));
#2986 = VECTOR('',#2987,1.);
#2987 = DIRECTION('',(0.,1.));
#2988 = ( GEOMETRIC_REPRESENTATION_CONTEXT(2) 
PARAMETRIC_REPRESENTATION_CONTEXT() REPRESENTATION_CONTEXT('2D SPACE',''
  ) );
#2989 = ADVANCED_FACE('',(#2990),#2113,.T.);
#2990 = FACE_BOUND('',#2991,.T.);
#2991 = EDGE_LOOP('',(#2992,#2993,#2994,#3017));
#2992 = ORIENTED_EDGE('',*,*,#2097,.F.);
#2993 = ORIENTED_EDGE('',*,*,#2941,.T.);
#2994 = ORIENTED_EDGE('',*,*,#2995,.T.);
#2995 = EDGE_CURVE('',#2942,#2996,#2998,.T.);
#2996 = VERTEX_POINT('',#2997);
#2997 = CARTESIAN_POINT('',(-438.,45.,860.));
#2998 = SURFACE_CURVE('',#2999,(#3003,#3010),.PCURVE_S1.);
#2999 = LINE('',#3000,#3001);
#3000 = CARTESIAN_POINT('',(-443.,45.,860.));
#3001 = VECTOR('',#3002,1.);
#3002 = DIRECTION('',(1.,0.,-0.));
#3003 = PCURVE('',#2113,#3004);
#3004 = DEFINITIONAL_REPRESENTATION('',(#3005),#3009);
#3005 = LINE('',#3006,#3007);
#3006 = CARTESIAN_POINT('',(130.,0.));
#3007 = VECTOR('',#3008,1.);
#3008 = DIRECTION('',(0.,1.));
#3009 = ( GEOMETRIC_REPRESENTATION_CONTEXT(2) 
PARAMETRIC_REPRESENTATION_CONTEXT() REPRESENTATION_CONTEXT('2D SPACE',''
  ) );
#3010 = PCURVE('',#2978,#3011);
#3011 = DEFINITIONAL_REPRESENTATION('',(#3012),#3016);
#3012 = LINE('',#3013,#3014);
#3013 = CARTESIAN_POINT('',(0.,90.));
#3014 = VECTOR('',#3015,1.);
#3015 = DIRECTION('',(1.,0.));
#3016 = ( GEOMETRIC_REPRESENTATION_CONTEXT(2) 
PARAMETRIC_REPRESENTATION_CONTEXT() REPRESENTATION_CONTEXT('2D SPACE',''
  ) );
#3017 = ORIENTED_EDGE('',*,*,#3018,.F.);
#3018 = EDGE_CURVE('',#2098,#2996,#3019,.T.);
#3019 = SURFACE_CURVE('',#3020,(#3024,#3031),.PCURVE_S1.);
#3020 = LINE('',#3021,#3022);
#3021 = CARTESIAN_POINT('',(-438.,45.,730.));
#3022 = VECTOR('',#3023,1.);
#3023 = DIRECTION('',(0.,0.,1.));
#3024 = PCURVE('',#2113,#3025);
#3025 = DEFINITIONAL_REPRESENTATION('',(#3026),#3030);
#3026 = LINE('',#3027,#3028);
#3027 = CARTESIAN_POINT('',(0.,5.));
#3028 = VECTOR('',#3029,1.);
#3029 = DIRECTION('',(1.,0.));
#3030 = ( GEOMETRIC_REPRESENTATION_CONTEXT(2) 
PARAMETRIC_REPRESENTATION_CONTEXT() REPRESENTATION_CONTEXT('2D SPACE',''
  ) );
#3031 = PCURVE('',#2141,#3032);
#3032 = DEFINITIONAL_REPRESENTATION('',(#3033),#3037);
#3033 = LINE('',#3034,#3035);
#3034 = CARTESIAN_POINT('',(0.,-90.));
#3035 = VECTOR('',#3036,1.);
#3036 = DIRECTION('',(1.,0.));
#3037 = ( GEOMETRIC_REPRESENTATION_CONTEXT(2) 
PARAMETRIC_REPRESENTATION_CONTEXT() REPRESENTATION_CONTEXT('2D SPACE',''
  ) );
#3038 = ADVANCED_FACE('',(#3039),#2167,.F.);
#3039 = FACE_BOUND('',#3040,.F.);
#3040 = EDGE_LOOP('',(#3041,#3042,#3043,#3066));
#3041 = ORIENTED_EDGE('',*,*,#2153,.F.);
#3042 = ORIENTED_EDGE('',*,*,#2917,.T.);
#3043 = ORIENTED_EDGE('',*,*,#3044,.T.);
#3044 = EDGE_CURVE('',#2918,#3045,#3047,.T.);
#3045 = VERTEX_POINT('',#3046);
#3046 = CARTESIAN_POINT('',(-438.,-45.,860.));
#3047 = SURFACE_CURVE('',#3048,(#3052,#3059),.PCURVE_S1.);
#3048 = LINE('',#3049,#3050);
#3049 = CARTESIAN_POINT('',(-443.,-45.,860.));
#3050 = VECTOR('',#3051,1.);
#3051 = DIRECTION('',(1.,0.,-0.));
#3052 = PCURVE('',#2167,#3053);
#3053 = DEFINITIONAL_REPRESENTATION('',(#3054),#3058);
#3054 = LINE('',#3055,#3056);
#3055 = CARTESIAN_POINT('',(130.,0.));
#3056 = VECTOR('',#3057,1.);
#3057 = DIRECTION('',(0.,1.));
#3058 = ( GEOMETRIC_REPRESENTATION_CONTEXT(2) 
PARAMETRIC_REPRESENTATION_CONTEXT() REPRESENTATION_CONTEXT('2D SPACE',''
  ) );
#3059 = PCURVE('',#2978,#3060);
#3060 = DEFINITIONAL_REPRESENTATION('',(#3061),#3065);
#3061 = LINE('',#3062,#3063);
#3062 = CARTESIAN_POINT('',(0.,0.));
#3063 = VECTOR('',#3064,1.);
#3064 = DIRECTION('',(1.,0.));
#3065 = ( GEOMETRIC_REPRESENTATION_CONTEXT(2) 
PARAMETRIC_REPRESENTATION_CONTEXT() REPRESENTATION_CONTEXT('2D SPACE',''
  ) );
#3066 = ORIENTED_EDGE('',*,*,#3067,.F.);
#3067 = EDGE_CURVE('',#2126,#3045,#3068,.T.);
#3068 = SURFACE_CURVE('',#3069,(#3073,#3080),.PCURVE_S1.);
#3069 = LINE('',#3070,#3071);
#3070 = CARTESIAN_POINT('',(-438.,-45.,730.));
#3071 = VECTOR('',#3072,1.);
#3072 = DIRECTION('',(0.,0.,1.));
#3073 = PCURVE('',#2167,#3074);
#3074 = DEFINITIONAL_REPRESENTATION('',(#3075),#3079);
#3075 = LINE('',#3076,#3077);
#3076 = CARTESIAN_POINT('',(0.,5.));
#3077 = VECTOR('',#3078,1.);
#3078 = DIRECTION('',(1.,0.));
#3079 = ( GEOMETRIC_REPRESENTATION_CONTEXT(2) 
PARAMETRIC_REPRESENTATION_CONTEXT() REPRESENTATION_CONTEXT('2D SPACE',''
  ) );
#3080 = PCURVE('',#2141,#3081);
#3081 = DEFINITIONAL_REPRESENTATION('',(#3082),#3086);
#3082 = LINE('',#3083,#3084);
#3083 = CARTESIAN_POINT('',(0.,0.));
#3084 = VECTOR('',#3085,1.);
#3085 = DIRECTION('',(1.,0.));
#3086 = ( GEOMETRIC_REPRESENTATION_CONTEXT(2) 
PARAMETRIC_REPRESENTATION_CONTEXT() REPRESENTATION_CONTEXT('2D SPACE',''
  ) );
#3087 = ADVANCED_FACE('',(#3088),#2141,.T.);
#3088 = FACE_BOUND('',#3089,.T.);
#3089 = EDGE_LOOP('',(#3090,#3091,#3092,#3093));
#3090 = ORIENTED_EDGE('',*,*,#3067,.F.);
#3091 = ORIENTED_EDGE('',*,*,#2125,.T.);
#3092 = ORIENTED_EDGE('',*,*,#3018,.T.);
#3093 = ORIENTED_EDGE('',*,*,#3094,.F.);
#3094 = EDGE_CURVE('',#3045,#2996,#3095,.T.);
#3095 = SURFACE_CURVE('',#3096,(#3100,#3107),.PCURVE_S1.);
#3096 = LINE('',#3097,#3098);
#3097 = CARTESIAN_POINT('',(-438.,-45.,860.));
#3098 = VECTOR('',#3099,1.);
#3099 = DIRECTION('',(-0.,1.,0.));
#3100 = PCURVE('',#2141,#3101);
#3101 = DEFINITIONAL_REPRESENTATION('',(#3102),#3106);
#3102 = LINE('',#3103,#3104);
#3103 = CARTESIAN_POINT('',(130.,0.));
#3104 = VECTOR('',#3105,1.);
#3105 = DIRECTION('',(0.,-1.));
#3106 = ( GEOMETRIC_REPRESENTATION_CONTEXT(2) 
PARAMETRIC_REPRESENTATION_CONTEXT() REPRESENTATION_CONTEXT('2D SPACE',''
  ) );
#3107 = PCURVE('',#2978,#3108);
#3108 = DEFINITIONAL_REPRESENTATION('',(#3109),#3113);
#3109 = LINE('',#3110,#3111);
#3110 = CARTESIAN_POINT('',(5.,0.));
#3111 = VECTOR('',#3112,1.);
#3112 = DIRECTION('',(0.,1.));
#3113 = ( GEOMETRIC_REPRESENTATION_CONTEXT(2) 
PARAMETRIC_REPRESENTATION_CONTEXT() REPRESENTATION_CONTEXT('2D SPACE',''
  ) );
#3114 = ADVANCED_FACE('',(#3115),#2198,.F.);
#3115 = FACE_BOUND('',#3116,.F.);
#3116 = EDGE_LOOP('',(#3117,#3118,#3139,#3140));
#3117 = ORIENTED_EDGE('',*,*,#2181,.F.);
#3118 = ORIENTED_EDGE('',*,*,#3119,.F.);
#3119 = EDGE_CURVE('',#2698,#2182,#3120,.T.);
#3120 = SEAM_CURVE('',#3121,(#3125,#3132),.PCURVE_S1.);
#3121 = LINE('',#3122,#3123);
#3122 = CARTESIAN_POINT('',(-449.25,60.,700.5));
#3123 = VECTOR('',#3124,1.);
#3124 = DIRECTION('',(0.,0.,1.));
#3125 = PCURVE('',#2198,#3126);
#3126 = DEFINITIONAL_REPRESENTATION('',(#3127),#3131);
#3127 = LINE('',#3128,#3129);
#3128 = CARTESIAN_POINT('',(6.28318530718,-0.));
#3129 = VECTOR('',#3130,1.);
#3130 = DIRECTION('',(0.,1.));
#3131 = ( GEOMETRIC_REPRESENTATION_CONTEXT(2) 
PARAMETRIC_REPRESENTATION_CONTEXT() REPRESENTATION_CONTEXT('2D SPACE',''
  ) );
#3132 = PCURVE('',#2198,#3133);
#3133 = DEFINITIONAL_REPRESENTATION('',(#3134),#3138);
#3134 = LINE('',#3135,#3136);
#3135 = CARTESIAN_POINT('',(0.,-0.));
#3136 = VECTOR('',#3137,1.);
#3137 = DIRECTION('',(0.,1.));
#3138 = ( GEOMETRIC_REPRESENTATION_CONTEXT(2) 
PARAMETRIC_REPRESENTATION_CONTEXT() REPRESENTATION_CONTEXT('2D SPACE',''
  ) );
#3139 = ORIENTED_EDGE('',*,*,#2697,.T.);
#3140 = ORIENTED_EDGE('',*,*,#3119,.T.);
#3141 = ADVANCED_FACE('',(#3142),#2229,.T.);
#3142 = FACE_BOUND('',#3143,.T.);
#3143 = EDGE_LOOP('',(#3144,#3167,#3195,#3216));
#3144 = ORIENTED_EDGE('',*,*,#3145,.F.);
#3145 = EDGE_CURVE('',#3146,#2213,#3148,.T.);
#3146 = VERTEX_POINT('',#3147);
#3147 = CARTESIAN_POINT('',(-363.,-10.,710.5));
#3148 = SURFACE_CURVE('',#3149,(#3153,#3160),.PCURVE_S1.);
#3149 = LINE('',#3150,#3151);
#3150 = CARTESIAN_POINT('',(-363.,-10.,710.5));
#3151 = VECTOR('',#3152,1.);
#3152 = DIRECTION('',(0.,0.,1.));
#3153 = PCURVE('',#2229,#3154);
#3154 = DEFINITIONAL_REPRESENTATION('',(#3155),#3159);
#3155 = LINE('',#3156,#3157);
#3156 = CARTESIAN_POINT('',(0.,58.));
#3157 = VECTOR('',#3158,1.);
#3158 = DIRECTION('',(1.,0.));
#3159 = ( GEOMETRIC_REPRESENTATION_CONTEXT(2) 
PARAMETRIC_REPRESENTATION_CONTEXT() REPRESENTATION_CONTEXT('2D SPACE',''
  ) );
#3160 = PCURVE('',#2305,#3161);
#3161 = DEFINITIONAL_REPRESENTATION('',(#3162),#3166);
#3162 = LINE('',#3163,#3164);
#3163 = CARTESIAN_POINT('',(0.,0.));
#3164 = VECTOR('',#3165,1.);
#3165 = DIRECTION('',(1.,0.));
#3166 = ( GEOMETRIC_REPRESENTATION_CONTEXT(2) 
PARAMETRIC_REPRESENTATION_CONTEXT() REPRESENTATION_CONTEXT('2D SPACE',''
  ) );
#3167 = ORIENTED_EDGE('',*,*,#3168,.F.);
#3168 = EDGE_CURVE('',#3169,#3146,#3171,.T.);
#3169 = VERTEX_POINT('',#3170);
#3170 = CARTESIAN_POINT('',(-421.,-10.,710.5));
#3171 = SURFACE_CURVE('',#3172,(#3176,#3183),.PCURVE_S1.);
#3172 = LINE('',#3173,#3174);
#3173 = CARTESIAN_POINT('',(-421.,-10.,710.5));
#3174 = VECTOR('',#3175,1.);
#3175 = DIRECTION('',(1.,0.,-0.));
#3176 = PCURVE('',#2229,#3177);
#3177 = DEFINITIONAL_REPRESENTATION('',(#3178),#3182);
#3178 = LINE('',#3179,#3180);
#3179 = CARTESIAN_POINT('',(0.,0.));
#3180 = VECTOR('',#3181,1.);
#3181 = DIRECTION('',(0.,1.));
#3182 = ( GEOMETRIC_REPRESENTATION_CONTEXT(2) 
PARAMETRIC_REPRESENTATION_CONTEXT() REPRESENTATION_CONTEXT('2D SPACE',''
  ) );
#3183 = PCURVE('',#3184,#3189);
#3184 = PLANE('',#3185);
#3185 = AXIS2_PLACEMENT_3D('',#3186,#3187,#3188);
#3186 = CARTESIAN_POINT('',(-428.,-17.,710.5));
#3187 = DIRECTION('',(0.,0.,1.));
#3188 = DIRECTION('',(1.,0.,-0.));
#3189 = DEFINITIONAL_REPRESENTATION('',(#3190),#3194);
#3190 = LINE('',#3191,#3192);
#3191 = CARTESIAN_POINT('',(7.,7.));
#3192 = VECTOR('',#3193,1.);
#3193 = DIRECTION('',(1.,0.));
#3194 = ( GEOMETRIC_REPRESENTATION_CONTEXT(2) 
PARAMETRIC_REPRESENTATION_CONTEXT() REPRESENTATION_CONTEXT('2D SPACE',''
  ) );
#3195 = ORIENTED_EDGE('',*,*,#3196,.T.);
#3196 = EDGE_CURVE('',#3169,#2215,#3197,.T.);
#3197 = SURFACE_CURVE('',#3198,(#3202,#3209),.PCURVE_S1.);
#3198 = LINE('',#3199,#3200);
#3199 = CARTESIAN_POINT('',(-421.,-10.,710.5));
#3200 = VECTOR('',#3201,1.);
#3201 = DIRECTION('',(0.,0.,1.));
#3202 = PCURVE('',#2229,#3203);
#3203 = DEFINITIONAL_REPRESENTATION('',(#3204),#3208);
#3204 = LINE('',#3205,#3206);
#3205 = CARTESIAN_POINT('',(0.,0.));
#3206 = VECTOR('',#3207,1.);
#3207 = DIRECTION('',(1.,0.));
#3208 = ( GEOMETRIC_REPRESENTATION_CONTEXT(2) 
PARAMETRIC_REPRESENTATION_CONTEXT() REPRESENTATION_CONTEXT('2D SPACE',''
  ) );
#3209 = PCURVE('',#2255,#3210);
#3210 = DEFINITIONAL_REPRESENTATION('',(#3211),#3215);
#3211 = LINE('',#3212,#3213);
#3212 = CARTESIAN_POINT('',(0.,0.));
#3213 = VECTOR('',#3214,1.);
#3214 = DIRECTION('',(1.,0.));
#3215 = ( GEOMETRIC_REPRESENTATION_CONTEXT(2) 
PARAMETRIC_REPRESENTATION_CONTEXT() REPRESENTATION_CONTEXT('2D SPACE',''
  ) );
#3216 = ORIENTED_EDGE('',*,*,#2212,.F.);
#3217 = ADVANCED_FACE('',(#3218),#2305,.F.);
#3218 = FACE_BOUND('',#3219,.F.);
#3219 = EDGE_LOOP('',(#3220,#3221,#3244,#3265));
#3220 = ORIENTED_EDGE('',*,*,#3145,.F.);
#3221 = ORIENTED_EDGE('',*,*,#3222,.T.);
#3222 = EDGE_CURVE('',#3146,#3223,#3225,.T.);
#3223 = VERTEX_POINT('',#3224);
#3224 = CARTESIAN_POINT('',(-363.,26.,710.5));
#3225 = SURFACE_CURVE('',#3226,(#3230,#3237),.PCURVE_S1.);
#3226 = LINE('',#3227,#3228);
#3227 = CARTESIAN_POINT('',(-363.,-10.,710.5));
#3228 = VECTOR('',#3229,1.);
#3229 = DIRECTION('',(-0.,1.,0.));
#3230 = PCURVE('',#2305,#3231);
#3231 = DEFINITIONAL_REPRESENTATION('',(#3232),#3236);
#3232 = LINE('',#3233,#3234);
#3233 = CARTESIAN_POINT('',(0.,0.));
#3234 = VECTOR('',#3235,1.);
#3235 = DIRECTION('',(0.,-1.));
#3236 = ( GEOMETRIC_REPRESENTATION_CONTEXT(2) 
PARAMETRIC_REPRESENTATION_CONTEXT() REPRESENTATION_CONTEXT('2D SPACE',''
  ) );
#3237 = PCURVE('',#3184,#3238);
#3238 = DEFINITIONAL_REPRESENTATION('',(#3239),#3243);
#3239 = LINE('',#3240,#3241);
#3240 = CARTESIAN_POINT('',(65.,7.));
#3241 = VECTOR('',#3242,1.);
#3242 = DIRECTION('',(0.,1.));
#3243 = ( GEOMETRIC_REPRESENTATION_CONTEXT(2) 
PARAMETRIC_REPRESENTATION_CONTEXT() REPRESENTATION_CONTEXT('2D SPACE',''
  ) );
#3244 = ORIENTED_EDGE('',*,*,#3245,.T.);
#3245 = EDGE_CURVE('',#3223,#2267,#3246,.T.);
#3246 = SURFACE_CURVE('',#3247,(#3251,#3258),.PCURVE_S1.);
#3247 = LINE('',#3248,#3249);
#3248 = CARTESIAN_POINT('',(-363.,26.,710.5));
#3249 = VECTOR('',#3250,1.);
#3250 = DIRECTION('',(0.,0.,1.));
#3251 = PCURVE('',#2305,#3252);
#3252 = DEFINITIONAL_REPRESENTATION('',(#3253),#3257);
#3253 = LINE('',#3254,#3255);
#3254 = CARTESIAN_POINT('',(0.,-36.));
#3255 = VECTOR('',#3256,1.);
#3256 = DIRECTION('',(1.,0.));
#3257 = ( GEOMETRIC_REPRESENTATION_CONTEXT(2) 
PARAMETRIC_REPRESENTATION_CONTEXT() REPRESENTATION_CONTEXT('2D SPACE',''
  ) );
#3258 = PCURVE('',#2281,#3259);
#3259 = DEFINITIONAL_REPRESENTATION('',(#3260),#3264);
#3260 = LINE('',#3261,#3262);
#3261 = CARTESIAN_POINT('',(0.,58.));
#3262 = VECTOR('',#3263,1.);
#3263 = DIRECTION('',(1.,0.));
#3264 = ( GEOMETRIC_REPRESENTATION_CONTEXT(2) 
PARAMETRIC_REPRESENTATION_CONTEXT() REPRESENTATION_CONTEXT('2D SPACE',''
  ) );
#3265 = ORIENTED_EDGE('',*,*,#2292,.F.);
#3266 = ADVANCED_FACE('',(#3267),#2255,.T.);
#3267 = FACE_BOUND('',#3268,.T.);
#3268 = EDGE_LOOP('',(#3269,#3270,#3293,#3314));
#3269 = ORIENTED_EDGE('',*,*,#3196,.F.);
#3270 = ORIENTED_EDGE('',*,*,#3271,.T.);
#3271 = EDGE_CURVE('',#3169,#3272,#3274,.T.);
#3272 = VERTEX_POINT('',#3273);
#3273 = CARTESIAN_POINT('',(-421.,26.,710.5));
#3274 = SURFACE_CURVE('',#3275,(#3279,#3286),.PCURVE_S1.);
#3275 = LINE('',#3276,#3277);
#3276 = CARTESIAN_POINT('',(-421.,-10.,710.5));
#3277 = VECTOR('',#3278,1.);
#3278 = DIRECTION('',(-0.,1.,0.));
#3279 = PCURVE('',#2255,#3280);
#3280 = DEFINITIONAL_REPRESENTATION('',(#3281),#3285);
#3281 = LINE('',#3282,#3283);
#3282 = CARTESIAN_POINT('',(0.,0.));
#3283 = VECTOR('',#3284,1.);
#3284 = DIRECTION('',(0.,-1.));
#3285 = ( GEOMETRIC_REPRESENTATION_CONTEXT(2) 
PARAMETRIC_REPRESENTATION_CONTEXT() REPRESENTATION_CONTEXT('2D SPACE',''
  ) );
#3286 = PCURVE('',#3184,#3287);
#3287 = DEFINITIONAL_REPRESENTATION('',(#3288),#3292);
#3288 = LINE('',#3289,#3290);
#3289 = CARTESIAN_POINT('',(7.,7.));
#3290 = VECTOR('',#3291,1.);
#3291 = DIRECTION('',(0.,1.));
#3292 = ( GEOMETRIC_REPRESENTATION_CONTEXT(2) 
PARAMETRIC_REPRESENTATION_CONTEXT() REPRESENTATION_CONTEXT('2D SPACE',''
  ) );
#3293 = ORIENTED_EDGE('',*,*,#3294,.T.);
#3294 = EDGE_CURVE('',#3272,#2241,#3295,.T.);
#3295 = SURFACE_CURVE('',#3296,(#3300,#3307),.PCURVE_S1.);
#3296 = LINE('',#3297,#3298);
#3297 = CARTESIAN_POINT('',(-421.,26.,710.5));
#3298 = VECTOR('',#3299,1.);
#3299 = DIRECTION('',(0.,0.,1.));
#3300 = PCURVE('',#2255,#3301);
#3301 = DEFINITIONAL_REPRESENTATION('',(#3302),#3306);
#3302 = LINE('',#3303,#3304);
#3303 = CARTESIAN_POINT('',(0.,-36.));
#3304 = VECTOR('',#3305,1.);
#3305 = DIRECTION('',(1.,0.));
#3306 = ( GEOMETRIC_REPRESENTATION_CONTEXT(2) 
PARAMETRIC_REPRESENTATION_CONTEXT() REPRESENTATION_CONTEXT('2D SPACE',''
  ) );
#3307 = PCURVE('',#2281,#3308);
#3308 = DEFINITIONAL_REPRESENTATION('',(#3309),#3313);
#3309 = LINE('',#3310,#3311);
#3310 = CARTESIAN_POINT('',(0.,0.));
#3311 = VECTOR('',#3312,1.);
#3312 = DIRECTION('',(1.,0.));
#3313 = ( GEOMETRIC_REPRESENTATION_CONTEXT(2) 
PARAMETRIC_REPRESENTATION_CONTEXT() REPRESENTATION_CONTEXT('2D SPACE',''
  ) );
#3314 = ORIENTED_EDGE('',*,*,#2240,.F.);
#3315 = ADVANCED_FACE('',(#3316),#2281,.F.);
#3316 = FACE_BOUND('',#3317,.F.);
#3317 = EDGE_LOOP('',(#3318,#3319,#3340,#3341));
#3318 = ORIENTED_EDGE('',*,*,#3245,.F.);
#3319 = ORIENTED_EDGE('',*,*,#3320,.F.);
#3320 = EDGE_CURVE('',#3272,#3223,#3321,.T.);
#3321 = SURFACE_CURVE('',#3322,(#3326,#3333),.PCURVE_S1.);
#3322 = LINE('',#3323,#3324);
#3323 = CARTESIAN_POINT('',(-421.,26.,710.5));
#3324 = VECTOR('',#3325,1.);
#3325 = DIRECTION('',(1.,0.,-0.));
#3326 = PCURVE('',#2281,#3327);
#3327 = DEFINITIONAL_REPRESENTATION('',(#3328),#3332);
#3328 = LINE('',#3329,#3330);
#3329 = CARTESIAN_POINT('',(0.,0.));
#3330 = VECTOR('',#3331,1.);
#3331 = DIRECTION('',(0.,1.));
#3332 = ( GEOMETRIC_REPRESENTATION_CONTEXT(2) 
PARAMETRIC_REPRESENTATION_CONTEXT() REPRESENTATION_CONTEXT('2D SPACE',''
  ) );
#3333 = PCURVE('',#3184,#3334);
#3334 = DEFINITIONAL_REPRESENTATION('',(#3335),#3339);
#3335 = LINE('',#3336,#3337);
#3336 = CARTESIAN_POINT('',(7.,43.));
#3337 = VECTOR('',#3338,1.);
#3338 = DIRECTION('',(1.,0.));
#3339 = ( GEOMETRIC_REPRESENTATION_CONTEXT(2) 
PARAMETRIC_REPRESENTATION_CONTEXT() REPRESENTATION_CONTEXT('2D SPACE',''
  ) );
#3340 = ORIENTED_EDGE('',*,*,#3294,.T.);
#3341 = ORIENTED_EDGE('',*,*,#2266,.F.);
#3342 = ADVANCED_FACE('',(#3343),#2336,.F.);
#3343 = FACE_BOUND('',#3344,.F.);
#3344 = EDGE_LOOP('',(#3345,#3368,#3369,#3392));
#3345 = ORIENTED_EDGE('',*,*,#3346,.F.);
#3346 = EDGE_CURVE('',#2319,#3347,#3349,.T.);
#3347 = VERTEX_POINT('',#3348);
#3348 = CARTESIAN_POINT('',(-346.,-45.,860.));
#3349 = SURFACE_CURVE('',#3350,(#3354,#3361),.PCURVE_S1.);
#3350 = LINE('',#3351,#3352);
#3351 = CARTESIAN_POINT('',(-346.,-45.,730.));
#3352 = VECTOR('',#3353,1.);
#3353 = DIRECTION('',(0.,0.,1.));
#3354 = PCURVE('',#2336,#3355);
#3355 = DEFINITIONAL_REPRESENTATION('',(#3356),#3360);
#3356 = LINE('',#3357,#3358);
#3357 = CARTESIAN_POINT('',(0.,0.));
#3358 = VECTOR('',#3359,1.);
#3359 = DIRECTION('',(1.,0.));
#3360 = ( GEOMETRIC_REPRESENTATION_CONTEXT(2) 
PARAMETRIC_REPRESENTATION_CONTEXT() REPRESENTATION_CONTEXT('2D SPACE',''
  ) );
#3361 = PCURVE('',#2418,#3362);
#3362 = DEFINITIONAL_REPRESENTATION('',(#3363),#3367);
#3363 = LINE('',#3364,#3365);
#3364 = CARTESIAN_POINT('',(0.,0.));
#3365 = VECTOR('',#3366,1.);
#3366 = DIRECTION('',(1.,0.));
#3367 = ( GEOMETRIC_REPRESENTATION_CONTEXT(2) 
PARAMETRIC_REPRESENTATION_CONTEXT() REPRESENTATION_CONTEXT('2D SPACE',''
  ) );
#3368 = ORIENTED_EDGE('',*,*,#2318,.T.);
#3369 = ORIENTED_EDGE('',*,*,#3370,.T.);
#3370 = EDGE_CURVE('',#2321,#3371,#3373,.T.);
#3371 = VERTEX_POINT('',#3372);
#3372 = CARTESIAN_POINT('',(-346.,45.,860.));
#3373 = SURFACE_CURVE('',#3374,(#3378,#3385),.PCURVE_S1.);
#3374 = LINE('',#3375,#3376);
#3375 = CARTESIAN_POINT('',(-346.,45.,730.));
#3376 = VECTOR('',#3377,1.);
#3377 = DIRECTION('',(0.,0.,1.));
#3378 = PCURVE('',#2336,#3379);
#3379 = DEFINITIONAL_REPRESENTATION('',(#3380),#3384);
#3380 = LINE('',#3381,#3382);
#3381 = CARTESIAN_POINT('',(0.,-90.));
#3382 = VECTOR('',#3383,1.);
#3383 = DIRECTION('',(1.,0.));
#3384 = ( GEOMETRIC_REPRESENTATION_CONTEXT(2) 
PARAMETRIC_REPRESENTATION_CONTEXT() REPRESENTATION_CONTEXT('2D SPACE',''
  ) );
#3385 = PCURVE('',#2364,#3386);
#3386 = DEFINITIONAL_REPRESENTATION('',(#3387),#3391);
#3387 = LINE('',#3388,#3389);
#3388 = CARTESIAN_POINT('',(0.,0.));
#3389 = VECTOR('',#3390,1.);
#3390 = DIRECTION('',(1.,0.));
#3391 = ( GEOMETRIC_REPRESENTATION_CONTEXT(2) 
PARAMETRIC_REPRESENTATION_CONTEXT() REPRESENTATION_CONTEXT('2D SPACE',''
  ) );
#3392 = ORIENTED_EDGE('',*,*,#3393,.F.);
#3393 = EDGE_CURVE('',#3347,#3371,#3394,.T.);
#3394 = SURFACE_CURVE('',#3395,(#3399,#3406),.PCURVE_S1.);
#3395 = LINE('',#3396,#3397);
#3396 = CARTESIAN_POINT('',(-346.,-45.,860.));
#3397 = VECTOR('',#3398,1.);
#3398 = DIRECTION('',(-0.,1.,0.));
#3399 = PCURVE('',#2336,#3400);
#3400 = DEFINITIONAL_REPRESENTATION('',(#3401),#3405);
#3401 = LINE('',#3402,#3403);
#3402 = CARTESIAN_POINT('',(130.,0.));
#3403 = VECTOR('',#3404,1.);
#3404 = DIRECTION('',(0.,-1.));
#3405 = ( GEOMETRIC_REPRESENTATION_CONTEXT(2) 
PARAMETRIC_REPRESENTATION_CONTEXT() REPRESENTATION_CONTEXT('2D SPACE',''
  ) );
#3406 = PCURVE('',#3407,#3412);
#3407 = PLANE('',#3408);
#3408 = AXIS2_PLACEMENT_3D('',#3409,#3410,#3411);
#3409 = CARTESIAN_POINT('',(-346.,-45.,860.));
#3410 = DIRECTION('',(0.,0.,1.));
#3411 = DIRECTION('',(1.,0.,-0.));
#3412 = DEFINITIONAL_REPRESENTATION('',(#3413),#3417);
#3413 = LINE('',#3414,#3415);
#3414 = CARTESIAN_POINT('',(0.,0.));
#3415 = VECTOR('',#3416,1.);
#3416 = DIRECTION('',(0.,1.));
#3417 = ( GEOMETRIC_REPRESENTATION_CONTEXT(2) 
PARAMETRIC_REPRESENTATION_CONTEXT() REPRESENTATION_CONTEXT('2D SPACE',''
  ) );
#3418 = ADVANCED_FACE('',(#3419),#2418,.F.);
#3419 = FACE_BOUND('',#3420,.F.);
#3420 = EDGE_LOOP('',(#3421,#3422,#3423,#3446));
#3421 = ORIENTED_EDGE('',*,*,#2404,.F.);
#3422 = ORIENTED_EDGE('',*,*,#3346,.T.);
#3423 = ORIENTED_EDGE('',*,*,#3424,.T.);
#3424 = EDGE_CURVE('',#3347,#3425,#3427,.T.);
#3425 = VERTEX_POINT('',#3426);
#3426 = CARTESIAN_POINT('',(-341.,-45.,860.));
#3427 = SURFACE_CURVE('',#3428,(#3432,#3439),.PCURVE_S1.);
#3428 = LINE('',#3429,#3430);
#3429 = CARTESIAN_POINT('',(-346.,-45.,860.));
#3430 = VECTOR('',#3431,1.);
#3431 = DIRECTION('',(1.,0.,-0.));
#3432 = PCURVE('',#2418,#3433);
#3433 = DEFINITIONAL_REPRESENTATION('',(#3434),#3438);
#3434 = LINE('',#3435,#3436);
#3435 = CARTESIAN_POINT('',(130.,0.));
#3436 = VECTOR('',#3437,1.);
#3437 = DIRECTION('',(0.,1.));
#3438 = ( GEOMETRIC_REPRESENTATION_CONTEXT(2) 
PARAMETRIC_REPRESENTATION_CONTEXT() REPRESENTATION_CONTEXT('2D SPACE',''
  ) );
#3439 = PCURVE('',#3407,#3440);
#3440 = DEFINITIONAL_REPRESENTATION('',(#3441),#3445);
#3441 = LINE('',#3442,#3443);
#3442 = CARTESIAN_POINT('',(0.,0.));
#3443 = VECTOR('',#3444,1.);
#3444 = DIRECTION('',(1.,0.));
#3445 = ( GEOMETRIC_REPRESENTATION_CONTEXT(2) 
PARAMETRIC_REPRESENTATION_CONTEXT() REPRESENTATION_CONTEXT('2D SPACE',''
  ) );
#3446 = ORIENTED_EDGE('',*,*,#3447,.F.);
#3447 = EDGE_CURVE('',#2377,#3425,#3448,.T.);
#3448 = SURFACE_CURVE('',#3449,(#3453,#3460),.PCURVE_S1.);
#3449 = LINE('',#3450,#3451);
#3450 = CARTESIAN_POINT('',(-341.,-45.,730.));
#3451 = VECTOR('',#3452,1.);
#3452 = DIRECTION('',(0.,0.,1.));
#3453 = PCURVE('',#2418,#3454);
#3454 = DEFINITIONAL_REPRESENTATION('',(#3455),#3459);
#3455 = LINE('',#3456,#3457);
#3456 = CARTESIAN_POINT('',(0.,5.));
#3457 = VECTOR('',#3458,1.);
#3458 = DIRECTION('',(1.,0.));
#3459 = ( GEOMETRIC_REPRESENTATION_CONTEXT(2) 
PARAMETRIC_REPRESENTATION_CONTEXT() REPRESENTATION_CONTEXT('2D SPACE',''
  ) );
#3460 = PCURVE('',#2392,#3461);
#3461 = DEFINITIONAL_REPRESENTATION('',(#3462),#3466);
#3462 = LINE('',#3463,#3464);
#3463 = CARTESIAN_POINT('',(0.,0.));
#3464 = VECTOR('',#3465,1.);
#3465 = DIRECTION('',(1.,0.));
#3466 = ( GEOMETRIC_REPRESENTATION_CONTEXT(2) 
PARAMETRIC_REPRESENTATION_CONTEXT() REPRESENTATION_CONTEXT('2D SPACE',''
  ) );
#3467 = ADVANCED_FACE('',(#3468),#2392,.T.);
#3468 = FACE_BOUND('',#3469,.T.);
#3469 = EDGE_LOOP('',(#3470,#3471,#3472,#3495));
#3470 = ORIENTED_EDGE('',*,*,#3447,.F.);
#3471 = ORIENTED_EDGE('',*,*,#2376,.T.);
#3472 = ORIENTED_EDGE('',*,*,#3473,.T.);
#3473 = EDGE_CURVE('',#2349,#3474,#3476,.T.);
#3474 = VERTEX_POINT('',#3475);
#3475 = CARTESIAN_POINT('',(-341.,45.,860.));
#3476 = SURFACE_CURVE('',#3477,(#3481,#3488),.PCURVE_S1.);
#3477 = LINE('',#3478,#3479);
#3478 = CARTESIAN_POINT('',(-341.,45.,730.));
#3479 = VECTOR('',#3480,1.);
#3480 = DIRECTION('',(0.,0.,1.));
#3481 = PCURVE('',#2392,#3482);
#3482 = DEFINITIONAL_REPRESENTATION('',(#3483),#3487);
#3483 = LINE('',#3484,#3485);
#3484 = CARTESIAN_POINT('',(0.,-90.));
#3485 = VECTOR('',#3486,1.);
#3486 = DIRECTION('',(1.,0.));
#3487 = ( GEOMETRIC_REPRESENTATION_CONTEXT(2) 
PARAMETRIC_REPRESENTATION_CONTEXT() REPRESENTATION_CONTEXT('2D SPACE',''
  ) );
#3488 = PCURVE('',#2364,#3489);
#3489 = DEFINITIONAL_REPRESENTATION('',(#3490),#3494);
#3490 = LINE('',#3491,#3492);
#3491 = CARTESIAN_POINT('',(0.,5.));
#3492 = VECTOR('',#3493,1.);
#3493 = DIRECTION('',(1.,0.));
#3494 = ( GEOMETRIC_REPRESENTATION_CONTEXT(2) 
PARAMETRIC_REPRESENTATION_CONTEXT() REPRESENTATION_CONTEXT('2D SPACE',''
  ) );
#3495 = ORIENTED_EDGE('',*,*,#3496,.F.);
#3496 = EDGE_CURVE('',#3425,#3474,#3497,.T.);
#3497 = SURFACE_CURVE('',#3498,(#3502,#3509),.PCURVE_S1.);
#3498 = LINE('',#3499,#3500);
#3499 = CARTESIAN_POINT('',(-341.,-45.,860.));
#3500 = VECTOR('',#3501,1.);
#3501 = DIRECTION('',(-0.,1.,0.));
#3502 = PCURVE('',#2392,#3503);
#3503 = DEFINITIONAL_REPRESENTATION('',(#3504),#3508);
#3504 = LINE('',#3505,#3506);
#3505 = CARTESIAN_POINT('',(130.,0.));
#3506 = VECTOR('',#3507,1.);
#3507 = DIRECTION('',(0.,-1.));
#3508 = ( GEOMETRIC_REPRESENTATION_CONTEXT(2) 
PARAMETRIC_REPRESENTATION_CONTEXT() REPRESENTATION_CONTEXT('2D SPACE',''
  ) );
#3509 = PCURVE('',#3407,#3510);
#3510 = DEFINITIONAL_REPRESENTATION('',(#3511),#3515);
#3511 = LINE('',#3512,#3513);
#3512 = CARTESIAN_POINT('',(5.,0.));
#3513 = VECTOR('',#3514,1.);
#3514 = DIRECTION('',(0.,1.));
#3515 = ( GEOMETRIC_REPRESENTATION_CONTEXT(2) 
PARAMETRIC_REPRESENTATION_CONTEXT() REPRESENTATION_CONTEXT('2D SPACE',''
  ) );
#3516 = ADVANCED_FACE('',(#3517),#2364,.T.);
#3517 = FACE_BOUND('',#3518,.T.);
#3518 = EDGE_LOOP('',(#3519,#3520,#3521,#3542));
#3519 = ORIENTED_EDGE('',*,*,#2348,.F.);
#3520 = ORIENTED_EDGE('',*,*,#3370,.T.);
#3521 = ORIENTED_EDGE('',*,*,#3522,.T.);
#3522 = EDGE_CURVE('',#3371,#3474,#3523,.T.);
#3523 = SURFACE_CURVE('',#3524,(#3528,#3535),.PCURVE_S1.);
#3524 = LINE('',#3525,#3526);
#3525 = CARTESIAN_POINT('',(-346.,45.,860.));
#3526 = VECTOR('',#3527,1.);
#3527 = DIRECTION('',(1.,0.,-0.));
#3528 = PCURVE('',#2364,#3529);
#3529 = DEFINITIONAL_REPRESENTATION('',(#3530),#3534);
#3530 = LINE('',#3531,#3532);
#3531 = CARTESIAN_POINT('',(130.,0.));
#3532 = VECTOR('',#3533,1.);
#3533 = DIRECTION('',(0.,1.));
#3534 = ( GEOMETRIC_REPRESENTATION_CONTEXT(2) 
PARAMETRIC_REPRESENTATION_CONTEXT() REPRESENTATION_CONTEXT('2D SPACE',''
  ) );
#3535 = PCURVE('',#3407,#3536);
#3536 = DEFINITIONAL_REPRESENTATION('',(#3537),#3541);
#3537 = LINE('',#3538,#3539);
#3538 = CARTESIAN_POINT('',(0.,90.));
#3539 = VECTOR('',#3540,1.);
#3540 = DIRECTION('',(1.,0.));
#3541 = ( GEOMETRIC_REPRESENTATION_CONTEXT(2) 
PARAMETRIC_REPRESENTATION_CONTEXT() REPRESENTATION_CONTEXT('2D SPACE',''
  ) );
#3542 = ORIENTED_EDGE('',*,*,#3473,.F.);
#3543 = ADVANCED_FACE('',(#3544),#2449,.T.);
#3544 = FACE_BOUND('',#3545,.T.);
#3545 = EDGE_LOOP('',(#3546,#3569,#3597,#3618));
#3546 = ORIENTED_EDGE('',*,*,#3547,.F.);
#3547 = EDGE_CURVE('',#3548,#2433,#3550,.T.);
#3548 = VERTEX_POINT('',#3549);
#3549 = CARTESIAN_POINT('',(-361.,58.5,720.));
#3550 = SURFACE_CURVE('',#3551,(#3555,#3562),.PCURVE_S1.);
#3551 = LINE('',#3552,#3553);
#3552 = CARTESIAN_POINT('',(-361.,58.5,720.));
#3553 = VECTOR('',#3554,1.);
#3554 = DIRECTION('',(0.,0.,1.));
#3555 = PCURVE('',#2449,#3556);
#3556 = DEFINITIONAL_REPRESENTATION('',(#3557),#3561);
#3557 = LINE('',#3558,#3559);
#3558 = CARTESIAN_POINT('',(0.,62.));
#3559 = VECTOR('',#3560,1.);
#3560 = DIRECTION('',(1.,0.));
#3561 = ( GEOMETRIC_REPRESENTATION_CONTEXT(2) 
PARAMETRIC_REPRESENTATION_CONTEXT() REPRESENTATION_CONTEXT('2D SPACE',''
  ) );
#3562 = PCURVE('',#2525,#3563);
#3563 = DEFINITIONAL_REPRESENTATION('',(#3564),#3568);
#3564 = LINE('',#3565,#3566);
#3565 = CARTESIAN_POINT('',(0.,0.));
#3566 = VECTOR('',#3567,1.);
#3567 = DIRECTION('',(1.,0.));
#3568 = ( GEOMETRIC_REPRESENTATION_CONTEXT(2) 
PARAMETRIC_REPRESENTATION_CONTEXT() REPRESENTATION_CONTEXT('2D SPACE',''
  ) );
#3569 = ORIENTED_EDGE('',*,*,#3570,.F.);
#3570 = EDGE_CURVE('',#3571,#3548,#3573,.T.);
#3571 = VERTEX_POINT('',#3572);
#3572 = CARTESIAN_POINT('',(-423.,58.5,720.));
#3573 = SURFACE_CURVE('',#3574,(#3578,#3585),.PCURVE_S1.);
#3574 = LINE('',#3575,#3576);
#3575 = CARTESIAN_POINT('',(-423.,58.5,720.));
#3576 = VECTOR('',#3577,1.);
#3577 = DIRECTION('',(1.,0.,-0.));
#3578 = PCURVE('',#2449,#3579);
#3579 = DEFINITIONAL_REPRESENTATION('',(#3580),#3584);
#3580 = LINE('',#3581,#3582);
#3581 = CARTESIAN_POINT('',(0.,0.));
#3582 = VECTOR('',#3583,1.);
#3583 = DIRECTION('',(0.,1.));
#3584 = ( GEOMETRIC_REPRESENTATION_CONTEXT(2) 
PARAMETRIC_REPRESENTATION_CONTEXT() REPRESENTATION_CONTEXT('2D SPACE',''
  ) );
#3585 = PCURVE('',#3586,#3591);
#3586 = PLANE('',#3587);
#3587 = AXIS2_PLACEMENT_3D('',#3588,#3589,#3590);
#3588 = CARTESIAN_POINT('',(-423.,58.5,720.));
#3589 = DIRECTION('',(0.,0.,1.));
#3590 = DIRECTION('',(1.,0.,-0.));
#3591 = DEFINITIONAL_REPRESENTATION('',(#3592),#3596);
#3592 = LINE('',#3593,#3594);
#3593 = CARTESIAN_POINT('',(0.,0.));
#3594 = VECTOR('',#3595,1.);
#3595 = DIRECTION('',(1.,0.));
#3596 = ( GEOMETRIC_REPRESENTATION_CONTEXT(2) 
PARAMETRIC_REPRESENTATION_CONTEXT() REPRESENTATION_CONTEXT('2D SPACE',''
  ) );
#3597 = ORIENTED_EDGE('',*,*,#3598,.T.);
#3598 = EDGE_CURVE('',#3571,#2435,#3599,.T.);
#3599 = SURFACE_CURVE('',#3600,(#3604,#3611),.PCURVE_S1.);
#3600 = LINE('',#3601,#3602);
#3601 = CARTESIAN_POINT('',(-423.,58.5,720.));
#3602 = VECTOR('',#3603,1.);
#3603 = DIRECTION('',(0.,0.,1.));
#3604 = PCURVE('',#2449,#3605);
#3605 = DEFINITIONAL_REPRESENTATION('',(#3606),#3610);
#3606 = LINE('',#3607,#3608);
#3607 = CARTESIAN_POINT('',(0.,0.));
#3608 = VECTOR('',#3609,1.);
#3609 = DIRECTION('',(1.,0.));
#3610 = ( GEOMETRIC_REPRESENTATION_CONTEXT(2) 
PARAMETRIC_REPRESENTATION_CONTEXT() REPRESENTATION_CONTEXT('2D SPACE',''
  ) );
#3611 = PCURVE('',#2475,#3612);
#3612 = DEFINITIONAL_REPRESENTATION('',(#3613),#3617);
#3613 = LINE('',#3614,#3615);
#3614 = CARTESIAN_POINT('',(0.,0.));
#3615 = VECTOR('',#3616,1.);
#3616 = DIRECTION('',(1.,0.));
#3617 = ( GEOMETRIC_REPRESENTATION_CONTEXT(2) 
PARAMETRIC_REPRESENTATION_CONTEXT() REPRESENTATION_CONTEXT('2D SPACE',''
  ) );
#3618 = ORIENTED_EDGE('',*,*,#2432,.F.);
#3619 = ADVANCED_FACE('',(#3620),#2525,.F.);
#3620 = FACE_BOUND('',#3621,.F.);
#3621 = EDGE_LOOP('',(#3622,#3623,#3646,#3667));
#3622 = ORIENTED_EDGE('',*,*,#3547,.F.);
#3623 = ORIENTED_EDGE('',*,*,#3624,.T.);
#3624 = EDGE_CURVE('',#3548,#3625,#3627,.T.);
#3625 = VERTEX_POINT('',#3626);
#3626 = CARTESIAN_POINT('',(-361.,62.5,720.));
#3627 = SURFACE_CURVE('',#3628,(#3632,#3639),.PCURVE_S1.);
#3628 = LINE('',#3629,#3630);
#3629 = CARTESIAN_POINT('',(-361.,58.5,720.));
#3630 = VECTOR('',#3631,1.);
#3631 = DIRECTION('',(-0.,1.,0.));
#3632 = PCURVE('',#2525,#3633);
#3633 = DEFINITIONAL_REPRESENTATION('',(#3634),#3638);
#3634 = LINE('',#3635,#3636);
#3635 = CARTESIAN_POINT('',(0.,0.));
#3636 = VECTOR('',#3637,1.);
#3637 = DIRECTION('',(0.,-1.));
#3638 = ( GEOMETRIC_REPRESENTATION_CONTEXT(2) 
PARAMETRIC_REPRESENTATION_CONTEXT() REPRESENTATION_CONTEXT('2D SPACE',''
  ) );
#3639 = PCURVE('',#3586,#3640);
#3640 = DEFINITIONAL_REPRESENTATION('',(#3641),#3645);
#3641 = LINE('',#3642,#3643);
#3642 = CARTESIAN_POINT('',(62.,0.));
#3643 = VECTOR('',#3644,1.);
#3644 = DIRECTION('',(0.,1.));
#3645 = ( GEOMETRIC_REPRESENTATION_CONTEXT(2) 
PARAMETRIC_REPRESENTATION_CONTEXT() REPRESENTATION_CONTEXT('2D SPACE',''
  ) );
#3646 = ORIENTED_EDGE('',*,*,#3647,.T.);
#3647 = EDGE_CURVE('',#3625,#2487,#3648,.T.);
#3648 = SURFACE_CURVE('',#3649,(#3653,#3660),.PCURVE_S1.);
#3649 = LINE('',#3650,#3651);
#3650 = CARTESIAN_POINT('',(-361.,62.5,720.));
#3651 = VECTOR('',#3652,1.);
#3652 = DIRECTION('',(0.,0.,1.));
#3653 = PCURVE('',#2525,#3654);
#3654 = DEFINITIONAL_REPRESENTATION('',(#3655),#3659);
#3655 = LINE('',#3656,#3657);
#3656 = CARTESIAN_POINT('',(0.,-4.));
#3657 = VECTOR('',#3658,1.);
#3658 = DIRECTION('',(1.,0.));
#3659 = ( GEOMETRIC_REPRESENTATION_CONTEXT(2) 
PARAMETRIC_REPRESENTATION_CONTEXT() REPRESENTATION_CONTEXT('2D SPACE',''
  ) );
#3660 = PCURVE('',#2501,#3661);
#3661 = DEFINITIONAL_REPRESENTATION('',(#3662),#3666);
#3662 = LINE('',#3663,#3664);
#3663 = CARTESIAN_POINT('',(0.,62.));
#3664 = VECTOR('',#3665,1.);
#3665 = DIRECTION('',(1.,0.));
#3666 = ( GEOMETRIC_REPRESENTATION_CONTEXT(2) 
PARAMETRIC_REPRESENTATION_CONTEXT() REPRESENTATION_CONTEXT('2D SPACE',''
  ) );
#3667 = ORIENTED_EDGE('',*,*,#2512,.F.);
#3668 = ADVANCED_FACE('',(#3669),#2475,.T.);
#3669 = FACE_BOUND('',#3670,.T.);
#3670 = EDGE_LOOP('',(#3671,#3672,#3695,#3716));
#3671 = ORIENTED_EDGE('',*,*,#3598,.F.);
#3672 = ORIENTED_EDGE('',*,*,#3673,.T.);
#3673 = EDGE_CURVE('',#3571,#3674,#3676,.T.);
#3674 = VERTEX_POINT('',#3675);
#3675 = CARTESIAN_POINT('',(-423.,62.5,720.));
#3676 = SURFACE_CURVE('',#3677,(#3681,#3688),.PCURVE_S1.);
#3677 = LINE('',#3678,#3679);
#3678 = CARTESIAN_POINT('',(-423.,58.5,720.));
#3679 = VECTOR('',#3680,1.);
#3680 = DIRECTION('',(-0.,1.,0.));
#3681 = PCURVE('',#2475,#3682);
#3682 = DEFINITIONAL_REPRESENTATION('',(#3683),#3687);
#3683 = LINE('',#3684,#3685);
#3684 = CARTESIAN_POINT('',(0.,0.));
#3685 = VECTOR('',#3686,1.);
#3686 = DIRECTION('',(0.,-1.));
#3687 = ( GEOMETRIC_REPRESENTATION_CONTEXT(2) 
PARAMETRIC_REPRESENTATION_CONTEXT() REPRESENTATION_CONTEXT('2D SPACE',''
  ) );
#3688 = PCURVE('',#3586,#3689);
#3689 = DEFINITIONAL_REPRESENTATION('',(#3690),#3694);
#3690 = LINE('',#3691,#3692);
#3691 = CARTESIAN_POINT('',(0.,0.));
#3692 = VECTOR('',#3693,1.);
#3693 = DIRECTION('',(0.,1.));
#3694 = ( GEOMETRIC_REPRESENTATION_CONTEXT(2) 
PARAMETRIC_REPRESENTATION_CONTEXT() REPRESENTATION_CONTEXT('2D SPACE',''
  ) );
#3695 = ORIENTED_EDGE('',*,*,#3696,.T.);
#3696 = EDGE_CURVE('',#3674,#2461,#3697,.T.);
#3697 = SURFACE_CURVE('',#3698,(#3702,#3709),.PCURVE_S1.);
#3698 = LINE('',#3699,#3700);
#3699 = CARTESIAN_POINT('',(-423.,62.5,720.));
#3700 = VECTOR('',#3701,1.);
#3701 = DIRECTION('',(0.,0.,1.));
#3702 = PCURVE('',#2475,#3703);
#3703 = DEFINITIONAL_REPRESENTATION('',(#3704),#3708);
#3704 = LINE('',#3705,#3706);
#3705 = CARTESIAN_POINT('',(0.,-4.));
#3706 = VECTOR('',#3707,1.);
#3707 = DIRECTION('',(1.,0.));
#3708 = ( GEOMETRIC_REPRESENTATION_CONTEXT(2) 
PARAMETRIC_REPRESENTATION_CONTEXT() REPRESENTATION_CONTEXT('2D SPACE',''
  ) );
#3709 = PCURVE('',#2501,#3710);
#3710 = DEFINITIONAL_REPRESENTATION('',(#3711),#3715);
#3711 = LINE('',#3712,#3713);
#3712 = CARTESIAN_POINT('',(0.,0.));
#3713 = VECTOR('',#3714,1.);
#3714 = DIRECTION('',(1.,0.));
#3715 = ( GEOMETRIC_REPRESENTATION_CONTEXT(2) 
PARAMETRIC_REPRESENTATION_CONTEXT() REPRESENTATION_CONTEXT('2D SPACE',''
  ) );
#3716 = ORIENTED_EDGE('',*,*,#2460,.F.);
#3717 = ADVANCED_FACE('',(#3718),#2501,.F.);
#3718 = FACE_BOUND('',#3719,.F.);
#3719 = EDGE_LOOP('',(#3720,#3721,#3742,#3743));
#3720 = ORIENTED_EDGE('',*,*,#3647,.F.);
#3721 = ORIENTED_EDGE('',*,*,#3722,.F.);
#3722 = EDGE_CURVE('',#3674,#3625,#3723,.T.);
#3723 = SURFACE_CURVE('',#3724,(#3728,#3735),.PCURVE_S1.);
#3724 = LINE('',#3725,#3726);
#3725 = CARTESIAN_POINT('',(-423.,62.5,720.));
#3726 = VECTOR('',#3727,1.);
#3727 = DIRECTION('',(1.,0.,-0.));
#3728 = PCURVE('',#2501,#3729);
#3729 = DEFINITIONAL_REPRESENTATION('',(#3730),#3734);
#3730 = LINE('',#3731,#3732);
#3731 = CARTESIAN_POINT('',(0.,0.));
#3732 = VECTOR('',#3733,1.);
#3733 = DIRECTION('',(0.,1.));
#3734 = ( GEOMETRIC_REPRESENTATION_CONTEXT(2) 
PARAMETRIC_REPRESENTATION_CONTEXT() REPRESENTATION_CONTEXT('2D SPACE',''
  ) );
#3735 = PCURVE('',#3586,#3736);
#3736 = DEFINITIONAL_REPRESENTATION('',(#3737),#3741);
#3737 = LINE('',#3738,#3739);
#3738 = CARTESIAN_POINT('',(0.,4.));
#3739 = VECTOR('',#3740,1.);
#3740 = DIRECTION('',(1.,0.));
#3741 = ( GEOMETRIC_REPRESENTATION_CONTEXT(2) 
PARAMETRIC_REPRESENTATION_CONTEXT() REPRESENTATION_CONTEXT('2D SPACE',''
  ) );
#3742 = ORIENTED_EDGE('',*,*,#3696,.T.);
#3743 = ORIENTED_EDGE('',*,*,#2486,.F.);
#3744 = ADVANCED_FACE('',(#3745),#2555,.F.);
#3745 = FACE_BOUND('',#3746,.F.);
#3746 = EDGE_LOOP('',(#3747,#3748,#3769,#3770));
#3747 = ORIENTED_EDGE('',*,*,#2538,.F.);
#3748 = ORIENTED_EDGE('',*,*,#3749,.F.);
#3749 = EDGE_CURVE('',#2830,#2539,#3750,.T.);
#3750 = SEAM_CURVE('',#3751,(#3755,#3762),.PCURVE_S1.);
#3751 = LINE('',#3752,#3753);
#3752 = CARTESIAN_POINT('',(-329.25,60.,700.5));
#3753 = VECTOR('',#3754,1.);
#3754 = DIRECTION('',(0.,0.,1.));
#3755 = PCURVE('',#2555,#3756);
#3756 = DEFINITIONAL_REPRESENTATION('',(#3757),#3761);
#3757 = LINE('',#3758,#3759);
#3758 = CARTESIAN_POINT('',(6.28318530718,-0.));
#3759 = VECTOR('',#3760,1.);
#3760 = DIRECTION('',(0.,1.));
#3761 = ( GEOMETRIC_REPRESENTATION_CONTEXT(2) 
PARAMETRIC_REPRESENTATION_CONTEXT() REPRESENTATION_CONTEXT('2D SPACE',''
  ) );
#3762 = PCURVE('',#2555,#3763);
#3763 = DEFINITIONAL_REPRESENTATION('',(#3764),#3768);
#3764 = LINE('',#3765,#3766);
#3765 = CARTESIAN_POINT('',(0.,-0.));
#3766 = VECTOR('',#3767,1.);
#3767 = DIRECTION('',(0.,1.));
#3768 = ( GEOMETRIC_REPRESENTATION_CONTEXT(2) 
PARAMETRIC_REPRESENTATION_CONTEXT() REPRESENTATION_CONTEXT('2D SPACE',''
  ) );
#3769 = ORIENTED_EDGE('',*,*,#2829,.T.);
#3770 = ORIENTED_EDGE('',*,*,#3749,.T.);
#3771 = ADVANCED_FACE('',(#3772),#2740,.T.);
#3772 = FACE_BOUND('',#3773,.T.);
#3773 = EDGE_LOOP('',(#3774,#3797,#3798,#3821));
#3774 = ORIENTED_EDGE('',*,*,#3775,.F.);
#3775 = EDGE_CURVE('',#2724,#3776,#3778,.T.);
#3776 = VERTEX_POINT('',#3777);
#3777 = CARTESIAN_POINT('',(-356.,-17.,710.5));
#3778 = SURFACE_CURVE('',#3779,(#3783,#3790),.PCURVE_S1.);
#3779 = LINE('',#3780,#3781);
#3780 = CARTESIAN_POINT('',(-356.,-17.,700.5));
#3781 = VECTOR('',#3782,1.);
#3782 = DIRECTION('',(0.,0.,1.));
#3783 = PCURVE('',#2740,#3784);
#3784 = DEFINITIONAL_REPRESENTATION('',(#3785),#3789);
#3785 = LINE('',#3786,#3787);
#3786 = CARTESIAN_POINT('',(0.,72.));
#3787 = VECTOR('',#3788,1.);
#3788 = DIRECTION('',(1.,0.));
#3789 = ( GEOMETRIC_REPRESENTATION_CONTEXT(2) 
PARAMETRIC_REPRESENTATION_CONTEXT() REPRESENTATION_CONTEXT('2D SPACE',''
  ) );
#3790 = PCURVE('',#2816,#3791);
#3791 = DEFINITIONAL_REPRESENTATION('',(#3792),#3796);
#3792 = LINE('',#3793,#3794);
#3793 = CARTESIAN_POINT('',(0.,0.));
#3794 = VECTOR('',#3795,1.);
#3795 = DIRECTION('',(1.,0.));
#3796 = ( GEOMETRIC_REPRESENTATION_CONTEXT(2) 
PARAMETRIC_REPRESENTATION_CONTEXT() REPRESENTATION_CONTEXT('2D SPACE',''
  ) );
#3797 = ORIENTED_EDGE('',*,*,#2723,.T.);
#3798 = ORIENTED_EDGE('',*,*,#3799,.T.);
#3799 = EDGE_CURVE('',#2726,#3800,#3802,.T.);
#3800 = VERTEX_POINT('',#3801);
#3801 = CARTESIAN_POINT('',(-428.,-17.,710.5));
#3802 = SURFACE_CURVE('',#3803,(#3807,#3814),.PCURVE_S1.);
#3803 = LINE('',#3804,#3805);
#3804 = CARTESIAN_POINT('',(-428.,-17.,700.5));
#3805 = VECTOR('',#3806,1.);
#3806 = DIRECTION('',(0.,0.,1.));
#3807 = PCURVE('',#2740,#3808);
#3808 = DEFINITIONAL_REPRESENTATION('',(#3809),#3813);
#3809 = LINE('',#3810,#3811);
#3810 = CARTESIAN_POINT('',(0.,0.));
#3811 = VECTOR('',#3812,1.);
#3812 = DIRECTION('',(1.,0.));
#3813 = ( GEOMETRIC_REPRESENTATION_CONTEXT(2) 
PARAMETRIC_REPRESENTATION_CONTEXT() REPRESENTATION_CONTEXT('2D SPACE',''
  ) );
#3814 = PCURVE('',#2766,#3815);
#3815 = DEFINITIONAL_REPRESENTATION('',(#3816),#3820);
#3816 = LINE('',#3817,#3818);
#3817 = CARTESIAN_POINT('',(0.,0.));
#3818 = VECTOR('',#3819,1.);
#3819 = DIRECTION('',(1.,0.));
#3820 = ( GEOMETRIC_REPRESENTATION_CONTEXT(2) 
PARAMETRIC_REPRESENTATION_CONTEXT() REPRESENTATION_CONTEXT('2D SPACE',''
  ) );
#3821 = ORIENTED_EDGE('',*,*,#3822,.T.);
#3822 = EDGE_CURVE('',#3800,#3776,#3823,.T.);
#3823 = SURFACE_CURVE('',#3824,(#3828,#3835),.PCURVE_S1.);
#3824 = LINE('',#3825,#3826);
#3825 = CARTESIAN_POINT('',(-428.,-17.,710.5));
#3826 = VECTOR('',#3827,1.);
#3827 = DIRECTION('',(1.,0.,-0.));
#3828 = PCURVE('',#2740,#3829);
#3829 = DEFINITIONAL_REPRESENTATION('',(#3830),#3834);
#3830 = LINE('',#3831,#3832);
#3831 = CARTESIAN_POINT('',(10.,0.));
#3832 = VECTOR('',#3833,1.);
#3833 = DIRECTION('',(0.,1.));
#3834 = ( GEOMETRIC_REPRESENTATION_CONTEXT(2) 
PARAMETRIC_REPRESENTATION_CONTEXT() REPRESENTATION_CONTEXT('2D SPACE',''
  ) );
#3835 = PCURVE('',#3184,#3836);
#3836 = DEFINITIONAL_REPRESENTATION('',(#3837),#3841);
#3837 = LINE('',#3838,#3839);
#3838 = CARTESIAN_POINT('',(0.,0.));
#3839 = VECTOR('',#3840,1.);
#3840 = DIRECTION('',(1.,0.));
#3841 = ( GEOMETRIC_REPRESENTATION_CONTEXT(2) 
PARAMETRIC_REPRESENTATION_CONTEXT() REPRESENTATION_CONTEXT('2D SPACE',''
  ) );
#3842 = ADVANCED_FACE('',(#3843),#2816,.F.);
#3843 = FACE_BOUND('',#3844,.F.);
#3844 = EDGE_LOOP('',(#3845,#3846,#3847,#3870));
#3845 = ORIENTED_EDGE('',*,*,#3775,.F.);
#3846 = ORIENTED_EDGE('',*,*,#2803,.T.);
#3847 = ORIENTED_EDGE('',*,*,#3848,.T.);
#3848 = EDGE_CURVE('',#2778,#3849,#3851,.T.);
#3849 = VERTEX_POINT('',#3850);
#3850 = CARTESIAN_POINT('',(-356.,33.,710.5));
#3851 = SURFACE_CURVE('',#3852,(#3856,#3863),.PCURVE_S1.);
#3852 = LINE('',#3853,#3854);
#3853 = CARTESIAN_POINT('',(-356.,33.,700.5));
#3854 = VECTOR('',#3855,1.);
#3855 = DIRECTION('',(0.,0.,1.));
#3856 = PCURVE('',#2816,#3857);
#3857 = DEFINITIONAL_REPRESENTATION('',(#3858),#3862);
#3858 = LINE('',#3859,#3860);
#3859 = CARTESIAN_POINT('',(0.,-50.));
#3860 = VECTOR('',#3861,1.);
#3861 = DIRECTION('',(1.,0.));
#3862 = ( GEOMETRIC_REPRESENTATION_CONTEXT(2) 
PARAMETRIC_REPRESENTATION_CONTEXT() REPRESENTATION_CONTEXT('2D SPACE',''
  ) );
#3863 = PCURVE('',#2792,#3864);
#3864 = DEFINITIONAL_REPRESENTATION('',(#3865),#3869);
#3865 = LINE('',#3866,#3867);
#3866 = CARTESIAN_POINT('',(0.,72.));
#3867 = VECTOR('',#3868,1.);
#3868 = DIRECTION('',(1.,0.));
#3869 = ( GEOMETRIC_REPRESENTATION_CONTEXT(2) 
PARAMETRIC_REPRESENTATION_CONTEXT() REPRESENTATION_CONTEXT('2D SPACE',''
  ) );
#3870 = ORIENTED_EDGE('',*,*,#3871,.F.);
#3871 = EDGE_CURVE('',#3776,#3849,#3872,.T.);
#3872 = SURFACE_CURVE('',#3873,(#3877,#3884),.PCURVE_S1.);
#3873 = LINE('',#3874,#3875);
#3874 = CARTESIAN_POINT('',(-356.,-17.,710.5));
#3875 = VECTOR('',#3876,1.);
#3876 = DIRECTION('',(-0.,1.,0.));
#3877 = PCURVE('',#2816,#3878);
#3878 = DEFINITIONAL_REPRESENTATION('',(#3879),#3883);
#3879 = LINE('',#3880,#3881);
#3880 = CARTESIAN_POINT('',(10.,0.));
#3881 = VECTOR('',#3882,1.);
#3882 = DIRECTION('',(0.,-1.));
#3883 = ( GEOMETRIC_REPRESENTATION_CONTEXT(2) 
PARAMETRIC_REPRESENTATION_CONTEXT() REPRESENTATION_CONTEXT('2D SPACE',''
  ) );
#3884 = PCURVE('',#3184,#3885);
#3885 = DEFINITIONAL_REPRESENTATION('',(#3886),#3890);
#3886 = LINE('',#3887,#3888);
#3887 = CARTESIAN_POINT('',(72.,0.));
#3888 = VECTOR('',#3889,1.);
#3889 = DIRECTION('',(0.,1.));
#3890 = ( GEOMETRIC_REPRESENTATION_CONTEXT(2) 
PARAMETRIC_REPRESENTATION_CONTEXT() REPRESENTATION_CONTEXT('2D SPACE',''
  ) );
#3891 = ADVANCED_FACE('',(#3892),#2766,.T.);
#3892 = FACE_BOUND('',#3893,.T.);
#3893 = EDGE_LOOP('',(#3894,#3895,#3896,#3919));
#3894 = ORIENTED_EDGE('',*,*,#3799,.F.);
#3895 = ORIENTED_EDGE('',*,*,#2751,.T.);
#3896 = ORIENTED_EDGE('',*,*,#3897,.T.);
#3897 = EDGE_CURVE('',#2752,#3898,#3900,.T.);
#3898 = VERTEX_POINT('',#3899);
#3899 = CARTESIAN_POINT('',(-428.,33.,710.5));
#3900 = SURFACE_CURVE('',#3901,(#3905,#3912),.PCURVE_S1.);
#3901 = LINE('',#3902,#3903);
#3902 = CARTESIAN_POINT('',(-428.,33.,700.5));
#3903 = VECTOR('',#3904,1.);
#3904 = DIRECTION('',(0.,0.,1.));
#3905 = PCURVE('',#2766,#3906);
#3906 = DEFINITIONAL_REPRESENTATION('',(#3907),#3911);
#3907 = LINE('',#3908,#3909);
#3908 = CARTESIAN_POINT('',(0.,-50.));
#3909 = VECTOR('',#3910,1.);
#3910 = DIRECTION('',(1.,0.));
#3911 = ( GEOMETRIC_REPRESENTATION_CONTEXT(2) 
PARAMETRIC_REPRESENTATION_CONTEXT() REPRESENTATION_CONTEXT('2D SPACE',''
  ) );
#3912 = PCURVE('',#2792,#3913);
#3913 = DEFINITIONAL_REPRESENTATION('',(#3914),#3918);
#3914 = LINE('',#3915,#3916);
#3915 = CARTESIAN_POINT('',(0.,0.));
#3916 = VECTOR('',#3917,1.);
#3917 = DIRECTION('',(1.,0.));
#3918 = ( GEOMETRIC_REPRESENTATION_CONTEXT(2) 
PARAMETRIC_REPRESENTATION_CONTEXT() REPRESENTATION_CONTEXT('2D SPACE',''
  ) );
#3919 = ORIENTED_EDGE('',*,*,#3920,.F.);
#3920 = EDGE_CURVE('',#3800,#3898,#3921,.T.);
#3921 = SURFACE_CURVE('',#3922,(#3926,#3933),.PCURVE_S1.);
#3922 = LINE('',#3923,#3924);
#3923 = CARTESIAN_POINT('',(-428.,-17.,710.5));
#3924 = VECTOR('',#3925,1.);
#3925 = DIRECTION('',(-0.,1.,0.));
#3926 = PCURVE('',#2766,#3927);
#3927 = DEFINITIONAL_REPRESENTATION('',(#3928),#3932);
#3928 = LINE('',#3929,#3930);
#3929 = CARTESIAN_POINT('',(10.,0.));
#3930 = VECTOR('',#3931,1.);
#3931 = DIRECTION('',(0.,-1.));
#3932 = ( GEOMETRIC_REPRESENTATION_CONTEXT(2) 
PARAMETRIC_REPRESENTATION_CONTEXT() REPRESENTATION_CONTEXT('2D SPACE',''
  ) );
#3933 = PCURVE('',#3184,#3934);
#3934 = DEFINITIONAL_REPRESENTATION('',(#3935),#3939);
#3935 = LINE('',#3936,#3937);
#3936 = CARTESIAN_POINT('',(0.,0.));
#3937 = VECTOR('',#3938,1.);
#3938 = DIRECTION('',(0.,1.));
#3939 = ( GEOMETRIC_REPRESENTATION_CONTEXT(2) 
PARAMETRIC_REPRESENTATION_CONTEXT() REPRESENTATION_CONTEXT('2D SPACE',''
  ) );
#3940 = ADVANCED_FACE('',(#3941),#2792,.F.);
#3941 = FACE_BOUND('',#3942,.F.);
#3942 = EDGE_LOOP('',(#3943,#3944,#3945,#3946));
#3943 = ORIENTED_EDGE('',*,*,#3848,.F.);
#3944 = ORIENTED_EDGE('',*,*,#2777,.T.);
#3945 = ORIENTED_EDGE('',*,*,#3897,.T.);
#3946 = ORIENTED_EDGE('',*,*,#3947,.T.);
#3947 = EDGE_CURVE('',#3898,#3849,#3948,.T.);
#3948 = SURFACE_CURVE('',#3949,(#3953,#3960),.PCURVE_S1.);
#3949 = LINE('',#3950,#3951);
#3950 = CARTESIAN_POINT('',(-428.,33.,710.5));
#3951 = VECTOR('',#3952,1.);
#3952 = DIRECTION('',(1.,0.,-0.));
#3953 = PCURVE('',#2792,#3954);
#3954 = DEFINITIONAL_REPRESENTATION('',(#3955),#3959);
#3955 = LINE('',#3956,#3957);
#3956 = CARTESIAN_POINT('',(10.,0.));
#3957 = VECTOR('',#3958,1.);
#3958 = DIRECTION('',(0.,1.));
#3959 = ( GEOMETRIC_REPRESENTATION_CONTEXT(2) 
PARAMETRIC_REPRESENTATION_CONTEXT() REPRESENTATION_CONTEXT('2D SPACE',''
  ) );
#3960 = PCURVE('',#3184,#3961);
#3961 = DEFINITIONAL_REPRESENTATION('',(#3962),#3966);
#3962 = LINE('',#3963,#3964);
#3963 = CARTESIAN_POINT('',(0.,50.));
#3964 = VECTOR('',#3965,1.);
#3965 = DIRECTION('',(1.,0.));
#3966 = ( GEOMETRIC_REPRESENTATION_CONTEXT(2) 
PARAMETRIC_REPRESENTATION_CONTEXT() REPRESENTATION_CONTEXT('2D SPACE',''
  ) );
#3967 = ADVANCED_FACE('',(#3968),#2978,.T.);
#3968 = FACE_BOUND('',#3969,.T.);
#3969 = EDGE_LOOP('',(#3970,#3971,#3972,#3973));
#3970 = ORIENTED_EDGE('',*,*,#2964,.F.);
#3971 = ORIENTED_EDGE('',*,*,#3044,.T.);
#3972 = ORIENTED_EDGE('',*,*,#3094,.T.);
#3973 = ORIENTED_EDGE('',*,*,#2995,.F.);
#3974 = ADVANCED_FACE('',(#3975,#3981),#3184,.F.);
#3975 = FACE_BOUND('',#3976,.F.);
#3976 = EDGE_LOOP('',(#3977,#3978,#3979,#3980));
#3977 = ORIENTED_EDGE('',*,*,#3920,.F.);
#3978 = ORIENTED_EDGE('',*,*,#3822,.T.);
#3979 = ORIENTED_EDGE('',*,*,#3871,.T.);
#3980 = ORIENTED_EDGE('',*,*,#3947,.F.);
#3981 = FACE_BOUND('',#3982,.F.);
#3982 = EDGE_LOOP('',(#3983,#3984,#3985,#3986));
#3983 = ORIENTED_EDGE('',*,*,#3222,.F.);
#3984 = ORIENTED_EDGE('',*,*,#3168,.F.);
#3985 = ORIENTED_EDGE('',*,*,#3271,.T.);
#3986 = ORIENTED_EDGE('',*,*,#3320,.T.);
#3987 = ADVANCED_FACE('',(#3988),#3407,.T.);
#3988 = FACE_BOUND('',#3989,.T.);
#3989 = EDGE_LOOP('',(#3990,#3991,#3992,#3993));
#3990 = ORIENTED_EDGE('',*,*,#3393,.F.);
#3991 = ORIENTED_EDGE('',*,*,#3424,.T.);
#3992 = ORIENTED_EDGE('',*,*,#3496,.T.);
#3993 = ORIENTED_EDGE('',*,*,#3522,.F.);
#3994 = ADVANCED_FACE('',(#3995),#3586,.T.);
#3995 = FACE_BOUND('',#3996,.T.);
#3996 = EDGE_LOOP('',(#3997,#3998,#3999,#4000));
#3997 = ORIENTED_EDGE('',*,*,#3673,.F.);
#3998 = ORIENTED_EDGE('',*,*,#3570,.T.);
#3999 = ORIENTED_EDGE('',*,*,#3624,.T.);
#4000 = ORIENTED_EDGE('',*,*,#3722,.F.);
#4001 = MANIFOLD_SOLID_BREP('',#4002);
#4002 = CLOSED_SHELL('',(#4003,#4123,#4223,#4270,#4317,#4324));
#4003 = ADVANCED_FACE('',(#4004),#4018,.F.);
#4004 = FACE_BOUND('',#4005,.F.);
#4005 = EDGE_LOOP('',(#4006,#4041,#4069,#4097));
#4006 = ORIENTED_EDGE('',*,*,#4007,.F.);
#4007 = EDGE_CURVE('',#4008,#4010,#4012,.T.);
#4008 = VERTEX_POINT('',#4009);
#4009 = CARTESIAN_POINT('',(-428.,-17.,701.5));
#4010 = VERTEX_POINT('',#4011);
#4011 = CARTESIAN_POINT('',(-428.,-17.,710.5));
#4012 = SURFACE_CURVE('',#4013,(#4017,#4029),.PCURVE_S1.);
#4013 = LINE('',#4014,#4015);
#4014 = CARTESIAN_POINT('',(-428.,-17.,701.5));
#4015 = VECTOR('',#4016,1.);
#4016 = DIRECTION('',(0.,0.,1.));
#4017 = PCURVE('',#4018,#4023);
#4018 = PLANE('',#4019);
#4019 = AXIS2_PLACEMENT_3D('',#4020,#4021,#4022);
#4020 = CARTESIAN_POINT('',(-428.,-17.,701.5));
#4021 = DIRECTION('',(1.,0.,-0.));
#4022 = DIRECTION('',(0.,0.,1.));
#4023 = DEFINITIONAL_REPRESENTATION('',(#4024),#4028);
#4024 = LINE('',#4025,#4026);
#4025 = CARTESIAN_POINT('',(0.,0.));
#4026 = VECTOR('',#4027,1.);
#4027 = DIRECTION('',(1.,0.));
#4028 = ( GEOMETRIC_REPRESENTATION_CONTEXT(2) 
PARAMETRIC_REPRESENTATION_CONTEXT() REPRESENTATION_CONTEXT('2D SPACE',''
  ) );
#4029 = PCURVE('',#4030,#4035);
#4030 = PLANE('',#4031);
#4031 = AXIS2_PLACEMENT_3D('',#4032,#4033,#4034);
#4032 = CARTESIAN_POINT('',(-428.,-17.,701.5));
#4033 = DIRECTION('',(-0.,1.,0.));
#4034 = DIRECTION('',(0.,0.,1.));
#4035 = DEFINITIONAL_REPRESENTATION('',(#4036),#4040);
#4036 = LINE('',#4037,#4038);
#4037 = CARTESIAN_POINT('',(0.,0.));
#4038 = VECTOR('',#4039,1.);
#4039 = DIRECTION('',(1.,0.));
#4040 = ( GEOMETRIC_REPRESENTATION_CONTEXT(2) 
PARAMETRIC_REPRESENTATION_CONTEXT() REPRESENTATION_CONTEXT('2D SPACE',''
  ) );
#4041 = ORIENTED_EDGE('',*,*,#4042,.T.);
#4042 = EDGE_CURVE('',#4008,#4043,#4045,.T.);
#4043 = VERTEX_POINT('',#4044);
#4044 = CARTESIAN_POINT('',(-428.,33.,701.5));
#4045 = SURFACE_CURVE('',#4046,(#4050,#4057),.PCURVE_S1.);
#4046 = LINE('',#4047,#4048);
#4047 = CARTESIAN_POINT('',(-428.,-17.,701.5));
#4048 = VECTOR('',#4049,1.);
#4049 = DIRECTION('',(-0.,1.,0.));
#4050 = PCURVE('',#4018,#4051);
#4051 = DEFINITIONAL_REPRESENTATION('',(#4052),#4056);
#4052 = LINE('',#4053,#4054);
#4053 = CARTESIAN_POINT('',(0.,0.));
#4054 = VECTOR('',#4055,1.);
#4055 = DIRECTION('',(0.,-1.));
#4056 = ( GEOMETRIC_REPRESENTATION_CONTEXT(2) 
PARAMETRIC_REPRESENTATION_CONTEXT() REPRESENTATION_CONTEXT('2D SPACE',''
  ) );
#4057 = PCURVE('',#4058,#4063);
#4058 = PLANE('',#4059);
#4059 = AXIS2_PLACEMENT_3D('',#4060,#4061,#4062);
#4060 = CARTESIAN_POINT('',(-428.,-17.,701.5));
#4061 = DIRECTION('',(0.,0.,1.));
#4062 = DIRECTION('',(1.,0.,-0.));
#4063 = DEFINITIONAL_REPRESENTATION('',(#4064),#4068);
#4064 = LINE('',#4065,#4066);
#4065 = CARTESIAN_POINT('',(0.,0.));
#4066 = VECTOR('',#4067,1.);
#4067 = DIRECTION('',(0.,1.));
#4068 = ( GEOMETRIC_REPRESENTATION_CONTEXT(2) 
PARAMETRIC_REPRESENTATION_CONTEXT() REPRESENTATION_CONTEXT('2D SPACE',''
  ) );
#4069 = ORIENTED_EDGE('',*,*,#4070,.T.);
#4070 = EDGE_CURVE('',#4043,#4071,#4073,.T.);
#4071 = VERTEX_POINT('',#4072);
#4072 = CARTESIAN_POINT('',(-428.,33.,710.5));
#4073 = SURFACE_CURVE('',#4074,(#4078,#4085),.PCURVE_S1.);
#4074 = LINE('',#4075,#4076);
#4075 = CARTESIAN_POINT('',(-428.,33.,701.5));
#4076 = VECTOR('',#4077,1.);
#4077 = DIRECTION('',(0.,0.,1.));
#4078 = PCURVE('',#4018,#4079);
#4079 = DEFINITIONAL_REPRESENTATION('',(#4080),#4084);
#4080 = LINE('',#4081,#4082);
#4081 = CARTESIAN_POINT('',(0.,-50.));
#4082 = VECTOR('',#4083,1.);
#4083 = DIRECTION('',(1.,0.));
#4084 = ( GEOMETRIC_REPRESENTATION_CONTEXT(2) 
PARAMETRIC_REPRESENTATION_CONTEXT() REPRESENTATION_CONTEXT('2D SPACE',''
  ) );
#4085 = PCURVE('',#4086,#4091);
#4086 = PLANE('',#4087);
#4087 = AXIS2_PLACEMENT_3D('',#4088,#4089,#4090);
#4088 = CARTESIAN_POINT('',(-428.,33.,701.5));
#4089 = DIRECTION('',(-0.,1.,0.));
#4090 = DIRECTION('',(0.,0.,1.));
#4091 = DEFINITIONAL_REPRESENTATION('',(#4092),#4096);
#4092 = LINE('',#4093,#4094);
#4093 = CARTESIAN_POINT('',(0.,0.));
#4094 = VECTOR('',#4095,1.);
#4095 = DIRECTION('',(1.,0.));
#4096 = ( GEOMETRIC_REPRESENTATION_CONTEXT(2) 
PARAMETRIC_REPRESENTATION_CONTEXT() REPRESENTATION_CONTEXT('2D SPACE',''
  ) );
#4097 = ORIENTED_EDGE('',*,*,#4098,.F.);
#4098 = EDGE_CURVE('',#4010,#4071,#4099,.T.);
#4099 = SURFACE_CURVE('',#4100,(#4104,#4111),.PCURVE_S1.);
#4100 = LINE('',#4101,#4102);
#4101 = CARTESIAN_POINT('',(-428.,-17.,710.5));
#4102 = VECTOR('',#4103,1.);
#4103 = DIRECTION('',(-0.,1.,0.));
#4104 = PCURVE('',#4018,#4105);
#4105 = DEFINITIONAL_REPRESENTATION('',(#4106),#4110);
#4106 = LINE('',#4107,#4108);
#4107 = CARTESIAN_POINT('',(9.,0.));
#4108 = VECTOR('',#4109,1.);
#4109 = DIRECTION('',(0.,-1.));
#4110 = ( GEOMETRIC_REPRESENTATION_CONTEXT(2) 
PARAMETRIC_REPRESENTATION_CONTEXT() REPRESENTATION_CONTEXT('2D SPACE',''
  ) );
#4111 = PCURVE('',#4112,#4117);
#4112 = PLANE('',#4113);
#4113 = AXIS2_PLACEMENT_3D('',#4114,#4115,#4116);
#4114 = CARTESIAN_POINT('',(-428.,-17.,710.5));
#4115 = DIRECTION('',(0.,0.,1.));
#4116 = DIRECTION('',(1.,0.,-0.));
#4117 = DEFINITIONAL_REPRESENTATION('',(#4118),#4122);
#4118 = LINE('',#4119,#4120);
#4119 = CARTESIAN_POINT('',(0.,0.));
#4120 = VECTOR('',#4121,1.);
#4121 = DIRECTION('',(0.,1.));
#4122 = ( GEOMETRIC_REPRESENTATION_CONTEXT(2) 
PARAMETRIC_REPRESENTATION_CONTEXT() REPRESENTATION_CONTEXT('2D SPACE',''
  ) );
#4123 = ADVANCED_FACE('',(#4124),#4138,.T.);
#4124 = FACE_BOUND('',#4125,.T.);
#4125 = EDGE_LOOP('',(#4126,#4156,#4179,#4202));
#4126 = ORIENTED_EDGE('',*,*,#4127,.F.);
#4127 = EDGE_CURVE('',#4128,#4130,#4132,.T.);
#4128 = VERTEX_POINT('',#4129);
#4129 = CARTESIAN_POINT('',(-356.,-17.,701.5));
#4130 = VERTEX_POINT('',#4131);
#4131 = CARTESIAN_POINT('',(-356.,-17.,710.5));
#4132 = SURFACE_CURVE('',#4133,(#4137,#4149),.PCURVE_S1.);
#4133 = LINE('',#4134,#4135);
#4134 = CARTESIAN_POINT('',(-356.,-17.,701.5));
#4135 = VECTOR('',#4136,1.);
#4136 = DIRECTION('',(0.,0.,1.));
#4137 = PCURVE('',#4138,#4143);
#4138 = PLANE('',#4139);
#4139 = AXIS2_PLACEMENT_3D('',#4140,#4141,#4142);
#4140 = CARTESIAN_POINT('',(-356.,-17.,701.5));
#4141 = DIRECTION('',(1.,0.,-0.));
#4142 = DIRECTION('',(0.,0.,1.));
#4143 = DEFINITIONAL_REPRESENTATION('',(#4144),#4148);
#4144 = LINE('',#4145,#4146);
#4145 = CARTESIAN_POINT('',(0.,0.));
#4146 = VECTOR('',#4147,1.);
#4147 = DIRECTION('',(1.,0.));
#4148 = ( GEOMETRIC_REPRESENTATION_CONTEXT(2) 
PARAMETRIC_REPRESENTATION_CONTEXT() REPRESENTATION_CONTEXT('2D SPACE',''
  ) );
#4149 = PCURVE('',#4030,#4150);
#4150 = DEFINITIONAL_REPRESENTATION('',(#4151),#4155);
#4151 = LINE('',#4152,#4153);
#4152 = CARTESIAN_POINT('',(0.,72.));
#4153 = VECTOR('',#4154,1.);
#4154 = DIRECTION('',(1.,0.));
#4155 = ( GEOMETRIC_REPRESENTATION_CONTEXT(2) 
PARAMETRIC_REPRESENTATION_CONTEXT() REPRESENTATION_CONTEXT('2D SPACE',''
  ) );
#4156 = ORIENTED_EDGE('',*,*,#4157,.T.);
#4157 = EDGE_CURVE('',#4128,#4158,#4160,.T.);
#4158 = VERTEX_POINT('',#4159);
#4159 = CARTESIAN_POINT('',(-356.,33.,701.5));
#4160 = SURFACE_CURVE('',#4161,(#4165,#4172),.PCURVE_S1.);
#4161 = LINE('',#4162,#4163);
#4162 = CARTESIAN_POINT('',(-356.,-17.,701.5));
#4163 = VECTOR('',#4164,1.);
#4164 = DIRECTION('',(-0.,1.,0.));
#4165 = PCURVE('',#4138,#4166);
#4166 = DEFINITIONAL_REPRESENTATION('',(#4167),#4171);
#4167 = LINE('',#4168,#4169);
#4168 = CARTESIAN_POINT('',(0.,0.));
#4169 = VECTOR('',#4170,1.);
#4170 = DIRECTION('',(0.,-1.));
#4171 = ( GEOMETRIC_REPRESENTATION_CONTEXT(2) 
PARAMETRIC_REPRESENTATION_CONTEXT() REPRESENTATION_CONTEXT('2D SPACE',''
  ) );
#4172 = PCURVE('',#4058,#4173);
#4173 = DEFINITIONAL_REPRESENTATION('',(#4174),#4178);
#4174 = LINE('',#4175,#4176);
#4175 = CARTESIAN_POINT('',(72.,0.));
#4176 = VECTOR('',#4177,1.);
#4177 = DIRECTION('',(0.,1.));
#4178 = ( GEOMETRIC_REPRESENTATION_CONTEXT(2) 
PARAMETRIC_REPRESENTATION_CONTEXT() REPRESENTATION_CONTEXT('2D SPACE',''
  ) );
#4179 = ORIENTED_EDGE('',*,*,#4180,.T.);
#4180 = EDGE_CURVE('',#4158,#4181,#4183,.T.);
#4181 = VERTEX_POINT('',#4182);
#4182 = CARTESIAN_POINT('',(-356.,33.,710.5));
#4183 = SURFACE_CURVE('',#4184,(#4188,#4195),.PCURVE_S1.);
#4184 = LINE('',#4185,#4186);
#4185 = CARTESIAN_POINT('',(-356.,33.,701.5));
#4186 = VECTOR('',#4187,1.);
#4187 = DIRECTION('',(0.,0.,1.));
#4188 = PCURVE('',#4138,#4189);
#4189 = DEFINITIONAL_REPRESENTATION('',(#4190),#4194);
#4190 = LINE('',#4191,#4192);
#4191 = CARTESIAN_POINT('',(0.,-50.));
#4192 = VECTOR('',#4193,1.);
#4193 = DIRECTION('',(1.,0.));
#4194 = ( GEOMETRIC_REPRESENTATION_CONTEXT(2) 
PARAMETRIC_REPRESENTATION_CONTEXT() REPRESENTATION_CONTEXT('2D SPACE',''
  ) );
#4195 = PCURVE('',#4086,#4196);
#4196 = DEFINITIONAL_REPRESENTATION('',(#4197),#4201);
#4197 = LINE('',#4198,#4199);
#4198 = CARTESIAN_POINT('',(0.,72.));
#4199 = VECTOR('',#4200,1.);
#4200 = DIRECTION('',(1.,0.));
#4201 = ( GEOMETRIC_REPRESENTATION_CONTEXT(2) 
PARAMETRIC_REPRESENTATION_CONTEXT() REPRESENTATION_CONTEXT('2D SPACE',''
  ) );
#4202 = ORIENTED_EDGE('',*,*,#4203,.F.);
#4203 = EDGE_CURVE('',#4130,#4181,#4204,.T.);
#4204 = SURFACE_CURVE('',#4205,(#4209,#4216),.PCURVE_S1.);
#4205 = LINE('',#4206,#4207);
#4206 = CARTESIAN_POINT('',(-356.,-17.,710.5));
#4207 = VECTOR('',#4208,1.);
#4208 = DIRECTION('',(-0.,1.,0.));
#4209 = PCURVE('',#4138,#4210);
#4210 = DEFINITIONAL_REPRESENTATION('',(#4211),#4215);
#4211 = LINE('',#4212,#4213);
#4212 = CARTESIAN_POINT('',(9.,0.));
#4213 = VECTOR('',#4214,1.);
#4214 = DIRECTION('',(0.,-1.));
#4215 = ( GEOMETRIC_REPRESENTATION_CONTEXT(2) 
PARAMETRIC_REPRESENTATION_CONTEXT() REPRESENTATION_CONTEXT('2D SPACE',''
  ) );
#4216 = PCURVE('',#4112,#4217);
#4217 = DEFINITIONAL_REPRESENTATION('',(#4218),#4222);
#4218 = LINE('',#4219,#4220);
#4219 = CARTESIAN_POINT('',(72.,0.));
#4220 = VECTOR('',#4221,1.);
#4221 = DIRECTION('',(0.,1.));
#4222 = ( GEOMETRIC_REPRESENTATION_CONTEXT(2) 
PARAMETRIC_REPRESENTATION_CONTEXT() REPRESENTATION_CONTEXT('2D SPACE',''
  ) );
#4223 = ADVANCED_FACE('',(#4224),#4030,.F.);
#4224 = FACE_BOUND('',#4225,.F.);
#4225 = EDGE_LOOP('',(#4226,#4247,#4248,#4269));
#4226 = ORIENTED_EDGE('',*,*,#4227,.F.);
#4227 = EDGE_CURVE('',#4008,#4128,#4228,.T.);
#4228 = SURFACE_CURVE('',#4229,(#4233,#4240),.PCURVE_S1.);
#4229 = LINE('',#4230,#4231);
#4230 = CARTESIAN_POINT('',(-428.,-17.,701.5));
#4231 = VECTOR('',#4232,1.);
#4232 = DIRECTION('',(1.,0.,-0.));
#4233 = PCURVE('',#4030,#4234);
#4234 = DEFINITIONAL_REPRESENTATION('',(#4235),#4239);
#4235 = LINE('',#4236,#4237);
#4236 = CARTESIAN_POINT('',(0.,0.));
#4237 = VECTOR('',#4238,1.);
#4238 = DIRECTION('',(0.,1.));
#4239 = ( GEOMETRIC_REPRESENTATION_CONTEXT(2) 
PARAMETRIC_REPRESENTATION_CONTEXT() REPRESENTATION_CONTEXT('2D SPACE',''
  ) );
#4240 = PCURVE('',#4058,#4241);
#4241 = DEFINITIONAL_REPRESENTATION('',(#4242),#4246);
#4242 = LINE('',#4243,#4244);
#4243 = CARTESIAN_POINT('',(0.,0.));
#4244 = VECTOR('',#4245,1.);
#4245 = DIRECTION('',(1.,0.));
#4246 = ( GEOMETRIC_REPRESENTATION_CONTEXT(2) 
PARAMETRIC_REPRESENTATION_CONTEXT() REPRESENTATION_CONTEXT('2D SPACE',''
  ) );
#4247 = ORIENTED_EDGE('',*,*,#4007,.T.);
#4248 = ORIENTED_EDGE('',*,*,#4249,.T.);
#4249 = EDGE_CURVE('',#4010,#4130,#4250,.T.);
#4250 = SURFACE_CURVE('',#4251,(#4255,#4262),.PCURVE_S1.);
#4251 = LINE('',#4252,#4253);
#4252 = CARTESIAN_POINT('',(-428.,-17.,710.5));
#4253 = VECTOR('',#4254,1.);
#4254 = DIRECTION('',(1.,0.,-0.));
#4255 = PCURVE('',#4030,#4256);
#4256 = DEFINITIONAL_REPRESENTATION('',(#4257),#4261);
#4257 = LINE('',#4258,#4259);
#4258 = CARTESIAN_POINT('',(9.,0.));
#4259 = VECTOR('',#4260,1.);
#4260 = DIRECTION('',(0.,1.));
#4261 = ( GEOMETRIC_REPRESENTATION_CONTEXT(2) 
PARAMETRIC_REPRESENTATION_CONTEXT() REPRESENTATION_CONTEXT('2D SPACE',''
  ) );
#4262 = PCURVE('',#4112,#4263);
#4263 = DEFINITIONAL_REPRESENTATION('',(#4264),#4268);
#4264 = LINE('',#4265,#4266);
#4265 = CARTESIAN_POINT('',(0.,0.));
#4266 = VECTOR('',#4267,1.);
#4267 = DIRECTION('',(1.,0.));
#4268 = ( GEOMETRIC_REPRESENTATION_CONTEXT(2) 
PARAMETRIC_REPRESENTATION_CONTEXT() REPRESENTATION_CONTEXT('2D SPACE',''
  ) );
#4269 = ORIENTED_EDGE('',*,*,#4127,.F.);
#4270 = ADVANCED_FACE('',(#4271),#4086,.T.);
#4271 = FACE_BOUND('',#4272,.T.);
#4272 = EDGE_LOOP('',(#4273,#4294,#4295,#4316));
#4273 = ORIENTED_EDGE('',*,*,#4274,.F.);
#4274 = EDGE_CURVE('',#4043,#4158,#4275,.T.);
#4275 = SURFACE_CURVE('',#4276,(#4280,#4287),.PCURVE_S1.);
#4276 = LINE('',#4277,#4278);
#4277 = CARTESIAN_POINT('',(-428.,33.,701.5));
#4278 = VECTOR('',#4279,1.);
#4279 = DIRECTION('',(1.,0.,-0.));
#4280 = PCURVE('',#4086,#4281);
#4281 = DEFINITIONAL_REPRESENTATION('',(#4282),#4286);
#4282 = LINE('',#4283,#4284);
#4283 = CARTESIAN_POINT('',(0.,0.));
#4284 = VECTOR('',#4285,1.);
#4285 = DIRECTION('',(0.,1.));
#4286 = ( GEOMETRIC_REPRESENTATION_CONTEXT(2) 
PARAMETRIC_REPRESENTATION_CONTEXT() REPRESENTATION_CONTEXT('2D SPACE',''
  ) );
#4287 = PCURVE('',#4058,#4288);
#4288 = DEFINITIONAL_REPRESENTATION('',(#4289),#4293);
#4289 = LINE('',#4290,#4291);
#4290 = CARTESIAN_POINT('',(0.,50.));
#4291 = VECTOR('',#4292,1.);
#4292 = DIRECTION('',(1.,0.));
#4293 = ( GEOMETRIC_REPRESENTATION_CONTEXT(2) 
PARAMETRIC_REPRESENTATION_CONTEXT() REPRESENTATION_CONTEXT('2D SPACE',''
  ) );
#4294 = ORIENTED_EDGE('',*,*,#4070,.T.);
#4295 = ORIENTED_EDGE('',*,*,#4296,.T.);
#4296 = EDGE_CURVE('',#4071,#4181,#4297,.T.);
#4297 = SURFACE_CURVE('',#4298,(#4302,#4309),.PCURVE_S1.);
#4298 = LINE('',#4299,#4300);
#4299 = CARTESIAN_POINT('',(-428.,33.,710.5));
#4300 = VECTOR('',#4301,1.);
#4301 = DIRECTION('',(1.,0.,-0.));
#4302 = PCURVE('',#4086,#4303);
#4303 = DEFINITIONAL_REPRESENTATION('',(#4304),#4308);
#4304 = LINE('',#4305,#4306);
#4305 = CARTESIAN_POINT('',(9.,0.));
#4306 = VECTOR('',#4307,1.);
#4307 = DIRECTION('',(0.,1.));
#4308 = ( GEOMETRIC_REPRESENTATION_CONTEXT(2) 
PARAMETRIC_REPRESENTATION_CONTEXT() REPRESENTATION_CONTEXT('2D SPACE',''
  ) );
#4309 = PCURVE('',#4112,#4310);
#4310 = DEFINITIONAL_REPRESENTATION('',(#4311),#4315);
#4311 = LINE('',#4312,#4313);
#4312 = CARTESIAN_POINT('',(0.,50.));
#4313 = VECTOR('',#4314,1.);
#4314 = DIRECTION('',(1.,0.));
#4315 = ( GEOMETRIC_REPRESENTATION_CONTEXT(2) 
PARAMETRIC_REPRESENTATION_CONTEXT() REPRESENTATION_CONTEXT('2D SPACE',''
  ) );
#4316 = ORIENTED_EDGE('',*,*,#4180,.F.);
#4317 = ADVANCED_FACE('',(#4318),#4058,.F.);
#4318 = FACE_BOUND('',#4319,.F.);
#4319 = EDGE_LOOP('',(#4320,#4321,#4322,#4323));
#4320 = ORIENTED_EDGE('',*,*,#4042,.F.);
#4321 = ORIENTED_EDGE('',*,*,#4227,.T.);
#4322 = ORIENTED_EDGE('',*,*,#4157,.T.);
#4323 = ORIENTED_EDGE('',*,*,#4274,.F.);
#4324 = ADVANCED_FACE('',(#4325),#4112,.T.);
#4325 = FACE_BOUND('',#4326,.T.);
#4326 = EDGE_LOOP('',(#4327,#4328,#4329,#4330));
#4327 = ORIENTED_EDGE('',*,*,#4098,.F.);
#4328 = ORIENTED_EDGE('',*,*,#4249,.T.);
#4329 = ORIENTED_EDGE('',*,*,#4203,.T.);
#4330 = ORIENTED_EDGE('',*,*,#4296,.F.);
#4331 = MANIFOLD_SOLID_BREP('',#4332);
#4332 = CLOSED_SHELL('',(#4333,#4565,#4755,#4804,#4851,#4900,#4949,#4998
    ,#5047,#5074,#5085,#5161,#5210,#5259,#5286));
#4333 = ADVANCED_FACE('',(#4334),#4348,.F.);
#4334 = FACE_BOUND('',#4335,.F.);
#4335 = EDGE_LOOP('',(#4336,#4371,#4399,#4427,#4455,#4483,#4511,#4539));
#4336 = ORIENTED_EDGE('',*,*,#4337,.F.);
#4337 = EDGE_CURVE('',#4338,#4340,#4342,.T.);
#4338 = VERTEX_POINT('',#4339);
#4339 = CARTESIAN_POINT('',(-422.,59.,720.));
#4340 = VERTEX_POINT('',#4341);
#4341 = CARTESIAN_POINT('',(-422.,59.,1.055E+03));
#4342 = SURFACE_CURVE('',#4343,(#4347,#4359),.PCURVE_S1.);
#4343 = LINE('',#4344,#4345);
#4344 = CARTESIAN_POINT('',(-422.,59.,720.));
#4345 = VECTOR('',#4346,1.);
#4346 = DIRECTION('',(0.,0.,1.));
#4347 = PCURVE('',#4348,#4353);
#4348 = PLANE('',#4349);
#4349 = AXIS2_PLACEMENT_3D('',#4350,#4351,#4352);
#4350 = CARTESIAN_POINT('',(-422.,59.,720.));
#4351 = DIRECTION('',(1.,0.,-0.));
#4352 = DIRECTION('',(0.,0.,1.));
#4353 = DEFINITIONAL_REPRESENTATION('',(#4354),#4358);
#4354 = LINE('',#4355,#4356);
#4355 = CARTESIAN_POINT('',(0.,0.));
#4356 = VECTOR('',#4357,1.);
#4357 = DIRECTION('',(1.,0.));
#4358 = ( GEOMETRIC_REPRESENTATION_CONTEXT(2) 
PARAMETRIC_REPRESENTATION_CONTEXT() REPRESENTATION_CONTEXT('2D SPACE',''
  ) );
#4359 = PCURVE('',#4360,#4365);
#4360 = PLANE('',#4361);
#4361 = AXIS2_PLACEMENT_3D('',#4362,#4363,#4364);
#4362 = CARTESIAN_POINT('',(-422.,59.,720.));
#4363 = DIRECTION('',(-0.,1.,0.));
#4364 = DIRECTION('',(0.,0.,1.));
#4365 = DEFINITIONAL_REPRESENTATION('',(#4366),#4370);
#4366 = LINE('',#4367,#4368);
#4367 = CARTESIAN_POINT('',(0.,0.));
#4368 = VECTOR('',#4369,1.);
#4369 = DIRECTION('',(1.,0.));
#4370 = ( GEOMETRIC_REPRESENTATION_CONTEXT(2) 
PARAMETRIC_REPRESENTATION_CONTEXT() REPRESENTATION_CONTEXT('2D SPACE',''
  ) );
#4371 = ORIENTED_EDGE('',*,*,#4372,.T.);
#4372 = EDGE_CURVE('',#4338,#4373,#4375,.T.);
#4373 = VERTEX_POINT('',#4374);
#4374 = CARTESIAN_POINT('',(-422.,62.,720.));
#4375 = SURFACE_CURVE('',#4376,(#4380,#4387),.PCURVE_S1.);
#4376 = LINE('',#4377,#4378);
#4377 = CARTESIAN_POINT('',(-422.,59.,720.));
#4378 = VECTOR('',#4379,1.);
#4379 = DIRECTION('',(-0.,1.,0.));
#4380 = PCURVE('',#4348,#4381);
#4381 = DEFINITIONAL_REPRESENTATION('',(#4382),#4386);
#4382 = LINE('',#4383,#4384);
#4383 = CARTESIAN_POINT('',(0.,0.));
#4384 = VECTOR('',#4385,1.);
#4385 = DIRECTION('',(0.,-1.));
#4386 = ( GEOMETRIC_REPRESENTATION_CONTEXT(2) 
PARAMETRIC_REPRESENTATION_CONTEXT() REPRESENTATION_CONTEXT('2D SPACE',''
  ) );
#4387 = PCURVE('',#4388,#4393);
#4388 = PLANE('',#4389);
#4389 = AXIS2_PLACEMENT_3D('',#4390,#4391,#4392);
#4390 = CARTESIAN_POINT('',(-422.,59.,720.));
#4391 = DIRECTION('',(0.,0.,1.));
#4392 = DIRECTION('',(1.,0.,-0.));
#4393 = DEFINITIONAL_REPRESENTATION('',(#4394),#4398);
#4394 = LINE('',#4395,#4396);
#4395 = CARTESIAN_POINT('',(0.,0.));
#4396 = VECTOR('',#4397,1.);
#4397 = DIRECTION('',(0.,1.));
#4398 = ( GEOMETRIC_REPRESENTATION_CONTEXT(2) 
PARAMETRIC_REPRESENTATION_CONTEXT() REPRESENTATION_CONTEXT('2D SPACE',''
  ) );
#4399 = ORIENTED_EDGE('',*,*,#4400,.T.);
#4400 = EDGE_CURVE('',#4373,#4401,#4403,.T.);
#4401 = VERTEX_POINT('',#4402);
#4402 = CARTESIAN_POINT('',(-422.,62.,1.052E+03));
#4403 = SURFACE_CURVE('',#4404,(#4408,#4415),.PCURVE_S1.);
#4404 = LINE('',#4405,#4406);
#4405 = CARTESIAN_POINT('',(-422.,62.,720.));
#4406 = VECTOR('',#4407,1.);
#4407 = DIRECTION('',(0.,0.,1.));
#4408 = PCURVE('',#4348,#4409);
#4409 = DEFINITIONAL_REPRESENTATION('',(#4410),#4414);
#4410 = LINE('',#4411,#4412);
#4411 = CARTESIAN_POINT('',(0.,-3.));
#4412 = VECTOR('',#4413,1.);
#4413 = DIRECTION('',(1.,0.));
#4414 = ( GEOMETRIC_REPRESENTATION_CONTEXT(2) 
PARAMETRIC_REPRESENTATION_CONTEXT() REPRESENTATION_CONTEXT('2D SPACE',''
  ) );
#4415 = PCURVE('',#4416,#4421);
#4416 = PLANE('',#4417);
#4417 = AXIS2_PLACEMENT_3D('',#4418,#4419,#4420);
#4418 = CARTESIAN_POINT('',(-422.,62.,720.));
#4419 = DIRECTION('',(-0.,1.,0.));
#4420 = DIRECTION('',(0.,0.,1.));
#4421 = DEFINITIONAL_REPRESENTATION('',(#4422),#4426);
#4422 = LINE('',#4423,#4424);
#4423 = CARTESIAN_POINT('',(0.,0.));
#4424 = VECTOR('',#4425,1.);
#4425 = DIRECTION('',(1.,0.));
#4426 = ( GEOMETRIC_REPRESENTATION_CONTEXT(2) 
PARAMETRIC_REPRESENTATION_CONTEXT() REPRESENTATION_CONTEXT('2D SPACE',''
  ) );
#4427 = ORIENTED_EDGE('',*,*,#4428,.T.);
#4428 = EDGE_CURVE('',#4401,#4429,#4431,.T.);
#4429 = VERTEX_POINT('',#4430);
#4430 = CARTESIAN_POINT('',(-422.,105.5,1.052E+03));
#4431 = SURFACE_CURVE('',#4432,(#4436,#4443),.PCURVE_S1.);
#4432 = LINE('',#4433,#4434);
#4433 = CARTESIAN_POINT('',(-422.,59.,1.052E+03));
#4434 = VECTOR('',#4435,1.);
#4435 = DIRECTION('',(-0.,1.,0.));
#4436 = PCURVE('',#4348,#4437);
#4437 = DEFINITIONAL_REPRESENTATION('',(#4438),#4442);
#4438 = LINE('',#4439,#4440);
#4439 = CARTESIAN_POINT('',(332.,0.));
#4440 = VECTOR('',#4441,1.);
#4441 = DIRECTION('',(0.,-1.));
#4442 = ( GEOMETRIC_REPRESENTATION_CONTEXT(2) 
PARAMETRIC_REPRESENTATION_CONTEXT() REPRESENTATION_CONTEXT('2D SPACE',''
  ) );
#4443 = PCURVE('',#4444,#4449);
#4444 = PLANE('',#4445);
#4445 = AXIS2_PLACEMENT_3D('',#4446,#4447,#4448);
#4446 = CARTESIAN_POINT('',(-422.,59.,1.052E+03));
#4447 = DIRECTION('',(0.,0.,1.));
#4448 = DIRECTION('',(1.,0.,-0.));
#4449 = DEFINITIONAL_REPRESENTATION('',(#4450),#4454);
#4450 = LINE('',#4451,#4452);
#4451 = CARTESIAN_POINT('',(0.,0.));
#4452 = VECTOR('',#4453,1.);
#4453 = DIRECTION('',(0.,1.));
#4454 = ( GEOMETRIC_REPRESENTATION_CONTEXT(2) 
PARAMETRIC_REPRESENTATION_CONTEXT() REPRESENTATION_CONTEXT('2D SPACE',''
  ) );
#4455 = ORIENTED_EDGE('',*,*,#4456,.F.);
#4456 = EDGE_CURVE('',#4457,#4429,#4459,.T.);
#4457 = VERTEX_POINT('',#4458);
#4458 = CARTESIAN_POINT('',(-422.,105.5,1.012E+03));
#4459 = SURFACE_CURVE('',#4460,(#4464,#4471),.PCURVE_S1.);
#4460 = LINE('',#4461,#4462);
#4461 = CARTESIAN_POINT('',(-422.,105.5,1.012E+03));
#4462 = VECTOR('',#4463,1.);
#4463 = DIRECTION('',(0.,0.,1.));
#4464 = PCURVE('',#4348,#4465);
#4465 = DEFINITIONAL_REPRESENTATION('',(#4466),#4470);
#4466 = LINE('',#4467,#4468);
#4467 = CARTESIAN_POINT('',(292.,-46.5));
#4468 = VECTOR('',#4469,1.);
#4469 = DIRECTION('',(1.,0.));
#4470 = ( GEOMETRIC_REPRESENTATION_CONTEXT(2) 
PARAMETRIC_REPRESENTATION_CONTEXT() REPRESENTATION_CONTEXT('2D SPACE',''
  ) );
#4471 = PCURVE('',#4472,#4477);
#4472 = PLANE('',#4473);
#4473 = AXIS2_PLACEMENT_3D('',#4474,#4475,#4476);
#4474 = CARTESIAN_POINT('',(-422.,105.5,1.012E+03));
#4475 = DIRECTION('',(-0.,1.,0.));
#4476 = DIRECTION('',(0.,0.,1.));
#4477 = DEFINITIONAL_REPRESENTATION('',(#4478),#4482);
#4478 = LINE('',#4479,#4480);
#4479 = CARTESIAN_POINT('',(0.,0.));
#4480 = VECTOR('',#4481,1.);
#4481 = DIRECTION('',(1.,0.));
#4482 = ( GEOMETRIC_REPRESENTATION_CONTEXT(2) 
PARAMETRIC_REPRESENTATION_CONTEXT() REPRESENTATION_CONTEXT('2D SPACE',''
  ) );
#4483 = ORIENTED_EDGE('',*,*,#4484,.T.);
#4484 = EDGE_CURVE('',#4457,#4485,#4487,.T.);
#4485 = VERTEX_POINT('',#4486);
#4486 = CARTESIAN_POINT('',(-422.,108.5,1.012E+03));
#4487 = SURFACE_CURVE('',#4488,(#4492,#4499),.PCURVE_S1.);
#4488 = LINE('',#4489,#4490);
#4489 = CARTESIAN_POINT('',(-422.,105.5,1.012E+03));
#4490 = VECTOR('',#4491,1.);
#4491 = DIRECTION('',(-0.,1.,0.));
#4492 = PCURVE('',#4348,#4493);
#4493 = DEFINITIONAL_REPRESENTATION('',(#4494),#4498);
#4494 = LINE('',#4495,#4496);
#4495 = CARTESIAN_POINT('',(292.,-46.5));
#4496 = VECTOR('',#4497,1.);
#4497 = DIRECTION('',(0.,-1.));
#4498 = ( GEOMETRIC_REPRESENTATION_CONTEXT(2) 
PARAMETRIC_REPRESENTATION_CONTEXT() REPRESENTATION_CONTEXT('2D SPACE',''
  ) );
#4499 = PCURVE('',#4500,#4505);
#4500 = PLANE('',#4501);
#4501 = AXIS2_PLACEMENT_3D('',#4502,#4503,#4504);
#4502 = CARTESIAN_POINT('',(-422.,105.5,1.012E+03));
#4503 = DIRECTION('',(0.,0.,1.));
#4504 = DIRECTION('',(1.,0.,-0.));
#4505 = DEFINITIONAL_REPRESENTATION('',(#4506),#4510);
#4506 = LINE('',#4507,#4508);
#4507 = CARTESIAN_POINT('',(0.,0.));
#4508 = VECTOR('',#4509,1.);
#4509 = DIRECTION('',(0.,1.));
#4510 = ( GEOMETRIC_REPRESENTATION_CONTEXT(2) 
PARAMETRIC_REPRESENTATION_CONTEXT() REPRESENTATION_CONTEXT('2D SPACE',''
  ) );
#4511 = ORIENTED_EDGE('',*,*,#4512,.F.);
#4512 = EDGE_CURVE('',#4513,#4485,#4515,.T.);
#4513 = VERTEX_POINT('',#4514);
#4514 = CARTESIAN_POINT('',(-422.,108.5,1.055E+03));
#4515 = SURFACE_CURVE('',#4516,(#4520,#4527),.PCURVE_S1.);
#4516 = LINE('',#4517,#4518);
#4517 = CARTESIAN_POINT('',(-422.,108.5,1.055E+03));
#4518 = VECTOR('',#4519,1.);
#4519 = DIRECTION('',(0.,0.,-1.));
#4520 = PCURVE('',#4348,#4521);
#4521 = DEFINITIONAL_REPRESENTATION('',(#4522),#4526);
#4522 = LINE('',#4523,#4524);
#4523 = CARTESIAN_POINT('',(335.,-49.5));
#4524 = VECTOR('',#4525,1.);
#4525 = DIRECTION('',(-1.,0.));
#4526 = ( GEOMETRIC_REPRESENTATION_CONTEXT(2) 
PARAMETRIC_REPRESENTATION_CONTEXT() REPRESENTATION_CONTEXT('2D SPACE',''
  ) );
#4527 = PCURVE('',#4528,#4533);
#4528 = PLANE('',#4529);
#4529 = AXIS2_PLACEMENT_3D('',#4530,#4531,#4532);
#4530 = CARTESIAN_POINT('',(-422.,108.5,1.052E+03));
#4531 = DIRECTION('',(-0.,1.,0.));
#4532 = DIRECTION('',(0.,0.,1.));
#4533 = DEFINITIONAL_REPRESENTATION('',(#4534),#4538);
#4534 = LINE('',#4535,#4536);
#4535 = CARTESIAN_POINT('',(3.,0.));
#4536 = VECTOR('',#4537,1.);
#4537 = DIRECTION('',(-1.,0.));
#4538 = ( GEOMETRIC_REPRESENTATION_CONTEXT(2) 
PARAMETRIC_REPRESENTATION_CONTEXT() REPRESENTATION_CONTEXT('2D SPACE',''
  ) );
#4539 = ORIENTED_EDGE('',*,*,#4540,.F.);
#4540 = EDGE_CURVE('',#4340,#4513,#4541,.T.);
#4541 = SURFACE_CURVE('',#4542,(#4546,#4553),.PCURVE_S1.);
#4542 = LINE('',#4543,#4544);
#4543 = CARTESIAN_POINT('',(-422.,59.,1.055E+03));
#4544 = VECTOR('',#4545,1.);
#4545 = DIRECTION('',(0.,1.,0.));
#4546 = PCURVE('',#4348,#4547);
#4547 = DEFINITIONAL_REPRESENTATION('',(#4548),#4552);
#4548 = LINE('',#4549,#4550);
#4549 = CARTESIAN_POINT('',(335.,0.));
#4550 = VECTOR('',#4551,1.);
#4551 = DIRECTION('',(0.,-1.));
#4552 = ( GEOMETRIC_REPRESENTATION_CONTEXT(2) 
PARAMETRIC_REPRESENTATION_CONTEXT() REPRESENTATION_CONTEXT('2D SPACE',''
  ) );
#4553 = PCURVE('',#4554,#4559);
#4554 = PLANE('',#4555);
#4555 = AXIS2_PLACEMENT_3D('',#4556,#4557,#4558);
#4556 = CARTESIAN_POINT('',(-422.,59.,1.055E+03));
#4557 = DIRECTION('',(0.,0.,1.));
#4558 = DIRECTION('',(1.,0.,-0.));
#4559 = DEFINITIONAL_REPRESENTATION('',(#4560),#4564);
#4560 = LINE('',#4561,#4562);
#4561 = CARTESIAN_POINT('',(0.,0.));
#4562 = VECTOR('',#4563,1.);
#4563 = DIRECTION('',(0.,1.));
#4564 = ( GEOMETRIC_REPRESENTATION_CONTEXT(2) 
PARAMETRIC_REPRESENTATION_CONTEXT() REPRESENTATION_CONTEXT('2D SPACE',''
  ) );
#4565 = ADVANCED_FACE('',(#4566,#4641),#4360,.F.);
#4566 = FACE_BOUND('',#4567,.F.);
#4567 = EDGE_LOOP('',(#4568,#4598,#4619,#4620));
#4568 = ORIENTED_EDGE('',*,*,#4569,.F.);
#4569 = EDGE_CURVE('',#4570,#4572,#4574,.T.);
#4570 = VERTEX_POINT('',#4571);
#4571 = CARTESIAN_POINT('',(-362.,59.,720.));
#4572 = VERTEX_POINT('',#4573);
#4573 = CARTESIAN_POINT('',(-362.,59.,1.055E+03));
#4574 = SURFACE_CURVE('',#4575,(#4579,#4586),.PCURVE_S1.);
#4575 = LINE('',#4576,#4577);
#4576 = CARTESIAN_POINT('',(-362.,59.,720.));
#4577 = VECTOR('',#4578,1.);
#4578 = DIRECTION('',(0.,0.,1.));
#4579 = PCURVE('',#4360,#4580);
#4580 = DEFINITIONAL_REPRESENTATION('',(#4581),#4585);
#4581 = LINE('',#4582,#4583);
#4582 = CARTESIAN_POINT('',(0.,60.));
#4583 = VECTOR('',#4584,1.);
#4584 = DIRECTION('',(1.,0.));
#4585 = ( GEOMETRIC_REPRESENTATION_CONTEXT(2) 
PARAMETRIC_REPRESENTATION_CONTEXT() REPRESENTATION_CONTEXT('2D SPACE',''
  ) );
#4586 = PCURVE('',#4587,#4592);
#4587 = PLANE('',#4588);
#4588 = AXIS2_PLACEMENT_3D('',#4589,#4590,#4591);
#4589 = CARTESIAN_POINT('',(-362.,59.,720.));
#4590 = DIRECTION('',(1.,0.,-0.));
#4591 = DIRECTION('',(0.,0.,1.));
#4592 = DEFINITIONAL_REPRESENTATION('',(#4593),#4597);
#4593 = LINE('',#4594,#4595);
#4594 = CARTESIAN_POINT('',(0.,0.));
#4595 = VECTOR('',#4596,1.);
#4596 = DIRECTION('',(1.,0.));
#4597 = ( GEOMETRIC_REPRESENTATION_CONTEXT(2) 
PARAMETRIC_REPRESENTATION_CONTEXT() REPRESENTATION_CONTEXT('2D SPACE',''
  ) );
#4598 = ORIENTED_EDGE('',*,*,#4599,.F.);
#4599 = EDGE_CURVE('',#4338,#4570,#4600,.T.);
#4600 = SURFACE_CURVE('',#4601,(#4605,#4612),.PCURVE_S1.);
#4601 = LINE('',#4602,#4603);
#4602 = CARTESIAN_POINT('',(-422.,59.,720.));
#4603 = VECTOR('',#4604,1.);
#4604 = DIRECTION('',(1.,0.,-0.));
#4605 = PCURVE('',#4360,#4606);
#4606 = DEFINITIONAL_REPRESENTATION('',(#4607),#4611);
#4607 = LINE('',#4608,#4609);
#4608 = CARTESIAN_POINT('',(0.,0.));
#4609 = VECTOR('',#4610,1.);
#4610 = DIRECTION('',(0.,1.));
#4611 = ( GEOMETRIC_REPRESENTATION_CONTEXT(2) 
PARAMETRIC_REPRESENTATION_CONTEXT() REPRESENTATION_CONTEXT('2D SPACE',''
  ) );
#4612 = PCURVE('',#4388,#4613);
#4613 = DEFINITIONAL_REPRESENTATION('',(#4614),#4618);
#4614 = LINE('',#4615,#4616);
#4615 = CARTESIAN_POINT('',(0.,0.));
#4616 = VECTOR('',#4617,1.);
#4617 = DIRECTION('',(1.,0.));
#4618 = ( GEOMETRIC_REPRESENTATION_CONTEXT(2) 
PARAMETRIC_REPRESENTATION_CONTEXT() REPRESENTATION_CONTEXT('2D SPACE',''
  ) );
#4619 = ORIENTED_EDGE('',*,*,#4337,.T.);
#4620 = ORIENTED_EDGE('',*,*,#4621,.T.);
#4621 = EDGE_CURVE('',#4340,#4572,#4622,.T.);
#4622 = SURFACE_CURVE('',#4623,(#4627,#4634),.PCURVE_S1.);
#4623 = LINE('',#4624,#4625);
#4624 = CARTESIAN_POINT('',(-422.,59.,1.055E+03));
#4625 = VECTOR('',#4626,1.);
#4626 = DIRECTION('',(1.,0.,-0.));
#4627 = PCURVE('',#4360,#4628);
#4628 = DEFINITIONAL_REPRESENTATION('',(#4629),#4633);
#4629 = LINE('',#4630,#4631);
#4630 = CARTESIAN_POINT('',(335.,0.));
#4631 = VECTOR('',#4632,1.);
#4632 = DIRECTION('',(0.,1.));
#4633 = ( GEOMETRIC_REPRESENTATION_CONTEXT(2) 
PARAMETRIC_REPRESENTATION_CONTEXT() REPRESENTATION_CONTEXT('2D SPACE',''
  ) );
#4634 = PCURVE('',#4554,#4635);
#4635 = DEFINITIONAL_REPRESENTATION('',(#4636),#4640);
#4636 = LINE('',#4637,#4638);
#4637 = CARTESIAN_POINT('',(0.,0.));
#4638 = VECTOR('',#4639,1.);
#4639 = DIRECTION('',(1.,0.));
#4640 = ( GEOMETRIC_REPRESENTATION_CONTEXT(2) 
PARAMETRIC_REPRESENTATION_CONTEXT() REPRESENTATION_CONTEXT('2D SPACE',''
  ) );
#4641 = FACE_BOUND('',#4642,.F.);
#4642 = EDGE_LOOP('',(#4643,#4673,#4701,#4729));
#4643 = ORIENTED_EDGE('',*,*,#4644,.F.);
#4644 = EDGE_CURVE('',#4645,#4647,#4649,.T.);
#4645 = VERTEX_POINT('',#4646);
#4646 = CARTESIAN_POINT('',(-417.,59.,1.046E+03));
#4647 = VERTEX_POINT('',#4648);
#4648 = CARTESIAN_POINT('',(-367.,59.,1.046E+03));
#4649 = SURFACE_CURVE('',#4650,(#4654,#4661),.PCURVE_S1.);
#4650 = LINE('',#4651,#4652);
#4651 = CARTESIAN_POINT('',(-417.,59.,1.046E+03));
#4652 = VECTOR('',#4653,1.);
#4653 = DIRECTION('',(1.,0.,-0.));
#4654 = PCURVE('',#4360,#4655);
#4655 = DEFINITIONAL_REPRESENTATION('',(#4656),#4660);
#4656 = LINE('',#4657,#4658);
#4657 = CARTESIAN_POINT('',(326.,5.));
#4658 = VECTOR('',#4659,1.);
#4659 = DIRECTION('',(0.,1.));
#4660 = ( GEOMETRIC_REPRESENTATION_CONTEXT(2) 
PARAMETRIC_REPRESENTATION_CONTEXT() REPRESENTATION_CONTEXT('2D SPACE',''
  ) );
#4661 = PCURVE('',#4662,#4667);
#4662 = PLANE('',#4663);
#4663 = AXIS2_PLACEMENT_3D('',#4664,#4665,#4666);
#4664 = CARTESIAN_POINT('',(-417.,51.,1.046E+03));
#4665 = DIRECTION('',(0.,0.,1.));
#4666 = DIRECTION('',(1.,0.,-0.));
#4667 = DEFINITIONAL_REPRESENTATION('',(#4668),#4672);
#4668 = LINE('',#4669,#4670);
#4669 = CARTESIAN_POINT('',(0.,8.));
#4670 = VECTOR('',#4671,1.);
#4671 = DIRECTION('',(1.,0.));
#4672 = ( GEOMETRIC_REPRESENTATION_CONTEXT(2) 
PARAMETRIC_REPRESENTATION_CONTEXT() REPRESENTATION_CONTEXT('2D SPACE',''
  ) );
#4673 = ORIENTED_EDGE('',*,*,#4674,.F.);
#4674 = EDGE_CURVE('',#4675,#4645,#4677,.T.);
#4675 = VERTEX_POINT('',#4676);
#4676 = CARTESIAN_POINT('',(-417.,59.,1.038E+03));
#4677 = SURFACE_CURVE('',#4678,(#4682,#4689),.PCURVE_S1.);
#4678 = LINE('',#4679,#4680);
#4679 = CARTESIAN_POINT('',(-417.,59.,1.038E+03));
#4680 = VECTOR('',#4681,1.);
#4681 = DIRECTION('',(0.,0.,1.));
#4682 = PCURVE('',#4360,#4683);
#4683 = DEFINITIONAL_REPRESENTATION('',(#4684),#4688);
#4684 = LINE('',#4685,#4686);
#4685 = CARTESIAN_POINT('',(318.,5.));
#4686 = VECTOR('',#4687,1.);
#4687 = DIRECTION('',(1.,0.));
#4688 = ( GEOMETRIC_REPRESENTATION_CONTEXT(2) 
PARAMETRIC_REPRESENTATION_CONTEXT() REPRESENTATION_CONTEXT('2D SPACE',''
  ) );
#4689 = PCURVE('',#4690,#4695);
#4690 = PLANE('',#4691);
#4691 = AXIS2_PLACEMENT_3D('',#4692,#4693,#4694);
#4692 = CARTESIAN_POINT('',(-417.,51.,1.038E+03));
#4693 = DIRECTION('',(1.,0.,-0.));
#4694 = DIRECTION('',(0.,0.,1.));
#4695 = DEFINITIONAL_REPRESENTATION('',(#4696),#4700);
#4696 = LINE('',#4697,#4698);
#4697 = CARTESIAN_POINT('',(0.,-8.));
#4698 = VECTOR('',#4699,1.);
#4699 = DIRECTION('',(1.,0.));
#4700 = ( GEOMETRIC_REPRESENTATION_CONTEXT(2) 
PARAMETRIC_REPRESENTATION_CONTEXT() REPRESENTATION_CONTEXT('2D SPACE',''
  ) );
#4701 = ORIENTED_EDGE('',*,*,#4702,.T.);
#4702 = EDGE_CURVE('',#4675,#4703,#4705,.T.);
#4703 = VERTEX_POINT('',#4704);
#4704 = CARTESIAN_POINT('',(-367.,59.,1.038E+03));
#4705 = SURFACE_CURVE('',#4706,(#4710,#4717),.PCURVE_S1.);
#4706 = LINE('',#4707,#4708);
#4707 = CARTESIAN_POINT('',(-417.,59.,1.038E+03));
#4708 = VECTOR('',#4709,1.);
#4709 = DIRECTION('',(1.,0.,-0.));
#4710 = PCURVE('',#4360,#4711);
#4711 = DEFINITIONAL_REPRESENTATION('',(#4712),#4716);
#4712 = LINE('',#4713,#4714);
#4713 = CARTESIAN_POINT('',(318.,5.));
#4714 = VECTOR('',#4715,1.);
#4715 = DIRECTION('',(0.,1.));
#4716 = ( GEOMETRIC_REPRESENTATION_CONTEXT(2) 
PARAMETRIC_REPRESENTATION_CONTEXT() REPRESENTATION_CONTEXT('2D SPACE',''
  ) );
#4717 = PCURVE('',#4718,#4723);
#4718 = PLANE('',#4719);
#4719 = AXIS2_PLACEMENT_3D('',#4720,#4721,#4722);
#4720 = CARTESIAN_POINT('',(-417.,51.,1.038E+03));
#4721 = DIRECTION('',(0.,0.,1.));
#4722 = DIRECTION('',(1.,0.,-0.));
#4723 = DEFINITIONAL_REPRESENTATION('',(#4724),#4728);
#4724 = LINE('',#4725,#4726);
#4725 = CARTESIAN_POINT('',(0.,8.));
#4726 = VECTOR('',#4727,1.);
#4727 = DIRECTION('',(1.,0.));
#4728 = ( GEOMETRIC_REPRESENTATION_CONTEXT(2) 
PARAMETRIC_REPRESENTATION_CONTEXT() REPRESENTATION_CONTEXT('2D SPACE',''
  ) );
#4729 = ORIENTED_EDGE('',*,*,#4730,.T.);
#4730 = EDGE_CURVE('',#4703,#4647,#4731,.T.);
#4731 = SURFACE_CURVE('',#4732,(#4736,#4743),.PCURVE_S1.);
#4732 = LINE('',#4733,#4734);
#4733 = CARTESIAN_POINT('',(-367.,59.,1.038E+03));
#4734 = VECTOR('',#4735,1.);
#4735 = DIRECTION('',(0.,0.,1.));
#4736 = PCURVE('',#4360,#4737);
#4737 = DEFINITIONAL_REPRESENTATION('',(#4738),#4742);
#4738 = LINE('',#4739,#4740);
#4739 = CARTESIAN_POINT('',(318.,55.));
#4740 = VECTOR('',#4741,1.);
#4741 = DIRECTION('',(1.,0.));
#4742 = ( GEOMETRIC_REPRESENTATION_CONTEXT(2) 
PARAMETRIC_REPRESENTATION_CONTEXT() REPRESENTATION_CONTEXT('2D SPACE',''
  ) );
#4743 = PCURVE('',#4744,#4749);
#4744 = PLANE('',#4745);
#4745 = AXIS2_PLACEMENT_3D('',#4746,#4747,#4748);
#4746 = CARTESIAN_POINT('',(-367.,51.,1.038E+03));
#4747 = DIRECTION('',(1.,0.,-0.));
#4748 = DIRECTION('',(0.,0.,1.));
#4749 = DEFINITIONAL_REPRESENTATION('',(#4750),#4754);
#4750 = LINE('',#4751,#4752);
#4751 = CARTESIAN_POINT('',(0.,-8.));
#4752 = VECTOR('',#4753,1.);
#4753 = DIRECTION('',(1.,0.));
#4754 = ( GEOMETRIC_REPRESENTATION_CONTEXT(2) 
PARAMETRIC_REPRESENTATION_CONTEXT() REPRESENTATION_CONTEXT('2D SPACE',''
  ) );
#4755 = ADVANCED_FACE('',(#4756),#4388,.F.);
#4756 = FACE_BOUND('',#4757,.F.);
#4757 = EDGE_LOOP('',(#4758,#4759,#4760,#4783));
#4758 = ORIENTED_EDGE('',*,*,#4372,.F.);
#4759 = ORIENTED_EDGE('',*,*,#4599,.T.);
#4760 = ORIENTED_EDGE('',*,*,#4761,.T.);
#4761 = EDGE_CURVE('',#4570,#4762,#4764,.T.);
#4762 = VERTEX_POINT('',#4763);
#4763 = CARTESIAN_POINT('',(-362.,62.,720.));
#4764 = SURFACE_CURVE('',#4765,(#4769,#4776),.PCURVE_S1.);
#4765 = LINE('',#4766,#4767);
#4766 = CARTESIAN_POINT('',(-362.,59.,720.));
#4767 = VECTOR('',#4768,1.);
#4768 = DIRECTION('',(-0.,1.,0.));
#4769 = PCURVE('',#4388,#4770);
#4770 = DEFINITIONAL_REPRESENTATION('',(#4771),#4775);
#4771 = LINE('',#4772,#4773);
#4772 = CARTESIAN_POINT('',(60.,0.));
#4773 = VECTOR('',#4774,1.);
#4774 = DIRECTION('',(0.,1.));
#4775 = ( GEOMETRIC_REPRESENTATION_CONTEXT(2) 
PARAMETRIC_REPRESENTATION_CONTEXT() REPRESENTATION_CONTEXT('2D SPACE',''
  ) );
#4776 = PCURVE('',#4587,#4777);
#4777 = DEFINITIONAL_REPRESENTATION('',(#4778),#4782);
#4778 = LINE('',#4779,#4780);
#4779 = CARTESIAN_POINT('',(0.,0.));
#4780 = VECTOR('',#4781,1.);
#4781 = DIRECTION('',(0.,-1.));
#4782 = ( GEOMETRIC_REPRESENTATION_CONTEXT(2) 
PARAMETRIC_REPRESENTATION_CONTEXT() REPRESENTATION_CONTEXT('2D SPACE',''
  ) );
#4783 = ORIENTED_EDGE('',*,*,#4784,.F.);
#4784 = EDGE_CURVE('',#4373,#4762,#4785,.T.);
#4785 = SURFACE_CURVE('',#4786,(#4790,#4797),.PCURVE_S1.);
#4786 = LINE('',#4787,#4788);
#4787 = CARTESIAN_POINT('',(-422.,62.,720.));
#4788 = VECTOR('',#4789,1.);
#4789 = DIRECTION('',(1.,0.,-0.));
#4790 = PCURVE('',#4388,#4791);
#4791 = DEFINITIONAL_REPRESENTATION('',(#4792),#4796);
#4792 = LINE('',#4793,#4794);
#4793 = CARTESIAN_POINT('',(0.,3.));
#4794 = VECTOR('',#4795,1.);
#4795 = DIRECTION('',(1.,0.));
#4796 = ( GEOMETRIC_REPRESENTATION_CONTEXT(2) 
PARAMETRIC_REPRESENTATION_CONTEXT() REPRESENTATION_CONTEXT('2D SPACE',''
  ) );
#4797 = PCURVE('',#4416,#4798);
#4798 = DEFINITIONAL_REPRESENTATION('',(#4799),#4803);
#4799 = LINE('',#4800,#4801);
#4800 = CARTESIAN_POINT('',(0.,0.));
#4801 = VECTOR('',#4802,1.);
#4802 = DIRECTION('',(0.,1.));
#4803 = ( GEOMETRIC_REPRESENTATION_CONTEXT(2) 
PARAMETRIC_REPRESENTATION_CONTEXT() REPRESENTATION_CONTEXT('2D SPACE',''
  ) );
#4804 = ADVANCED_FACE('',(#4805),#4416,.T.);
#4805 = FACE_BOUND('',#4806,.T.);
#4806 = EDGE_LOOP('',(#4807,#4830,#4831,#4832));
#4807 = ORIENTED_EDGE('',*,*,#4808,.F.);
#4808 = EDGE_CURVE('',#4762,#4809,#4811,.T.);
#4809 = VERTEX_POINT('',#4810);
#4810 = CARTESIAN_POINT('',(-362.,62.,1.052E+03));
#4811 = SURFACE_CURVE('',#4812,(#4816,#4823),.PCURVE_S1.);
#4812 = LINE('',#4813,#4814);
#4813 = CARTESIAN_POINT('',(-362.,62.,720.));
#4814 = VECTOR('',#4815,1.);
#4815 = DIRECTION('',(0.,0.,1.));
#4816 = PCURVE('',#4416,#4817);
#4817 = DEFINITIONAL_REPRESENTATION('',(#4818),#4822);
#4818 = LINE('',#4819,#4820);
#4819 = CARTESIAN_POINT('',(0.,60.));
#4820 = VECTOR('',#4821,1.);
#4821 = DIRECTION('',(1.,0.));
#4822 = ( GEOMETRIC_REPRESENTATION_CONTEXT(2) 
PARAMETRIC_REPRESENTATION_CONTEXT() REPRESENTATION_CONTEXT('2D SPACE',''
  ) );
#4823 = PCURVE('',#4587,#4824);
#4824 = DEFINITIONAL_REPRESENTATION('',(#4825),#4829);
#4825 = LINE('',#4826,#4827);
#4826 = CARTESIAN_POINT('',(0.,-3.));
#4827 = VECTOR('',#4828,1.);
#4828 = DIRECTION('',(1.,0.));
#4829 = ( GEOMETRIC_REPRESENTATION_CONTEXT(2) 
PARAMETRIC_REPRESENTATION_CONTEXT() REPRESENTATION_CONTEXT('2D SPACE',''
  ) );
#4830 = ORIENTED_EDGE('',*,*,#4784,.F.);
#4831 = ORIENTED_EDGE('',*,*,#4400,.T.);
#4832 = ORIENTED_EDGE('',*,*,#4833,.T.);
#4833 = EDGE_CURVE('',#4401,#4809,#4834,.T.);
#4834 = SURFACE_CURVE('',#4835,(#4839,#4845),.PCURVE_S1.);
#4835 = LINE('',#4836,#4837);
#4836 = CARTESIAN_POINT('',(-422.,62.,1.052E+03));
#4837 = VECTOR('',#4838,1.);
#4838 = DIRECTION('',(1.,0.,-0.));
#4839 = PCURVE('',#4416,#4840);
#4840 = DEFINITIONAL_REPRESENTATION('',(#4841),#4844);
#4841 = B_SPLINE_CURVE_WITH_KNOTS('',1,(#4842,#4843),.UNSPECIFIED.,.F.,
  .F.,(2,2),(0.,60.),.PIECEWISE_BEZIER_KNOTS.);
#4842 = CARTESIAN_POINT('',(332.,0.));
#4843 = CARTESIAN_POINT('',(332.,60.));
#4844 = ( GEOMETRIC_REPRESENTATION_CONTEXT(2) 
PARAMETRIC_REPRESENTATION_CONTEXT() REPRESENTATION_CONTEXT('2D SPACE',''
  ) );
#4845 = PCURVE('',#4444,#4846);
#4846 = DEFINITIONAL_REPRESENTATION('',(#4847),#4850);
#4847 = B_SPLINE_CURVE_WITH_KNOTS('',1,(#4848,#4849),.UNSPECIFIED.,.F.,
  .F.,(2,2),(0.,60.),.PIECEWISE_BEZIER_KNOTS.);
#4848 = CARTESIAN_POINT('',(0.,3.));
#4849 = CARTESIAN_POINT('',(60.,3.));
#4850 = ( GEOMETRIC_REPRESENTATION_CONTEXT(2) 
PARAMETRIC_REPRESENTATION_CONTEXT() REPRESENTATION_CONTEXT('2D SPACE',''
  ) );
#4851 = ADVANCED_FACE('',(#4852),#4444,.F.);
#4852 = FACE_BOUND('',#4853,.F.);
#4853 = EDGE_LOOP('',(#4854,#4855,#4856,#4879));
#4854 = ORIENTED_EDGE('',*,*,#4428,.F.);
#4855 = ORIENTED_EDGE('',*,*,#4833,.T.);
#4856 = ORIENTED_EDGE('',*,*,#4857,.T.);
#4857 = EDGE_CURVE('',#4809,#4858,#4860,.T.);
#4858 = VERTEX_POINT('',#4859);
#4859 = CARTESIAN_POINT('',(-362.,105.5,1.052E+03));
#4860 = SURFACE_CURVE('',#4861,(#4865,#4872),.PCURVE_S1.);
#4861 = LINE('',#4862,#4863);
#4862 = CARTESIAN_POINT('',(-362.,59.,1.052E+03));
#4863 = VECTOR('',#4864,1.);
#4864 = DIRECTION('',(-0.,1.,0.));
#4865 = PCURVE('',#4444,#4866);
#4866 = DEFINITIONAL_REPRESENTATION('',(#4867),#4871);
#4867 = LINE('',#4868,#4869);
#4868 = CARTESIAN_POINT('',(60.,0.));
#4869 = VECTOR('',#4870,1.);
#4870 = DIRECTION('',(0.,1.));
#4871 = ( GEOMETRIC_REPRESENTATION_CONTEXT(2) 
PARAMETRIC_REPRESENTATION_CONTEXT() REPRESENTATION_CONTEXT('2D SPACE',''
  ) );
#4872 = PCURVE('',#4587,#4873);
#4873 = DEFINITIONAL_REPRESENTATION('',(#4874),#4878);
#4874 = LINE('',#4875,#4876);
#4875 = CARTESIAN_POINT('',(332.,0.));
#4876 = VECTOR('',#4877,1.);
#4877 = DIRECTION('',(0.,-1.));
#4878 = ( GEOMETRIC_REPRESENTATION_CONTEXT(2) 
PARAMETRIC_REPRESENTATION_CONTEXT() REPRESENTATION_CONTEXT('2D SPACE',''
  ) );
#4879 = ORIENTED_EDGE('',*,*,#4880,.F.);
#4880 = EDGE_CURVE('',#4429,#4858,#4881,.T.);
#4881 = SURFACE_CURVE('',#4882,(#4886,#4893),.PCURVE_S1.);
#4882 = LINE('',#4883,#4884);
#4883 = CARTESIAN_POINT('',(-422.,105.5,1.052E+03));
#4884 = VECTOR('',#4885,1.);
#4885 = DIRECTION('',(1.,0.,-0.));
#4886 = PCURVE('',#4444,#4887);
#4887 = DEFINITIONAL_REPRESENTATION('',(#4888),#4892);
#4888 = LINE('',#4889,#4890);
#4889 = CARTESIAN_POINT('',(0.,46.5));
#4890 = VECTOR('',#4891,1.);
#4891 = DIRECTION('',(1.,0.));
#4892 = ( GEOMETRIC_REPRESENTATION_CONTEXT(2) 
PARAMETRIC_REPRESENTATION_CONTEXT() REPRESENTATION_CONTEXT('2D SPACE',''
  ) );
#4893 = PCURVE('',#4472,#4894);
#4894 = DEFINITIONAL_REPRESENTATION('',(#4895),#4899);
#4895 = LINE('',#4896,#4897);
#4896 = CARTESIAN_POINT('',(40.,0.));
#4897 = VECTOR('',#4898,1.);
#4898 = DIRECTION('',(0.,1.));
#4899 = ( GEOMETRIC_REPRESENTATION_CONTEXT(2) 
PARAMETRIC_REPRESENTATION_CONTEXT() REPRESENTATION_CONTEXT('2D SPACE',''
  ) );
#4900 = ADVANCED_FACE('',(#4901),#4472,.F.);
#4901 = FACE_BOUND('',#4902,.F.);
#4902 = EDGE_LOOP('',(#4903,#4926,#4927,#4928));
#4903 = ORIENTED_EDGE('',*,*,#4904,.F.);
#4904 = EDGE_CURVE('',#4457,#4905,#4907,.T.);
#4905 = VERTEX_POINT('',#4906);
#4906 = CARTESIAN_POINT('',(-362.,105.5,1.012E+03));
#4907 = SURFACE_CURVE('',#4908,(#4912,#4919),.PCURVE_S1.);
#4908 = LINE('',#4909,#4910);
#4909 = CARTESIAN_POINT('',(-422.,105.5,1.012E+03));
#4910 = VECTOR('',#4911,1.);
#4911 = DIRECTION('',(1.,0.,-0.));
#4912 = PCURVE('',#4472,#4913);
#4913 = DEFINITIONAL_REPRESENTATION('',(#4914),#4918);
#4914 = LINE('',#4915,#4916);
#4915 = CARTESIAN_POINT('',(0.,0.));
#4916 = VECTOR('',#4917,1.);
#4917 = DIRECTION('',(0.,1.));
#4918 = ( GEOMETRIC_REPRESENTATION_CONTEXT(2) 
PARAMETRIC_REPRESENTATION_CONTEXT() REPRESENTATION_CONTEXT('2D SPACE',''
  ) );
#4919 = PCURVE('',#4500,#4920);
#4920 = DEFINITIONAL_REPRESENTATION('',(#4921),#4925);
#4921 = LINE('',#4922,#4923);
#4922 = CARTESIAN_POINT('',(0.,0.));
#4923 = VECTOR('',#4924,1.);
#4924 = DIRECTION('',(1.,0.));
#4925 = ( GEOMETRIC_REPRESENTATION_CONTEXT(2) 
PARAMETRIC_REPRESENTATION_CONTEXT() REPRESENTATION_CONTEXT('2D SPACE',''
  ) );
#4926 = ORIENTED_EDGE('',*,*,#4456,.T.);
#4927 = ORIENTED_EDGE('',*,*,#4880,.T.);
#4928 = ORIENTED_EDGE('',*,*,#4929,.F.);
#4929 = EDGE_CURVE('',#4905,#4858,#4930,.T.);
#4930 = SURFACE_CURVE('',#4931,(#4935,#4942),.PCURVE_S1.);
#4931 = LINE('',#4932,#4933);
#4932 = CARTESIAN_POINT('',(-362.,105.5,1.012E+03));
#4933 = VECTOR('',#4934,1.);
#4934 = DIRECTION('',(0.,0.,1.));
#4935 = PCURVE('',#4472,#4936);
#4936 = DEFINITIONAL_REPRESENTATION('',(#4937),#4941);
#4937 = LINE('',#4938,#4939);
#4938 = CARTESIAN_POINT('',(0.,60.));
#4939 = VECTOR('',#4940,1.);
#4940 = DIRECTION('',(1.,0.));
#4941 = ( GEOMETRIC_REPRESENTATION_CONTEXT(2) 
PARAMETRIC_REPRESENTATION_CONTEXT() REPRESENTATION_CONTEXT('2D SPACE',''
  ) );
#4942 = PCURVE('',#4587,#4943);
#4943 = DEFINITIONAL_REPRESENTATION('',(#4944),#4948);
#4944 = LINE('',#4945,#4946);
#4945 = CARTESIAN_POINT('',(292.,-46.5));
#4946 = VECTOR('',#4947,1.);
#4947 = DIRECTION('',(1.,0.));
#4948 = ( GEOMETRIC_REPRESENTATION_CONTEXT(2) 
PARAMETRIC_REPRESENTATION_CONTEXT() REPRESENTATION_CONTEXT('2D SPACE',''
  ) );
#4949 = ADVANCED_FACE('',(#4950),#4500,.F.);
#4950 = FACE_BOUND('',#4951,.F.);
#4951 = EDGE_LOOP('',(#4952,#4953,#4954,#4977));
#4952 = ORIENTED_EDGE('',*,*,#4484,.F.);
#4953 = ORIENTED_EDGE('',*,*,#4904,.T.);
#4954 = ORIENTED_EDGE('',*,*,#4955,.T.);
#4955 = EDGE_CURVE('',#4905,#4956,#4958,.T.);
#4956 = VERTEX_POINT('',#4957);
#4957 = CARTESIAN_POINT('',(-362.,108.5,1.012E+03));
#4958 = SURFACE_CURVE('',#4959,(#4963,#4970),.PCURVE_S1.);
#4959 = LINE('',#4960,#4961);
#4960 = CARTESIAN_POINT('',(-362.,105.5,1.012E+03));
#4961 = VECTOR('',#4962,1.);
#4962 = DIRECTION('',(-0.,1.,0.));
#4963 = PCURVE('',#4500,#4964);
#4964 = DEFINITIONAL_REPRESENTATION('',(#4965),#4969);
#4965 = LINE('',#4966,#4967);
#4966 = CARTESIAN_POINT('',(60.,0.));
#4967 = VECTOR('',#4968,1.);
#4968 = DIRECTION('',(0.,1.));
#4969 = ( GEOMETRIC_REPRESENTATION_CONTEXT(2) 
PARAMETRIC_REPRESENTATION_CONTEXT() REPRESENTATION_CONTEXT('2D SPACE',''
  ) );
#4970 = PCURVE('',#4587,#4971);
#4971 = DEFINITIONAL_REPRESENTATION('',(#4972),#4976);
#4972 = LINE('',#4973,#4974);
#4973 = CARTESIAN_POINT('',(292.,-46.5));
#4974 = VECTOR('',#4975,1.);
#4975 = DIRECTION('',(0.,-1.));
#4976 = ( GEOMETRIC_REPRESENTATION_CONTEXT(2) 
PARAMETRIC_REPRESENTATION_CONTEXT() REPRESENTATION_CONTEXT('2D SPACE',''
  ) );
#4977 = ORIENTED_EDGE('',*,*,#4978,.F.);
#4978 = EDGE_CURVE('',#4485,#4956,#4979,.T.);
#4979 = SURFACE_CURVE('',#4980,(#4984,#4991),.PCURVE_S1.);
#4980 = LINE('',#4981,#4982);
#4981 = CARTESIAN_POINT('',(-422.,108.5,1.012E+03));
#4982 = VECTOR('',#4983,1.);
#4983 = DIRECTION('',(1.,0.,-0.));
#4984 = PCURVE('',#4500,#4985);
#4985 = DEFINITIONAL_REPRESENTATION('',(#4986),#4990);
#4986 = LINE('',#4987,#4988);
#4987 = CARTESIAN_POINT('',(0.,3.));
#4988 = VECTOR('',#4989,1.);
#4989 = DIRECTION('',(1.,0.));
#4990 = ( GEOMETRIC_REPRESENTATION_CONTEXT(2) 
PARAMETRIC_REPRESENTATION_CONTEXT() REPRESENTATION_CONTEXT('2D SPACE',''
  ) );
#4991 = PCURVE('',#4528,#4992);
#4992 = DEFINITIONAL_REPRESENTATION('',(#4993),#4997);
#4993 = LINE('',#4994,#4995);
#4994 = CARTESIAN_POINT('',(-40.,0.));
#4995 = VECTOR('',#4996,1.);
#4996 = DIRECTION('',(0.,1.));
#4997 = ( GEOMETRIC_REPRESENTATION_CONTEXT(2) 
PARAMETRIC_REPRESENTATION_CONTEXT() REPRESENTATION_CONTEXT('2D SPACE',''
  ) );
#4998 = ADVANCED_FACE('',(#4999),#4528,.T.);
#4999 = FACE_BOUND('',#5000,.T.);
#5000 = EDGE_LOOP('',(#5001,#5024,#5025,#5026));
#5001 = ORIENTED_EDGE('',*,*,#5002,.T.);
#5002 = EDGE_CURVE('',#5003,#4956,#5005,.T.);
#5003 = VERTEX_POINT('',#5004);
#5004 = CARTESIAN_POINT('',(-362.,108.5,1.055E+03));
#5005 = SURFACE_CURVE('',#5006,(#5010,#5017),.PCURVE_S1.);
#5006 = LINE('',#5007,#5008);
#5007 = CARTESIAN_POINT('',(-362.,108.5,1.055E+03));
#5008 = VECTOR('',#5009,1.);
#5009 = DIRECTION('',(0.,0.,-1.));
#5010 = PCURVE('',#4528,#5011);
#5011 = DEFINITIONAL_REPRESENTATION('',(#5012),#5016);
#5012 = LINE('',#5013,#5014);
#5013 = CARTESIAN_POINT('',(3.,60.));
#5014 = VECTOR('',#5015,1.);
#5015 = DIRECTION('',(-1.,0.));
#5016 = ( GEOMETRIC_REPRESENTATION_CONTEXT(2) 
PARAMETRIC_REPRESENTATION_CONTEXT() REPRESENTATION_CONTEXT('2D SPACE',''
  ) );
#5017 = PCURVE('',#4587,#5018);
#5018 = DEFINITIONAL_REPRESENTATION('',(#5019),#5023);
#5019 = LINE('',#5020,#5021);
#5020 = CARTESIAN_POINT('',(335.,-49.5));
#5021 = VECTOR('',#5022,1.);
#5022 = DIRECTION('',(-1.,0.));
#5023 = ( GEOMETRIC_REPRESENTATION_CONTEXT(2) 
PARAMETRIC_REPRESENTATION_CONTEXT() REPRESENTATION_CONTEXT('2D SPACE',''
  ) );
#5024 = ORIENTED_EDGE('',*,*,#4978,.F.);
#5025 = ORIENTED_EDGE('',*,*,#4512,.F.);
#5026 = ORIENTED_EDGE('',*,*,#5027,.T.);
#5027 = EDGE_CURVE('',#4513,#5003,#5028,.T.);
#5028 = SURFACE_CURVE('',#5029,(#5033,#5040),.PCURVE_S1.);
#5029 = LINE('',#5030,#5031);
#5030 = CARTESIAN_POINT('',(-422.,108.5,1.055E+03));
#5031 = VECTOR('',#5032,1.);
#5032 = DIRECTION('',(1.,0.,-0.));
#5033 = PCURVE('',#4528,#5034);
#5034 = DEFINITIONAL_REPRESENTATION('',(#5035),#5039);
#5035 = LINE('',#5036,#5037);
#5036 = CARTESIAN_POINT('',(3.,0.));
#5037 = VECTOR('',#5038,1.);
#5038 = DIRECTION('',(0.,1.));
#5039 = ( GEOMETRIC_REPRESENTATION_CONTEXT(2) 
PARAMETRIC_REPRESENTATION_CONTEXT() REPRESENTATION_CONTEXT('2D SPACE',''
  ) );
#5040 = PCURVE('',#4554,#5041);
#5041 = DEFINITIONAL_REPRESENTATION('',(#5042),#5046);
#5042 = LINE('',#5043,#5044);
#5043 = CARTESIAN_POINT('',(0.,49.5));
#5044 = VECTOR('',#5045,1.);
#5045 = DIRECTION('',(1.,0.));
#5046 = ( GEOMETRIC_REPRESENTATION_CONTEXT(2) 
PARAMETRIC_REPRESENTATION_CONTEXT() REPRESENTATION_CONTEXT('2D SPACE',''
  ) );
#5047 = ADVANCED_FACE('',(#5048),#4554,.T.);
#5048 = FACE_BOUND('',#5049,.T.);
#5049 = EDGE_LOOP('',(#5050,#5051,#5052,#5073));
#5050 = ORIENTED_EDGE('',*,*,#4540,.F.);
#5051 = ORIENTED_EDGE('',*,*,#4621,.T.);
#5052 = ORIENTED_EDGE('',*,*,#5053,.F.);
#5053 = EDGE_CURVE('',#5003,#4572,#5054,.T.);
#5054 = SURFACE_CURVE('',#5055,(#5059,#5066),.PCURVE_S1.);
#5055 = LINE('',#5056,#5057);
#5056 = CARTESIAN_POINT('',(-362.,108.5,1.055E+03));
#5057 = VECTOR('',#5058,1.);
#5058 = DIRECTION('',(0.,-1.,0.));
#5059 = PCURVE('',#4554,#5060);
#5060 = DEFINITIONAL_REPRESENTATION('',(#5061),#5065);
#5061 = LINE('',#5062,#5063);
#5062 = CARTESIAN_POINT('',(60.,49.5));
#5063 = VECTOR('',#5064,1.);
#5064 = DIRECTION('',(0.,-1.));
#5065 = ( GEOMETRIC_REPRESENTATION_CONTEXT(2) 
PARAMETRIC_REPRESENTATION_CONTEXT() REPRESENTATION_CONTEXT('2D SPACE',''
  ) );
#5066 = PCURVE('',#4587,#5067);
#5067 = DEFINITIONAL_REPRESENTATION('',(#5068),#5072);
#5068 = LINE('',#5069,#5070);
#5069 = CARTESIAN_POINT('',(335.,-49.5));
#5070 = VECTOR('',#5071,1.);
#5071 = DIRECTION('',(0.,1.));
#5072 = ( GEOMETRIC_REPRESENTATION_CONTEXT(2) 
PARAMETRIC_REPRESENTATION_CONTEXT() REPRESENTATION_CONTEXT('2D SPACE',''
  ) );
#5073 = ORIENTED_EDGE('',*,*,#5027,.F.);
#5074 = ADVANCED_FACE('',(#5075),#4587,.T.);
#5075 = FACE_BOUND('',#5076,.T.);
#5076 = EDGE_LOOP('',(#5077,#5078,#5079,#5080,#5081,#5082,#5083,#5084));
#5077 = ORIENTED_EDGE('',*,*,#4569,.F.);
#5078 = ORIENTED_EDGE('',*,*,#4761,.T.);
#5079 = ORIENTED_EDGE('',*,*,#4808,.T.);
#5080 = ORIENTED_EDGE('',*,*,#4857,.T.);
#5081 = ORIENTED_EDGE('',*,*,#4929,.F.);
#5082 = ORIENTED_EDGE('',*,*,#4955,.T.);
#5083 = ORIENTED_EDGE('',*,*,#5002,.F.);
#5084 = ORIENTED_EDGE('',*,*,#5053,.T.);
#5085 = ADVANCED_FACE('',(#5086),#4662,.T.);
#5086 = FACE_BOUND('',#5087,.T.);
#5087 = EDGE_LOOP('',(#5088,#5111,#5139,#5160));
#5088 = ORIENTED_EDGE('',*,*,#5089,.F.);
#5089 = EDGE_CURVE('',#5090,#4645,#5092,.T.);
#5090 = VERTEX_POINT('',#5091);
#5091 = CARTESIAN_POINT('',(-417.,51.,1.046E+03));
#5092 = SURFACE_CURVE('',#5093,(#5097,#5104),.PCURVE_S1.);
#5093 = LINE('',#5094,#5095);
#5094 = CARTESIAN_POINT('',(-417.,51.,1.046E+03));
#5095 = VECTOR('',#5096,1.);
#5096 = DIRECTION('',(-0.,1.,0.));
#5097 = PCURVE('',#4662,#5098);
#5098 = DEFINITIONAL_REPRESENTATION('',(#5099),#5103);
#5099 = LINE('',#5100,#5101);
#5100 = CARTESIAN_POINT('',(0.,0.));
#5101 = VECTOR('',#5102,1.);
#5102 = DIRECTION('',(0.,1.));
#5103 = ( GEOMETRIC_REPRESENTATION_CONTEXT(2) 
PARAMETRIC_REPRESENTATION_CONTEXT() REPRESENTATION_CONTEXT('2D SPACE',''
  ) );
#5104 = PCURVE('',#4690,#5105);
#5105 = DEFINITIONAL_REPRESENTATION('',(#5106),#5110);
#5106 = LINE('',#5107,#5108);
#5107 = CARTESIAN_POINT('',(8.,0.));
#5108 = VECTOR('',#5109,1.);
#5109 = DIRECTION('',(0.,-1.));
#5110 = ( GEOMETRIC_REPRESENTATION_CONTEXT(2) 
PARAMETRIC_REPRESENTATION_CONTEXT() REPRESENTATION_CONTEXT('2D SPACE',''
  ) );
#5111 = ORIENTED_EDGE('',*,*,#5112,.T.);
#5112 = EDGE_CURVE('',#5090,#5113,#5115,.T.);
#5113 = VERTEX_POINT('',#5114);
#5114 = CARTESIAN_POINT('',(-367.,51.,1.046E+03));
#5115 = SURFACE_CURVE('',#5116,(#5120,#5127),.PCURVE_S1.);
#5116 = LINE('',#5117,#5118);
#5117 = CARTESIAN_POINT('',(-417.,51.,1.046E+03));
#5118 = VECTOR('',#5119,1.);
#5119 = DIRECTION('',(1.,0.,-0.));
#5120 = PCURVE('',#4662,#5121);
#5121 = DEFINITIONAL_REPRESENTATION('',(#5122),#5126);
#5122 = LINE('',#5123,#5124);
#5123 = CARTESIAN_POINT('',(0.,0.));
#5124 = VECTOR('',#5125,1.);
#5125 = DIRECTION('',(1.,0.));
#5126 = ( GEOMETRIC_REPRESENTATION_CONTEXT(2) 
PARAMETRIC_REPRESENTATION_CONTEXT() REPRESENTATION_CONTEXT('2D SPACE',''
  ) );
#5127 = PCURVE('',#5128,#5133);
#5128 = PLANE('',#5129);
#5129 = AXIS2_PLACEMENT_3D('',#5130,#5131,#5132);
#5130 = CARTESIAN_POINT('',(-417.,51.,1.038E+03));
#5131 = DIRECTION('',(-0.,1.,0.));
#5132 = DIRECTION('',(0.,0.,1.));
#5133 = DEFINITIONAL_REPRESENTATION('',(#5134),#5138);
#5134 = LINE('',#5135,#5136);
#5135 = CARTESIAN_POINT('',(8.,0.));
#5136 = VECTOR('',#5137,1.);
#5137 = DIRECTION('',(0.,1.));
#5138 = ( GEOMETRIC_REPRESENTATION_CONTEXT(2) 
PARAMETRIC_REPRESENTATION_CONTEXT() REPRESENTATION_CONTEXT('2D SPACE',''
  ) );
#5139 = ORIENTED_EDGE('',*,*,#5140,.T.);
#5140 = EDGE_CURVE('',#5113,#4647,#5141,.T.);
#5141 = SURFACE_CURVE('',#5142,(#5146,#5153),.PCURVE_S1.);
#5142 = LINE('',#5143,#5144);
#5143 = CARTESIAN_POINT('',(-367.,51.,1.046E+03));
#5144 = VECTOR('',#5145,1.);
#5145 = DIRECTION('',(-0.,1.,0.));
#5146 = PCURVE('',#4662,#5147);
#5147 = DEFINITIONAL_REPRESENTATION('',(#5148),#5152);
#5148 = LINE('',#5149,#5150);
#5149 = CARTESIAN_POINT('',(50.,0.));
#5150 = VECTOR('',#5151,1.);
#5151 = DIRECTION('',(0.,1.));
#5152 = ( GEOMETRIC_REPRESENTATION_CONTEXT(2) 
PARAMETRIC_REPRESENTATION_CONTEXT() REPRESENTATION_CONTEXT('2D SPACE',''
  ) );
#5153 = PCURVE('',#4744,#5154);
#5154 = DEFINITIONAL_REPRESENTATION('',(#5155),#5159);
#5155 = LINE('',#5156,#5157);
#5156 = CARTESIAN_POINT('',(8.,0.));
#5157 = VECTOR('',#5158,1.);
#5158 = DIRECTION('',(0.,-1.));
#5159 = ( GEOMETRIC_REPRESENTATION_CONTEXT(2) 
PARAMETRIC_REPRESENTATION_CONTEXT() REPRESENTATION_CONTEXT('2D SPACE',''
  ) );
#5160 = ORIENTED_EDGE('',*,*,#4644,.F.);
#5161 = ADVANCED_FACE('',(#5162),#4744,.T.);
#5162 = FACE_BOUND('',#5163,.T.);
#5163 = EDGE_LOOP('',(#5164,#5187,#5208,#5209));
#5164 = ORIENTED_EDGE('',*,*,#5165,.F.);
#5165 = EDGE_CURVE('',#5166,#5113,#5168,.T.);
#5166 = VERTEX_POINT('',#5167);
#5167 = CARTESIAN_POINT('',(-367.,51.,1.038E+03));
#5168 = SURFACE_CURVE('',#5169,(#5173,#5180),.PCURVE_S1.);
#5169 = LINE('',#5170,#5171);
#5170 = CARTESIAN_POINT('',(-367.,51.,1.038E+03));
#5171 = VECTOR('',#5172,1.);
#5172 = DIRECTION('',(0.,0.,1.));
#5173 = PCURVE('',#4744,#5174);
#5174 = DEFINITIONAL_REPRESENTATION('',(#5175),#5179);
#5175 = LINE('',#5176,#5177);
#5176 = CARTESIAN_POINT('',(0.,0.));
#5177 = VECTOR('',#5178,1.);
#5178 = DIRECTION('',(1.,0.));
#5179 = ( GEOMETRIC_REPRESENTATION_CONTEXT(2) 
PARAMETRIC_REPRESENTATION_CONTEXT() REPRESENTATION_CONTEXT('2D SPACE',''
  ) );
#5180 = PCURVE('',#5128,#5181);
#5181 = DEFINITIONAL_REPRESENTATION('',(#5182),#5186);
#5182 = LINE('',#5183,#5184);
#5183 = CARTESIAN_POINT('',(0.,50.));
#5184 = VECTOR('',#5185,1.);
#5185 = DIRECTION('',(1.,0.));
#5186 = ( GEOMETRIC_REPRESENTATION_CONTEXT(2) 
PARAMETRIC_REPRESENTATION_CONTEXT() REPRESENTATION_CONTEXT('2D SPACE',''
  ) );
#5187 = ORIENTED_EDGE('',*,*,#5188,.T.);
#5188 = EDGE_CURVE('',#5166,#4703,#5189,.T.);
#5189 = SURFACE_CURVE('',#5190,(#5194,#5201),.PCURVE_S1.);
#5190 = LINE('',#5191,#5192);
#5191 = CARTESIAN_POINT('',(-367.,51.,1.038E+03));
#5192 = VECTOR('',#5193,1.);
#5193 = DIRECTION('',(-0.,1.,0.));
#5194 = PCURVE('',#4744,#5195);
#5195 = DEFINITIONAL_REPRESENTATION('',(#5196),#5200);
#5196 = LINE('',#5197,#5198);
#5197 = CARTESIAN_POINT('',(0.,0.));
#5198 = VECTOR('',#5199,1.);
#5199 = DIRECTION('',(0.,-1.));
#5200 = ( GEOMETRIC_REPRESENTATION_CONTEXT(2) 
PARAMETRIC_REPRESENTATION_CONTEXT() REPRESENTATION_CONTEXT('2D SPACE',''
  ) );
#5201 = PCURVE('',#4718,#5202);
#5202 = DEFINITIONAL_REPRESENTATION('',(#5203),#5207);
#5203 = LINE('',#5204,#5205);
#5204 = CARTESIAN_POINT('',(50.,0.));
#5205 = VECTOR('',#5206,1.);
#5206 = DIRECTION('',(0.,1.));
#5207 = ( GEOMETRIC_REPRESENTATION_CONTEXT(2) 
PARAMETRIC_REPRESENTATION_CONTEXT() REPRESENTATION_CONTEXT('2D SPACE',''
  ) );
#5208 = ORIENTED_EDGE('',*,*,#4730,.T.);
#5209 = ORIENTED_EDGE('',*,*,#5140,.F.);
#5210 = ADVANCED_FACE('',(#5211),#4718,.F.);
#5211 = FACE_BOUND('',#5212,.F.);
#5212 = EDGE_LOOP('',(#5213,#5236,#5257,#5258));
#5213 = ORIENTED_EDGE('',*,*,#5214,.F.);
#5214 = EDGE_CURVE('',#5215,#4675,#5217,.T.);
#5215 = VERTEX_POINT('',#5216);
#5216 = CARTESIAN_POINT('',(-417.,51.,1.038E+03));
#5217 = SURFACE_CURVE('',#5218,(#5222,#5229),.PCURVE_S1.);
#5218 = LINE('',#5219,#5220);
#5219 = CARTESIAN_POINT('',(-417.,51.,1.038E+03));
#5220 = VECTOR('',#5221,1.);
#5221 = DIRECTION('',(-0.,1.,0.));
#5222 = PCURVE('',#4718,#5223);
#5223 = DEFINITIONAL_REPRESENTATION('',(#5224),#5228);
#5224 = LINE('',#5225,#5226);
#5225 = CARTESIAN_POINT('',(0.,0.));
#5226 = VECTOR('',#5227,1.);
#5227 = DIRECTION('',(0.,1.));
#5228 = ( GEOMETRIC_REPRESENTATION_CONTEXT(2) 
PARAMETRIC_REPRESENTATION_CONTEXT() REPRESENTATION_CONTEXT('2D SPACE',''
  ) );
#5229 = PCURVE('',#4690,#5230);
#5230 = DEFINITIONAL_REPRESENTATION('',(#5231),#5235);
#5231 = LINE('',#5232,#5233);
#5232 = CARTESIAN_POINT('',(0.,0.));
#5233 = VECTOR('',#5234,1.);
#5234 = DIRECTION('',(0.,-1.));
#5235 = ( GEOMETRIC_REPRESENTATION_CONTEXT(2) 
PARAMETRIC_REPRESENTATION_CONTEXT() REPRESENTATION_CONTEXT('2D SPACE',''
  ) );
#5236 = ORIENTED_EDGE('',*,*,#5237,.T.);
#5237 = EDGE_CURVE('',#5215,#5166,#5238,.T.);
#5238 = SURFACE_CURVE('',#5239,(#5243,#5250),.PCURVE_S1.);
#5239 = LINE('',#5240,#5241);
#5240 = CARTESIAN_POINT('',(-417.,51.,1.038E+03));
#5241 = VECTOR('',#5242,1.);
#5242 = DIRECTION('',(1.,0.,-0.));
#5243 = PCURVE('',#4718,#5244);
#5244 = DEFINITIONAL_REPRESENTATION('',(#5245),#5249);
#5245 = LINE('',#5246,#5247);
#5246 = CARTESIAN_POINT('',(0.,0.));
#5247 = VECTOR('',#5248,1.);
#5248 = DIRECTION('',(1.,0.));
#5249 = ( GEOMETRIC_REPRESENTATION_CONTEXT(2) 
PARAMETRIC_REPRESENTATION_CONTEXT() REPRESENTATION_CONTEXT('2D SPACE',''
  ) );
#5250 = PCURVE('',#5128,#5251);
#5251 = DEFINITIONAL_REPRESENTATION('',(#5252),#5256);
#5252 = LINE('',#5253,#5254);
#5253 = CARTESIAN_POINT('',(0.,0.));
#5254 = VECTOR('',#5255,1.);
#5255 = DIRECTION('',(0.,1.));
#5256 = ( GEOMETRIC_REPRESENTATION_CONTEXT(2) 
PARAMETRIC_REPRESENTATION_CONTEXT() REPRESENTATION_CONTEXT('2D SPACE',''
  ) );
#5257 = ORIENTED_EDGE('',*,*,#5188,.T.);
#5258 = ORIENTED_EDGE('',*,*,#4702,.F.);
#5259 = ADVANCED_FACE('',(#5260),#4690,.F.);
#5260 = FACE_BOUND('',#5261,.F.);
#5261 = EDGE_LOOP('',(#5262,#5283,#5284,#5285));
#5262 = ORIENTED_EDGE('',*,*,#5263,.F.);
#5263 = EDGE_CURVE('',#5215,#5090,#5264,.T.);
#5264 = SURFACE_CURVE('',#5265,(#5269,#5276),.PCURVE_S1.);
#5265 = LINE('',#5266,#5267);
#5266 = CARTESIAN_POINT('',(-417.,51.,1.038E+03));
#5267 = VECTOR('',#5268,1.);
#5268 = DIRECTION('',(0.,0.,1.));
#5269 = PCURVE('',#4690,#5270);
#5270 = DEFINITIONAL_REPRESENTATION('',(#5271),#5275);
#5271 = LINE('',#5272,#5273);
#5272 = CARTESIAN_POINT('',(0.,0.));
#5273 = VECTOR('',#5274,1.);
#5274 = DIRECTION('',(1.,0.));
#5275 = ( GEOMETRIC_REPRESENTATION_CONTEXT(2) 
PARAMETRIC_REPRESENTATION_CONTEXT() REPRESENTATION_CONTEXT('2D SPACE',''
  ) );
#5276 = PCURVE('',#5128,#5277);
#5277 = DEFINITIONAL_REPRESENTATION('',(#5278),#5282);
#5278 = LINE('',#5279,#5280);
#5279 = CARTESIAN_POINT('',(0.,0.));
#5280 = VECTOR('',#5281,1.);
#5281 = DIRECTION('',(1.,0.));
#5282 = ( GEOMETRIC_REPRESENTATION_CONTEXT(2) 
PARAMETRIC_REPRESENTATION_CONTEXT() REPRESENTATION_CONTEXT('2D SPACE',''
  ) );
#5283 = ORIENTED_EDGE('',*,*,#5214,.T.);
#5284 = ORIENTED_EDGE('',*,*,#4674,.T.);
#5285 = ORIENTED_EDGE('',*,*,#5089,.F.);
#5286 = ADVANCED_FACE('',(#5287),#5128,.F.);
#5287 = FACE_BOUND('',#5288,.F.);
#5288 = EDGE_LOOP('',(#5289,#5290,#5291,#5292));
#5289 = ORIENTED_EDGE('',*,*,#5237,.F.);
#5290 = ORIENTED_EDGE('',*,*,#5263,.T.);
#5291 = ORIENTED_EDGE('',*,*,#5112,.T.);
#5292 = ORIENTED_EDGE('',*,*,#5165,.F.);
#5293 = MANIFOLD_SOLID_BREP('',#5294);
#5294 = CLOSED_SHELL('',(#5295,#5415,#5491,#5646,#5695,#5722,#5729,#5805
    ,#5854,#5903,#5930));
#5295 = ADVANCED_FACE('',(#5296),#5310,.F.);
#5296 = FACE_BOUND('',#5297,.F.);
#5297 = EDGE_LOOP('',(#5298,#5333,#5361,#5389));
#5298 = ORIENTED_EDGE('',*,*,#5299,.F.);
#5299 = EDGE_CURVE('',#5300,#5302,#5304,.T.);
#5300 = VERTEX_POINT('',#5301);
#5301 = CARTESIAN_POINT('',(-479.5,-246.5,701.5));
#5302 = VERTEX_POINT('',#5303);
#5303 = CARTESIAN_POINT('',(-479.5,-246.5,721.5));
#5304 = SURFACE_CURVE('',#5305,(#5309,#5321),.PCURVE_S1.);
#5305 = LINE('',#5306,#5307);
#5306 = CARTESIAN_POINT('',(-479.5,-246.5,701.5));
#5307 = VECTOR('',#5308,1.);
#5308 = DIRECTION('',(0.,0.,1.));
#5309 = PCURVE('',#5310,#5315);
#5310 = PLANE('',#5311);
#5311 = AXIS2_PLACEMENT_3D('',#5312,#5313,#5314);
#5312 = CARTESIAN_POINT('',(-479.5,-246.5,701.5));
#5313 = DIRECTION('',(1.,0.,-0.));
#5314 = DIRECTION('',(0.,0.,1.));
#5315 = DEFINITIONAL_REPRESENTATION('',(#5316),#5320);
#5316 = LINE('',#5317,#5318);
#5317 = CARTESIAN_POINT('',(0.,0.));
#5318 = VECTOR('',#5319,1.);
#5319 = DIRECTION('',(1.,0.));
#5320 = ( GEOMETRIC_REPRESENTATION_CONTEXT(2) 
PARAMETRIC_REPRESENTATION_CONTEXT() REPRESENTATION_CONTEXT('2D SPACE',''
  ) );
#5321 = PCURVE('',#5322,#5327);
#5322 = PLANE('',#5323);
#5323 = AXIS2_PLACEMENT_3D('',#5324,#5325,#5326);
#5324 = CARTESIAN_POINT('',(-479.5,-246.5,701.5));
#5325 = DIRECTION('',(-0.,1.,0.));
#5326 = DIRECTION('',(0.,0.,1.));
#5327 = DEFINITIONAL_REPRESENTATION('',(#5328),#5332);
#5328 = LINE('',#5329,#5330);
#5329 = CARTESIAN_POINT('',(0.,0.));
#5330 = VECTOR('',#5331,1.);
#5331 = DIRECTION('',(1.,0.));
#5332 = ( GEOMETRIC_REPRESENTATION_CONTEXT(2) 
PARAMETRIC_REPRESENTATION_CONTEXT() REPRESENTATION_CONTEXT('2D SPACE',''
  ) );
#5333 = ORIENTED_EDGE('',*,*,#5334,.T.);
#5334 = EDGE_CURVE('',#5300,#5335,#5337,.T.);
#5335 = VERTEX_POINT('',#5336);
#5336 = CARTESIAN_POINT('',(-479.5,-78.,701.5));
#5337 = SURFACE_CURVE('',#5338,(#5342,#5349),.PCURVE_S1.);
#5338 = LINE('',#5339,#5340);
#5339 = CARTESIAN_POINT('',(-479.5,-246.5,701.5));
#5340 = VECTOR('',#5341,1.);
#5341 = DIRECTION('',(-0.,1.,0.));
#5342 = PCURVE('',#5310,#5343);
#5343 = DEFINITIONAL_REPRESENTATION('',(#5344),#5348);
#5344 = LINE('',#5345,#5346);
#5345 = CARTESIAN_POINT('',(0.,0.));
#5346 = VECTOR('',#5347,1.);
#5347 = DIRECTION('',(0.,-1.));
#5348 = ( GEOMETRIC_REPRESENTATION_CONTEXT(2) 
PARAMETRIC_REPRESENTATION_CONTEXT() REPRESENTATION_CONTEXT('2D SPACE',''
  ) );
#5349 = PCURVE('',#5350,#5355);
#5350 = PLANE('',#5351);
#5351 = AXIS2_PLACEMENT_3D('',#5352,#5353,#5354);
#5352 = CARTESIAN_POINT('',(-479.5,-246.5,701.5));
#5353 = DIRECTION('',(0.,0.,1.));
#5354 = DIRECTION('',(1.,0.,-0.));
#5355 = DEFINITIONAL_REPRESENTATION('',(#5356),#5360);
#5356 = LINE('',#5357,#5358);
#5357 = CARTESIAN_POINT('',(0.,0.));
#5358 = VECTOR('',#5359,1.);
#5359 = DIRECTION('',(0.,1.));
#5360 = ( GEOMETRIC_REPRESENTATION_CONTEXT(2) 
PARAMETRIC_REPRESENTATION_CONTEXT() REPRESENTATION_CONTEXT('2D SPACE',''
  ) );
#5361 = ORIENTED_EDGE('',*,*,#5362,.T.);
#5362 = EDGE_CURVE('',#5335,#5363,#5365,.T.);
#5363 = VERTEX_POINT('',#5364);
#5364 = CARTESIAN_POINT('',(-479.5,-78.,721.5));
#5365 = SURFACE_CURVE('',#5366,(#5370,#5377),.PCURVE_S1.);
#5366 = LINE('',#5367,#5368);
#5367 = CARTESIAN_POINT('',(-479.5,-78.,701.5));
#5368 = VECTOR('',#5369,1.);
#5369 = DIRECTION('',(0.,0.,1.));
#5370 = PCURVE('',#5310,#5371);
#5371 = DEFINITIONAL_REPRESENTATION('',(#5372),#5376);
#5372 = LINE('',#5373,#5374);
#5373 = CARTESIAN_POINT('',(0.,-168.5));
#5374 = VECTOR('',#5375,1.);
#5375 = DIRECTION('',(1.,0.));
#5376 = ( GEOMETRIC_REPRESENTATION_CONTEXT(2) 
PARAMETRIC_REPRESENTATION_CONTEXT() REPRESENTATION_CONTEXT('2D SPACE',''
  ) );
#5377 = PCURVE('',#5378,#5383);
#5378 = PLANE('',#5379);
#5379 = AXIS2_PLACEMENT_3D('',#5380,#5381,#5382);
#5380 = CARTESIAN_POINT('',(-479.5,-78.,701.5));
#5381 = DIRECTION('',(-0.,1.,0.));
#5382 = DIRECTION('',(0.,0.,1.));
#5383 = DEFINITIONAL_REPRESENTATION('',(#5384),#5388);
#5384 = LINE('',#5385,#5386);
#5385 = CARTESIAN_POINT('',(0.,0.));
#5386 = VECTOR('',#5387,1.);
#5387 = DIRECTION('',(1.,0.));
#5388 = ( GEOMETRIC_REPRESENTATION_CONTEXT(2) 
PARAMETRIC_REPRESENTATION_CONTEXT() REPRESENTATION_CONTEXT('2D SPACE',''
  ) );
#5389 = ORIENTED_EDGE('',*,*,#5390,.F.);
#5390 = EDGE_CURVE('',#5302,#5363,#5391,.T.);
#5391 = SURFACE_CURVE('',#5392,(#5396,#5403),.PCURVE_S1.);
#5392 = LINE('',#5393,#5394);
#5393 = CARTESIAN_POINT('',(-479.5,-246.5,721.5));
#5394 = VECTOR('',#5395,1.);
#5395 = DIRECTION('',(-0.,1.,0.));
#5396 = PCURVE('',#5310,#5397);
#5397 = DEFINITIONAL_REPRESENTATION('',(#5398),#5402);
#5398 = LINE('',#5399,#5400);
#5399 = CARTESIAN_POINT('',(20.,0.));
#5400 = VECTOR('',#5401,1.);
#5401 = DIRECTION('',(0.,-1.));
#5402 = ( GEOMETRIC_REPRESENTATION_CONTEXT(2) 
PARAMETRIC_REPRESENTATION_CONTEXT() REPRESENTATION_CONTEXT('2D SPACE',''
  ) );
#5403 = PCURVE('',#5404,#5409);
#5404 = PLANE('',#5405);
#5405 = AXIS2_PLACEMENT_3D('',#5406,#5407,#5408);
#5406 = CARTESIAN_POINT('',(-479.5,-246.5,721.5));
#5407 = DIRECTION('',(0.,0.,1.));
#5408 = DIRECTION('',(1.,0.,-0.));
#5409 = DEFINITIONAL_REPRESENTATION('',(#5410),#5414);
#5410 = LINE('',#5411,#5412);
#5411 = CARTESIAN_POINT('',(0.,0.));
#5412 = VECTOR('',#5413,1.);
#5413 = DIRECTION('',(0.,1.));
#5414 = ( GEOMETRIC_REPRESENTATION_CONTEXT(2) 
PARAMETRIC_REPRESENTATION_CONTEXT() REPRESENTATION_CONTEXT('2D SPACE',''
  ) );
#5415 = ADVANCED_FACE('',(#5416),#5322,.F.);
#5416 = FACE_BOUND('',#5417,.F.);
#5417 = EDGE_LOOP('',(#5418,#5441,#5442,#5465));
#5418 = ORIENTED_EDGE('',*,*,#5419,.F.);
#5419 = EDGE_CURVE('',#5300,#5420,#5422,.T.);
#5420 = VERTEX_POINT('',#5421);
#5421 = CARTESIAN_POINT('',(-304.5,-246.5,701.5));
#5422 = SURFACE_CURVE('',#5423,(#5427,#5434),.PCURVE_S1.);
#5423 = LINE('',#5424,#5425);
#5424 = CARTESIAN_POINT('',(-479.5,-246.5,701.5));
#5425 = VECTOR('',#5426,1.);
#5426 = DIRECTION('',(1.,0.,-0.));
#5427 = PCURVE('',#5322,#5428);
#5428 = DEFINITIONAL_REPRESENTATION('',(#5429),#5433);
#5429 = LINE('',#5430,#5431);
#5430 = CARTESIAN_POINT('',(0.,0.));
#5431 = VECTOR('',#5432,1.);
#5432 = DIRECTION('',(0.,1.));
#5433 = ( GEOMETRIC_REPRESENTATION_CONTEXT(2) 
PARAMETRIC_REPRESENTATION_CONTEXT() REPRESENTATION_CONTEXT('2D SPACE',''
  ) );
#5434 = PCURVE('',#5350,#5435);
#5435 = DEFINITIONAL_REPRESENTATION('',(#5436),#5440);
#5436 = LINE('',#5437,#5438);
#5437 = CARTESIAN_POINT('',(0.,0.));
#5438 = VECTOR('',#5439,1.);
#5439 = DIRECTION('',(1.,0.));
#5440 = ( GEOMETRIC_REPRESENTATION_CONTEXT(2) 
PARAMETRIC_REPRESENTATION_CONTEXT() REPRESENTATION_CONTEXT('2D SPACE',''
  ) );
#5441 = ORIENTED_EDGE('',*,*,#5299,.T.);
#5442 = ORIENTED_EDGE('',*,*,#5443,.T.);
#5443 = EDGE_CURVE('',#5302,#5444,#5446,.T.);
#5444 = VERTEX_POINT('',#5445);
#5445 = CARTESIAN_POINT('',(-304.5,-246.5,721.5));
#5446 = SURFACE_CURVE('',#5447,(#5451,#5458),.PCURVE_S1.);
#5447 = LINE('',#5448,#5449);
#5448 = CARTESIAN_POINT('',(-479.5,-246.5,721.5));
#5449 = VECTOR('',#5450,1.);
#5450 = DIRECTION('',(1.,0.,-0.));
#5451 = PCURVE('',#5322,#5452);
#5452 = DEFINITIONAL_REPRESENTATION('',(#5453),#5457);
#5453 = LINE('',#5454,#5455);
#5454 = CARTESIAN_POINT('',(20.,0.));
#5455 = VECTOR('',#5456,1.);
#5456 = DIRECTION('',(0.,1.));
#5457 = ( GEOMETRIC_REPRESENTATION_CONTEXT(2) 
PARAMETRIC_REPRESENTATION_CONTEXT() REPRESENTATION_CONTEXT('2D SPACE',''
  ) );
#5458 = PCURVE('',#5404,#5459);
#5459 = DEFINITIONAL_REPRESENTATION('',(#5460),#5464);
#5460 = LINE('',#5461,#5462);
#5461 = CARTESIAN_POINT('',(0.,0.));
#5462 = VECTOR('',#5463,1.);
#5463 = DIRECTION('',(1.,0.));
#5464 = ( GEOMETRIC_REPRESENTATION_CONTEXT(2) 
PARAMETRIC_REPRESENTATION_CONTEXT() REPRESENTATION_CONTEXT('2D SPACE',''
  ) );
#5465 = ORIENTED_EDGE('',*,*,#5466,.F.);
#5466 = EDGE_CURVE('',#5420,#5444,#5467,.T.);
#5467 = SURFACE_CURVE('',#5468,(#5472,#5479),.PCURVE_S1.);
#5468 = LINE('',#5469,#5470);
#5469 = CARTESIAN_POINT('',(-304.5,-246.5,701.5));
#5470 = VECTOR('',#5471,1.);
#5471 = DIRECTION('',(0.,0.,1.));
#5472 = PCURVE('',#5322,#5473);
#5473 = DEFINITIONAL_REPRESENTATION('',(#5474),#5478);
#5474 = LINE('',#5475,#5476);
#5475 = CARTESIAN_POINT('',(0.,175.));
#5476 = VECTOR('',#5477,1.);
#5477 = DIRECTION('',(1.,0.));
#5478 = ( GEOMETRIC_REPRESENTATION_CONTEXT(2) 
PARAMETRIC_REPRESENTATION_CONTEXT() REPRESENTATION_CONTEXT('2D SPACE',''
  ) );
#5479 = PCURVE('',#5480,#5485);
#5480 = PLANE('',#5481);
#5481 = AXIS2_PLACEMENT_3D('',#5482,#5483,#5484);
#5482 = CARTESIAN_POINT('',(-304.5,-246.5,701.5));
#5483 = DIRECTION('',(1.,0.,-0.));
#5484 = DIRECTION('',(0.,0.,1.));
#5485 = DEFINITIONAL_REPRESENTATION('',(#5486),#5490);
#5486 = LINE('',#5487,#5488);
#5487 = CARTESIAN_POINT('',(0.,0.));
#5488 = VECTOR('',#5489,1.);
#5489 = DIRECTION('',(1.,0.));
#5490 = ( GEOMETRIC_REPRESENTATION_CONTEXT(2) 
PARAMETRIC_REPRESENTATION_CONTEXT() REPRESENTATION_CONTEXT('2D SPACE',''
  ) );
#5491 = ADVANCED_FACE('',(#5492,#5540),#5404,.T.);
#5492 = FACE_BOUND('',#5493,.T.);
#5493 = EDGE_LOOP('',(#5494,#5495,#5496,#5519));
#5494 = ORIENTED_EDGE('',*,*,#5390,.F.);
#5495 = ORIENTED_EDGE('',*,*,#5443,.T.);
#5496 = ORIENTED_EDGE('',*,*,#5497,.T.);
#5497 = EDGE_CURVE('',#5444,#5498,#5500,.T.);
#5498 = VERTEX_POINT('',#5499);
#5499 = CARTESIAN_POINT('',(-304.5,-78.,721.5));
#5500 = SURFACE_CURVE('',#5501,(#5505,#5512),.PCURVE_S1.);
#5501 = LINE('',#5502,#5503);
#5502 = CARTESIAN_POINT('',(-304.5,-246.5,721.5));
#5503 = VECTOR('',#5504,1.);
#5504 = DIRECTION('',(-0.,1.,0.));
#5505 = PCURVE('',#5404,#5506);
#5506 = DEFINITIONAL_REPRESENTATION('',(#5507),#5511);
#5507 = LINE('',#5508,#5509);
#5508 = CARTESIAN_POINT('',(175.,0.));
#5509 = VECTOR('',#5510,1.);
#5510 = DIRECTION('',(0.,1.));
#5511 = ( GEOMETRIC_REPRESENTATION_CONTEXT(2) 
PARAMETRIC_REPRESENTATION_CONTEXT() REPRESENTATION_CONTEXT('2D SPACE',''
  ) );
#5512 = PCURVE('',#5480,#5513);
#5513 = DEFINITIONAL_REPRESENTATION('',(#5514),#5518);
#5514 = LINE('',#5515,#5516);
#5515 = CARTESIAN_POINT('',(20.,0.));
#5516 = VECTOR('',#5517,1.);
#5517 = DIRECTION('',(0.,-1.));
#5518 = ( GEOMETRIC_REPRESENTATION_CONTEXT(2) 
PARAMETRIC_REPRESENTATION_CONTEXT() REPRESENTATION_CONTEXT('2D SPACE',''
  ) );
#5519 = ORIENTED_EDGE('',*,*,#5520,.F.);
#5520 = EDGE_CURVE('',#5363,#5498,#5521,.T.);
#5521 = SURFACE_CURVE('',#5522,(#5526,#5533),.PCURVE_S1.);
#5522 = LINE('',#5523,#5524);
#5523 = CARTESIAN_POINT('',(-479.5,-78.,721.5));
#5524 = VECTOR('',#5525,1.);
#5525 = DIRECTION('',(1.,0.,-0.));
#5526 = PCURVE('',#5404,#5527);
#5527 = DEFINITIONAL_REPRESENTATION('',(#5528),#5532);
#5528 = LINE('',#5529,#5530);
#5529 = CARTESIAN_POINT('',(0.,168.5));
#5530 = VECTOR('',#5531,1.);
#5531 = DIRECTION('',(1.,0.));
#5532 = ( GEOMETRIC_REPRESENTATION_CONTEXT(2) 
PARAMETRIC_REPRESENTATION_CONTEXT() REPRESENTATION_CONTEXT('2D SPACE',''
  ) );
#5533 = PCURVE('',#5378,#5534);
#5534 = DEFINITIONAL_REPRESENTATION('',(#5535),#5539);
#5535 = LINE('',#5536,#5537);
#5536 = CARTESIAN_POINT('',(20.,0.));
#5537 = VECTOR('',#5538,1.);
#5538 = DIRECTION('',(0.,1.));
#5539 = ( GEOMETRIC_REPRESENTATION_CONTEXT(2) 
PARAMETRIC_REPRESENTATION_CONTEXT() REPRESENTATION_CONTEXT('2D SPACE',''
  ) );
#5540 = FACE_BOUND('',#5541,.T.);
#5541 = EDGE_LOOP('',(#5542,#5570,#5596,#5622));
#5542 = ORIENTED_EDGE('',*,*,#5543,.T.);
#5543 = EDGE_CURVE('',#5544,#5546,#5548,.T.);
#5544 = VERTEX_POINT('',#5545);
#5545 = CARTESIAN_POINT('',(-305.5,-245.5,721.5));
#5546 = VERTEX_POINT('',#5547);
#5547 = CARTESIAN_POINT('',(-478.5,-245.5,721.5));
#5548 = SURFACE_CURVE('',#5549,(#5553,#5559),.PCURVE_S1.);
#5549 = LINE('',#5550,#5551);
#5550 = CARTESIAN_POINT('',(-479.,-245.5,721.5));
#5551 = VECTOR('',#5552,1.);
#5552 = DIRECTION('',(-1.,-0.,0.));
#5553 = PCURVE('',#5404,#5554);
#5554 = DEFINITIONAL_REPRESENTATION('',(#5555),#5558);
#5555 = B_SPLINE_CURVE_WITH_KNOTS('',1,(#5556,#5557),.UNSPECIFIED.,.F.,
  .F.,(2,2),(-173.5,-0.5),.PIECEWISE_BEZIER_KNOTS.);
#5556 = CARTESIAN_POINT('',(174.,1.));
#5557 = CARTESIAN_POINT('',(1.,1.));
#5558 = ( GEOMETRIC_REPRESENTATION_CONTEXT(2) 
PARAMETRIC_REPRESENTATION_CONTEXT() REPRESENTATION_CONTEXT('2D SPACE',''
  ) );
#5559 = PCURVE('',#5560,#5565);
#5560 = PLANE('',#5561);
#5561 = AXIS2_PLACEMENT_3D('',#5562,#5563,#5564);
#5562 = CARTESIAN_POINT('',(-478.5,-245.5,702.5));
#5563 = DIRECTION('',(-0.,1.,0.));
#5564 = DIRECTION('',(0.,0.,1.));
#5565 = DEFINITIONAL_REPRESENTATION('',(#5566),#5569);
#5566 = B_SPLINE_CURVE_WITH_KNOTS('',1,(#5567,#5568),.UNSPECIFIED.,.F.,
  .F.,(2,2),(-173.5,-0.5),.PIECEWISE_BEZIER_KNOTS.);
#5567 = CARTESIAN_POINT('',(19.,173.));
#5568 = CARTESIAN_POINT('',(19.,0.));
#5569 = ( GEOMETRIC_REPRESENTATION_CONTEXT(2) 
PARAMETRIC_REPRESENTATION_CONTEXT() REPRESENTATION_CONTEXT('2D SPACE',''
  ) );
#5570 = ORIENTED_EDGE('',*,*,#5571,.T.);
#5571 = EDGE_CURVE('',#5546,#5572,#5574,.T.);
#5572 = VERTEX_POINT('',#5573);
#5573 = CARTESIAN_POINT('',(-478.5,-79.,721.5));
#5574 = SURFACE_CURVE('',#5575,(#5579,#5585),.PCURVE_S1.);
#5575 = LINE('',#5576,#5577);
#5576 = CARTESIAN_POINT('',(-478.5,-246.,721.5));
#5577 = VECTOR('',#5578,1.);
#5578 = DIRECTION('',(-0.,1.,0.));
#5579 = PCURVE('',#5404,#5580);
#5580 = DEFINITIONAL_REPRESENTATION('',(#5581),#5584);
#5581 = B_SPLINE_CURVE_WITH_KNOTS('',1,(#5582,#5583),.UNSPECIFIED.,.F.,
  .F.,(2,2),(0.5,167.),.PIECEWISE_BEZIER_KNOTS.);
#5582 = CARTESIAN_POINT('',(1.,1.));
#5583 = CARTESIAN_POINT('',(1.,167.5));
#5584 = ( GEOMETRIC_REPRESENTATION_CONTEXT(2) 
PARAMETRIC_REPRESENTATION_CONTEXT() REPRESENTATION_CONTEXT('2D SPACE',''
  ) );
#5585 = PCURVE('',#5586,#5591);
#5586 = PLANE('',#5587);
#5587 = AXIS2_PLACEMENT_3D('',#5588,#5589,#5590);
#5588 = CARTESIAN_POINT('',(-478.5,-245.5,702.5));
#5589 = DIRECTION('',(1.,0.,-0.));
#5590 = DIRECTION('',(0.,0.,1.));
#5591 = DEFINITIONAL_REPRESENTATION('',(#5592),#5595);
#5592 = B_SPLINE_CURVE_WITH_KNOTS('',1,(#5593,#5594),.UNSPECIFIED.,.F.,
  .F.,(2,2),(0.5,167.),.PIECEWISE_BEZIER_KNOTS.);
#5593 = CARTESIAN_POINT('',(19.,0.));
#5594 = CARTESIAN_POINT('',(19.,-166.5));
#5595 = ( GEOMETRIC_REPRESENTATION_CONTEXT(2) 
PARAMETRIC_REPRESENTATION_CONTEXT() REPRESENTATION_CONTEXT('2D SPACE',''
  ) );
#5596 = ORIENTED_EDGE('',*,*,#5597,.F.);
#5597 = EDGE_CURVE('',#5598,#5572,#5600,.T.);
#5598 = VERTEX_POINT('',#5599);
#5599 = CARTESIAN_POINT('',(-305.5,-79.,721.5));
#5600 = SURFACE_CURVE('',#5601,(#5605,#5611),.PCURVE_S1.);
#5601 = LINE('',#5602,#5603);
#5602 = CARTESIAN_POINT('',(-479.,-79.,721.5));
#5603 = VECTOR('',#5604,1.);
#5604 = DIRECTION('',(-1.,-0.,0.));
#5605 = PCURVE('',#5404,#5606);
#5606 = DEFINITIONAL_REPRESENTATION('',(#5607),#5610);
#5607 = B_SPLINE_CURVE_WITH_KNOTS('',1,(#5608,#5609),.UNSPECIFIED.,.F.,
  .F.,(2,2),(-173.5,-0.5),.PIECEWISE_BEZIER_KNOTS.);
#5608 = CARTESIAN_POINT('',(174.,167.5));
#5609 = CARTESIAN_POINT('',(1.,167.5));
#5610 = ( GEOMETRIC_REPRESENTATION_CONTEXT(2) 
PARAMETRIC_REPRESENTATION_CONTEXT() REPRESENTATION_CONTEXT('2D SPACE',''
  ) );
#5611 = PCURVE('',#5612,#5617);
#5612 = PLANE('',#5613);
#5613 = AXIS2_PLACEMENT_3D('',#5614,#5615,#5616);
#5614 = CARTESIAN_POINT('',(-478.5,-79.,702.5));
#5615 = DIRECTION('',(-0.,1.,0.));
#5616 = DIRECTION('',(0.,0.,1.));
#5617 = DEFINITIONAL_REPRESENTATION('',(#5618),#5621);
#5618 = B_SPLINE_CURVE_WITH_KNOTS('',1,(#5619,#5620),.UNSPECIFIED.,.F.,
  .F.,(2,2),(-173.5,-0.5),.PIECEWISE_BEZIER_KNOTS.);
#5619 = CARTESIAN_POINT('',(19.,173.));
#5620 = CARTESIAN_POINT('',(19.,0.));
#5621 = ( GEOMETRIC_REPRESENTATION_CONTEXT(2) 
PARAMETRIC_REPRESENTATION_CONTEXT() REPRESENTATION_CONTEXT('2D SPACE',''
  ) );
#5622 = ORIENTED_EDGE('',*,*,#5623,.F.);
#5623 = EDGE_CURVE('',#5544,#5598,#5624,.T.);
#5624 = SURFACE_CURVE('',#5625,(#5629,#5635),.PCURVE_S1.);
#5625 = LINE('',#5626,#5627);
#5626 = CARTESIAN_POINT('',(-305.5,-246.,721.5));
#5627 = VECTOR('',#5628,1.);
#5628 = DIRECTION('',(-0.,1.,0.));
#5629 = PCURVE('',#5404,#5630);
#5630 = DEFINITIONAL_REPRESENTATION('',(#5631),#5634);
#5631 = B_SPLINE_CURVE_WITH_KNOTS('',1,(#5632,#5633),.UNSPECIFIED.,.F.,
  .F.,(2,2),(0.5,167.),.PIECEWISE_BEZIER_KNOTS.);
#5632 = CARTESIAN_POINT('',(174.,1.));
#5633 = CARTESIAN_POINT('',(174.,167.5));
#5634 = ( GEOMETRIC_REPRESENTATION_CONTEXT(2) 
PARAMETRIC_REPRESENTATION_CONTEXT() REPRESENTATION_CONTEXT('2D SPACE',''
  ) );
#5635 = PCURVE('',#5636,#5641);
#5636 = PLANE('',#5637);
#5637 = AXIS2_PLACEMENT_3D('',#5638,#5639,#5640);
#5638 = CARTESIAN_POINT('',(-305.5,-245.5,702.5));
#5639 = DIRECTION('',(1.,0.,-0.));
#5640 = DIRECTION('',(0.,0.,1.));
#5641 = DEFINITIONAL_REPRESENTATION('',(#5642),#5645);
#5642 = B_SPLINE_CURVE_WITH_KNOTS('',1,(#5643,#5644),.UNSPECIFIED.,.F.,
  .F.,(2,2),(0.5,167.),.PIECEWISE_BEZIER_KNOTS.);
#5643 = CARTESIAN_POINT('',(19.,0.));
#5644 = CARTESIAN_POINT('',(19.,-166.5));
#5645 = ( GEOMETRIC_REPRESENTATION_CONTEXT(2) 
PARAMETRIC_REPRESENTATION_CONTEXT() REPRESENTATION_CONTEXT('2D SPACE',''
  ) );
#5646 = ADVANCED_FACE('',(#5647),#5378,.T.);
#5647 = FACE_BOUND('',#5648,.T.);
#5648 = EDGE_LOOP('',(#5649,#5672,#5673,#5674));
#5649 = ORIENTED_EDGE('',*,*,#5650,.F.);
#5650 = EDGE_CURVE('',#5335,#5651,#5653,.T.);
#5651 = VERTEX_POINT('',#5652);
#5652 = CARTESIAN_POINT('',(-304.5,-78.,701.5));
#5653 = SURFACE_CURVE('',#5654,(#5658,#5665),.PCURVE_S1.);
#5654 = LINE('',#5655,#5656);
#5655 = CARTESIAN_POINT('',(-479.5,-78.,701.5));
#5656 = VECTOR('',#5657,1.);
#5657 = DIRECTION('',(1.,0.,-0.));
#5658 = PCURVE('',#5378,#5659);
#5659 = DEFINITIONAL_REPRESENTATION('',(#5660),#5664);
#5660 = LINE('',#5661,#5662);
#5661 = CARTESIAN_POINT('',(0.,0.));
#5662 = VECTOR('',#5663,1.);
#5663 = DIRECTION('',(0.,1.));
#5664 = ( GEOMETRIC_REPRESENTATION_CONTEXT(2) 
PARAMETRIC_REPRESENTATION_CONTEXT() REPRESENTATION_CONTEXT('2D SPACE',''
  ) );
#5665 = PCURVE('',#5350,#5666);
#5666 = DEFINITIONAL_REPRESENTATION('',(#5667),#5671);
#5667 = LINE('',#5668,#5669);
#5668 = CARTESIAN_POINT('',(0.,168.5));
#5669 = VECTOR('',#5670,1.);
#5670 = DIRECTION('',(1.,0.));
#5671 = ( GEOMETRIC_REPRESENTATION_CONTEXT(2) 
PARAMETRIC_REPRESENTATION_CONTEXT() REPRESENTATION_CONTEXT('2D SPACE',''
  ) );
#5672 = ORIENTED_EDGE('',*,*,#5362,.T.);
#5673 = ORIENTED_EDGE('',*,*,#5520,.T.);
#5674 = ORIENTED_EDGE('',*,*,#5675,.F.);
#5675 = EDGE_CURVE('',#5651,#5498,#5676,.T.);
#5676 = SURFACE_CURVE('',#5677,(#5681,#5688),.PCURVE_S1.);
#5677 = LINE('',#5678,#5679);
#5678 = CARTESIAN_POINT('',(-304.5,-78.,701.5));
#5679 = VECTOR('',#5680,1.);
#5680 = DIRECTION('',(0.,0.,1.));
#5681 = PCURVE('',#5378,#5682);
#5682 = DEFINITIONAL_REPRESENTATION('',(#5683),#5687);
#5683 = LINE('',#5684,#5685);
#5684 = CARTESIAN_POINT('',(0.,175.));
#5685 = VECTOR('',#5686,1.);
#5686 = DIRECTION('',(1.,0.));
#5687 = ( GEOMETRIC_REPRESENTATION_CONTEXT(2) 
PARAMETRIC_REPRESENTATION_CONTEXT() REPRESENTATION_CONTEXT('2D SPACE',''
  ) );
#5688 = PCURVE('',#5480,#5689);
#5689 = DEFINITIONAL_REPRESENTATION('',(#5690),#5694);
#5690 = LINE('',#5691,#5692);
#5691 = CARTESIAN_POINT('',(0.,-168.5));
#5692 = VECTOR('',#5693,1.);
#5693 = DIRECTION('',(1.,0.));
#5694 = ( GEOMETRIC_REPRESENTATION_CONTEXT(2) 
PARAMETRIC_REPRESENTATION_CONTEXT() REPRESENTATION_CONTEXT('2D SPACE',''
  ) );
#5695 = ADVANCED_FACE('',(#5696),#5350,.F.);
#5696 = FACE_BOUND('',#5697,.F.);
#5697 = EDGE_LOOP('',(#5698,#5699,#5700,#5721));
#5698 = ORIENTED_EDGE('',*,*,#5334,.F.);
#5699 = ORIENTED_EDGE('',*,*,#5419,.T.);
#5700 = ORIENTED_EDGE('',*,*,#5701,.T.);
#5701 = EDGE_CURVE('',#5420,#5651,#5702,.T.);
#5702 = SURFACE_CURVE('',#5703,(#5707,#5714),.PCURVE_S1.);
#5703 = LINE('',#5704,#5705);
#5704 = CARTESIAN_POINT('',(-304.5,-246.5,701.5));
#5705 = VECTOR('',#5706,1.);
#5706 = DIRECTION('',(-0.,1.,0.));
#5707 = PCURVE('',#5350,#5708);
#5708 = DEFINITIONAL_REPRESENTATION('',(#5709),#5713);
#5709 = LINE('',#5710,#5711);
#5710 = CARTESIAN_POINT('',(175.,0.));
#5711 = VECTOR('',#5712,1.);
#5712 = DIRECTION('',(0.,1.));
#5713 = ( GEOMETRIC_REPRESENTATION_CONTEXT(2) 
PARAMETRIC_REPRESENTATION_CONTEXT() REPRESENTATION_CONTEXT('2D SPACE',''
  ) );
#5714 = PCURVE('',#5480,#5715);
#5715 = DEFINITIONAL_REPRESENTATION('',(#5716),#5720);
#5716 = LINE('',#5717,#5718);
#5717 = CARTESIAN_POINT('',(0.,0.));
#5718 = VECTOR('',#5719,1.);
#5719 = DIRECTION('',(0.,-1.));
#5720 = ( GEOMETRIC_REPRESENTATION_CONTEXT(2) 
PARAMETRIC_REPRESENTATION_CONTEXT() REPRESENTATION_CONTEXT('2D SPACE',''
  ) );
#5721 = ORIENTED_EDGE('',*,*,#5650,.F.);
#5722 = ADVANCED_FACE('',(#5723),#5480,.T.);
#5723 = FACE_BOUND('',#5724,.T.);
#5724 = EDGE_LOOP('',(#5725,#5726,#5727,#5728));
#5725 = ORIENTED_EDGE('',*,*,#5466,.F.);
#5726 = ORIENTED_EDGE('',*,*,#5701,.T.);
#5727 = ORIENTED_EDGE('',*,*,#5675,.T.);
#5728 = ORIENTED_EDGE('',*,*,#5497,.F.);
#5729 = ADVANCED_FACE('',(#5730),#5560,.T.);
#5730 = FACE_BOUND('',#5731,.T.);
#5731 = EDGE_LOOP('',(#5732,#5755,#5783,#5804));
#5732 = ORIENTED_EDGE('',*,*,#5733,.F.);
#5733 = EDGE_CURVE('',#5734,#5544,#5736,.T.);
#5734 = VERTEX_POINT('',#5735);
#5735 = CARTESIAN_POINT('',(-305.5,-245.5,702.5));
#5736 = SURFACE_CURVE('',#5737,(#5741,#5748),.PCURVE_S1.);
#5737 = LINE('',#5738,#5739);
#5738 = CARTESIAN_POINT('',(-305.5,-245.5,702.5));
#5739 = VECTOR('',#5740,1.);
#5740 = DIRECTION('',(0.,0.,1.));
#5741 = PCURVE('',#5560,#5742);
#5742 = DEFINITIONAL_REPRESENTATION('',(#5743),#5747);
#5743 = LINE('',#5744,#5745);
#5744 = CARTESIAN_POINT('',(0.,173.));
#5745 = VECTOR('',#5746,1.);
#5746 = DIRECTION('',(1.,0.));
#5747 = ( GEOMETRIC_REPRESENTATION_CONTEXT(2) 
PARAMETRIC_REPRESENTATION_CONTEXT() REPRESENTATION_CONTEXT('2D SPACE',''
  ) );
#5748 = PCURVE('',#5636,#5749);
#5749 = DEFINITIONAL_REPRESENTATION('',(#5750),#5754);
#5750 = LINE('',#5751,#5752);
#5751 = CARTESIAN_POINT('',(0.,0.));
#5752 = VECTOR('',#5753,1.);
#5753 = DIRECTION('',(1.,0.));
#5754 = ( GEOMETRIC_REPRESENTATION_CONTEXT(2) 
PARAMETRIC_REPRESENTATION_CONTEXT() REPRESENTATION_CONTEXT('2D SPACE',''
  ) );
#5755 = ORIENTED_EDGE('',*,*,#5756,.F.);
#5756 = EDGE_CURVE('',#5757,#5734,#5759,.T.);
#5757 = VERTEX_POINT('',#5758);
#5758 = CARTESIAN_POINT('',(-478.5,-245.5,702.5));
#5759 = SURFACE_CURVE('',#5760,(#5764,#5771),.PCURVE_S1.);
#5760 = LINE('',#5761,#5762);
#5761 = CARTESIAN_POINT('',(-478.5,-245.5,702.5));
#5762 = VECTOR('',#5763,1.);
#5763 = DIRECTION('',(1.,0.,-0.));
#5764 = PCURVE('',#5560,#5765);
#5765 = DEFINITIONAL_REPRESENTATION('',(#5766),#5770);
#5766 = LINE('',#5767,#5768);
#5767 = CARTESIAN_POINT('',(0.,0.));
#5768 = VECTOR('',#5769,1.);
#5769 = DIRECTION('',(0.,1.));
#5770 = ( GEOMETRIC_REPRESENTATION_CONTEXT(2) 
PARAMETRIC_REPRESENTATION_CONTEXT() REPRESENTATION_CONTEXT('2D SPACE',''
  ) );
#5771 = PCURVE('',#5772,#5777);
#5772 = PLANE('',#5773);
#5773 = AXIS2_PLACEMENT_3D('',#5774,#5775,#5776);
#5774 = CARTESIAN_POINT('',(-478.5,-245.5,702.5));
#5775 = DIRECTION('',(0.,0.,1.));
#5776 = DIRECTION('',(1.,0.,-0.));
#5777 = DEFINITIONAL_REPRESENTATION('',(#5778),#5782);
#5778 = LINE('',#5779,#5780);
#5779 = CARTESIAN_POINT('',(0.,0.));
#5780 = VECTOR('',#5781,1.);
#5781 = DIRECTION('',(1.,0.));
#5782 = ( GEOMETRIC_REPRESENTATION_CONTEXT(2) 
PARAMETRIC_REPRESENTATION_CONTEXT() REPRESENTATION_CONTEXT('2D SPACE',''
  ) );
#5783 = ORIENTED_EDGE('',*,*,#5784,.T.);
#5784 = EDGE_CURVE('',#5757,#5546,#5785,.T.);
#5785 = SURFACE_CURVE('',#5786,(#5790,#5797),.PCURVE_S1.);
#5786 = LINE('',#5787,#5788);
#5787 = CARTESIAN_POINT('',(-478.5,-245.5,702.5));
#5788 = VECTOR('',#5789,1.);
#5789 = DIRECTION('',(0.,0.,1.));
#5790 = PCURVE('',#5560,#5791);
#5791 = DEFINITIONAL_REPRESENTATION('',(#5792),#5796);
#5792 = LINE('',#5793,#5794);
#5793 = CARTESIAN_POINT('',(0.,0.));
#5794 = VECTOR('',#5795,1.);
#5795 = DIRECTION('',(1.,0.));
#5796 = ( GEOMETRIC_REPRESENTATION_CONTEXT(2) 
PARAMETRIC_REPRESENTATION_CONTEXT() REPRESENTATION_CONTEXT('2D SPACE',''
  ) );
#5797 = PCURVE('',#5586,#5798);
#5798 = DEFINITIONAL_REPRESENTATION('',(#5799),#5803);
#5799 = LINE('',#5800,#5801);
#5800 = CARTESIAN_POINT('',(0.,0.));
#5801 = VECTOR('',#5802,1.);
#5802 = DIRECTION('',(1.,0.));
#5803 = ( GEOMETRIC_REPRESENTATION_CONTEXT(2) 
PARAMETRIC_REPRESENTATION_CONTEXT() REPRESENTATION_CONTEXT('2D SPACE',''
  ) );
#5804 = ORIENTED_EDGE('',*,*,#5543,.F.);
#5805 = ADVANCED_FACE('',(#5806),#5636,.F.);
#5806 = FACE_BOUND('',#5807,.F.);
#5807 = EDGE_LOOP('',(#5808,#5809,#5832,#5853));
#5808 = ORIENTED_EDGE('',*,*,#5733,.F.);
#5809 = ORIENTED_EDGE('',*,*,#5810,.T.);
#5810 = EDGE_CURVE('',#5734,#5811,#5813,.T.);
#5811 = VERTEX_POINT('',#5812);
#5812 = CARTESIAN_POINT('',(-305.5,-79.,702.5));
#5813 = SURFACE_CURVE('',#5814,(#5818,#5825),.PCURVE_S1.);
#5814 = LINE('',#5815,#5816);
#5815 = CARTESIAN_POINT('',(-305.5,-245.5,702.5));
#5816 = VECTOR('',#5817,1.);
#5817 = DIRECTION('',(-0.,1.,0.));
#5818 = PCURVE('',#5636,#5819);
#5819 = DEFINITIONAL_REPRESENTATION('',(#5820),#5824);
#5820 = LINE('',#5821,#5822);
#5821 = CARTESIAN_POINT('',(0.,0.));
#5822 = VECTOR('',#5823,1.);
#5823 = DIRECTION('',(0.,-1.));
#5824 = ( GEOMETRIC_REPRESENTATION_CONTEXT(2) 
PARAMETRIC_REPRESENTATION_CONTEXT() REPRESENTATION_CONTEXT('2D SPACE',''
  ) );
#5825 = PCURVE('',#5772,#5826);
#5826 = DEFINITIONAL_REPRESENTATION('',(#5827),#5831);
#5827 = LINE('',#5828,#5829);
#5828 = CARTESIAN_POINT('',(173.,0.));
#5829 = VECTOR('',#5830,1.);
#5830 = DIRECTION('',(0.,1.));
#5831 = ( GEOMETRIC_REPRESENTATION_CONTEXT(2) 
PARAMETRIC_REPRESENTATION_CONTEXT() REPRESENTATION_CONTEXT('2D SPACE',''
  ) );
#5832 = ORIENTED_EDGE('',*,*,#5833,.T.);
#5833 = EDGE_CURVE('',#5811,#5598,#5834,.T.);
#5834 = SURFACE_CURVE('',#5835,(#5839,#5846),.PCURVE_S1.);
#5835 = LINE('',#5836,#5837);
#5836 = CARTESIAN_POINT('',(-305.5,-79.,702.5));
#5837 = VECTOR('',#5838,1.);
#5838 = DIRECTION('',(0.,0.,1.));
#5839 = PCURVE('',#5636,#5840);
#5840 = DEFINITIONAL_REPRESENTATION('',(#5841),#5845);
#5841 = LINE('',#5842,#5843);
#5842 = CARTESIAN_POINT('',(0.,-166.5));
#5843 = VECTOR('',#5844,1.);
#5844 = DIRECTION('',(1.,0.));
#5845 = ( GEOMETRIC_REPRESENTATION_CONTEXT(2) 
PARAMETRIC_REPRESENTATION_CONTEXT() REPRESENTATION_CONTEXT('2D SPACE',''
  ) );
#5846 = PCURVE('',#5612,#5847);
#5847 = DEFINITIONAL_REPRESENTATION('',(#5848),#5852);
#5848 = LINE('',#5849,#5850);
#5849 = CARTESIAN_POINT('',(0.,173.));
#5850 = VECTOR('',#5851,1.);
#5851 = DIRECTION('',(1.,0.));
#5852 = ( GEOMETRIC_REPRESENTATION_CONTEXT(2) 
PARAMETRIC_REPRESENTATION_CONTEXT() REPRESENTATION_CONTEXT('2D SPACE',''
  ) );
#5853 = ORIENTED_EDGE('',*,*,#5623,.F.);
#5854 = ADVANCED_FACE('',(#5855),#5612,.F.);
#5855 = FACE_BOUND('',#5856,.F.);
#5856 = EDGE_LOOP('',(#5857,#5858,#5881,#5902));
#5857 = ORIENTED_EDGE('',*,*,#5833,.F.);
#5858 = ORIENTED_EDGE('',*,*,#5859,.F.);
#5859 = EDGE_CURVE('',#5860,#5811,#5862,.T.);
#5860 = VERTEX_POINT('',#5861);
#5861 = CARTESIAN_POINT('',(-478.5,-79.,702.5));
#5862 = SURFACE_CURVE('',#5863,(#5867,#5874),.PCURVE_S1.);
#5863 = LINE('',#5864,#5865);
#5864 = CARTESIAN_POINT('',(-478.5,-79.,702.5));
#5865 = VECTOR('',#5866,1.);
#5866 = DIRECTION('',(1.,0.,-0.));
#5867 = PCURVE('',#5612,#5868);
#5868 = DEFINITIONAL_REPRESENTATION('',(#5869),#5873);
#5869 = LINE('',#5870,#5871);
#5870 = CARTESIAN_POINT('',(0.,0.));
#5871 = VECTOR('',#5872,1.);
#5872 = DIRECTION('',(0.,1.));
#5873 = ( GEOMETRIC_REPRESENTATION_CONTEXT(2) 
PARAMETRIC_REPRESENTATION_CONTEXT() REPRESENTATION_CONTEXT('2D SPACE',''
  ) );
#5874 = PCURVE('',#5772,#5875);
#5875 = DEFINITIONAL_REPRESENTATION('',(#5876),#5880);
#5876 = LINE('',#5877,#5878);
#5877 = CARTESIAN_POINT('',(0.,166.5));
#5878 = VECTOR('',#5879,1.);
#5879 = DIRECTION('',(1.,0.));
#5880 = ( GEOMETRIC_REPRESENTATION_CONTEXT(2) 
PARAMETRIC_REPRESENTATION_CONTEXT() REPRESENTATION_CONTEXT('2D SPACE',''
  ) );
#5881 = ORIENTED_EDGE('',*,*,#5882,.T.);
#5882 = EDGE_CURVE('',#5860,#5572,#5883,.T.);
#5883 = SURFACE_CURVE('',#5884,(#5888,#5895),.PCURVE_S1.);
#5884 = LINE('',#5885,#5886);
#5885 = CARTESIAN_POINT('',(-478.5,-79.,702.5));
#5886 = VECTOR('',#5887,1.);
#5887 = DIRECTION('',(0.,0.,1.));
#5888 = PCURVE('',#5612,#5889);
#5889 = DEFINITIONAL_REPRESENTATION('',(#5890),#5894);
#5890 = LINE('',#5891,#5892);
#5891 = CARTESIAN_POINT('',(0.,0.));
#5892 = VECTOR('',#5893,1.);
#5893 = DIRECTION('',(1.,0.));
#5894 = ( GEOMETRIC_REPRESENTATION_CONTEXT(2) 
PARAMETRIC_REPRESENTATION_CONTEXT() REPRESENTATION_CONTEXT('2D SPACE',''
  ) );
#5895 = PCURVE('',#5586,#5896);
#5896 = DEFINITIONAL_REPRESENTATION('',(#5897),#5901);
#5897 = LINE('',#5898,#5899);
#5898 = CARTESIAN_POINT('',(0.,-166.5));
#5899 = VECTOR('',#5900,1.);
#5900 = DIRECTION('',(1.,0.));
#5901 = ( GEOMETRIC_REPRESENTATION_CONTEXT(2) 
PARAMETRIC_REPRESENTATION_CONTEXT() REPRESENTATION_CONTEXT('2D SPACE',''
  ) );
#5902 = ORIENTED_EDGE('',*,*,#5597,.F.);
#5903 = ADVANCED_FACE('',(#5904),#5586,.T.);
#5904 = FACE_BOUND('',#5905,.T.);
#5905 = EDGE_LOOP('',(#5906,#5907,#5928,#5929));
#5906 = ORIENTED_EDGE('',*,*,#5784,.F.);
#5907 = ORIENTED_EDGE('',*,*,#5908,.T.);
#5908 = EDGE_CURVE('',#5757,#5860,#5909,.T.);
#5909 = SURFACE_CURVE('',#5910,(#5914,#5921),.PCURVE_S1.);
#5910 = LINE('',#5911,#5912);
#5911 = CARTESIAN_POINT('',(-478.5,-245.5,702.5));
#5912 = VECTOR('',#5913,1.);
#5913 = DIRECTION('',(-0.,1.,0.));
#5914 = PCURVE('',#5586,#5915);
#5915 = DEFINITIONAL_REPRESENTATION('',(#5916),#5920);
#5916 = LINE('',#5917,#5918);
#5917 = CARTESIAN_POINT('',(0.,0.));
#5918 = VECTOR('',#5919,1.);
#5919 = DIRECTION('',(0.,-1.));
#5920 = ( GEOMETRIC_REPRESENTATION_CONTEXT(2) 
PARAMETRIC_REPRESENTATION_CONTEXT() REPRESENTATION_CONTEXT('2D SPACE',''
  ) );
#5921 = PCURVE('',#5772,#5922);
#5922 = DEFINITIONAL_REPRESENTATION('',(#5923),#5927);
#5923 = LINE('',#5924,#5925);
#5924 = CARTESIAN_POINT('',(0.,0.));
#5925 = VECTOR('',#5926,1.);
#5926 = DIRECTION('',(0.,1.));
#5927 = ( GEOMETRIC_REPRESENTATION_CONTEXT(2) 
PARAMETRIC_REPRESENTATION_CONTEXT() REPRESENTATION_CONTEXT('2D SPACE',''
  ) );
#5928 = ORIENTED_EDGE('',*,*,#5882,.T.);
#5929 = ORIENTED_EDGE('',*,*,#5571,.F.);
#5930 = ADVANCED_FACE('',(#5931),#5772,.T.);
#5931 = FACE_BOUND('',#5932,.T.);
#5932 = EDGE_LOOP('',(#5933,#5934,#5935,#5936));
#5933 = ORIENTED_EDGE('',*,*,#5908,.F.);
#5934 = ORIENTED_EDGE('',*,*,#5756,.T.);
#5935 = ORIENTED_EDGE('',*,*,#5810,.T.);
#5936 = ORIENTED_EDGE('',*,*,#5859,.F.);
#5937 = MANIFOLD_SOLID_BREP('',#5938);
#5938 = CLOSED_SHELL('',(#5939,#6059,#6159,#6206,#6253,#6260));
#5939 = ADVANCED_FACE('',(#5940),#5954,.F.);
#5940 = FACE_BOUND('',#5941,.F.);
#5941 = EDGE_LOOP('',(#5942,#5977,#6005,#6033));
#5942 = ORIENTED_EDGE('',*,*,#5943,.F.);
#5943 = EDGE_CURVE('',#5944,#5946,#5948,.T.);
#5944 = VERTEX_POINT('',#5945);
#5945 = CARTESIAN_POINT('',(-478.5,-245.5,702.5));
#5946 = VERTEX_POINT('',#5947);
#5947 = CARTESIAN_POINT('',(-478.5,-245.5,719.5));
#5948 = SURFACE_CURVE('',#5949,(#5953,#5965),.PCURVE_S1.);
#5949 = LINE('',#5950,#5951);
#5950 = CARTESIAN_POINT('',(-478.5,-245.5,702.5));
#5951 = VECTOR('',#5952,1.);
#5952 = DIRECTION('',(0.,0.,1.));
#5953 = PCURVE('',#5954,#5959);
#5954 = PLANE('',#5955);
#5955 = AXIS2_PLACEMENT_3D('',#5956,#5957,#5958);
#5956 = CARTESIAN_POINT('',(-478.5,-245.5,702.5));
#5957 = DIRECTION('',(1.,0.,-0.));
#5958 = DIRECTION('',(0.,0.,1.));
#5959 = DEFINITIONAL_REPRESENTATION('',(#5960),#5964);
#5960 = LINE('',#5961,#5962);
#5961 = CARTESIAN_POINT('',(0.,0.));
#5962 = VECTOR('',#5963,1.);
#5963 = DIRECTION('',(1.,0.));
#5964 = ( GEOMETRIC_REPRESENTATION_CONTEXT(2) 
PARAMETRIC_REPRESENTATION_CONTEXT() REPRESENTATION_CONTEXT('2D SPACE',''
  ) );
#5965 = PCURVE('',#5966,#5971);
#5966 = PLANE('',#5967);
#5967 = AXIS2_PLACEMENT_3D('',#5968,#5969,#5970);
#5968 = CARTESIAN_POINT('',(-478.5,-245.5,702.5));
#5969 = DIRECTION('',(-0.,1.,0.));
#5970 = DIRECTION('',(0.,0.,1.));
#5971 = DEFINITIONAL_REPRESENTATION('',(#5972),#5976);
#5972 = LINE('',#5973,#5974);
#5973 = CARTESIAN_POINT('',(0.,0.));
#5974 = VECTOR('',#5975,1.);
#5975 = DIRECTION('',(1.,0.));
#5976 = ( GEOMETRIC_REPRESENTATION_CONTEXT(2) 
PARAMETRIC_REPRESENTATION_CONTEXT() REPRESENTATION_CONTEXT('2D SPACE',''
  ) );
#5977 = ORIENTED_EDGE('',*,*,#5978,.T.);
#5978 = EDGE_CURVE('',#5944,#5979,#5981,.T.);
#5979 = VERTEX_POINT('',#5980);
#5980 = CARTESIAN_POINT('',(-478.5,-79.,702.5));
#5981 = SURFACE_CURVE('',#5982,(#5986,#5993),.PCURVE_S1.);
#5982 = LINE('',#5983,#5984);
#5983 = CARTESIAN_POINT('',(-478.5,-245.5,702.5));
#5984 = VECTOR('',#5985,1.);
#5985 = DIRECTION('',(-0.,1.,0.));
#5986 = PCURVE('',#5954,#5987);
#5987 = DEFINITIONAL_REPRESENTATION('',(#5988),#5992);
#5988 = LINE('',#5989,#5990);
#5989 = CARTESIAN_POINT('',(0.,0.));
#5990 = VECTOR('',#5991,1.);
#5991 = DIRECTION('',(0.,-1.));
#5992 = ( GEOMETRIC_REPRESENTATION_CONTEXT(2) 
PARAMETRIC_REPRESENTATION_CONTEXT() REPRESENTATION_CONTEXT('2D SPACE',''
  ) );
#5993 = PCURVE('',#5994,#5999);
#5994 = PLANE('',#5995);
#5995 = AXIS2_PLACEMENT_3D('',#5996,#5997,#5998);
#5996 = CARTESIAN_POINT('',(-478.5,-245.5,702.5));
#5997 = DIRECTION('',(0.,0.,1.));
#5998 = DIRECTION('',(1.,0.,-0.));
#5999 = DEFINITIONAL_REPRESENTATION('',(#6000),#6004);
#6000 = LINE('',#6001,#6002);
#6001 = CARTESIAN_POINT('',(0.,0.));
#6002 = VECTOR('',#6003,1.);
#6003 = DIRECTION('',(0.,1.));
#6004 = ( GEOMETRIC_REPRESENTATION_CONTEXT(2) 
PARAMETRIC_REPRESENTATION_CONTEXT() REPRESENTATION_CONTEXT('2D SPACE',''
  ) );
#6005 = ORIENTED_EDGE('',*,*,#6006,.T.);
#6006 = EDGE_CURVE('',#5979,#6007,#6009,.T.);
#6007 = VERTEX_POINT('',#6008);
#6008 = CARTESIAN_POINT('',(-478.5,-79.,719.5));
#6009 = SURFACE_CURVE('',#6010,(#6014,#6021),.PCURVE_S1.);
#6010 = LINE('',#6011,#6012);
#6011 = CARTESIAN_POINT('',(-478.5,-79.,702.5));
#6012 = VECTOR('',#6013,1.);
#6013 = DIRECTION('',(0.,0.,1.));
#6014 = PCURVE('',#5954,#6015);
#6015 = DEFINITIONAL_REPRESENTATION('',(#6016),#6020);
#6016 = LINE('',#6017,#6018);
#6017 = CARTESIAN_POINT('',(0.,-166.5));
#6018 = VECTOR('',#6019,1.);
#6019 = DIRECTION('',(1.,0.));
#6020 = ( GEOMETRIC_REPRESENTATION_CONTEXT(2) 
PARAMETRIC_REPRESENTATION_CONTEXT() REPRESENTATION_CONTEXT('2D SPACE',''
  ) );
#6021 = PCURVE('',#6022,#6027);
#6022 = PLANE('',#6023);
#6023 = AXIS2_PLACEMENT_3D('',#6024,#6025,#6026);
#6024 = CARTESIAN_POINT('',(-478.5,-79.,702.5));
#6025 = DIRECTION('',(-0.,1.,0.));
#6026 = DIRECTION('',(0.,0.,1.));
#6027 = DEFINITIONAL_REPRESENTATION('',(#6028),#6032);
#6028 = LINE('',#6029,#6030);
#6029 = CARTESIAN_POINT('',(0.,0.));
#6030 = VECTOR('',#6031,1.);
#6031 = DIRECTION('',(1.,0.));
#6032 = ( GEOMETRIC_REPRESENTATION_CONTEXT(2) 
PARAMETRIC_REPRESENTATION_CONTEXT() REPRESENTATION_CONTEXT('2D SPACE',''
  ) );
#6033 = ORIENTED_EDGE('',*,*,#6034,.F.);
#6034 = EDGE_CURVE('',#5946,#6007,#6035,.T.);
#6035 = SURFACE_CURVE('',#6036,(#6040,#6047),.PCURVE_S1.);
#6036 = LINE('',#6037,#6038);
#6037 = CARTESIAN_POINT('',(-478.5,-245.5,719.5));
#6038 = VECTOR('',#6039,1.);
#6039 = DIRECTION('',(-0.,1.,0.));
#6040 = PCURVE('',#5954,#6041);
#6041 = DEFINITIONAL_REPRESENTATION('',(#6042),#6046);
#6042 = LINE('',#6043,#6044);
#6043 = CARTESIAN_POINT('',(17.,0.));
#6044 = VECTOR('',#6045,1.);
#6045 = DIRECTION('',(0.,-1.));
#6046 = ( GEOMETRIC_REPRESENTATION_CONTEXT(2) 
PARAMETRIC_REPRESENTATION_CONTEXT() REPRESENTATION_CONTEXT('2D SPACE',''
  ) );
#6047 = PCURVE('',#6048,#6053);
#6048 = PLANE('',#6049);
#6049 = AXIS2_PLACEMENT_3D('',#6050,#6051,#6052);
#6050 = CARTESIAN_POINT('',(-478.5,-245.5,719.5));
#6051 = DIRECTION('',(0.,0.,1.));
#6052 = DIRECTION('',(1.,0.,-0.));
#6053 = DEFINITIONAL_REPRESENTATION('',(#6054),#6058);
#6054 = LINE('',#6055,#6056);
#6055 = CARTESIAN_POINT('',(0.,0.));
#6056 = VECTOR('',#6057,1.);
#6057 = DIRECTION('',(0.,1.));
#6058 = ( GEOMETRIC_REPRESENTATION_CONTEXT(2) 
PARAMETRIC_REPRESENTATION_CONTEXT() REPRESENTATION_CONTEXT('2D SPACE',''
  ) );
#6059 = ADVANCED_FACE('',(#6060),#6074,.T.);
#6060 = FACE_BOUND('',#6061,.T.);
#6061 = EDGE_LOOP('',(#6062,#6092,#6115,#6138));
#6062 = ORIENTED_EDGE('',*,*,#6063,.F.);
#6063 = EDGE_CURVE('',#6064,#6066,#6068,.T.);
#6064 = VERTEX_POINT('',#6065);
#6065 = CARTESIAN_POINT('',(-305.5,-245.5,702.5));
#6066 = VERTEX_POINT('',#6067);
#6067 = CARTESIAN_POINT('',(-305.5,-245.5,719.5));
#6068 = SURFACE_CURVE('',#6069,(#6073,#6085),.PCURVE_S1.);
#6069 = LINE('',#6070,#6071);
#6070 = CARTESIAN_POINT('',(-305.5,-245.5,702.5));
#6071 = VECTOR('',#6072,1.);
#6072 = DIRECTION('',(0.,0.,1.));
#6073 = PCURVE('',#6074,#6079);
#6074 = PLANE('',#6075);
#6075 = AXIS2_PLACEMENT_3D('',#6076,#6077,#6078);
#6076 = CARTESIAN_POINT('',(-305.5,-245.5,702.5));
#6077 = DIRECTION('',(1.,0.,-0.));
#6078 = DIRECTION('',(0.,0.,1.));
#6079 = DEFINITIONAL_REPRESENTATION('',(#6080),#6084);
#6080 = LINE('',#6081,#6082);
#6081 = CARTESIAN_POINT('',(0.,0.));
#6082 = VECTOR('',#6083,1.);
#6083 = DIRECTION('',(1.,0.));
#6084 = ( GEOMETRIC_REPRESENTATION_CONTEXT(2) 
PARAMETRIC_REPRESENTATION_CONTEXT() REPRESENTATION_CONTEXT('2D SPACE',''
  ) );
#6085 = PCURVE('',#5966,#6086);
#6086 = DEFINITIONAL_REPRESENTATION('',(#6087),#6091);
#6087 = LINE('',#6088,#6089);
#6088 = CARTESIAN_POINT('',(0.,173.));
#6089 = VECTOR('',#6090,1.);
#6090 = DIRECTION('',(1.,0.));
#6091 = ( GEOMETRIC_REPRESENTATION_CONTEXT(2) 
PARAMETRIC_REPRESENTATION_CONTEXT() REPRESENTATION_CONTEXT('2D SPACE',''
  ) );
#6092 = ORIENTED_EDGE('',*,*,#6093,.T.);
#6093 = EDGE_CURVE('',#6064,#6094,#6096,.T.);
#6094 = VERTEX_POINT('',#6095);
#6095 = CARTESIAN_POINT('',(-305.5,-79.,702.5));
#6096 = SURFACE_CURVE('',#6097,(#6101,#6108),.PCURVE_S1.);
#6097 = LINE('',#6098,#6099);
#6098 = CARTESIAN_POINT('',(-305.5,-245.5,702.5));
#6099 = VECTOR('',#6100,1.);
#6100 = DIRECTION('',(-0.,1.,0.));
#6101 = PCURVE('',#6074,#6102);
#6102 = DEFINITIONAL_REPRESENTATION('',(#6103),#6107);
#6103 = LINE('',#6104,#6105);
#6104 = CARTESIAN_POINT('',(0.,0.));
#6105 = VECTOR('',#6106,1.);
#6106 = DIRECTION('',(0.,-1.));
#6107 = ( GEOMETRIC_REPRESENTATION_CONTEXT(2) 
PARAMETRIC_REPRESENTATION_CONTEXT() REPRESENTATION_CONTEXT('2D SPACE',''
  ) );
#6108 = PCURVE('',#5994,#6109);
#6109 = DEFINITIONAL_REPRESENTATION('',(#6110),#6114);
#6110 = LINE('',#6111,#6112);
#6111 = CARTESIAN_POINT('',(173.,0.));
#6112 = VECTOR('',#6113,1.);
#6113 = DIRECTION('',(0.,1.));
#6114 = ( GEOMETRIC_REPRESENTATION_CONTEXT(2) 
PARAMETRIC_REPRESENTATION_CONTEXT() REPRESENTATION_CONTEXT('2D SPACE',''
  ) );
#6115 = ORIENTED_EDGE('',*,*,#6116,.T.);
#6116 = EDGE_CURVE('',#6094,#6117,#6119,.T.);
#6117 = VERTEX_POINT('',#6118);
#6118 = CARTESIAN_POINT('',(-305.5,-79.,719.5));
#6119 = SURFACE_CURVE('',#6120,(#6124,#6131),.PCURVE_S1.);
#6120 = LINE('',#6121,#6122);
#6121 = CARTESIAN_POINT('',(-305.5,-79.,702.5));
#6122 = VECTOR('',#6123,1.);
#6123 = DIRECTION('',(0.,0.,1.));
#6124 = PCURVE('',#6074,#6125);
#6125 = DEFINITIONAL_REPRESENTATION('',(#6126),#6130);
#6126 = LINE('',#6127,#6128);
#6127 = CARTESIAN_POINT('',(0.,-166.5));
#6128 = VECTOR('',#6129,1.);
#6129 = DIRECTION('',(1.,0.));
#6130 = ( GEOMETRIC_REPRESENTATION_CONTEXT(2) 
PARAMETRIC_REPRESENTATION_CONTEXT() REPRESENTATION_CONTEXT('2D SPACE',''
  ) );
#6131 = PCURVE('',#6022,#6132);
#6132 = DEFINITIONAL_REPRESENTATION('',(#6133),#6137);
#6133 = LINE('',#6134,#6135);
#6134 = CARTESIAN_POINT('',(0.,173.));
#6135 = VECTOR('',#6136,1.);
#6136 = DIRECTION('',(1.,0.));
#6137 = ( GEOMETRIC_REPRESENTATION_CONTEXT(2) 
PARAMETRIC_REPRESENTATION_CONTEXT() REPRESENTATION_CONTEXT('2D SPACE',''
  ) );
#6138 = ORIENTED_EDGE('',*,*,#6139,.F.);
#6139 = EDGE_CURVE('',#6066,#6117,#6140,.T.);
#6140 = SURFACE_CURVE('',#6141,(#6145,#6152),.PCURVE_S1.);
#6141 = LINE('',#6142,#6143);
#6142 = CARTESIAN_POINT('',(-305.5,-245.5,719.5));
#6143 = VECTOR('',#6144,1.);
#6144 = DIRECTION('',(-0.,1.,0.));
#6145 = PCURVE('',#6074,#6146);
#6146 = DEFINITIONAL_REPRESENTATION('',(#6147),#6151);
#6147 = LINE('',#6148,#6149);
#6148 = CARTESIAN_POINT('',(17.,0.));
#6149 = VECTOR('',#6150,1.);
#6150 = DIRECTION('',(0.,-1.));
#6151 = ( GEOMETRIC_REPRESENTATION_CONTEXT(2) 
PARAMETRIC_REPRESENTATION_CONTEXT() REPRESENTATION_CONTEXT('2D SPACE',''
  ) );
#6152 = PCURVE('',#6048,#6153);
#6153 = DEFINITIONAL_REPRESENTATION('',(#6154),#6158);
#6154 = LINE('',#6155,#6156);
#6155 = CARTESIAN_POINT('',(173.,0.));
#6156 = VECTOR('',#6157,1.);
#6157 = DIRECTION('',(0.,1.));
#6158 = ( GEOMETRIC_REPRESENTATION_CONTEXT(2) 
PARAMETRIC_REPRESENTATION_CONTEXT() REPRESENTATION_CONTEXT('2D SPACE',''
  ) );
#6159 = ADVANCED_FACE('',(#6160),#5966,.F.);
#6160 = FACE_BOUND('',#6161,.F.);
#6161 = EDGE_LOOP('',(#6162,#6183,#6184,#6205));
#6162 = ORIENTED_EDGE('',*,*,#6163,.F.);
#6163 = EDGE_CURVE('',#5944,#6064,#6164,.T.);
#6164 = SURFACE_CURVE('',#6165,(#6169,#6176),.PCURVE_S1.);
#6165 = LINE('',#6166,#6167);
#6166 = CARTESIAN_POINT('',(-478.5,-245.5,702.5));
#6167 = VECTOR('',#6168,1.);
#6168 = DIRECTION('',(1.,0.,-0.));
#6169 = PCURVE('',#5966,#6170);
#6170 = DEFINITIONAL_REPRESENTATION('',(#6171),#6175);
#6171 = LINE('',#6172,#6173);
#6172 = CARTESIAN_POINT('',(0.,0.));
#6173 = VECTOR('',#6174,1.);
#6174 = DIRECTION('',(0.,1.));
#6175 = ( GEOMETRIC_REPRESENTATION_CONTEXT(2) 
PARAMETRIC_REPRESENTATION_CONTEXT() REPRESENTATION_CONTEXT('2D SPACE',''
  ) );
#6176 = PCURVE('',#5994,#6177);
#6177 = DEFINITIONAL_REPRESENTATION('',(#6178),#6182);
#6178 = LINE('',#6179,#6180);
#6179 = CARTESIAN_POINT('',(0.,0.));
#6180 = VECTOR('',#6181,1.);
#6181 = DIRECTION('',(1.,0.));
#6182 = ( GEOMETRIC_REPRESENTATION_CONTEXT(2) 
PARAMETRIC_REPRESENTATION_CONTEXT() REPRESENTATION_CONTEXT('2D SPACE',''
  ) );
#6183 = ORIENTED_EDGE('',*,*,#5943,.T.);
#6184 = ORIENTED_EDGE('',*,*,#6185,.T.);
#6185 = EDGE_CURVE('',#5946,#6066,#6186,.T.);
#6186 = SURFACE_CURVE('',#6187,(#6191,#6198),.PCURVE_S1.);
#6187 = LINE('',#6188,#6189);
#6188 = CARTESIAN_POINT('',(-478.5,-245.5,719.5));
#6189 = VECTOR('',#6190,1.);
#6190 = DIRECTION('',(1.,0.,-0.));
#6191 = PCURVE('',#5966,#6192);
#6192 = DEFINITIONAL_REPRESENTATION('',(#6193),#6197);
#6193 = LINE('',#6194,#6195);
#6194 = CARTESIAN_POINT('',(17.,0.));
#6195 = VECTOR('',#6196,1.);
#6196 = DIRECTION('',(0.,1.));
#6197 = ( GEOMETRIC_REPRESENTATION_CONTEXT(2) 
PARAMETRIC_REPRESENTATION_CONTEXT() REPRESENTATION_CONTEXT('2D SPACE',''
  ) );
#6198 = PCURVE('',#6048,#6199);
#6199 = DEFINITIONAL_REPRESENTATION('',(#6200),#6204);
#6200 = LINE('',#6201,#6202);
#6201 = CARTESIAN_POINT('',(0.,0.));
#6202 = VECTOR('',#6203,1.);
#6203 = DIRECTION('',(1.,0.));
#6204 = ( GEOMETRIC_REPRESENTATION_CONTEXT(2) 
PARAMETRIC_REPRESENTATION_CONTEXT() REPRESENTATION_CONTEXT('2D SPACE',''
  ) );
#6205 = ORIENTED_EDGE('',*,*,#6063,.F.);
#6206 = ADVANCED_FACE('',(#6207),#6022,.T.);
#6207 = FACE_BOUND('',#6208,.T.);
#6208 = EDGE_LOOP('',(#6209,#6230,#6231,#6252));
#6209 = ORIENTED_EDGE('',*,*,#6210,.F.);
#6210 = EDGE_CURVE('',#5979,#6094,#6211,.T.);
#6211 = SURFACE_CURVE('',#6212,(#6216,#6223),.PCURVE_S1.);
#6212 = LINE('',#6213,#6214);
#6213 = CARTESIAN_POINT('',(-478.5,-79.,702.5));
#6214 = VECTOR('',#6215,1.);
#6215 = DIRECTION('',(1.,0.,-0.));
#6216 = PCURVE('',#6022,#6217);
#6217 = DEFINITIONAL_REPRESENTATION('',(#6218),#6222);
#6218 = LINE('',#6219,#6220);
#6219 = CARTESIAN_POINT('',(0.,0.));
#6220 = VECTOR('',#6221,1.);
#6221 = DIRECTION('',(0.,1.));
#6222 = ( GEOMETRIC_REPRESENTATION_CONTEXT(2) 
PARAMETRIC_REPRESENTATION_CONTEXT() REPRESENTATION_CONTEXT('2D SPACE',''
  ) );
#6223 = PCURVE('',#5994,#6224);
#6224 = DEFINITIONAL_REPRESENTATION('',(#6225),#6229);
#6225 = LINE('',#6226,#6227);
#6226 = CARTESIAN_POINT('',(0.,166.5));
#6227 = VECTOR('',#6228,1.);
#6228 = DIRECTION('',(1.,0.));
#6229 = ( GEOMETRIC_REPRESENTATION_CONTEXT(2) 
PARAMETRIC_REPRESENTATION_CONTEXT() REPRESENTATION_CONTEXT('2D SPACE',''
  ) );
#6230 = ORIENTED_EDGE('',*,*,#6006,.T.);
#6231 = ORIENTED_EDGE('',*,*,#6232,.T.);
#6232 = EDGE_CURVE('',#6007,#6117,#6233,.T.);
#6233 = SURFACE_CURVE('',#6234,(#6238,#6245),.PCURVE_S1.);
#6234 = LINE('',#6235,#6236);
#6235 = CARTESIAN_POINT('',(-478.5,-79.,719.5));
#6236 = VECTOR('',#6237,1.);
#6237 = DIRECTION('',(1.,0.,-0.));
#6238 = PCURVE('',#6022,#6239);
#6239 = DEFINITIONAL_REPRESENTATION('',(#6240),#6244);
#6240 = LINE('',#6241,#6242);
#6241 = CARTESIAN_POINT('',(17.,0.));
#6242 = VECTOR('',#6243,1.);
#6243 = DIRECTION('',(0.,1.));
#6244 = ( GEOMETRIC_REPRESENTATION_CONTEXT(2) 
PARAMETRIC_REPRESENTATION_CONTEXT() REPRESENTATION_CONTEXT('2D SPACE',''
  ) );
#6245 = PCURVE('',#6048,#6246);
#6246 = DEFINITIONAL_REPRESENTATION('',(#6247),#6251);
#6247 = LINE('',#6248,#6249);
#6248 = CARTESIAN_POINT('',(0.,166.5));
#6249 = VECTOR('',#6250,1.);
#6250 = DIRECTION('',(1.,0.));
#6251 = ( GEOMETRIC_REPRESENTATION_CONTEXT(2) 
PARAMETRIC_REPRESENTATION_CONTEXT() REPRESENTATION_CONTEXT('2D SPACE',''
  ) );
#6252 = ORIENTED_EDGE('',*,*,#6116,.F.);
#6253 = ADVANCED_FACE('',(#6254),#5994,.F.);
#6254 = FACE_BOUND('',#6255,.F.);
#6255 = EDGE_LOOP('',(#6256,#6257,#6258,#6259));
#6256 = ORIENTED_EDGE('',*,*,#5978,.F.);
#6257 = ORIENTED_EDGE('',*,*,#6163,.T.);
#6258 = ORIENTED_EDGE('',*,*,#6093,.T.);
#6259 = ORIENTED_EDGE('',*,*,#6210,.F.);
#6260 = ADVANCED_FACE('',(#6261),#6048,.T.);
#6261 = FACE_BOUND('',#6262,.T.);
#6262 = EDGE_LOOP('',(#6263,#6264,#6265,#6266));
#6263 = ORIENTED_EDGE('',*,*,#6034,.F.);
#6264 = ORIENTED_EDGE('',*,*,#6185,.T.);
#6265 = ORIENTED_EDGE('',*,*,#6139,.T.);
#6266 = ORIENTED_EDGE('',*,*,#6232,.F.);
#6267 = ( GEOMETRIC_REPRESENTATION_CONTEXT(3) 
GLOBAL_UNCERTAINTY_ASSIGNED_CONTEXT((#6271)) 
GLOBAL_UNIT_ASSIGNED_CONTEXT((#6268,#6269,#6270)) REPRESENTATION_CONTEXT
('Context #1','3D Context with UNIT and UNCERTAINTY') );
#6268 = ( LENGTH_UNIT() NAMED_UNIT(*) SI_UNIT(.MILLI.,.METRE.) );
#6269 = ( NAMED_UNIT(*) PLANE_ANGLE_UNIT() SI_UNIT($,.RADIAN.) );
#6270 = ( NAMED_UNIT(*) SI_UNIT($,.STERADIAN.) SOLID_ANGLE_UNIT() );
#6271 = UNCERTAINTY_MEASURE_WITH_UNIT(LENGTH_MEASURE(1.E-07),#6268,
  'distance_accuracy_value','confusion accuracy');
#6272 = PRODUCT_RELATED_PRODUCT_CATEGORY('part',$,(#7));
ENDSEC;
END-ISO-10303-21;
