ISO-10303-21;
HEADER;
FILE_DESCRIPTION(('Open CASCADE Model'),'2;1');
FILE_NAME('Open CASCADE Shape Model','2026-09-25T23:58:07',('Author'),(
    'Open CASCADE'),'Open CASCADE STEP processor 8.0','build123d',
  'Unknown');
FILE_SCHEMA(('AUTOMOTIVE_DESIGN { 1 0 10303 214 1 1 1 1 }'));
ENDSEC;
DATA;
#1 = APPLICATION_PROTOCOL_DEFINITION('international standard',
  'automotive_design',2000,#2);
#2 = APPLICATION_CONTEXT(
  'core data for automotive mechanical design processes');
#3 = SHAPE_DEFINITION_REPRESENTATION(#4,#10);
#4 = PRODUCT_DEFINITION_SHAPE('','',#5);
#5 = PRODUCT_DEFINITION('design','',#6,#9);
#6 = PRODUCT_DEFINITION_FORMATION('','',#7);
#7 = PRODUCT('COMPOUND','COMPOUND','',(#8));
#8 = PRODUCT_CONTEXT('',#2,'mechanical');
#9 = PRODUCT_DEFINITION_CONTEXT('part definition',#2,'design');
#10 = SHAPE_REPRESENTATION('',(#11,#15,#3149,#3479,#3577,#3675,#6705,
    #7671),#8323);
#11 = AXIS2_PLACEMENT_3D('',#12,#13,#14);
#12 = CARTESIAN_POINT('',(0.,0.,0.));
#13 = DIRECTION('',(0.,0.,1.));
#14 = DIRECTION('',(1.,0.,-0.));
#15 = MANIFOLD_SOLID_BREP('',#16);
#16 = CLOSED_SHELL('',(#17,#137,#759,#808,#857,#884,#891,#965,#1012,
    #1059,#1084,#1153,#1200,#1247,#1272,#1346,#1393,#1440,#1465,#1541,
    #1590,#1639,#1666,#1742,#1791,#1840,#1867,#2206,#2317,#2324,#2331,
    #2480,#2529,#2646,#2673,#2748,#2796,#2844,#2870,#2945,#2993,#3041,
    #3067,#3094,#3121,#3128,#3135,#3142));
#17 = ADVANCED_FACE('',(#18),#32,.F.);
#18 = FACE_BOUND('',#19,.F.);
#19 = EDGE_LOOP('',(#20,#55,#83,#111));
#20 = ORIENTED_EDGE('',*,*,#21,.F.);
#21 = EDGE_CURVE('',#22,#24,#26,.T.);
#22 = VERTEX_POINT('',#23);
#23 = CARTESIAN_POINT('',(-500.,-250.,100.));
#24 = VERTEX_POINT('',#25);
#25 = CARTESIAN_POINT('',(-500.,-250.,1.5E+03));
#26 = SURFACE_CURVE('',#27,(#31,#43),.PCURVE_S1.);
#27 = LINE('',#28,#29);
#28 = CARTESIAN_POINT('',(-500.,-250.,100.));
#29 = VECTOR('',#30,1.);
#30 = DIRECTION('',(0.,0.,1.));
#31 = PCURVE('',#32,#37);
#32 = PLANE('',#33);
#33 = AXIS2_PLACEMENT_3D('',#34,#35,#36);
#34 = CARTESIAN_POINT('',(-500.,-250.,100.));
#35 = DIRECTION('',(1.,0.,-0.));
#36 = DIRECTION('',(0.,0.,1.));
#37 = DEFINITIONAL_REPRESENTATION('',(#38),#42);
#38 = LINE('',#39,#40);
#39 = CARTESIAN_POINT('',(0.,0.));
#40 = VECTOR('',#41,1.);
#41 = DIRECTION('',(1.,0.));
#42 = ( GEOMETRIC_REPRESENTATION_CONTEXT(2) 
PARAMETRIC_REPRESENTATION_CONTEXT() REPRESENTATION_CONTEXT('2D SPACE',''
  ) );
#43 = PCURVE('',#44,#49);
#44 = PLANE('',#45);
#45 = AXIS2_PLACEMENT_3D('',#46,#47,#48);
#46 = CARTESIAN_POINT('',(-500.,-250.,100.));
#47 = DIRECTION('',(-0.,1.,0.));
#48 = DIRECTION('',(0.,0.,1.));
#49 = DEFINITIONAL_REPRESENTATION('',(#50),#54);
#50 = LINE('',#51,#52);
#51 = CARTESIAN_POINT('',(0.,0.));
#52 = VECTOR('',#53,1.);
#53 = DIRECTION('',(1.,0.));
#54 = ( GEOMETRIC_REPRESENTATION_CONTEXT(2) 
PARAMETRIC_REPRESENTATION_CONTEXT() REPRESENTATION_CONTEXT('2D SPACE',''
  ) );
#55 = ORIENTED_EDGE('',*,*,#56,.T.);
#56 = EDGE_CURVE('',#22,#57,#59,.T.);
#57 = VERTEX_POINT('',#58);
#58 = CARTESIAN_POINT('',(-500.,250.,100.));
#59 = SURFACE_CURVE('',#60,(#64,#71),.PCURVE_S1.);
#60 = LINE('',#61,#62);
#61 = CARTESIAN_POINT('',(-500.,-250.,100.));
#62 = VECTOR('',#63,1.);
#63 = DIRECTION('',(-0.,1.,0.));
#64 = PCURVE('',#32,#65);
#65 = DEFINITIONAL_REPRESENTATION('',(#66),#70);
#66 = LINE('',#67,#68);
#67 = CARTESIAN_POINT('',(0.,0.));
#68 = VECTOR('',#69,1.);
#69 = DIRECTION('',(0.,-1.));
#70 = ( GEOMETRIC_REPRESENTATION_CONTEXT(2) 
PARAMETRIC_REPRESENTATION_CONTEXT() REPRESENTATION_CONTEXT('2D SPACE',''
  ) );
#71 = PCURVE('',#72,#77);
#72 = PLANE('',#73);
#73 = AXIS2_PLACEMENT_3D('',#74,#75,#76);
#74 = CARTESIAN_POINT('',(-500.,-250.,100.));
#75 = DIRECTION('',(0.,0.,1.));
#76 = DIRECTION('',(1.,0.,-0.));
#77 = DEFINITIONAL_REPRESENTATION('',(#78),#82);
#78 = LINE('',#79,#80);
#79 = CARTESIAN_POINT('',(0.,0.));
#80 = VECTOR('',#81,1.);
#81 = DIRECTION('',(0.,1.));
#82 = ( GEOMETRIC_REPRESENTATION_CONTEXT(2) 
PARAMETRIC_REPRESENTATION_CONTEXT() REPRESENTATION_CONTEXT('2D SPACE',''
  ) );
#83 = ORIENTED_EDGE('',*,*,#84,.T.);
#84 = EDGE_CURVE('',#57,#85,#87,.T.);
#85 = VERTEX_POINT('',#86);
#86 = CARTESIAN_POINT('',(-500.,250.,1.5E+03));
#87 = SURFACE_CURVE('',#88,(#92,#99),.PCURVE_S1.);
#88 = LINE('',#89,#90);
#89 = CARTESIAN_POINT('',(-500.,250.,100.));
#90 = VECTOR('',#91,1.);
#91 = DIRECTION('',(0.,0.,1.));
#92 = PCURVE('',#32,#93);
#93 = DEFINITIONAL_REPRESENTATION('',(#94),#98);
#94 = LINE('',#95,#96);
#95 = CARTESIAN_POINT('',(0.,-500.));
#96 = VECTOR('',#97,1.);
#97 = DIRECTION('',(1.,0.));
#98 = ( GEOMETRIC_REPRESENTATION_CONTEXT(2) 
PARAMETRIC_REPRESENTATION_CONTEXT() REPRESENTATION_CONTEXT('2D SPACE',''
  ) );
#99 = PCURVE('',#100,#105);
#100 = PLANE('',#101);
#101 = AXIS2_PLACEMENT_3D('',#102,#103,#104);
#102 = CARTESIAN_POINT('',(-500.,250.,100.));
#103 = DIRECTION('',(-0.,1.,0.));
#104 = DIRECTION('',(0.,0.,1.));
#105 = DEFINITIONAL_REPRESENTATION('',(#106),#110);
#106 = LINE('',#107,#108);
#107 = CARTESIAN_POINT('',(0.,0.));
#108 = VECTOR('',#109,1.);
#109 = DIRECTION('',(1.,0.));
#110 = ( GEOMETRIC_REPRESENTATION_CONTEXT(2) 
PARAMETRIC_REPRESENTATION_CONTEXT() REPRESENTATION_CONTEXT('2D SPACE',''
  ) );
#111 = ORIENTED_EDGE('',*,*,#112,.F.);
#112 = EDGE_CURVE('',#24,#85,#113,.T.);
#113 = SURFACE_CURVE('',#114,(#118,#125),.PCURVE_S1.);
#114 = LINE('',#115,#116);
#115 = CARTESIAN_POINT('',(-500.,-250.,1.5E+03));
#116 = VECTOR('',#117,1.);
#117 = DIRECTION('',(-0.,1.,0.));
#118 = PCURVE('',#32,#119);
#119 = DEFINITIONAL_REPRESENTATION('',(#120),#124);
#120 = LINE('',#121,#122);
#121 = CARTESIAN_POINT('',(1.4E+03,0.));
#122 = VECTOR('',#123,1.);
#123 = DIRECTION('',(0.,-1.));
#124 = ( GEOMETRIC_REPRESENTATION_CONTEXT(2) 
PARAMETRIC_REPRESENTATION_CONTEXT() REPRESENTATION_CONTEXT('2D SPACE',''
  ) );
#125 = PCURVE('',#126,#131);
#126 = PLANE('',#127);
#127 = AXIS2_PLACEMENT_3D('',#128,#129,#130);
#128 = CARTESIAN_POINT('',(-500.,-250.,1.5E+03));
#129 = DIRECTION('',(0.,0.,1.));
#130 = DIRECTION('',(1.,0.,-0.));
#131 = DEFINITIONAL_REPRESENTATION('',(#132),#136);
#132 = LINE('',#133,#134);
#133 = CARTESIAN_POINT('',(0.,0.));
#134 = VECTOR('',#135,1.);
#135 = DIRECTION('',(0.,1.));
#136 = ( GEOMETRIC_REPRESENTATION_CONTEXT(2) 
PARAMETRIC_REPRESENTATION_CONTEXT() REPRESENTATION_CONTEXT('2D SPACE',''
  ) );
#137 = ADVANCED_FACE('',(#138,#213,#319,#425,#531,#645),#44,.F.);
#138 = FACE_BOUND('',#139,.F.);
#139 = EDGE_LOOP('',(#140,#163,#164,#187));
#140 = ORIENTED_EDGE('',*,*,#141,.F.);
#141 = EDGE_CURVE('',#22,#142,#144,.T.);
#142 = VERTEX_POINT('',#143);
#143 = CARTESIAN_POINT('',(500.,-250.,100.));
#144 = SURFACE_CURVE('',#145,(#149,#156),.PCURVE_S1.);
#145 = LINE('',#146,#147);
#146 = CARTESIAN_POINT('',(-500.,-250.,100.));
#147 = VECTOR('',#148,1.);
#148 = DIRECTION('',(1.,0.,-0.));
#149 = PCURVE('',#44,#150);
#150 = DEFINITIONAL_REPRESENTATION('',(#151),#155);
#151 = LINE('',#152,#153);
#152 = CARTESIAN_POINT('',(0.,0.));
#153 = VECTOR('',#154,1.);
#154 = DIRECTION('',(0.,1.));
#155 = ( GEOMETRIC_REPRESENTATION_CONTEXT(2) 
PARAMETRIC_REPRESENTATION_CONTEXT() REPRESENTATION_CONTEXT('2D SPACE',''
  ) );
#156 = PCURVE('',#72,#157);
#157 = DEFINITIONAL_REPRESENTATION('',(#158),#162);
#158 = LINE('',#159,#160);
#159 = CARTESIAN_POINT('',(0.,0.));
#160 = VECTOR('',#161,1.);
#161 = DIRECTION('',(1.,0.));
#162 = ( GEOMETRIC_REPRESENTATION_CONTEXT(2) 
PARAMETRIC_REPRESENTATION_CONTEXT() REPRESENTATION_CONTEXT('2D SPACE',''
  ) );
#163 = ORIENTED_EDGE('',*,*,#21,.T.);
#164 = ORIENTED_EDGE('',*,*,#165,.T.);
#165 = EDGE_CURVE('',#24,#166,#168,.T.);
#166 = VERTEX_POINT('',#167);
#167 = CARTESIAN_POINT('',(500.,-250.,1.5E+03));
#168 = SURFACE_CURVE('',#169,(#173,#180),.PCURVE_S1.);
#169 = LINE('',#170,#171);
#170 = CARTESIAN_POINT('',(-500.,-250.,1.5E+03));
#171 = VECTOR('',#172,1.);
#172 = DIRECTION('',(1.,0.,-0.));
#173 = PCURVE('',#44,#174);
#174 = DEFINITIONAL_REPRESENTATION('',(#175),#179);
#175 = LINE('',#176,#177);
#176 = CARTESIAN_POINT('',(1.4E+03,0.));
#177 = VECTOR('',#178,1.);
#178 = DIRECTION('',(0.,1.));
#179 = ( GEOMETRIC_REPRESENTATION_CONTEXT(2) 
PARAMETRIC_REPRESENTATION_CONTEXT() REPRESENTATION_CONTEXT('2D SPACE',''
  ) );
#180 = PCURVE('',#126,#181);
#181 = DEFINITIONAL_REPRESENTATION('',(#182),#186);
#182 = LINE('',#183,#184);
#183 = CARTESIAN_POINT('',(0.,0.));
#184 = VECTOR('',#185,1.);
#185 = DIRECTION('',(1.,0.));
#186 = ( GEOMETRIC_REPRESENTATION_CONTEXT(2) 
PARAMETRIC_REPRESENTATION_CONTEXT() REPRESENTATION_CONTEXT('2D SPACE',''
  ) );
#187 = ORIENTED_EDGE('',*,*,#188,.F.);
#188 = EDGE_CURVE('',#142,#166,#189,.T.);
#189 = SURFACE_CURVE('',#190,(#194,#201),.PCURVE_S1.);
#190 = LINE('',#191,#192);
#191 = CARTESIAN_POINT('',(500.,-250.,100.));
#192 = VECTOR('',#193,1.);
#193 = DIRECTION('',(0.,0.,1.));
#194 = PCURVE('',#44,#195);
#195 = DEFINITIONAL_REPRESENTATION('',(#196),#200);
#196 = LINE('',#197,#198);
#197 = CARTESIAN_POINT('',(0.,1.E+03));
#198 = VECTOR('',#199,1.);
#199 = DIRECTION('',(1.,0.));
#200 = ( GEOMETRIC_REPRESENTATION_CONTEXT(2) 
PARAMETRIC_REPRESENTATION_CONTEXT() REPRESENTATION_CONTEXT('2D SPACE',''
  ) );
#201 = PCURVE('',#202,#207);
#202 = PLANE('',#203);
#203 = AXIS2_PLACEMENT_3D('',#204,#205,#206);
#204 = CARTESIAN_POINT('',(500.,-250.,100.));
#205 = DIRECTION('',(1.,0.,-0.));
#206 = DIRECTION('',(0.,0.,1.));
#207 = DEFINITIONAL_REPRESENTATION('',(#208),#212);
#208 = LINE('',#209,#210);
#209 = CARTESIAN_POINT('',(0.,0.));
#210 = VECTOR('',#211,1.);
#211 = DIRECTION('',(1.,0.));
#212 = ( GEOMETRIC_REPRESENTATION_CONTEXT(2) 
PARAMETRIC_REPRESENTATION_CONTEXT() REPRESENTATION_CONTEXT('2D SPACE',''
  ) );
#213 = FACE_BOUND('',#214,.F.);
#214 = EDGE_LOOP('',(#215,#243,#269,#295));
#215 = ORIENTED_EDGE('',*,*,#216,.F.);
#216 = EDGE_CURVE('',#217,#219,#221,.T.);
#217 = VERTEX_POINT('',#218);
#218 = CARTESIAN_POINT('',(-478.,-250.,1.215E+03));
#219 = VERTEX_POINT('',#220);
#220 = CARTESIAN_POINT('',(-306.,-250.,1.215E+03));
#221 = SURFACE_CURVE('',#222,(#226,#232),.PCURVE_S1.);
#222 = LINE('',#223,#224);
#223 = CARTESIAN_POINT('',(-489.,-250.,1.215E+03));
#224 = VECTOR('',#225,1.);
#225 = DIRECTION('',(1.,0.,-0.));
#226 = PCURVE('',#44,#227);
#227 = DEFINITIONAL_REPRESENTATION('',(#228),#231);
#228 = B_SPLINE_CURVE_WITH_KNOTS('',1,(#229,#230),.UNSPECIFIED.,.F.,.F.,
  (2,2),(11.,183.),.PIECEWISE_BEZIER_KNOTS.);
#229 = CARTESIAN_POINT('',(1.115E+03,22.));
#230 = CARTESIAN_POINT('',(1.115E+03,194.));
#231 = ( GEOMETRIC_REPRESENTATION_CONTEXT(2) 
PARAMETRIC_REPRESENTATION_CONTEXT() REPRESENTATION_CONTEXT('2D SPACE',''
  ) );
#232 = PCURVE('',#233,#238);
#233 = PLANE('',#234);
#234 = AXIS2_PLACEMENT_3D('',#235,#236,#237);
#235 = CARTESIAN_POINT('',(-478.,-251.,1.215E+03));
#236 = DIRECTION('',(0.,0.,1.));
#237 = DIRECTION('',(1.,0.,-0.));
#238 = DEFINITIONAL_REPRESENTATION('',(#239),#242);
#239 = B_SPLINE_CURVE_WITH_KNOTS('',1,(#240,#241),.UNSPECIFIED.,.F.,.F.,
  (2,2),(11.,183.),.PIECEWISE_BEZIER_KNOTS.);
#240 = CARTESIAN_POINT('',(0.,1.));
#241 = CARTESIAN_POINT('',(172.,1.));
#242 = ( GEOMETRIC_REPRESENTATION_CONTEXT(2) 
PARAMETRIC_REPRESENTATION_CONTEXT() REPRESENTATION_CONTEXT('2D SPACE',''
  ) );
#243 = ORIENTED_EDGE('',*,*,#244,.T.);
#244 = EDGE_CURVE('',#217,#245,#247,.T.);
#245 = VERTEX_POINT('',#246);
#246 = CARTESIAN_POINT('',(-478.,-250.,705.));
#247 = SURFACE_CURVE('',#248,(#252,#258),.PCURVE_S1.);
#248 = LINE('',#249,#250);
#249 = CARTESIAN_POINT('',(-478.,-250.,402.5));
#250 = VECTOR('',#251,1.);
#251 = DIRECTION('',(-0.,0.,-1.));
#252 = PCURVE('',#44,#253);
#253 = DEFINITIONAL_REPRESENTATION('',(#254),#257);
#254 = B_SPLINE_CURVE_WITH_KNOTS('',1,(#255,#256),.UNSPECIFIED.,.F.,.F.,
  (2,2),(-812.5,-302.5),.PIECEWISE_BEZIER_KNOTS.);
#255 = CARTESIAN_POINT('',(1.115E+03,22.));
#256 = CARTESIAN_POINT('',(605.,22.));
#257 = ( GEOMETRIC_REPRESENTATION_CONTEXT(2) 
PARAMETRIC_REPRESENTATION_CONTEXT() REPRESENTATION_CONTEXT('2D SPACE',''
  ) );
#258 = PCURVE('',#259,#264);
#259 = PLANE('',#260);
#260 = AXIS2_PLACEMENT_3D('',#261,#262,#263);
#261 = CARTESIAN_POINT('',(-478.,-251.,705.));
#262 = DIRECTION('',(1.,0.,-0.));
#263 = DIRECTION('',(0.,0.,1.));
#264 = DEFINITIONAL_REPRESENTATION('',(#265),#268);
#265 = B_SPLINE_CURVE_WITH_KNOTS('',1,(#266,#267),.UNSPECIFIED.,.F.,.F.,
  (2,2),(-812.5,-302.5),.PIECEWISE_BEZIER_KNOTS.);
#266 = CARTESIAN_POINT('',(510.,-1.));
#267 = CARTESIAN_POINT('',(0.,-1.));
#268 = ( GEOMETRIC_REPRESENTATION_CONTEXT(2) 
PARAMETRIC_REPRESENTATION_CONTEXT() REPRESENTATION_CONTEXT('2D SPACE',''
  ) );
#269 = ORIENTED_EDGE('',*,*,#270,.T.);
#270 = EDGE_CURVE('',#245,#271,#273,.T.);
#271 = VERTEX_POINT('',#272);
#272 = CARTESIAN_POINT('',(-306.,-250.,705.));
#273 = SURFACE_CURVE('',#274,(#278,#284),.PCURVE_S1.);
#274 = LINE('',#275,#276);
#275 = CARTESIAN_POINT('',(-489.,-250.,705.));
#276 = VECTOR('',#277,1.);
#277 = DIRECTION('',(1.,0.,-0.));
#278 = PCURVE('',#44,#279);
#279 = DEFINITIONAL_REPRESENTATION('',(#280),#283);
#280 = B_SPLINE_CURVE_WITH_KNOTS('',1,(#281,#282),.UNSPECIFIED.,.F.,.F.,
  (2,2),(11.,183.),.PIECEWISE_BEZIER_KNOTS.);
#281 = CARTESIAN_POINT('',(605.,22.));
#282 = CARTESIAN_POINT('',(605.,194.));
#283 = ( GEOMETRIC_REPRESENTATION_CONTEXT(2) 
PARAMETRIC_REPRESENTATION_CONTEXT() REPRESENTATION_CONTEXT('2D SPACE',''
  ) );
#284 = PCURVE('',#285,#290);
#285 = PLANE('',#286);
#286 = AXIS2_PLACEMENT_3D('',#287,#288,#289);
#287 = CARTESIAN_POINT('',(-478.,-251.,705.));
#288 = DIRECTION('',(0.,0.,1.));
#289 = DIRECTION('',(1.,0.,-0.));
#290 = DEFINITIONAL_REPRESENTATION('',(#291),#294);
#291 = B_SPLINE_CURVE_WITH_KNOTS('',1,(#292,#293),.UNSPECIFIED.,.F.,.F.,
  (2,2),(11.,183.),.PIECEWISE_BEZIER_KNOTS.);
#292 = CARTESIAN_POINT('',(0.,1.));
#293 = CARTESIAN_POINT('',(172.,1.));
#294 = ( GEOMETRIC_REPRESENTATION_CONTEXT(2) 
PARAMETRIC_REPRESENTATION_CONTEXT() REPRESENTATION_CONTEXT('2D SPACE',''
  ) );
#295 = ORIENTED_EDGE('',*,*,#296,.F.);
#296 = EDGE_CURVE('',#219,#271,#297,.T.);
#297 = SURFACE_CURVE('',#298,(#302,#308),.PCURVE_S1.);
#298 = LINE('',#299,#300);
#299 = CARTESIAN_POINT('',(-306.,-250.,402.5));
#300 = VECTOR('',#301,1.);
#301 = DIRECTION('',(-0.,0.,-1.));
#302 = PCURVE('',#44,#303);
#303 = DEFINITIONAL_REPRESENTATION('',(#304),#307);
#304 = B_SPLINE_CURVE_WITH_KNOTS('',1,(#305,#306),.UNSPECIFIED.,.F.,.F.,
  (2,2),(-812.5,-302.5),.PIECEWISE_BEZIER_KNOTS.);
#305 = CARTESIAN_POINT('',(1.115E+03,194.));
#306 = CARTESIAN_POINT('',(605.,194.));
#307 = ( GEOMETRIC_REPRESENTATION_CONTEXT(2) 
PARAMETRIC_REPRESENTATION_CONTEXT() REPRESENTATION_CONTEXT('2D SPACE',''
  ) );
#308 = PCURVE('',#309,#314);
#309 = PLANE('',#310);
#310 = AXIS2_PLACEMENT_3D('',#311,#312,#313);
#311 = CARTESIAN_POINT('',(-306.,-251.,705.));
#312 = DIRECTION('',(1.,0.,-0.));
#313 = DIRECTION('',(0.,0.,1.));
#314 = DEFINITIONAL_REPRESENTATION('',(#315),#318);
#315 = B_SPLINE_CURVE_WITH_KNOTS('',1,(#316,#317),.UNSPECIFIED.,.F.,.F.,
  (2,2),(-812.5,-302.5),.PIECEWISE_BEZIER_KNOTS.);
#316 = CARTESIAN_POINT('',(510.,-1.));
#317 = CARTESIAN_POINT('',(0.,-1.));
#318 = ( GEOMETRIC_REPRESENTATION_CONTEXT(2) 
PARAMETRIC_REPRESENTATION_CONTEXT() REPRESENTATION_CONTEXT('2D SPACE',''
  ) );
#319 = FACE_BOUND('',#320,.F.);
#320 = EDGE_LOOP('',(#321,#349,#375,#401));
#321 = ORIENTED_EDGE('',*,*,#322,.F.);
#322 = EDGE_CURVE('',#323,#325,#327,.T.);
#323 = VERTEX_POINT('',#324);
#324 = CARTESIAN_POINT('',(-282.,-250.,1.215E+03));
#325 = VERTEX_POINT('',#326);
#326 = CARTESIAN_POINT('',(-110.,-250.,1.215E+03));
#327 = SURFACE_CURVE('',#328,(#332,#338),.PCURVE_S1.);
#328 = LINE('',#329,#330);
#329 = CARTESIAN_POINT('',(-391.,-250.,1.215E+03));
#330 = VECTOR('',#331,1.);
#331 = DIRECTION('',(1.,0.,-0.));
#332 = PCURVE('',#44,#333);
#333 = DEFINITIONAL_REPRESENTATION('',(#334),#337);
#334 = B_SPLINE_CURVE_WITH_KNOTS('',1,(#335,#336),.UNSPECIFIED.,.F.,.F.,
  (2,2),(109.,281.),.PIECEWISE_BEZIER_KNOTS.);
#335 = CARTESIAN_POINT('',(1.115E+03,218.));
#336 = CARTESIAN_POINT('',(1.115E+03,390.));
#337 = ( GEOMETRIC_REPRESENTATION_CONTEXT(2) 
PARAMETRIC_REPRESENTATION_CONTEXT() REPRESENTATION_CONTEXT('2D SPACE',''
  ) );
#338 = PCURVE('',#339,#344);
#339 = PLANE('',#340);
#340 = AXIS2_PLACEMENT_3D('',#341,#342,#343);
#341 = CARTESIAN_POINT('',(-282.,-251.,1.215E+03));
#342 = DIRECTION('',(0.,0.,1.));
#343 = DIRECTION('',(1.,0.,-0.));
#344 = DEFINITIONAL_REPRESENTATION('',(#345),#348);
#345 = B_SPLINE_CURVE_WITH_KNOTS('',1,(#346,#347),.UNSPECIFIED.,.F.,.F.,
  (2,2),(109.,281.),.PIECEWISE_BEZIER_KNOTS.);
#346 = CARTESIAN_POINT('',(0.,1.));
#347 = CARTESIAN_POINT('',(172.,1.));
#348 = ( GEOMETRIC_REPRESENTATION_CONTEXT(2) 
PARAMETRIC_REPRESENTATION_CONTEXT() REPRESENTATION_CONTEXT('2D SPACE',''
  ) );
#349 = ORIENTED_EDGE('',*,*,#350,.T.);
#350 = EDGE_CURVE('',#323,#351,#353,.T.);
#351 = VERTEX_POINT('',#352);
#352 = CARTESIAN_POINT('',(-282.,-250.,705.));
#353 = SURFACE_CURVE('',#354,(#358,#364),.PCURVE_S1.);
#354 = LINE('',#355,#356);
#355 = CARTESIAN_POINT('',(-282.,-250.,402.5));
#356 = VECTOR('',#357,1.);
#357 = DIRECTION('',(-0.,0.,-1.));
#358 = PCURVE('',#44,#359);
#359 = DEFINITIONAL_REPRESENTATION('',(#360),#363);
#360 = B_SPLINE_CURVE_WITH_KNOTS('',1,(#361,#362),.UNSPECIFIED.,.F.,.F.,
  (2,2),(-812.5,-302.5),.PIECEWISE_BEZIER_KNOTS.);
#361 = CARTESIAN_POINT('',(1.115E+03,218.));
#362 = CARTESIAN_POINT('',(605.,218.));
#363 = ( GEOMETRIC_REPRESENTATION_CONTEXT(2) 
PARAMETRIC_REPRESENTATION_CONTEXT() REPRESENTATION_CONTEXT('2D SPACE',''
  ) );
#364 = PCURVE('',#365,#370);
#365 = PLANE('',#366);
#366 = AXIS2_PLACEMENT_3D('',#367,#368,#369);
#367 = CARTESIAN_POINT('',(-282.,-251.,705.));
#368 = DIRECTION('',(1.,0.,-0.));
#369 = DIRECTION('',(0.,0.,1.));
#370 = DEFINITIONAL_REPRESENTATION('',(#371),#374);
#371 = B_SPLINE_CURVE_WITH_KNOTS('',1,(#372,#373),.UNSPECIFIED.,.F.,.F.,
  (2,2),(-812.5,-302.5),.PIECEWISE_BEZIER_KNOTS.);
#372 = CARTESIAN_POINT('',(510.,-1.));
#373 = CARTESIAN_POINT('',(0.,-1.));
#374 = ( GEOMETRIC_REPRESENTATION_CONTEXT(2) 
PARAMETRIC_REPRESENTATION_CONTEXT() REPRESENTATION_CONTEXT('2D SPACE',''
  ) );
#375 = ORIENTED_EDGE('',*,*,#376,.T.);
#376 = EDGE_CURVE('',#351,#377,#379,.T.);
#377 = VERTEX_POINT('',#378);
#378 = CARTESIAN_POINT('',(-110.,-250.,705.));
#379 = SURFACE_CURVE('',#380,(#384,#390),.PCURVE_S1.);
#380 = LINE('',#381,#382);
#381 = CARTESIAN_POINT('',(-391.,-250.,705.));
#382 = VECTOR('',#383,1.);
#383 = DIRECTION('',(1.,0.,-0.));
#384 = PCURVE('',#44,#385);
#385 = DEFINITIONAL_REPRESENTATION('',(#386),#389);
#386 = B_SPLINE_CURVE_WITH_KNOTS('',1,(#387,#388),.UNSPECIFIED.,.F.,.F.,
  (2,2),(109.,281.),.PIECEWISE_BEZIER_KNOTS.);
#387 = CARTESIAN_POINT('',(605.,218.));
#388 = CARTESIAN_POINT('',(605.,390.));
#389 = ( GEOMETRIC_REPRESENTATION_CONTEXT(2) 
PARAMETRIC_REPRESENTATION_CONTEXT() REPRESENTATION_CONTEXT('2D SPACE',''
  ) );
#390 = PCURVE('',#391,#396);
#391 = PLANE('',#392);
#392 = AXIS2_PLACEMENT_3D('',#393,#394,#395);
#393 = CARTESIAN_POINT('',(-282.,-251.,705.));
#394 = DIRECTION('',(0.,0.,1.));
#395 = DIRECTION('',(1.,0.,-0.));
#396 = DEFINITIONAL_REPRESENTATION('',(#397),#400);
#397 = B_SPLINE_CURVE_WITH_KNOTS('',1,(#398,#399),.UNSPECIFIED.,.F.,.F.,
  (2,2),(109.,281.),.PIECEWISE_BEZIER_KNOTS.);
#398 = CARTESIAN_POINT('',(0.,1.));
#399 = CARTESIAN_POINT('',(172.,1.));
#400 = ( GEOMETRIC_REPRESENTATION_CONTEXT(2) 
PARAMETRIC_REPRESENTATION_CONTEXT() REPRESENTATION_CONTEXT('2D SPACE',''
  ) );
#401 = ORIENTED_EDGE('',*,*,#402,.F.);
#402 = EDGE_CURVE('',#325,#377,#403,.T.);
#403 = SURFACE_CURVE('',#404,(#408,#414),.PCURVE_S1.);
#404 = LINE('',#405,#406);
#405 = CARTESIAN_POINT('',(-110.,-250.,402.5));
#406 = VECTOR('',#407,1.);
#407 = DIRECTION('',(-0.,0.,-1.));
#408 = PCURVE('',#44,#409);
#409 = DEFINITIONAL_REPRESENTATION('',(#410),#413);
#410 = B_SPLINE_CURVE_WITH_KNOTS('',1,(#411,#412),.UNSPECIFIED.,.F.,.F.,
  (2,2),(-812.5,-302.5),.PIECEWISE_BEZIER_KNOTS.);
#411 = CARTESIAN_POINT('',(1.115E+03,390.));
#412 = CARTESIAN_POINT('',(605.,390.));
#413 = ( GEOMETRIC_REPRESENTATION_CONTEXT(2) 
PARAMETRIC_REPRESENTATION_CONTEXT() REPRESENTATION_CONTEXT('2D SPACE',''
  ) );
#414 = PCURVE('',#415,#420);
#415 = PLANE('',#416);
#416 = AXIS2_PLACEMENT_3D('',#417,#418,#419);
#417 = CARTESIAN_POINT('',(-110.,-251.,705.));
#418 = DIRECTION('',(1.,0.,-0.));
#419 = DIRECTION('',(0.,0.,1.));
#420 = DEFINITIONAL_REPRESENTATION('',(#421),#424);
#421 = B_SPLINE_CURVE_WITH_KNOTS('',1,(#422,#423),.UNSPECIFIED.,.F.,.F.,
  (2,2),(-812.5,-302.5),.PIECEWISE_BEZIER_KNOTS.);
#422 = CARTESIAN_POINT('',(510.,-1.));
#423 = CARTESIAN_POINT('',(0.,-1.));
#424 = ( GEOMETRIC_REPRESENTATION_CONTEXT(2) 
PARAMETRIC_REPRESENTATION_CONTEXT() REPRESENTATION_CONTEXT('2D SPACE',''
  ) );
#425 = FACE_BOUND('',#426,.F.);
#426 = EDGE_LOOP('',(#427,#455,#481,#507));
#427 = ORIENTED_EDGE('',*,*,#428,.F.);
#428 = EDGE_CURVE('',#429,#431,#433,.T.);
#429 = VERTEX_POINT('',#430);
#430 = CARTESIAN_POINT('',(-480.,-250.,660.));
#431 = VERTEX_POINT('',#432);
#432 = CARTESIAN_POINT('',(480.,-250.,660.));
#433 = SURFACE_CURVE('',#434,(#438,#444),.PCURVE_S1.);
#434 = LINE('',#435,#436);
#435 = CARTESIAN_POINT('',(-490.,-250.,660.));
#436 = VECTOR('',#437,1.);
#437 = DIRECTION('',(1.,0.,-0.));
#438 = PCURVE('',#44,#439);
#439 = DEFINITIONAL_REPRESENTATION('',(#440),#443);
#440 = B_SPLINE_CURVE_WITH_KNOTS('',1,(#441,#442),.UNSPECIFIED.,.F.,.F.,
  (2,2),(10.,970.),.PIECEWISE_BEZIER_KNOTS.);
#441 = CARTESIAN_POINT('',(560.,20.));
#442 = CARTESIAN_POINT('',(560.,980.));
#443 = ( GEOMETRIC_REPRESENTATION_CONTEXT(2) 
PARAMETRIC_REPRESENTATION_CONTEXT() REPRESENTATION_CONTEXT('2D SPACE',''
  ) );
#444 = PCURVE('',#445,#450);
#445 = PLANE('',#446);
#446 = AXIS2_PLACEMENT_3D('',#447,#448,#449);
#447 = CARTESIAN_POINT('',(-480.,-251.,660.));
#448 = DIRECTION('',(0.,0.,1.));
#449 = DIRECTION('',(1.,0.,-0.));
#450 = DEFINITIONAL_REPRESENTATION('',(#451),#454);
#451 = B_SPLINE_CURVE_WITH_KNOTS('',1,(#452,#453),.UNSPECIFIED.,.F.,.F.,
  (2,2),(10.,970.),.PIECEWISE_BEZIER_KNOTS.);
#452 = CARTESIAN_POINT('',(0.,1.));
#453 = CARTESIAN_POINT('',(960.,1.));
#454 = ( GEOMETRIC_REPRESENTATION_CONTEXT(2) 
PARAMETRIC_REPRESENTATION_CONTEXT() REPRESENTATION_CONTEXT('2D SPACE',''
  ) );
#455 = ORIENTED_EDGE('',*,*,#456,.T.);
#456 = EDGE_CURVE('',#429,#457,#459,.T.);
#457 = VERTEX_POINT('',#458);
#458 = CARTESIAN_POINT('',(-480.,-250.,140.));
#459 = SURFACE_CURVE('',#460,(#464,#470),.PCURVE_S1.);
#460 = LINE('',#461,#462);
#461 = CARTESIAN_POINT('',(-480.,-250.,120.));
#462 = VECTOR('',#463,1.);
#463 = DIRECTION('',(-0.,0.,-1.));
#464 = PCURVE('',#44,#465);
#465 = DEFINITIONAL_REPRESENTATION('',(#466),#469);
#466 = B_SPLINE_CURVE_WITH_KNOTS('',1,(#467,#468),.UNSPECIFIED.,.F.,.F.,
  (2,2),(-540.,-20.),.PIECEWISE_BEZIER_KNOTS.);
#467 = CARTESIAN_POINT('',(560.,20.));
#468 = CARTESIAN_POINT('',(40.,20.));
#469 = ( GEOMETRIC_REPRESENTATION_CONTEXT(2) 
PARAMETRIC_REPRESENTATION_CONTEXT() REPRESENTATION_CONTEXT('2D SPACE',''
  ) );
#470 = PCURVE('',#471,#476);
#471 = PLANE('',#472);
#472 = AXIS2_PLACEMENT_3D('',#473,#474,#475);
#473 = CARTESIAN_POINT('',(-480.,-251.,140.));
#474 = DIRECTION('',(1.,0.,-0.));
#475 = DIRECTION('',(0.,0.,1.));
#476 = DEFINITIONAL_REPRESENTATION('',(#477),#480);
#477 = B_SPLINE_CURVE_WITH_KNOTS('',1,(#478,#479),.UNSPECIFIED.,.F.,.F.,
  (2,2),(-540.,-20.),.PIECEWISE_BEZIER_KNOTS.);
#478 = CARTESIAN_POINT('',(520.,-1.));
#479 = CARTESIAN_POINT('',(0.,-1.));
#480 = ( GEOMETRIC_REPRESENTATION_CONTEXT(2) 
PARAMETRIC_REPRESENTATION_CONTEXT() REPRESENTATION_CONTEXT('2D SPACE',''
  ) );
#481 = ORIENTED_EDGE('',*,*,#482,.T.);
#482 = EDGE_CURVE('',#457,#483,#485,.T.);
#483 = VERTEX_POINT('',#484);
#484 = CARTESIAN_POINT('',(480.,-250.,140.));
#485 = SURFACE_CURVE('',#486,(#490,#496),.PCURVE_S1.);
#486 = LINE('',#487,#488);
#487 = CARTESIAN_POINT('',(-490.,-250.,140.));
#488 = VECTOR('',#489,1.);
#489 = DIRECTION('',(1.,0.,-0.));
#490 = PCURVE('',#44,#491);
#491 = DEFINITIONAL_REPRESENTATION('',(#492),#495);
#492 = B_SPLINE_CURVE_WITH_KNOTS('',1,(#493,#494),.UNSPECIFIED.,.F.,.F.,
  (2,2),(10.,970.),.PIECEWISE_BEZIER_KNOTS.);
#493 = CARTESIAN_POINT('',(40.,20.));
#494 = CARTESIAN_POINT('',(40.,980.));
#495 = ( GEOMETRIC_REPRESENTATION_CONTEXT(2) 
PARAMETRIC_REPRESENTATION_CONTEXT() REPRESENTATION_CONTEXT('2D SPACE',''
  ) );
#496 = PCURVE('',#497,#502);
#497 = PLANE('',#498);
#498 = AXIS2_PLACEMENT_3D('',#499,#500,#501);
#499 = CARTESIAN_POINT('',(-480.,-251.,140.));
#500 = DIRECTION('',(0.,0.,1.));
#501 = DIRECTION('',(1.,0.,-0.));
#502 = DEFINITIONAL_REPRESENTATION('',(#503),#506);
#503 = B_SPLINE_CURVE_WITH_KNOTS('',1,(#504,#505),.UNSPECIFIED.,.F.,.F.,
  (2,2),(10.,970.),.PIECEWISE_BEZIER_KNOTS.);
#504 = CARTESIAN_POINT('',(0.,1.));
#505 = CARTESIAN_POINT('',(960.,1.));
#506 = ( GEOMETRIC_REPRESENTATION_CONTEXT(2) 
PARAMETRIC_REPRESENTATION_CONTEXT() REPRESENTATION_CONTEXT('2D SPACE',''
  ) );
#507 = ORIENTED_EDGE('',*,*,#508,.F.);
#508 = EDGE_CURVE('',#431,#483,#509,.T.);
#509 = SURFACE_CURVE('',#510,(#514,#520),.PCURVE_S1.);
#510 = LINE('',#511,#512);
#511 = CARTESIAN_POINT('',(480.,-250.,120.));
#512 = VECTOR('',#513,1.);
#513 = DIRECTION('',(-0.,0.,-1.));
#514 = PCURVE('',#44,#515);
#515 = DEFINITIONAL_REPRESENTATION('',(#516),#519);
#516 = B_SPLINE_CURVE_WITH_KNOTS('',1,(#517,#518),.UNSPECIFIED.,.F.,.F.,
  (2,2),(-540.,-20.),.PIECEWISE_BEZIER_KNOTS.);
#517 = CARTESIAN_POINT('',(560.,980.));
#518 = CARTESIAN_POINT('',(40.,980.));
#519 = ( GEOMETRIC_REPRESENTATION_CONTEXT(2) 
PARAMETRIC_REPRESENTATION_CONTEXT() REPRESENTATION_CONTEXT('2D SPACE',''
  ) );
#520 = PCURVE('',#521,#526);
#521 = PLANE('',#522);
#522 = AXIS2_PLACEMENT_3D('',#523,#524,#525);
#523 = CARTESIAN_POINT('',(480.,-251.,140.));
#524 = DIRECTION('',(1.,0.,-0.));
#525 = DIRECTION('',(0.,0.,1.));
#526 = DEFINITIONAL_REPRESENTATION('',(#527),#530);
#527 = B_SPLINE_CURVE_WITH_KNOTS('',1,(#528,#529),.UNSPECIFIED.,.F.,.F.,
  (2,2),(-540.,-20.),.PIECEWISE_BEZIER_KNOTS.);
#528 = CARTESIAN_POINT('',(520.,-1.));
#529 = CARTESIAN_POINT('',(0.,-1.));
#530 = ( GEOMETRIC_REPRESENTATION_CONTEXT(2) 
PARAMETRIC_REPRESENTATION_CONTEXT() REPRESENTATION_CONTEXT('2D SPACE',''
  ) );
#531 = FACE_BOUND('',#532,.F.);
#532 = EDGE_LOOP('',(#533,#563,#591,#619));
#533 = ORIENTED_EDGE('',*,*,#534,.F.);
#534 = EDGE_CURVE('',#535,#537,#539,.T.);
#535 = VERTEX_POINT('',#536);
#536 = CARTESIAN_POINT('',(-90.,-250.,1.219E+03));
#537 = VERTEX_POINT('',#538);
#538 = CARTESIAN_POINT('',(90.,-250.,1.219E+03));
#539 = SURFACE_CURVE('',#540,(#544,#551),.PCURVE_S1.);
#540 = LINE('',#541,#542);
#541 = CARTESIAN_POINT('',(-90.,-250.,1.219E+03));
#542 = VECTOR('',#543,1.);
#543 = DIRECTION('',(1.,0.,-0.));
#544 = PCURVE('',#44,#545);
#545 = DEFINITIONAL_REPRESENTATION('',(#546),#550);
#546 = LINE('',#547,#548);
#547 = CARTESIAN_POINT('',(1.119E+03,410.));
#548 = VECTOR('',#549,1.);
#549 = DIRECTION('',(0.,1.));
#550 = ( GEOMETRIC_REPRESENTATION_CONTEXT(2) 
PARAMETRIC_REPRESENTATION_CONTEXT() REPRESENTATION_CONTEXT('2D SPACE',''
  ) );
#551 = PCURVE('',#552,#557);
#552 = PLANE('',#553);
#553 = AXIS2_PLACEMENT_3D('',#554,#555,#556);
#554 = CARTESIAN_POINT('',(-90.,-253.,1.219E+03));
#555 = DIRECTION('',(0.,0.,1.));
#556 = DIRECTION('',(1.,0.,-0.));
#557 = DEFINITIONAL_REPRESENTATION('',(#558),#562);
#558 = LINE('',#559,#560);
#559 = CARTESIAN_POINT('',(0.,3.));
#560 = VECTOR('',#561,1.);
#561 = DIRECTION('',(1.,0.));
#562 = ( GEOMETRIC_REPRESENTATION_CONTEXT(2) 
PARAMETRIC_REPRESENTATION_CONTEXT() REPRESENTATION_CONTEXT('2D SPACE',''
  ) );
#563 = ORIENTED_EDGE('',*,*,#564,.F.);
#564 = EDGE_CURVE('',#565,#535,#567,.T.);
#565 = VERTEX_POINT('',#566);
#566 = CARTESIAN_POINT('',(-90.,-250.,701.));
#567 = SURFACE_CURVE('',#568,(#572,#579),.PCURVE_S1.);
#568 = LINE('',#569,#570);
#569 = CARTESIAN_POINT('',(-90.,-250.,701.));
#570 = VECTOR('',#571,1.);
#571 = DIRECTION('',(0.,0.,1.));
#572 = PCURVE('',#44,#573);
#573 = DEFINITIONAL_REPRESENTATION('',(#574),#578);
#574 = LINE('',#575,#576);
#575 = CARTESIAN_POINT('',(601.,410.));
#576 = VECTOR('',#577,1.);
#577 = DIRECTION('',(1.,0.));
#578 = ( GEOMETRIC_REPRESENTATION_CONTEXT(2) 
PARAMETRIC_REPRESENTATION_CONTEXT() REPRESENTATION_CONTEXT('2D SPACE',''
  ) );
#579 = PCURVE('',#580,#585);
#580 = PLANE('',#581);
#581 = AXIS2_PLACEMENT_3D('',#582,#583,#584);
#582 = CARTESIAN_POINT('',(-90.,-253.,701.));
#583 = DIRECTION('',(1.,0.,-0.));
#584 = DIRECTION('',(0.,0.,1.));
#585 = DEFINITIONAL_REPRESENTATION('',(#586),#590);
#586 = LINE('',#587,#588);
#587 = CARTESIAN_POINT('',(0.,-3.));
#588 = VECTOR('',#589,1.);
#589 = DIRECTION('',(1.,0.));
#590 = ( GEOMETRIC_REPRESENTATION_CONTEXT(2) 
PARAMETRIC_REPRESENTATION_CONTEXT() REPRESENTATION_CONTEXT('2D SPACE',''
  ) );
#591 = ORIENTED_EDGE('',*,*,#592,.T.);
#592 = EDGE_CURVE('',#565,#593,#595,.T.);
#593 = VERTEX_POINT('',#594);
#594 = CARTESIAN_POINT('',(90.,-250.,701.));
#595 = SURFACE_CURVE('',#596,(#600,#607),.PCURVE_S1.);
#596 = LINE('',#597,#598);
#597 = CARTESIAN_POINT('',(-90.,-250.,701.));
#598 = VECTOR('',#599,1.);
#599 = DIRECTION('',(1.,0.,-0.));
#600 = PCURVE('',#44,#601);
#601 = DEFINITIONAL_REPRESENTATION('',(#602),#606);
#602 = LINE('',#603,#604);
#603 = CARTESIAN_POINT('',(601.,410.));
#604 = VECTOR('',#605,1.);
#605 = DIRECTION('',(0.,1.));
#606 = ( GEOMETRIC_REPRESENTATION_CONTEXT(2) 
PARAMETRIC_REPRESENTATION_CONTEXT() REPRESENTATION_CONTEXT('2D SPACE',''
  ) );
#607 = PCURVE('',#608,#613);
#608 = PLANE('',#609);
#609 = AXIS2_PLACEMENT_3D('',#610,#611,#612);
#610 = CARTESIAN_POINT('',(-90.,-253.,701.));
#611 = DIRECTION('',(0.,0.,1.));
#612 = DIRECTION('',(1.,0.,-0.));
#613 = DEFINITIONAL_REPRESENTATION('',(#614),#618);
#614 = LINE('',#615,#616);
#615 = CARTESIAN_POINT('',(0.,3.));
#616 = VECTOR('',#617,1.);
#617 = DIRECTION('',(1.,0.));
#618 = ( GEOMETRIC_REPRESENTATION_CONTEXT(2) 
PARAMETRIC_REPRESENTATION_CONTEXT() REPRESENTATION_CONTEXT('2D SPACE',''
  ) );
#619 = ORIENTED_EDGE('',*,*,#620,.T.);
#620 = EDGE_CURVE('',#593,#537,#621,.T.);
#621 = SURFACE_CURVE('',#622,(#626,#633),.PCURVE_S1.);
#622 = LINE('',#623,#624);
#623 = CARTESIAN_POINT('',(90.,-250.,701.));
#624 = VECTOR('',#625,1.);
#625 = DIRECTION('',(0.,0.,1.));
#626 = PCURVE('',#44,#627);
#627 = DEFINITIONAL_REPRESENTATION('',(#628),#632);
#628 = LINE('',#629,#630);
#629 = CARTESIAN_POINT('',(601.,590.));
#630 = VECTOR('',#631,1.);
#631 = DIRECTION('',(1.,0.));
#632 = ( GEOMETRIC_REPRESENTATION_CONTEXT(2) 
PARAMETRIC_REPRESENTATION_CONTEXT() REPRESENTATION_CONTEXT('2D SPACE',''
  ) );
#633 = PCURVE('',#634,#639);
#634 = PLANE('',#635);
#635 = AXIS2_PLACEMENT_3D('',#636,#637,#638);
#636 = CARTESIAN_POINT('',(90.,-253.,701.));
#637 = DIRECTION('',(1.,0.,-0.));
#638 = DIRECTION('',(0.,0.,1.));
#639 = DEFINITIONAL_REPRESENTATION('',(#640),#644);
#640 = LINE('',#641,#642);
#641 = CARTESIAN_POINT('',(0.,-3.));
#642 = VECTOR('',#643,1.);
#643 = DIRECTION('',(1.,0.));
#644 = ( GEOMETRIC_REPRESENTATION_CONTEXT(2) 
PARAMETRIC_REPRESENTATION_CONTEXT() REPRESENTATION_CONTEXT('2D SPACE',''
  ) );
#645 = FACE_BOUND('',#646,.F.);
#646 = EDGE_LOOP('',(#647,#677,#705,#733));
#647 = ORIENTED_EDGE('',*,*,#648,.F.);
#648 = EDGE_CURVE('',#649,#651,#653,.T.);
#649 = VERTEX_POINT('',#650);
#650 = CARTESIAN_POINT('',(106.,-250.,1.219E+03));
#651 = VERTEX_POINT('',#652);
#652 = CARTESIAN_POINT('',(286.,-250.,1.219E+03));
#653 = SURFACE_CURVE('',#654,(#658,#665),.PCURVE_S1.);
#654 = LINE('',#655,#656);
#655 = CARTESIAN_POINT('',(106.,-250.,1.219E+03));
#656 = VECTOR('',#657,1.);
#657 = DIRECTION('',(1.,0.,-0.));
#658 = PCURVE('',#44,#659);
#659 = DEFINITIONAL_REPRESENTATION('',(#660),#664);
#660 = LINE('',#661,#662);
#661 = CARTESIAN_POINT('',(1.119E+03,606.));
#662 = VECTOR('',#663,1.);
#663 = DIRECTION('',(0.,1.));
#664 = ( GEOMETRIC_REPRESENTATION_CONTEXT(2) 
PARAMETRIC_REPRESENTATION_CONTEXT() REPRESENTATION_CONTEXT('2D SPACE',''
  ) );
#665 = PCURVE('',#666,#671);
#666 = PLANE('',#667);
#667 = AXIS2_PLACEMENT_3D('',#668,#669,#670);
#668 = CARTESIAN_POINT('',(106.,-253.,1.219E+03));
#669 = DIRECTION('',(0.,0.,1.));
#670 = DIRECTION('',(1.,0.,-0.));
#671 = DEFINITIONAL_REPRESENTATION('',(#672),#676);
#672 = LINE('',#673,#674);
#673 = CARTESIAN_POINT('',(0.,3.));
#674 = VECTOR('',#675,1.);
#675 = DIRECTION('',(1.,0.));
#676 = ( GEOMETRIC_REPRESENTATION_CONTEXT(2) 
PARAMETRIC_REPRESENTATION_CONTEXT() REPRESENTATION_CONTEXT('2D SPACE',''
  ) );
#677 = ORIENTED_EDGE('',*,*,#678,.F.);
#678 = EDGE_CURVE('',#679,#649,#681,.T.);
#679 = VERTEX_POINT('',#680);
#680 = CARTESIAN_POINT('',(106.,-250.,701.));
#681 = SURFACE_CURVE('',#682,(#686,#693),.PCURVE_S1.);
#682 = LINE('',#683,#684);
#683 = CARTESIAN_POINT('',(106.,-250.,701.));
#684 = VECTOR('',#685,1.);
#685 = DIRECTION('',(0.,0.,1.));
#686 = PCURVE('',#44,#687);
#687 = DEFINITIONAL_REPRESENTATION('',(#688),#692);
#688 = LINE('',#689,#690);
#689 = CARTESIAN_POINT('',(601.,606.));
#690 = VECTOR('',#691,1.);
#691 = DIRECTION('',(1.,0.));
#692 = ( GEOMETRIC_REPRESENTATION_CONTEXT(2) 
PARAMETRIC_REPRESENTATION_CONTEXT() REPRESENTATION_CONTEXT('2D SPACE',''
  ) );
#693 = PCURVE('',#694,#699);
#694 = PLANE('',#695);
#695 = AXIS2_PLACEMENT_3D('',#696,#697,#698);
#696 = CARTESIAN_POINT('',(106.,-253.,701.));
#697 = DIRECTION('',(1.,0.,-0.));
#698 = DIRECTION('',(0.,0.,1.));
#699 = DEFINITIONAL_REPRESENTATION('',(#700),#704);
#700 = LINE('',#701,#702);
#701 = CARTESIAN_POINT('',(0.,-3.));
#702 = VECTOR('',#703,1.);
#703 = DIRECTION('',(1.,0.));
#704 = ( GEOMETRIC_REPRESENTATION_CONTEXT(2) 
PARAMETRIC_REPRESENTATION_CONTEXT() REPRESENTATION_CONTEXT('2D SPACE',''
  ) );
#705 = ORIENTED_EDGE('',*,*,#706,.T.);
#706 = EDGE_CURVE('',#679,#707,#709,.T.);
#707 = VERTEX_POINT('',#708);
#708 = CARTESIAN_POINT('',(286.,-250.,701.));
#709 = SURFACE_CURVE('',#710,(#714,#721),.PCURVE_S1.);
#710 = LINE('',#711,#712);
#711 = CARTESIAN_POINT('',(106.,-250.,701.));
#712 = VECTOR('',#713,1.);
#713 = DIRECTION('',(1.,0.,-0.));
#714 = PCURVE('',#44,#715);
#715 = DEFINITIONAL_REPRESENTATION('',(#716),#720);
#716 = LINE('',#717,#718);
#717 = CARTESIAN_POINT('',(601.,606.));
#718 = VECTOR('',#719,1.);
#719 = DIRECTION('',(0.,1.));
#720 = ( GEOMETRIC_REPRESENTATION_CONTEXT(2) 
PARAMETRIC_REPRESENTATION_CONTEXT() REPRESENTATION_CONTEXT('2D SPACE',''
  ) );
#721 = PCURVE('',#722,#727);
#722 = PLANE('',#723);
#723 = AXIS2_PLACEMENT_3D('',#724,#725,#726);
#724 = CARTESIAN_POINT('',(106.,-253.,701.));
#725 = DIRECTION('',(0.,0.,1.));
#726 = DIRECTION('',(1.,0.,-0.));
#727 = DEFINITIONAL_REPRESENTATION('',(#728),#732);
#728 = LINE('',#729,#730);
#729 = CARTESIAN_POINT('',(0.,3.));
#730 = VECTOR('',#731,1.);
#731 = DIRECTION('',(1.,0.));
#732 = ( GEOMETRIC_REPRESENTATION_CONTEXT(2) 
PARAMETRIC_REPRESENTATION_CONTEXT() REPRESENTATION_CONTEXT('2D SPACE',''
  ) );
#733 = ORIENTED_EDGE('',*,*,#734,.T.);
#734 = EDGE_CURVE('',#707,#651,#735,.T.);
#735 = SURFACE_CURVE('',#736,(#740,#747),.PCURVE_S1.);
#736 = LINE('',#737,#738);
#737 = CARTESIAN_POINT('',(286.,-250.,701.));
#738 = VECTOR('',#739,1.);
#739 = DIRECTION('',(0.,0.,1.));
#740 = PCURVE('',#44,#741);
#741 = DEFINITIONAL_REPRESENTATION('',(#742),#746);
#742 = LINE('',#743,#744);
#743 = CARTESIAN_POINT('',(601.,786.));
#744 = VECTOR('',#745,1.);
#745 = DIRECTION('',(1.,0.));
#746 = ( GEOMETRIC_REPRESENTATION_CONTEXT(2) 
PARAMETRIC_REPRESENTATION_CONTEXT() REPRESENTATION_CONTEXT('2D SPACE',''
  ) );
#747 = PCURVE('',#748,#753);
#748 = PLANE('',#749);
#749 = AXIS2_PLACEMENT_3D('',#750,#751,#752);
#750 = CARTESIAN_POINT('',(286.,-253.,701.));
#751 = DIRECTION('',(1.,0.,-0.));
#752 = DIRECTION('',(0.,0.,1.));
#753 = DEFINITIONAL_REPRESENTATION('',(#754),#758);
#754 = LINE('',#755,#756);
#755 = CARTESIAN_POINT('',(0.,-3.));
#756 = VECTOR('',#757,1.);
#757 = DIRECTION('',(1.,0.));
#758 = ( GEOMETRIC_REPRESENTATION_CONTEXT(2) 
PARAMETRIC_REPRESENTATION_CONTEXT() REPRESENTATION_CONTEXT('2D SPACE',''
  ) );
#759 = ADVANCED_FACE('',(#760),#126,.T.);
#760 = FACE_BOUND('',#761,.T.);
#761 = EDGE_LOOP('',(#762,#763,#764,#787));
#762 = ORIENTED_EDGE('',*,*,#112,.F.);
#763 = ORIENTED_EDGE('',*,*,#165,.T.);
#764 = ORIENTED_EDGE('',*,*,#765,.T.);
#765 = EDGE_CURVE('',#166,#766,#768,.T.);
#766 = VERTEX_POINT('',#767);
#767 = CARTESIAN_POINT('',(500.,250.,1.5E+03));
#768 = SURFACE_CURVE('',#769,(#773,#780),.PCURVE_S1.);
#769 = LINE('',#770,#771);
#770 = CARTESIAN_POINT('',(500.,-250.,1.5E+03));
#771 = VECTOR('',#772,1.);
#772 = DIRECTION('',(-0.,1.,0.));
#773 = PCURVE('',#126,#774);
#774 = DEFINITIONAL_REPRESENTATION('',(#775),#779);
#775 = LINE('',#776,#777);
#776 = CARTESIAN_POINT('',(1.E+03,0.));
#777 = VECTOR('',#778,1.);
#778 = DIRECTION('',(0.,1.));
#779 = ( GEOMETRIC_REPRESENTATION_CONTEXT(2) 
PARAMETRIC_REPRESENTATION_CONTEXT() REPRESENTATION_CONTEXT('2D SPACE',''
  ) );
#780 = PCURVE('',#202,#781);
#781 = DEFINITIONAL_REPRESENTATION('',(#782),#786);
#782 = LINE('',#783,#784);
#783 = CARTESIAN_POINT('',(1.4E+03,0.));
#784 = VECTOR('',#785,1.);
#785 = DIRECTION('',(0.,-1.));
#786 = ( GEOMETRIC_REPRESENTATION_CONTEXT(2) 
PARAMETRIC_REPRESENTATION_CONTEXT() REPRESENTATION_CONTEXT('2D SPACE',''
  ) );
#787 = ORIENTED_EDGE('',*,*,#788,.F.);
#788 = EDGE_CURVE('',#85,#766,#789,.T.);
#789 = SURFACE_CURVE('',#790,(#794,#801),.PCURVE_S1.);
#790 = LINE('',#791,#792);
#791 = CARTESIAN_POINT('',(-500.,250.,1.5E+03));
#792 = VECTOR('',#793,1.);
#793 = DIRECTION('',(1.,0.,-0.));
#794 = PCURVE('',#126,#795);
#795 = DEFINITIONAL_REPRESENTATION('',(#796),#800);
#796 = LINE('',#797,#798);
#797 = CARTESIAN_POINT('',(0.,500.));
#798 = VECTOR('',#799,1.);
#799 = DIRECTION('',(1.,0.));
#800 = ( GEOMETRIC_REPRESENTATION_CONTEXT(2) 
PARAMETRIC_REPRESENTATION_CONTEXT() REPRESENTATION_CONTEXT('2D SPACE',''
  ) );
#801 = PCURVE('',#100,#802);
#802 = DEFINITIONAL_REPRESENTATION('',(#803),#807);
#803 = LINE('',#804,#805);
#804 = CARTESIAN_POINT('',(1.4E+03,0.));
#805 = VECTOR('',#806,1.);
#806 = DIRECTION('',(0.,1.));
#807 = ( GEOMETRIC_REPRESENTATION_CONTEXT(2) 
PARAMETRIC_REPRESENTATION_CONTEXT() REPRESENTATION_CONTEXT('2D SPACE',''
  ) );
#808 = ADVANCED_FACE('',(#809),#100,.T.);
#809 = FACE_BOUND('',#810,.T.);
#810 = EDGE_LOOP('',(#811,#834,#835,#836));
#811 = ORIENTED_EDGE('',*,*,#812,.F.);
#812 = EDGE_CURVE('',#57,#813,#815,.T.);
#813 = VERTEX_POINT('',#814);
#814 = CARTESIAN_POINT('',(500.,250.,100.));
#815 = SURFACE_CURVE('',#816,(#820,#827),.PCURVE_S1.);
#816 = LINE('',#817,#818);
#817 = CARTESIAN_POINT('',(-500.,250.,100.));
#818 = VECTOR('',#819,1.);
#819 = DIRECTION('',(1.,0.,-0.));
#820 = PCURVE('',#100,#821);
#821 = DEFINITIONAL_REPRESENTATION('',(#822),#826);
#822 = LINE('',#823,#824);
#823 = CARTESIAN_POINT('',(0.,0.));
#824 = VECTOR('',#825,1.);
#825 = DIRECTION('',(0.,1.));
#826 = ( GEOMETRIC_REPRESENTATION_CONTEXT(2) 
PARAMETRIC_REPRESENTATION_CONTEXT() REPRESENTATION_CONTEXT('2D SPACE',''
  ) );
#827 = PCURVE('',#72,#828);
#828 = DEFINITIONAL_REPRESENTATION('',(#829),#833);
#829 = LINE('',#830,#831);
#830 = CARTESIAN_POINT('',(0.,500.));
#831 = VECTOR('',#832,1.);
#832 = DIRECTION('',(1.,0.));
#833 = ( GEOMETRIC_REPRESENTATION_CONTEXT(2) 
PARAMETRIC_REPRESENTATION_CONTEXT() REPRESENTATION_CONTEXT('2D SPACE',''
  ) );
#834 = ORIENTED_EDGE('',*,*,#84,.T.);
#835 = ORIENTED_EDGE('',*,*,#788,.T.);
#836 = ORIENTED_EDGE('',*,*,#837,.F.);
#837 = EDGE_CURVE('',#813,#766,#838,.T.);
#838 = SURFACE_CURVE('',#839,(#843,#850),.PCURVE_S1.);
#839 = LINE('',#840,#841);
#840 = CARTESIAN_POINT('',(500.,250.,100.));
#841 = VECTOR('',#842,1.);
#842 = DIRECTION('',(0.,0.,1.));
#843 = PCURVE('',#100,#844);
#844 = DEFINITIONAL_REPRESENTATION('',(#845),#849);
#845 = LINE('',#846,#847);
#846 = CARTESIAN_POINT('',(0.,1.E+03));
#847 = VECTOR('',#848,1.);
#848 = DIRECTION('',(1.,0.));
#849 = ( GEOMETRIC_REPRESENTATION_CONTEXT(2) 
PARAMETRIC_REPRESENTATION_CONTEXT() REPRESENTATION_CONTEXT('2D SPACE',''
  ) );
#850 = PCURVE('',#202,#851);
#851 = DEFINITIONAL_REPRESENTATION('',(#852),#856);
#852 = LINE('',#853,#854);
#853 = CARTESIAN_POINT('',(0.,-500.));
#854 = VECTOR('',#855,1.);
#855 = DIRECTION('',(1.,0.));
#856 = ( GEOMETRIC_REPRESENTATION_CONTEXT(2) 
PARAMETRIC_REPRESENTATION_CONTEXT() REPRESENTATION_CONTEXT('2D SPACE',''
  ) );
#857 = ADVANCED_FACE('',(#858),#72,.F.);
#858 = FACE_BOUND('',#859,.F.);
#859 = EDGE_LOOP('',(#860,#861,#862,#883));
#860 = ORIENTED_EDGE('',*,*,#56,.F.);
#861 = ORIENTED_EDGE('',*,*,#141,.T.);
#862 = ORIENTED_EDGE('',*,*,#863,.T.);
#863 = EDGE_CURVE('',#142,#813,#864,.T.);
#864 = SURFACE_CURVE('',#865,(#869,#876),.PCURVE_S1.);
#865 = LINE('',#866,#867);
#866 = CARTESIAN_POINT('',(500.,-250.,100.));
#867 = VECTOR('',#868,1.);
#868 = DIRECTION('',(-0.,1.,0.));
#869 = PCURVE('',#72,#870);
#870 = DEFINITIONAL_REPRESENTATION('',(#871),#875);
#871 = LINE('',#872,#873);
#872 = CARTESIAN_POINT('',(1.E+03,0.));
#873 = VECTOR('',#874,1.);
#874 = DIRECTION('',(0.,1.));
#875 = ( GEOMETRIC_REPRESENTATION_CONTEXT(2) 
PARAMETRIC_REPRESENTATION_CONTEXT() REPRESENTATION_CONTEXT('2D SPACE',''
  ) );
#876 = PCURVE('',#202,#877);
#877 = DEFINITIONAL_REPRESENTATION('',(#878),#882);
#878 = LINE('',#879,#880);
#879 = CARTESIAN_POINT('',(0.,0.));
#880 = VECTOR('',#881,1.);
#881 = DIRECTION('',(0.,-1.));
#882 = ( GEOMETRIC_REPRESENTATION_CONTEXT(2) 
PARAMETRIC_REPRESENTATION_CONTEXT() REPRESENTATION_CONTEXT('2D SPACE',''
  ) );
#883 = ORIENTED_EDGE('',*,*,#812,.F.);
#884 = ADVANCED_FACE('',(#885),#202,.T.);
#885 = FACE_BOUND('',#886,.T.);
#886 = EDGE_LOOP('',(#887,#888,#889,#890));
#887 = ORIENTED_EDGE('',*,*,#188,.F.);
#888 = ORIENTED_EDGE('',*,*,#863,.T.);
#889 = ORIENTED_EDGE('',*,*,#837,.T.);
#890 = ORIENTED_EDGE('',*,*,#765,.F.);
#891 = ADVANCED_FACE('',(#892),#233,.F.);
#892 = FACE_BOUND('',#893,.F.);
#893 = EDGE_LOOP('',(#894,#917,#918,#941));
#894 = ORIENTED_EDGE('',*,*,#895,.F.);
#895 = EDGE_CURVE('',#217,#896,#898,.T.);
#896 = VERTEX_POINT('',#897);
#897 = CARTESIAN_POINT('',(-478.,-248.5,1.215E+03));
#898 = SURFACE_CURVE('',#899,(#903,#910),.PCURVE_S1.);
#899 = LINE('',#900,#901);
#900 = CARTESIAN_POINT('',(-478.,-251.,1.215E+03));
#901 = VECTOR('',#902,1.);
#902 = DIRECTION('',(-0.,1.,0.));
#903 = PCURVE('',#233,#904);
#904 = DEFINITIONAL_REPRESENTATION('',(#905),#909);
#905 = LINE('',#906,#907);
#906 = CARTESIAN_POINT('',(0.,0.));
#907 = VECTOR('',#908,1.);
#908 = DIRECTION('',(0.,1.));
#909 = ( GEOMETRIC_REPRESENTATION_CONTEXT(2) 
PARAMETRIC_REPRESENTATION_CONTEXT() REPRESENTATION_CONTEXT('2D SPACE',''
  ) );
#910 = PCURVE('',#259,#911);
#911 = DEFINITIONAL_REPRESENTATION('',(#912),#916);
#912 = LINE('',#913,#914);
#913 = CARTESIAN_POINT('',(510.,0.));
#914 = VECTOR('',#915,1.);
#915 = DIRECTION('',(0.,-1.));
#916 = ( GEOMETRIC_REPRESENTATION_CONTEXT(2) 
PARAMETRIC_REPRESENTATION_CONTEXT() REPRESENTATION_CONTEXT('2D SPACE',''
  ) );
#917 = ORIENTED_EDGE('',*,*,#216,.T.);
#918 = ORIENTED_EDGE('',*,*,#919,.T.);
#919 = EDGE_CURVE('',#219,#920,#922,.T.);
#920 = VERTEX_POINT('',#921);
#921 = CARTESIAN_POINT('',(-306.,-248.5,1.215E+03));
#922 = SURFACE_CURVE('',#923,(#927,#934),.PCURVE_S1.);
#923 = LINE('',#924,#925);
#924 = CARTESIAN_POINT('',(-306.,-251.,1.215E+03));
#925 = VECTOR('',#926,1.);
#926 = DIRECTION('',(-0.,1.,0.));
#927 = PCURVE('',#233,#928);
#928 = DEFINITIONAL_REPRESENTATION('',(#929),#933);
#929 = LINE('',#930,#931);
#930 = CARTESIAN_POINT('',(172.,0.));
#931 = VECTOR('',#932,1.);
#932 = DIRECTION('',(0.,1.));
#933 = ( GEOMETRIC_REPRESENTATION_CONTEXT(2) 
PARAMETRIC_REPRESENTATION_CONTEXT() REPRESENTATION_CONTEXT('2D SPACE',''
  ) );
#934 = PCURVE('',#309,#935);
#935 = DEFINITIONAL_REPRESENTATION('',(#936),#940);
#936 = LINE('',#937,#938);
#937 = CARTESIAN_POINT('',(510.,0.));
#938 = VECTOR('',#939,1.);
#939 = DIRECTION('',(0.,-1.));
#940 = ( GEOMETRIC_REPRESENTATION_CONTEXT(2) 
PARAMETRIC_REPRESENTATION_CONTEXT() REPRESENTATION_CONTEXT('2D SPACE',''
  ) );
#941 = ORIENTED_EDGE('',*,*,#942,.F.);
#942 = EDGE_CURVE('',#896,#920,#943,.T.);
#943 = SURFACE_CURVE('',#944,(#948,#954),.PCURVE_S1.);
#944 = LINE('',#945,#946);
#945 = CARTESIAN_POINT('',(-488.25,-248.5,1.215E+03));
#946 = VECTOR('',#947,1.);
#947 = DIRECTION('',(1.,0.,-0.));
#948 = PCURVE('',#233,#949);
#949 = DEFINITIONAL_REPRESENTATION('',(#950),#953);
#950 = B_SPLINE_CURVE_WITH_KNOTS('',1,(#951,#952),.UNSPECIFIED.,.F.,.F.,
  (2,2),(10.25,182.25),.PIECEWISE_BEZIER_KNOTS.);
#951 = CARTESIAN_POINT('',(0.,2.5));
#952 = CARTESIAN_POINT('',(172.,2.5));
#953 = ( GEOMETRIC_REPRESENTATION_CONTEXT(2) 
PARAMETRIC_REPRESENTATION_CONTEXT() REPRESENTATION_CONTEXT('2D SPACE',''
  ) );
#954 = PCURVE('',#955,#960);
#955 = PLANE('',#956);
#956 = AXIS2_PLACEMENT_3D('',#957,#958,#959);
#957 = CARTESIAN_POINT('',(-498.5,-248.5,101.5));
#958 = DIRECTION('',(-0.,1.,0.));
#959 = DIRECTION('',(0.,0.,1.));
#960 = DEFINITIONAL_REPRESENTATION('',(#961),#964);
#961 = B_SPLINE_CURVE_WITH_KNOTS('',1,(#962,#963),.UNSPECIFIED.,.F.,.F.,
  (2,2),(10.25,182.25),.PIECEWISE_BEZIER_KNOTS.);
#962 = CARTESIAN_POINT('',(1.1135E+03,20.5));
#963 = CARTESIAN_POINT('',(1.1135E+03,192.5));
#964 = ( GEOMETRIC_REPRESENTATION_CONTEXT(2) 
PARAMETRIC_REPRESENTATION_CONTEXT() REPRESENTATION_CONTEXT('2D SPACE',''
  ) );
#965 = ADVANCED_FACE('',(#966),#259,.T.);
#966 = FACE_BOUND('',#967,.T.);
#967 = EDGE_LOOP('',(#968,#969,#970,#993));
#968 = ORIENTED_EDGE('',*,*,#895,.F.);
#969 = ORIENTED_EDGE('',*,*,#244,.T.);
#970 = ORIENTED_EDGE('',*,*,#971,.T.);
#971 = EDGE_CURVE('',#245,#972,#974,.T.);
#972 = VERTEX_POINT('',#973);
#973 = CARTESIAN_POINT('',(-478.,-248.5,705.));
#974 = SURFACE_CURVE('',#975,(#979,#986),.PCURVE_S1.);
#975 = LINE('',#976,#977);
#976 = CARTESIAN_POINT('',(-478.,-251.,705.));
#977 = VECTOR('',#978,1.);
#978 = DIRECTION('',(-0.,1.,0.));
#979 = PCURVE('',#259,#980);
#980 = DEFINITIONAL_REPRESENTATION('',(#981),#985);
#981 = LINE('',#982,#983);
#982 = CARTESIAN_POINT('',(0.,0.));
#983 = VECTOR('',#984,1.);
#984 = DIRECTION('',(0.,-1.));
#985 = ( GEOMETRIC_REPRESENTATION_CONTEXT(2) 
PARAMETRIC_REPRESENTATION_CONTEXT() REPRESENTATION_CONTEXT('2D SPACE',''
  ) );
#986 = PCURVE('',#285,#987);
#987 = DEFINITIONAL_REPRESENTATION('',(#988),#992);
#988 = LINE('',#989,#990);
#989 = CARTESIAN_POINT('',(0.,0.));
#990 = VECTOR('',#991,1.);
#991 = DIRECTION('',(0.,1.));
#992 = ( GEOMETRIC_REPRESENTATION_CONTEXT(2) 
PARAMETRIC_REPRESENTATION_CONTEXT() REPRESENTATION_CONTEXT('2D SPACE',''
  ) );
#993 = ORIENTED_EDGE('',*,*,#994,.F.);
#994 = EDGE_CURVE('',#896,#972,#995,.T.);
#995 = SURFACE_CURVE('',#996,(#1000,#1006),.PCURVE_S1.);
#996 = LINE('',#997,#998);
#997 = CARTESIAN_POINT('',(-478.,-248.5,403.25));
#998 = VECTOR('',#999,1.);
#999 = DIRECTION('',(-0.,0.,-1.));
#1000 = PCURVE('',#259,#1001);
#1001 = DEFINITIONAL_REPRESENTATION('',(#1002),#1005);
#1002 = B_SPLINE_CURVE_WITH_KNOTS('',1,(#1003,#1004),.UNSPECIFIED.,.F.,
  .F.,(2,2),(-811.75,-301.75),.PIECEWISE_BEZIER_KNOTS.);
#1003 = CARTESIAN_POINT('',(510.,-2.5));
#1004 = CARTESIAN_POINT('',(0.,-2.5));
#1005 = ( GEOMETRIC_REPRESENTATION_CONTEXT(2) 
PARAMETRIC_REPRESENTATION_CONTEXT() REPRESENTATION_CONTEXT('2D SPACE',''
  ) );
#1006 = PCURVE('',#955,#1007);
#1007 = DEFINITIONAL_REPRESENTATION('',(#1008),#1011);
#1008 = B_SPLINE_CURVE_WITH_KNOTS('',1,(#1009,#1010),.UNSPECIFIED.,.F.,
  .F.,(2,2),(-811.75,-301.75),.PIECEWISE_BEZIER_KNOTS.);
#1009 = CARTESIAN_POINT('',(1.1135E+03,20.5));
#1010 = CARTESIAN_POINT('',(603.5,20.5));
#1011 = ( GEOMETRIC_REPRESENTATION_CONTEXT(2) 
PARAMETRIC_REPRESENTATION_CONTEXT() REPRESENTATION_CONTEXT('2D SPACE',''
  ) );
#1012 = ADVANCED_FACE('',(#1013),#309,.F.);
#1013 = FACE_BOUND('',#1014,.F.);
#1014 = EDGE_LOOP('',(#1015,#1016,#1017,#1040));
#1015 = ORIENTED_EDGE('',*,*,#919,.F.);
#1016 = ORIENTED_EDGE('',*,*,#296,.T.);
#1017 = ORIENTED_EDGE('',*,*,#1018,.T.);
#1018 = EDGE_CURVE('',#271,#1019,#1021,.T.);
#1019 = VERTEX_POINT('',#1020);
#1020 = CARTESIAN_POINT('',(-306.,-248.5,705.));
#1021 = SURFACE_CURVE('',#1022,(#1026,#1033),.PCURVE_S1.);
#1022 = LINE('',#1023,#1024);
#1023 = CARTESIAN_POINT('',(-306.,-251.,705.));
#1024 = VECTOR('',#1025,1.);
#1025 = DIRECTION('',(-0.,1.,0.));
#1026 = PCURVE('',#309,#1027);
#1027 = DEFINITIONAL_REPRESENTATION('',(#1028),#1032);
#1028 = LINE('',#1029,#1030);
#1029 = CARTESIAN_POINT('',(0.,0.));
#1030 = VECTOR('',#1031,1.);
#1031 = DIRECTION('',(0.,-1.));
#1032 = ( GEOMETRIC_REPRESENTATION_CONTEXT(2) 
PARAMETRIC_REPRESENTATION_CONTEXT() REPRESENTATION_CONTEXT('2D SPACE',''
  ) );
#1033 = PCURVE('',#285,#1034);
#1034 = DEFINITIONAL_REPRESENTATION('',(#1035),#1039);
#1035 = LINE('',#1036,#1037);
#1036 = CARTESIAN_POINT('',(172.,0.));
#1037 = VECTOR('',#1038,1.);
#1038 = DIRECTION('',(0.,1.));
#1039 = ( GEOMETRIC_REPRESENTATION_CONTEXT(2) 
PARAMETRIC_REPRESENTATION_CONTEXT() REPRESENTATION_CONTEXT('2D SPACE',''
  ) );
#1040 = ORIENTED_EDGE('',*,*,#1041,.F.);
#1041 = EDGE_CURVE('',#920,#1019,#1042,.T.);
#1042 = SURFACE_CURVE('',#1043,(#1047,#1053),.PCURVE_S1.);
#1043 = LINE('',#1044,#1045);
#1044 = CARTESIAN_POINT('',(-306.,-248.5,403.25));
#1045 = VECTOR('',#1046,1.);
#1046 = DIRECTION('',(-0.,0.,-1.));
#1047 = PCURVE('',#309,#1048);
#1048 = DEFINITIONAL_REPRESENTATION('',(#1049),#1052);
#1049 = B_SPLINE_CURVE_WITH_KNOTS('',1,(#1050,#1051),.UNSPECIFIED.,.F.,
  .F.,(2,2),(-811.75,-301.75),.PIECEWISE_BEZIER_KNOTS.);
#1050 = CARTESIAN_POINT('',(510.,-2.5));
#1051 = CARTESIAN_POINT('',(0.,-2.5));
#1052 = ( GEOMETRIC_REPRESENTATION_CONTEXT(2) 
PARAMETRIC_REPRESENTATION_CONTEXT() REPRESENTATION_CONTEXT('2D SPACE',''
  ) );
#1053 = PCURVE('',#955,#1054);
#1054 = DEFINITIONAL_REPRESENTATION('',(#1055),#1058);
#1055 = B_SPLINE_CURVE_WITH_KNOTS('',1,(#1056,#1057),.UNSPECIFIED.,.F.,
  .F.,(2,2),(-811.75,-301.75),.PIECEWISE_BEZIER_KNOTS.);
#1056 = CARTESIAN_POINT('',(1.1135E+03,192.5));
#1057 = CARTESIAN_POINT('',(603.5,192.5));
#1058 = ( GEOMETRIC_REPRESENTATION_CONTEXT(2) 
PARAMETRIC_REPRESENTATION_CONTEXT() REPRESENTATION_CONTEXT('2D SPACE',''
  ) );
#1059 = ADVANCED_FACE('',(#1060),#285,.T.);
#1060 = FACE_BOUND('',#1061,.T.);
#1061 = EDGE_LOOP('',(#1062,#1063,#1064,#1065));
#1062 = ORIENTED_EDGE('',*,*,#971,.F.);
#1063 = ORIENTED_EDGE('',*,*,#270,.T.);
#1064 = ORIENTED_EDGE('',*,*,#1018,.T.);
#1065 = ORIENTED_EDGE('',*,*,#1066,.F.);
#1066 = EDGE_CURVE('',#972,#1019,#1067,.T.);
#1067 = SURFACE_CURVE('',#1068,(#1072,#1078),.PCURVE_S1.);
#1068 = LINE('',#1069,#1070);
#1069 = CARTESIAN_POINT('',(-488.25,-248.5,705.));
#1070 = VECTOR('',#1071,1.);
#1071 = DIRECTION('',(1.,0.,-0.));
#1072 = PCURVE('',#285,#1073);
#1073 = DEFINITIONAL_REPRESENTATION('',(#1074),#1077);
#1074 = B_SPLINE_CURVE_WITH_KNOTS('',1,(#1075,#1076),.UNSPECIFIED.,.F.,
  .F.,(2,2),(10.25,182.25),.PIECEWISE_BEZIER_KNOTS.);
#1075 = CARTESIAN_POINT('',(0.,2.5));
#1076 = CARTESIAN_POINT('',(172.,2.5));
#1077 = ( GEOMETRIC_REPRESENTATION_CONTEXT(2) 
PARAMETRIC_REPRESENTATION_CONTEXT() REPRESENTATION_CONTEXT('2D SPACE',''
  ) );
#1078 = PCURVE('',#955,#1079);
#1079 = DEFINITIONAL_REPRESENTATION('',(#1080),#1083);
#1080 = B_SPLINE_CURVE_WITH_KNOTS('',1,(#1081,#1082),.UNSPECIFIED.,.F.,
  .F.,(2,2),(10.25,182.25),.PIECEWISE_BEZIER_KNOTS.);
#1081 = CARTESIAN_POINT('',(603.5,20.5));
#1082 = CARTESIAN_POINT('',(603.5,192.5));
#1083 = ( GEOMETRIC_REPRESENTATION_CONTEXT(2) 
PARAMETRIC_REPRESENTATION_CONTEXT() REPRESENTATION_CONTEXT('2D SPACE',''
  ) );
#1084 = ADVANCED_FACE('',(#1085),#339,.F.);
#1085 = FACE_BOUND('',#1086,.F.);
#1086 = EDGE_LOOP('',(#1087,#1110,#1111,#1134));
#1087 = ORIENTED_EDGE('',*,*,#1088,.F.);
#1088 = EDGE_CURVE('',#323,#1089,#1091,.T.);
#1089 = VERTEX_POINT('',#1090);
#1090 = CARTESIAN_POINT('',(-282.,-248.5,1.215E+03));
#1091 = SURFACE_CURVE('',#1092,(#1096,#1103),.PCURVE_S1.);
#1092 = LINE('',#1093,#1094);
#1093 = CARTESIAN_POINT('',(-282.,-251.,1.215E+03));
#1094 = VECTOR('',#1095,1.);
#1095 = DIRECTION('',(-0.,1.,0.));
#1096 = PCURVE('',#339,#1097);
#1097 = DEFINITIONAL_REPRESENTATION('',(#1098),#1102);
#1098 = LINE('',#1099,#1100);
#1099 = CARTESIAN_POINT('',(0.,0.));
#1100 = VECTOR('',#1101,1.);
#1101 = DIRECTION('',(0.,1.));
#1102 = ( GEOMETRIC_REPRESENTATION_CONTEXT(2) 
PARAMETRIC_REPRESENTATION_CONTEXT() REPRESENTATION_CONTEXT('2D SPACE',''
  ) );
#1103 = PCURVE('',#365,#1104);
#1104 = DEFINITIONAL_REPRESENTATION('',(#1105),#1109);
#1105 = LINE('',#1106,#1107);
#1106 = CARTESIAN_POINT('',(510.,0.));
#1107 = VECTOR('',#1108,1.);
#1108 = DIRECTION('',(0.,-1.));
#1109 = ( GEOMETRIC_REPRESENTATION_CONTEXT(2) 
PARAMETRIC_REPRESENTATION_CONTEXT() REPRESENTATION_CONTEXT('2D SPACE',''
  ) );
#1110 = ORIENTED_EDGE('',*,*,#322,.T.);
#1111 = ORIENTED_EDGE('',*,*,#1112,.T.);
#1112 = EDGE_CURVE('',#325,#1113,#1115,.T.);
#1113 = VERTEX_POINT('',#1114);
#1114 = CARTESIAN_POINT('',(-110.,-248.5,1.215E+03));
#1115 = SURFACE_CURVE('',#1116,(#1120,#1127),.PCURVE_S1.);
#1116 = LINE('',#1117,#1118);
#1117 = CARTESIAN_POINT('',(-110.,-251.,1.215E+03));
#1118 = VECTOR('',#1119,1.);
#1119 = DIRECTION('',(-0.,1.,0.));
#1120 = PCURVE('',#339,#1121);
#1121 = DEFINITIONAL_REPRESENTATION('',(#1122),#1126);
#1122 = LINE('',#1123,#1124);
#1123 = CARTESIAN_POINT('',(172.,0.));
#1124 = VECTOR('',#1125,1.);
#1125 = DIRECTION('',(0.,1.));
#1126 = ( GEOMETRIC_REPRESENTATION_CONTEXT(2) 
PARAMETRIC_REPRESENTATION_CONTEXT() REPRESENTATION_CONTEXT('2D SPACE',''
  ) );
#1127 = PCURVE('',#415,#1128);
#1128 = DEFINITIONAL_REPRESENTATION('',(#1129),#1133);
#1129 = LINE('',#1130,#1131);
#1130 = CARTESIAN_POINT('',(510.,0.));
#1131 = VECTOR('',#1132,1.);
#1132 = DIRECTION('',(0.,-1.));
#1133 = ( GEOMETRIC_REPRESENTATION_CONTEXT(2) 
PARAMETRIC_REPRESENTATION_CONTEXT() REPRESENTATION_CONTEXT('2D SPACE',''
  ) );
#1134 = ORIENTED_EDGE('',*,*,#1135,.F.);
#1135 = EDGE_CURVE('',#1089,#1113,#1136,.T.);
#1136 = SURFACE_CURVE('',#1137,(#1141,#1147),.PCURVE_S1.);
#1137 = LINE('',#1138,#1139);
#1138 = CARTESIAN_POINT('',(-390.25,-248.5,1.215E+03));
#1139 = VECTOR('',#1140,1.);
#1140 = DIRECTION('',(1.,0.,-0.));
#1141 = PCURVE('',#339,#1142);
#1142 = DEFINITIONAL_REPRESENTATION('',(#1143),#1146);
#1143 = B_SPLINE_CURVE_WITH_KNOTS('',1,(#1144,#1145),.UNSPECIFIED.,.F.,
  .F.,(2,2),(108.25,280.25),.PIECEWISE_BEZIER_KNOTS.);
#1144 = CARTESIAN_POINT('',(0.,2.5));
#1145 = CARTESIAN_POINT('',(172.,2.5));
#1146 = ( GEOMETRIC_REPRESENTATION_CONTEXT(2) 
PARAMETRIC_REPRESENTATION_CONTEXT() REPRESENTATION_CONTEXT('2D SPACE',''
  ) );
#1147 = PCURVE('',#955,#1148);
#1148 = DEFINITIONAL_REPRESENTATION('',(#1149),#1152);
#1149 = B_SPLINE_CURVE_WITH_KNOTS('',1,(#1150,#1151),.UNSPECIFIED.,.F.,
  .F.,(2,2),(108.25,280.25),.PIECEWISE_BEZIER_KNOTS.);
#1150 = CARTESIAN_POINT('',(1.1135E+03,216.5));
#1151 = CARTESIAN_POINT('',(1.1135E+03,388.5));
#1152 = ( GEOMETRIC_REPRESENTATION_CONTEXT(2) 
PARAMETRIC_REPRESENTATION_CONTEXT() REPRESENTATION_CONTEXT('2D SPACE',''
  ) );
#1153 = ADVANCED_FACE('',(#1154),#365,.T.);
#1154 = FACE_BOUND('',#1155,.T.);
#1155 = EDGE_LOOP('',(#1156,#1157,#1158,#1181));
#1156 = ORIENTED_EDGE('',*,*,#1088,.F.);
#1157 = ORIENTED_EDGE('',*,*,#350,.T.);
#1158 = ORIENTED_EDGE('',*,*,#1159,.T.);
#1159 = EDGE_CURVE('',#351,#1160,#1162,.T.);
#1160 = VERTEX_POINT('',#1161);
#1161 = CARTESIAN_POINT('',(-282.,-248.5,705.));
#1162 = SURFACE_CURVE('',#1163,(#1167,#1174),.PCURVE_S1.);
#1163 = LINE('',#1164,#1165);
#1164 = CARTESIAN_POINT('',(-282.,-251.,705.));
#1165 = VECTOR('',#1166,1.);
#1166 = DIRECTION('',(-0.,1.,0.));
#1167 = PCURVE('',#365,#1168);
#1168 = DEFINITIONAL_REPRESENTATION('',(#1169),#1173);
#1169 = LINE('',#1170,#1171);
#1170 = CARTESIAN_POINT('',(0.,0.));
#1171 = VECTOR('',#1172,1.);
#1172 = DIRECTION('',(0.,-1.));
#1173 = ( GEOMETRIC_REPRESENTATION_CONTEXT(2) 
PARAMETRIC_REPRESENTATION_CONTEXT() REPRESENTATION_CONTEXT('2D SPACE',''
  ) );
#1174 = PCURVE('',#391,#1175);
#1175 = DEFINITIONAL_REPRESENTATION('',(#1176),#1180);
#1176 = LINE('',#1177,#1178);
#1177 = CARTESIAN_POINT('',(0.,0.));
#1178 = VECTOR('',#1179,1.);
#1179 = DIRECTION('',(0.,1.));
#1180 = ( GEOMETRIC_REPRESENTATION_CONTEXT(2) 
PARAMETRIC_REPRESENTATION_CONTEXT() REPRESENTATION_CONTEXT('2D SPACE',''
  ) );
#1181 = ORIENTED_EDGE('',*,*,#1182,.F.);
#1182 = EDGE_CURVE('',#1089,#1160,#1183,.T.);
#1183 = SURFACE_CURVE('',#1184,(#1188,#1194),.PCURVE_S1.);
#1184 = LINE('',#1185,#1186);
#1185 = CARTESIAN_POINT('',(-282.,-248.5,403.25));
#1186 = VECTOR('',#1187,1.);
#1187 = DIRECTION('',(-0.,0.,-1.));
#1188 = PCURVE('',#365,#1189);
#1189 = DEFINITIONAL_REPRESENTATION('',(#1190),#1193);
#1190 = B_SPLINE_CURVE_WITH_KNOTS('',1,(#1191,#1192),.UNSPECIFIED.,.F.,
  .F.,(2,2),(-811.75,-301.75),.PIECEWISE_BEZIER_KNOTS.);
#1191 = CARTESIAN_POINT('',(510.,-2.5));
#1192 = CARTESIAN_POINT('',(0.,-2.5));
#1193 = ( GEOMETRIC_REPRESENTATION_CONTEXT(2) 
PARAMETRIC_REPRESENTATION_CONTEXT() REPRESENTATION_CONTEXT('2D SPACE',''
  ) );
#1194 = PCURVE('',#955,#1195);
#1195 = DEFINITIONAL_REPRESENTATION('',(#1196),#1199);
#1196 = B_SPLINE_CURVE_WITH_KNOTS('',1,(#1197,#1198),.UNSPECIFIED.,.F.,
  .F.,(2,2),(-811.75,-301.75),.PIECEWISE_BEZIER_KNOTS.);
#1197 = CARTESIAN_POINT('',(1.1135E+03,216.5));
#1198 = CARTESIAN_POINT('',(603.5,216.5));
#1199 = ( GEOMETRIC_REPRESENTATION_CONTEXT(2) 
PARAMETRIC_REPRESENTATION_CONTEXT() REPRESENTATION_CONTEXT('2D SPACE',''
  ) );
#1200 = ADVANCED_FACE('',(#1201),#415,.F.);
#1201 = FACE_BOUND('',#1202,.F.);
#1202 = EDGE_LOOP('',(#1203,#1204,#1205,#1228));
#1203 = ORIENTED_EDGE('',*,*,#1112,.F.);
#1204 = ORIENTED_EDGE('',*,*,#402,.T.);
#1205 = ORIENTED_EDGE('',*,*,#1206,.T.);
#1206 = EDGE_CURVE('',#377,#1207,#1209,.T.);
#1207 = VERTEX_POINT('',#1208);
#1208 = CARTESIAN_POINT('',(-110.,-248.5,705.));
#1209 = SURFACE_CURVE('',#1210,(#1214,#1221),.PCURVE_S1.);
#1210 = LINE('',#1211,#1212);
#1211 = CARTESIAN_POINT('',(-110.,-251.,705.));
#1212 = VECTOR('',#1213,1.);
#1213 = DIRECTION('',(-0.,1.,0.));
#1214 = PCURVE('',#415,#1215);
#1215 = DEFINITIONAL_REPRESENTATION('',(#1216),#1220);
#1216 = LINE('',#1217,#1218);
#1217 = CARTESIAN_POINT('',(0.,0.));
#1218 = VECTOR('',#1219,1.);
#1219 = DIRECTION('',(0.,-1.));
#1220 = ( GEOMETRIC_REPRESENTATION_CONTEXT(2) 
PARAMETRIC_REPRESENTATION_CONTEXT() REPRESENTATION_CONTEXT('2D SPACE',''
  ) );
#1221 = PCURVE('',#391,#1222);
#1222 = DEFINITIONAL_REPRESENTATION('',(#1223),#1227);
#1223 = LINE('',#1224,#1225);
#1224 = CARTESIAN_POINT('',(172.,0.));
#1225 = VECTOR('',#1226,1.);
#1226 = DIRECTION('',(0.,1.));
#1227 = ( GEOMETRIC_REPRESENTATION_CONTEXT(2) 
PARAMETRIC_REPRESENTATION_CONTEXT() REPRESENTATION_CONTEXT('2D SPACE',''
  ) );
#1228 = ORIENTED_EDGE('',*,*,#1229,.F.);
#1229 = EDGE_CURVE('',#1113,#1207,#1230,.T.);
#1230 = SURFACE_CURVE('',#1231,(#1235,#1241),.PCURVE_S1.);
#1231 = LINE('',#1232,#1233);
#1232 = CARTESIAN_POINT('',(-110.,-248.5,403.25));
#1233 = VECTOR('',#1234,1.);
#1234 = DIRECTION('',(-0.,0.,-1.));
#1235 = PCURVE('',#415,#1236);
#1236 = DEFINITIONAL_REPRESENTATION('',(#1237),#1240);
#1237 = B_SPLINE_CURVE_WITH_KNOTS('',1,(#1238,#1239),.UNSPECIFIED.,.F.,
  .F.,(2,2),(-811.75,-301.75),.PIECEWISE_BEZIER_KNOTS.);
#1238 = CARTESIAN_POINT('',(510.,-2.5));
#1239 = CARTESIAN_POINT('',(0.,-2.5));
#1240 = ( GEOMETRIC_REPRESENTATION_CONTEXT(2) 
PARAMETRIC_REPRESENTATION_CONTEXT() REPRESENTATION_CONTEXT('2D SPACE',''
  ) );
#1241 = PCURVE('',#955,#1242);
#1242 = DEFINITIONAL_REPRESENTATION('',(#1243),#1246);
#1243 = B_SPLINE_CURVE_WITH_KNOTS('',1,(#1244,#1245),.UNSPECIFIED.,.F.,
  .F.,(2,2),(-811.75,-301.75),.PIECEWISE_BEZIER_KNOTS.);
#1244 = CARTESIAN_POINT('',(1.1135E+03,388.5));
#1245 = CARTESIAN_POINT('',(603.5,388.5));
#1246 = ( GEOMETRIC_REPRESENTATION_CONTEXT(2) 
PARAMETRIC_REPRESENTATION_CONTEXT() REPRESENTATION_CONTEXT('2D SPACE',''
  ) );
#1247 = ADVANCED_FACE('',(#1248),#391,.T.);
#1248 = FACE_BOUND('',#1249,.T.);
#1249 = EDGE_LOOP('',(#1250,#1251,#1252,#1253));
#1250 = ORIENTED_EDGE('',*,*,#1159,.F.);
#1251 = ORIENTED_EDGE('',*,*,#376,.T.);
#1252 = ORIENTED_EDGE('',*,*,#1206,.T.);
#1253 = ORIENTED_EDGE('',*,*,#1254,.F.);
#1254 = EDGE_CURVE('',#1160,#1207,#1255,.T.);
#1255 = SURFACE_CURVE('',#1256,(#1260,#1266),.PCURVE_S1.);
#1256 = LINE('',#1257,#1258);
#1257 = CARTESIAN_POINT('',(-390.25,-248.5,705.));
#1258 = VECTOR('',#1259,1.);
#1259 = DIRECTION('',(1.,0.,-0.));
#1260 = PCURVE('',#391,#1261);
#1261 = DEFINITIONAL_REPRESENTATION('',(#1262),#1265);
#1262 = B_SPLINE_CURVE_WITH_KNOTS('',1,(#1263,#1264),.UNSPECIFIED.,.F.,
  .F.,(2,2),(108.25,280.25),.PIECEWISE_BEZIER_KNOTS.);
#1263 = CARTESIAN_POINT('',(0.,2.5));
#1264 = CARTESIAN_POINT('',(172.,2.5));
#1265 = ( GEOMETRIC_REPRESENTATION_CONTEXT(2) 
PARAMETRIC_REPRESENTATION_CONTEXT() REPRESENTATION_CONTEXT('2D SPACE',''
  ) );
#1266 = PCURVE('',#955,#1267);
#1267 = DEFINITIONAL_REPRESENTATION('',(#1268),#1271);
#1268 = B_SPLINE_CURVE_WITH_KNOTS('',1,(#1269,#1270),.UNSPECIFIED.,.F.,
  .F.,(2,2),(108.25,280.25),.PIECEWISE_BEZIER_KNOTS.);
#1269 = CARTESIAN_POINT('',(603.5,216.5));
#1270 = CARTESIAN_POINT('',(603.5,388.5));
#1271 = ( GEOMETRIC_REPRESENTATION_CONTEXT(2) 
PARAMETRIC_REPRESENTATION_CONTEXT() REPRESENTATION_CONTEXT('2D SPACE',''
  ) );
#1272 = ADVANCED_FACE('',(#1273),#445,.F.);
#1273 = FACE_BOUND('',#1274,.F.);
#1274 = EDGE_LOOP('',(#1275,#1298,#1299,#1322));
#1275 = ORIENTED_EDGE('',*,*,#1276,.F.);
#1276 = EDGE_CURVE('',#429,#1277,#1279,.T.);
#1277 = VERTEX_POINT('',#1278);
#1278 = CARTESIAN_POINT('',(-480.,-248.5,660.));
#1279 = SURFACE_CURVE('',#1280,(#1284,#1291),.PCURVE_S1.);
#1280 = LINE('',#1281,#1282);
#1281 = CARTESIAN_POINT('',(-480.,-251.,660.));
#1282 = VECTOR('',#1283,1.);
#1283 = DIRECTION('',(-0.,1.,0.));
#1284 = PCURVE('',#445,#1285);
#1285 = DEFINITIONAL_REPRESENTATION('',(#1286),#1290);
#1286 = LINE('',#1287,#1288);
#1287 = CARTESIAN_POINT('',(0.,0.));
#1288 = VECTOR('',#1289,1.);
#1289 = DIRECTION('',(0.,1.));
#1290 = ( GEOMETRIC_REPRESENTATION_CONTEXT(2) 
PARAMETRIC_REPRESENTATION_CONTEXT() REPRESENTATION_CONTEXT('2D SPACE',''
  ) );
#1291 = PCURVE('',#471,#1292);
#1292 = DEFINITIONAL_REPRESENTATION('',(#1293),#1297);
#1293 = LINE('',#1294,#1295);
#1294 = CARTESIAN_POINT('',(520.,0.));
#1295 = VECTOR('',#1296,1.);
#1296 = DIRECTION('',(0.,-1.));
#1297 = ( GEOMETRIC_REPRESENTATION_CONTEXT(2) 
PARAMETRIC_REPRESENTATION_CONTEXT() REPRESENTATION_CONTEXT('2D SPACE',''
  ) );
#1298 = ORIENTED_EDGE('',*,*,#428,.T.);
#1299 = ORIENTED_EDGE('',*,*,#1300,.T.);
#1300 = EDGE_CURVE('',#431,#1301,#1303,.T.);
#1301 = VERTEX_POINT('',#1302);
#1302 = CARTESIAN_POINT('',(480.,-248.5,660.));
#1303 = SURFACE_CURVE('',#1304,(#1308,#1315),.PCURVE_S1.);
#1304 = LINE('',#1305,#1306);
#1305 = CARTESIAN_POINT('',(480.,-251.,660.));
#1306 = VECTOR('',#1307,1.);
#1307 = DIRECTION('',(-0.,1.,0.));
#1308 = PCURVE('',#445,#1309);
#1309 = DEFINITIONAL_REPRESENTATION('',(#1310),#1314);
#1310 = LINE('',#1311,#1312);
#1311 = CARTESIAN_POINT('',(960.,0.));
#1312 = VECTOR('',#1313,1.);
#1313 = DIRECTION('',(0.,1.));
#1314 = ( GEOMETRIC_REPRESENTATION_CONTEXT(2) 
PARAMETRIC_REPRESENTATION_CONTEXT() REPRESENTATION_CONTEXT('2D SPACE',''
  ) );
#1315 = PCURVE('',#521,#1316);
#1316 = DEFINITIONAL_REPRESENTATION('',(#1317),#1321);
#1317 = LINE('',#1318,#1319);
#1318 = CARTESIAN_POINT('',(520.,0.));
#1319 = VECTOR('',#1320,1.);
#1320 = DIRECTION('',(0.,-1.));
#1321 = ( GEOMETRIC_REPRESENTATION_CONTEXT(2) 
PARAMETRIC_REPRESENTATION_CONTEXT() REPRESENTATION_CONTEXT('2D SPACE',''
  ) );
#1322 = ORIENTED_EDGE('',*,*,#1323,.F.);
#1323 = EDGE_CURVE('',#1277,#1301,#1324,.T.);
#1324 = SURFACE_CURVE('',#1325,(#1329,#1335),.PCURVE_S1.);
#1325 = LINE('',#1326,#1327);
#1326 = CARTESIAN_POINT('',(-489.25,-248.5,660.));
#1327 = VECTOR('',#1328,1.);
#1328 = DIRECTION('',(1.,0.,-0.));
#1329 = PCURVE('',#445,#1330);
#1330 = DEFINITIONAL_REPRESENTATION('',(#1331),#1334);
#1331 = B_SPLINE_CURVE_WITH_KNOTS('',1,(#1332,#1333),.UNSPECIFIED.,.F.,
  .F.,(2,2),(9.25,969.25),.PIECEWISE_BEZIER_KNOTS.);
#1332 = CARTESIAN_POINT('',(0.,2.5));
#1333 = CARTESIAN_POINT('',(960.,2.5));
#1334 = ( GEOMETRIC_REPRESENTATION_CONTEXT(2) 
PARAMETRIC_REPRESENTATION_CONTEXT() REPRESENTATION_CONTEXT('2D SPACE',''
  ) );
#1335 = PCURVE('',#1336,#1341);
#1336 = PLANE('',#1337);
#1337 = AXIS2_PLACEMENT_3D('',#1338,#1339,#1340);
#1338 = CARTESIAN_POINT('',(-498.5,-248.5,101.5));
#1339 = DIRECTION('',(-0.,1.,0.));
#1340 = DIRECTION('',(0.,0.,1.));
#1341 = DEFINITIONAL_REPRESENTATION('',(#1342),#1345);
#1342 = B_SPLINE_CURVE_WITH_KNOTS('',1,(#1343,#1344),.UNSPECIFIED.,.F.,
  .F.,(2,2),(9.25,969.25),.PIECEWISE_BEZIER_KNOTS.);
#1343 = CARTESIAN_POINT('',(558.5,18.5));
#1344 = CARTESIAN_POINT('',(558.5,978.5));
#1345 = ( GEOMETRIC_REPRESENTATION_CONTEXT(2) 
PARAMETRIC_REPRESENTATION_CONTEXT() REPRESENTATION_CONTEXT('2D SPACE',''
  ) );
#1346 = ADVANCED_FACE('',(#1347),#471,.T.);
#1347 = FACE_BOUND('',#1348,.T.);
#1348 = EDGE_LOOP('',(#1349,#1350,#1351,#1374));
#1349 = ORIENTED_EDGE('',*,*,#1276,.F.);
#1350 = ORIENTED_EDGE('',*,*,#456,.T.);
#1351 = ORIENTED_EDGE('',*,*,#1352,.T.);
#1352 = EDGE_CURVE('',#457,#1353,#1355,.T.);
#1353 = VERTEX_POINT('',#1354);
#1354 = CARTESIAN_POINT('',(-480.,-248.5,140.));
#1355 = SURFACE_CURVE('',#1356,(#1360,#1367),.PCURVE_S1.);
#1356 = LINE('',#1357,#1358);
#1357 = CARTESIAN_POINT('',(-480.,-251.,140.));
#1358 = VECTOR('',#1359,1.);
#1359 = DIRECTION('',(-0.,1.,0.));
#1360 = PCURVE('',#471,#1361);
#1361 = DEFINITIONAL_REPRESENTATION('',(#1362),#1366);
#1362 = LINE('',#1363,#1364);
#1363 = CARTESIAN_POINT('',(0.,0.));
#1364 = VECTOR('',#1365,1.);
#1365 = DIRECTION('',(0.,-1.));
#1366 = ( GEOMETRIC_REPRESENTATION_CONTEXT(2) 
PARAMETRIC_REPRESENTATION_CONTEXT() REPRESENTATION_CONTEXT('2D SPACE',''
  ) );
#1367 = PCURVE('',#497,#1368);
#1368 = DEFINITIONAL_REPRESENTATION('',(#1369),#1373);
#1369 = LINE('',#1370,#1371);
#1370 = CARTESIAN_POINT('',(0.,0.));
#1371 = VECTOR('',#1372,1.);
#1372 = DIRECTION('',(0.,1.));
#1373 = ( GEOMETRIC_REPRESENTATION_CONTEXT(2) 
PARAMETRIC_REPRESENTATION_CONTEXT() REPRESENTATION_CONTEXT('2D SPACE',''
  ) );
#1374 = ORIENTED_EDGE('',*,*,#1375,.F.);
#1375 = EDGE_CURVE('',#1277,#1353,#1376,.T.);
#1376 = SURFACE_CURVE('',#1377,(#1381,#1387),.PCURVE_S1.);
#1377 = LINE('',#1378,#1379);
#1378 = CARTESIAN_POINT('',(-480.,-248.5,120.75));
#1379 = VECTOR('',#1380,1.);
#1380 = DIRECTION('',(-0.,0.,-1.));
#1381 = PCURVE('',#471,#1382);
#1382 = DEFINITIONAL_REPRESENTATION('',(#1383),#1386);
#1383 = B_SPLINE_CURVE_WITH_KNOTS('',1,(#1384,#1385),.UNSPECIFIED.,.F.,
  .F.,(2,2),(-539.25,-19.25),.PIECEWISE_BEZIER_KNOTS.);
#1384 = CARTESIAN_POINT('',(520.,-2.5));
#1385 = CARTESIAN_POINT('',(0.,-2.5));
#1386 = ( GEOMETRIC_REPRESENTATION_CONTEXT(2) 
PARAMETRIC_REPRESENTATION_CONTEXT() REPRESENTATION_CONTEXT('2D SPACE',''
  ) );
#1387 = PCURVE('',#1336,#1388);
#1388 = DEFINITIONAL_REPRESENTATION('',(#1389),#1392);
#1389 = B_SPLINE_CURVE_WITH_KNOTS('',1,(#1390,#1391),.UNSPECIFIED.,.F.,
  .F.,(2,2),(-539.25,-19.25),.PIECEWISE_BEZIER_KNOTS.);
#1390 = CARTESIAN_POINT('',(558.5,18.5));
#1391 = CARTESIAN_POINT('',(38.5,18.5));
#1392 = ( GEOMETRIC_REPRESENTATION_CONTEXT(2) 
PARAMETRIC_REPRESENTATION_CONTEXT() REPRESENTATION_CONTEXT('2D SPACE',''
  ) );
#1393 = ADVANCED_FACE('',(#1394),#521,.F.);
#1394 = FACE_BOUND('',#1395,.F.);
#1395 = EDGE_LOOP('',(#1396,#1397,#1398,#1421));
#1396 = ORIENTED_EDGE('',*,*,#1300,.F.);
#1397 = ORIENTED_EDGE('',*,*,#508,.T.);
#1398 = ORIENTED_EDGE('',*,*,#1399,.T.);
#1399 = EDGE_CURVE('',#483,#1400,#1402,.T.);
#1400 = VERTEX_POINT('',#1401);
#1401 = CARTESIAN_POINT('',(480.,-248.5,140.));
#1402 = SURFACE_CURVE('',#1403,(#1407,#1414),.PCURVE_S1.);
#1403 = LINE('',#1404,#1405);
#1404 = CARTESIAN_POINT('',(480.,-251.,140.));
#1405 = VECTOR('',#1406,1.);
#1406 = DIRECTION('',(-0.,1.,0.));
#1407 = PCURVE('',#521,#1408);
#1408 = DEFINITIONAL_REPRESENTATION('',(#1409),#1413);
#1409 = LINE('',#1410,#1411);
#1410 = CARTESIAN_POINT('',(0.,0.));
#1411 = VECTOR('',#1412,1.);
#1412 = DIRECTION('',(0.,-1.));
#1413 = ( GEOMETRIC_REPRESENTATION_CONTEXT(2) 
PARAMETRIC_REPRESENTATION_CONTEXT() REPRESENTATION_CONTEXT('2D SPACE',''
  ) );
#1414 = PCURVE('',#497,#1415);
#1415 = DEFINITIONAL_REPRESENTATION('',(#1416),#1420);
#1416 = LINE('',#1417,#1418);
#1417 = CARTESIAN_POINT('',(960.,0.));
#1418 = VECTOR('',#1419,1.);
#1419 = DIRECTION('',(0.,1.));
#1420 = ( GEOMETRIC_REPRESENTATION_CONTEXT(2) 
PARAMETRIC_REPRESENTATION_CONTEXT() REPRESENTATION_CONTEXT('2D SPACE',''
  ) );
#1421 = ORIENTED_EDGE('',*,*,#1422,.F.);
#1422 = EDGE_CURVE('',#1301,#1400,#1423,.T.);
#1423 = SURFACE_CURVE('',#1424,(#1428,#1434),.PCURVE_S1.);
#1424 = LINE('',#1425,#1426);
#1425 = CARTESIAN_POINT('',(480.,-248.5,120.75));
#1426 = VECTOR('',#1427,1.);
#1427 = DIRECTION('',(-0.,0.,-1.));
#1428 = PCURVE('',#521,#1429);
#1429 = DEFINITIONAL_REPRESENTATION('',(#1430),#1433);
#1430 = B_SPLINE_CURVE_WITH_KNOTS('',1,(#1431,#1432),.UNSPECIFIED.,.F.,
  .F.,(2,2),(-539.25,-19.25),.PIECEWISE_BEZIER_KNOTS.);
#1431 = CARTESIAN_POINT('',(520.,-2.5));
#1432 = CARTESIAN_POINT('',(0.,-2.5));
#1433 = ( GEOMETRIC_REPRESENTATION_CONTEXT(2) 
PARAMETRIC_REPRESENTATION_CONTEXT() REPRESENTATION_CONTEXT('2D SPACE',''
  ) );
#1434 = PCURVE('',#1336,#1435);
#1435 = DEFINITIONAL_REPRESENTATION('',(#1436),#1439);
#1436 = B_SPLINE_CURVE_WITH_KNOTS('',1,(#1437,#1438),.UNSPECIFIED.,.F.,
  .F.,(2,2),(-539.25,-19.25),.PIECEWISE_BEZIER_KNOTS.);
#1437 = CARTESIAN_POINT('',(558.5,978.5));
#1438 = CARTESIAN_POINT('',(38.5,978.5));
#1439 = ( GEOMETRIC_REPRESENTATION_CONTEXT(2) 
PARAMETRIC_REPRESENTATION_CONTEXT() REPRESENTATION_CONTEXT('2D SPACE',''
  ) );
#1440 = ADVANCED_FACE('',(#1441),#497,.T.);
#1441 = FACE_BOUND('',#1442,.T.);
#1442 = EDGE_LOOP('',(#1443,#1444,#1445,#1446));
#1443 = ORIENTED_EDGE('',*,*,#1352,.F.);
#1444 = ORIENTED_EDGE('',*,*,#482,.T.);
#1445 = ORIENTED_EDGE('',*,*,#1399,.T.);
#1446 = ORIENTED_EDGE('',*,*,#1447,.F.);
#1447 = EDGE_CURVE('',#1353,#1400,#1448,.T.);
#1448 = SURFACE_CURVE('',#1449,(#1453,#1459),.PCURVE_S1.);
#1449 = LINE('',#1450,#1451);
#1450 = CARTESIAN_POINT('',(-489.25,-248.5,140.));
#1451 = VECTOR('',#1452,1.);
#1452 = DIRECTION('',(1.,0.,-0.));
#1453 = PCURVE('',#497,#1454);
#1454 = DEFINITIONAL_REPRESENTATION('',(#1455),#1458);
#1455 = B_SPLINE_CURVE_WITH_KNOTS('',1,(#1456,#1457),.UNSPECIFIED.,.F.,
  .F.,(2,2),(9.25,969.25),.PIECEWISE_BEZIER_KNOTS.);
#1456 = CARTESIAN_POINT('',(0.,2.5));
#1457 = CARTESIAN_POINT('',(960.,2.5));
#1458 = ( GEOMETRIC_REPRESENTATION_CONTEXT(2) 
PARAMETRIC_REPRESENTATION_CONTEXT() REPRESENTATION_CONTEXT('2D SPACE',''
  ) );
#1459 = PCURVE('',#1336,#1460);
#1460 = DEFINITIONAL_REPRESENTATION('',(#1461),#1464);
#1461 = B_SPLINE_CURVE_WITH_KNOTS('',1,(#1462,#1463),.UNSPECIFIED.,.F.,
  .F.,(2,2),(9.25,969.25),.PIECEWISE_BEZIER_KNOTS.);
#1462 = CARTESIAN_POINT('',(38.5,18.5));
#1463 = CARTESIAN_POINT('',(38.5,978.5));
#1464 = ( GEOMETRIC_REPRESENTATION_CONTEXT(2) 
PARAMETRIC_REPRESENTATION_CONTEXT() REPRESENTATION_CONTEXT('2D SPACE',''
  ) );
#1465 = ADVANCED_FACE('',(#1466),#552,.T.);
#1466 = FACE_BOUND('',#1467,.T.);
#1467 = EDGE_LOOP('',(#1468,#1491,#1519,#1540));
#1468 = ORIENTED_EDGE('',*,*,#1469,.F.);
#1469 = EDGE_CURVE('',#1470,#535,#1472,.T.);
#1470 = VERTEX_POINT('',#1471);
#1471 = CARTESIAN_POINT('',(-90.,-253.,1.219E+03));
#1472 = SURFACE_CURVE('',#1473,(#1477,#1484),.PCURVE_S1.);
#1473 = LINE('',#1474,#1475);
#1474 = CARTESIAN_POINT('',(-90.,-253.,1.219E+03));
#1475 = VECTOR('',#1476,1.);
#1476 = DIRECTION('',(-0.,1.,0.));
#1477 = PCURVE('',#552,#1478);
#1478 = DEFINITIONAL_REPRESENTATION('',(#1479),#1483);
#1479 = LINE('',#1480,#1481);
#1480 = CARTESIAN_POINT('',(0.,0.));
#1481 = VECTOR('',#1482,1.);
#1482 = DIRECTION('',(0.,1.));
#1483 = ( GEOMETRIC_REPRESENTATION_CONTEXT(2) 
PARAMETRIC_REPRESENTATION_CONTEXT() REPRESENTATION_CONTEXT('2D SPACE',''
  ) );
#1484 = PCURVE('',#580,#1485);
#1485 = DEFINITIONAL_REPRESENTATION('',(#1486),#1490);
#1486 = LINE('',#1487,#1488);
#1487 = CARTESIAN_POINT('',(518.,0.));
#1488 = VECTOR('',#1489,1.);
#1489 = DIRECTION('',(0.,-1.));
#1490 = ( GEOMETRIC_REPRESENTATION_CONTEXT(2) 
PARAMETRIC_REPRESENTATION_CONTEXT() REPRESENTATION_CONTEXT('2D SPACE',''
  ) );
#1491 = ORIENTED_EDGE('',*,*,#1492,.T.);
#1492 = EDGE_CURVE('',#1470,#1493,#1495,.T.);
#1493 = VERTEX_POINT('',#1494);
#1494 = CARTESIAN_POINT('',(90.,-253.,1.219E+03));
#1495 = SURFACE_CURVE('',#1496,(#1500,#1507),.PCURVE_S1.);
#1496 = LINE('',#1497,#1498);
#1497 = CARTESIAN_POINT('',(-90.,-253.,1.219E+03));
#1498 = VECTOR('',#1499,1.);
#1499 = DIRECTION('',(1.,0.,-0.));
#1500 = PCURVE('',#552,#1501);
#1501 = DEFINITIONAL_REPRESENTATION('',(#1502),#1506);
#1502 = LINE('',#1503,#1504);
#1503 = CARTESIAN_POINT('',(0.,0.));
#1504 = VECTOR('',#1505,1.);
#1505 = DIRECTION('',(1.,0.));
#1506 = ( GEOMETRIC_REPRESENTATION_CONTEXT(2) 
PARAMETRIC_REPRESENTATION_CONTEXT() REPRESENTATION_CONTEXT('2D SPACE',''
  ) );
#1507 = PCURVE('',#1508,#1513);
#1508 = PLANE('',#1509);
#1509 = AXIS2_PLACEMENT_3D('',#1510,#1511,#1512);
#1510 = CARTESIAN_POINT('',(-90.,-253.,701.));
#1511 = DIRECTION('',(-0.,1.,0.));
#1512 = DIRECTION('',(0.,0.,1.));
#1513 = DEFINITIONAL_REPRESENTATION('',(#1514),#1518);
#1514 = LINE('',#1515,#1516);
#1515 = CARTESIAN_POINT('',(518.,0.));
#1516 = VECTOR('',#1517,1.);
#1517 = DIRECTION('',(0.,1.));
#1518 = ( GEOMETRIC_REPRESENTATION_CONTEXT(2) 
PARAMETRIC_REPRESENTATION_CONTEXT() REPRESENTATION_CONTEXT('2D SPACE',''
  ) );
#1519 = ORIENTED_EDGE('',*,*,#1520,.T.);
#1520 = EDGE_CURVE('',#1493,#537,#1521,.T.);
#1521 = SURFACE_CURVE('',#1522,(#1526,#1533),.PCURVE_S1.);
#1522 = LINE('',#1523,#1524);
#1523 = CARTESIAN_POINT('',(90.,-253.,1.219E+03));
#1524 = VECTOR('',#1525,1.);
#1525 = DIRECTION('',(-0.,1.,0.));
#1526 = PCURVE('',#552,#1527);
#1527 = DEFINITIONAL_REPRESENTATION('',(#1528),#1532);
#1528 = LINE('',#1529,#1530);
#1529 = CARTESIAN_POINT('',(180.,0.));
#1530 = VECTOR('',#1531,1.);
#1531 = DIRECTION('',(0.,1.));
#1532 = ( GEOMETRIC_REPRESENTATION_CONTEXT(2) 
PARAMETRIC_REPRESENTATION_CONTEXT() REPRESENTATION_CONTEXT('2D SPACE',''
  ) );
#1533 = PCURVE('',#634,#1534);
#1534 = DEFINITIONAL_REPRESENTATION('',(#1535),#1539);
#1535 = LINE('',#1536,#1537);
#1536 = CARTESIAN_POINT('',(518.,0.));
#1537 = VECTOR('',#1538,1.);
#1538 = DIRECTION('',(0.,-1.));
#1539 = ( GEOMETRIC_REPRESENTATION_CONTEXT(2) 
PARAMETRIC_REPRESENTATION_CONTEXT() REPRESENTATION_CONTEXT('2D SPACE',''
  ) );
#1540 = ORIENTED_EDGE('',*,*,#534,.F.);
#1541 = ADVANCED_FACE('',(#1542),#634,.T.);
#1542 = FACE_BOUND('',#1543,.T.);
#1543 = EDGE_LOOP('',(#1544,#1567,#1588,#1589));
#1544 = ORIENTED_EDGE('',*,*,#1545,.F.);
#1545 = EDGE_CURVE('',#1546,#1493,#1548,.T.);
#1546 = VERTEX_POINT('',#1547);
#1547 = CARTESIAN_POINT('',(90.,-253.,701.));
#1548 = SURFACE_CURVE('',#1549,(#1553,#1560),.PCURVE_S1.);
#1549 = LINE('',#1550,#1551);
#1550 = CARTESIAN_POINT('',(90.,-253.,701.));
#1551 = VECTOR('',#1552,1.);
#1552 = DIRECTION('',(0.,0.,1.));
#1553 = PCURVE('',#634,#1554);
#1554 = DEFINITIONAL_REPRESENTATION('',(#1555),#1559);
#1555 = LINE('',#1556,#1557);
#1556 = CARTESIAN_POINT('',(0.,0.));
#1557 = VECTOR('',#1558,1.);
#1558 = DIRECTION('',(1.,0.));
#1559 = ( GEOMETRIC_REPRESENTATION_CONTEXT(2) 
PARAMETRIC_REPRESENTATION_CONTEXT() REPRESENTATION_CONTEXT('2D SPACE',''
  ) );
#1560 = PCURVE('',#1508,#1561);
#1561 = DEFINITIONAL_REPRESENTATION('',(#1562),#1566);
#1562 = LINE('',#1563,#1564);
#1563 = CARTESIAN_POINT('',(0.,180.));
#1564 = VECTOR('',#1565,1.);
#1565 = DIRECTION('',(1.,0.));
#1566 = ( GEOMETRIC_REPRESENTATION_CONTEXT(2) 
PARAMETRIC_REPRESENTATION_CONTEXT() REPRESENTATION_CONTEXT('2D SPACE',''
  ) );
#1567 = ORIENTED_EDGE('',*,*,#1568,.T.);
#1568 = EDGE_CURVE('',#1546,#593,#1569,.T.);
#1569 = SURFACE_CURVE('',#1570,(#1574,#1581),.PCURVE_S1.);
#1570 = LINE('',#1571,#1572);
#1571 = CARTESIAN_POINT('',(90.,-253.,701.));
#1572 = VECTOR('',#1573,1.);
#1573 = DIRECTION('',(-0.,1.,0.));
#1574 = PCURVE('',#634,#1575);
#1575 = DEFINITIONAL_REPRESENTATION('',(#1576),#1580);
#1576 = LINE('',#1577,#1578);
#1577 = CARTESIAN_POINT('',(0.,0.));
#1578 = VECTOR('',#1579,1.);
#1579 = DIRECTION('',(0.,-1.));
#1580 = ( GEOMETRIC_REPRESENTATION_CONTEXT(2) 
PARAMETRIC_REPRESENTATION_CONTEXT() REPRESENTATION_CONTEXT('2D SPACE',''
  ) );
#1581 = PCURVE('',#608,#1582);
#1582 = DEFINITIONAL_REPRESENTATION('',(#1583),#1587);
#1583 = LINE('',#1584,#1585);
#1584 = CARTESIAN_POINT('',(180.,0.));
#1585 = VECTOR('',#1586,1.);
#1586 = DIRECTION('',(0.,1.));
#1587 = ( GEOMETRIC_REPRESENTATION_CONTEXT(2) 
PARAMETRIC_REPRESENTATION_CONTEXT() REPRESENTATION_CONTEXT('2D SPACE',''
  ) );
#1588 = ORIENTED_EDGE('',*,*,#620,.T.);
#1589 = ORIENTED_EDGE('',*,*,#1520,.F.);
#1590 = ADVANCED_FACE('',(#1591),#580,.F.);
#1591 = FACE_BOUND('',#1592,.F.);
#1592 = EDGE_LOOP('',(#1593,#1616,#1637,#1638));
#1593 = ORIENTED_EDGE('',*,*,#1594,.F.);
#1594 = EDGE_CURVE('',#1595,#1470,#1597,.T.);
#1595 = VERTEX_POINT('',#1596);
#1596 = CARTESIAN_POINT('',(-90.,-253.,701.));
#1597 = SURFACE_CURVE('',#1598,(#1602,#1609),.PCURVE_S1.);
#1598 = LINE('',#1599,#1600);
#1599 = CARTESIAN_POINT('',(-90.,-253.,701.));
#1600 = VECTOR('',#1601,1.);
#1601 = DIRECTION('',(0.,0.,1.));
#1602 = PCURVE('',#580,#1603);
#1603 = DEFINITIONAL_REPRESENTATION('',(#1604),#1608);
#1604 = LINE('',#1605,#1606);
#1605 = CARTESIAN_POINT('',(0.,0.));
#1606 = VECTOR('',#1607,1.);
#1607 = DIRECTION('',(1.,0.));
#1608 = ( GEOMETRIC_REPRESENTATION_CONTEXT(2) 
PARAMETRIC_REPRESENTATION_CONTEXT() REPRESENTATION_CONTEXT('2D SPACE',''
  ) );
#1609 = PCURVE('',#1508,#1610);
#1610 = DEFINITIONAL_REPRESENTATION('',(#1611),#1615);
#1611 = LINE('',#1612,#1613);
#1612 = CARTESIAN_POINT('',(0.,0.));
#1613 = VECTOR('',#1614,1.);
#1614 = DIRECTION('',(1.,0.));
#1615 = ( GEOMETRIC_REPRESENTATION_CONTEXT(2) 
PARAMETRIC_REPRESENTATION_CONTEXT() REPRESENTATION_CONTEXT('2D SPACE',''
  ) );
#1616 = ORIENTED_EDGE('',*,*,#1617,.T.);
#1617 = EDGE_CURVE('',#1595,#565,#1618,.T.);
#1618 = SURFACE_CURVE('',#1619,(#1623,#1630),.PCURVE_S1.);
#1619 = LINE('',#1620,#1621);
#1620 = CARTESIAN_POINT('',(-90.,-253.,701.));
#1621 = VECTOR('',#1622,1.);
#1622 = DIRECTION('',(-0.,1.,0.));
#1623 = PCURVE('',#580,#1624);
#1624 = DEFINITIONAL_REPRESENTATION('',(#1625),#1629);
#1625 = LINE('',#1626,#1627);
#1626 = CARTESIAN_POINT('',(0.,0.));
#1627 = VECTOR('',#1628,1.);
#1628 = DIRECTION('',(0.,-1.));
#1629 = ( GEOMETRIC_REPRESENTATION_CONTEXT(2) 
PARAMETRIC_REPRESENTATION_CONTEXT() REPRESENTATION_CONTEXT('2D SPACE',''
  ) );
#1630 = PCURVE('',#608,#1631);
#1631 = DEFINITIONAL_REPRESENTATION('',(#1632),#1636);
#1632 = LINE('',#1633,#1634);
#1633 = CARTESIAN_POINT('',(0.,0.));
#1634 = VECTOR('',#1635,1.);
#1635 = DIRECTION('',(0.,1.));
#1636 = ( GEOMETRIC_REPRESENTATION_CONTEXT(2) 
PARAMETRIC_REPRESENTATION_CONTEXT() REPRESENTATION_CONTEXT('2D SPACE',''
  ) );
#1637 = ORIENTED_EDGE('',*,*,#564,.T.);
#1638 = ORIENTED_EDGE('',*,*,#1469,.F.);
#1639 = ADVANCED_FACE('',(#1640),#608,.F.);
#1640 = FACE_BOUND('',#1641,.F.);
#1641 = EDGE_LOOP('',(#1642,#1643,#1664,#1665));
#1642 = ORIENTED_EDGE('',*,*,#1617,.F.);
#1643 = ORIENTED_EDGE('',*,*,#1644,.T.);
#1644 = EDGE_CURVE('',#1595,#1546,#1645,.T.);
#1645 = SURFACE_CURVE('',#1646,(#1650,#1657),.PCURVE_S1.);
#1646 = LINE('',#1647,#1648);
#1647 = CARTESIAN_POINT('',(-90.,-253.,701.));
#1648 = VECTOR('',#1649,1.);
#1649 = DIRECTION('',(1.,0.,-0.));
#1650 = PCURVE('',#608,#1651);
#1651 = DEFINITIONAL_REPRESENTATION('',(#1652),#1656);
#1652 = LINE('',#1653,#1654);
#1653 = CARTESIAN_POINT('',(0.,0.));
#1654 = VECTOR('',#1655,1.);
#1655 = DIRECTION('',(1.,0.));
#1656 = ( GEOMETRIC_REPRESENTATION_CONTEXT(2) 
PARAMETRIC_REPRESENTATION_CONTEXT() REPRESENTATION_CONTEXT('2D SPACE',''
  ) );
#1657 = PCURVE('',#1508,#1658);
#1658 = DEFINITIONAL_REPRESENTATION('',(#1659),#1663);
#1659 = LINE('',#1660,#1661);
#1660 = CARTESIAN_POINT('',(0.,0.));
#1661 = VECTOR('',#1662,1.);
#1662 = DIRECTION('',(0.,1.));
#1663 = ( GEOMETRIC_REPRESENTATION_CONTEXT(2) 
PARAMETRIC_REPRESENTATION_CONTEXT() REPRESENTATION_CONTEXT('2D SPACE',''
  ) );
#1664 = ORIENTED_EDGE('',*,*,#1568,.T.);
#1665 = ORIENTED_EDGE('',*,*,#592,.F.);
#1666 = ADVANCED_FACE('',(#1667),#666,.T.);
#1667 = FACE_BOUND('',#1668,.T.);
#1668 = EDGE_LOOP('',(#1669,#1692,#1720,#1741));
#1669 = ORIENTED_EDGE('',*,*,#1670,.F.);
#1670 = EDGE_CURVE('',#1671,#649,#1673,.T.);
#1671 = VERTEX_POINT('',#1672);
#1672 = CARTESIAN_POINT('',(106.,-253.,1.219E+03));
#1673 = SURFACE_CURVE('',#1674,(#1678,#1685),.PCURVE_S1.);
#1674 = LINE('',#1675,#1676);
#1675 = CARTESIAN_POINT('',(106.,-253.,1.219E+03));
#1676 = VECTOR('',#1677,1.);
#1677 = DIRECTION('',(-0.,1.,0.));
#1678 = PCURVE('',#666,#1679);
#1679 = DEFINITIONAL_REPRESENTATION('',(#1680),#1684);
#1680 = LINE('',#1681,#1682);
#1681 = CARTESIAN_POINT('',(0.,0.));
#1682 = VECTOR('',#1683,1.);
#1683 = DIRECTION('',(0.,1.));
#1684 = ( GEOMETRIC_REPRESENTATION_CONTEXT(2) 
PARAMETRIC_REPRESENTATION_CONTEXT() REPRESENTATION_CONTEXT('2D SPACE',''
  ) );
#1685 = PCURVE('',#694,#1686);
#1686 = DEFINITIONAL_REPRESENTATION('',(#1687),#1691);
#1687 = LINE('',#1688,#1689);
#1688 = CARTESIAN_POINT('',(518.,0.));
#1689 = VECTOR('',#1690,1.);
#1690 = DIRECTION('',(0.,-1.));
#1691 = ( GEOMETRIC_REPRESENTATION_CONTEXT(2) 
PARAMETRIC_REPRESENTATION_CONTEXT() REPRESENTATION_CONTEXT('2D SPACE',''
  ) );
#1692 = ORIENTED_EDGE('',*,*,#1693,.T.);
#1693 = EDGE_CURVE('',#1671,#1694,#1696,.T.);
#1694 = VERTEX_POINT('',#1695);
#1695 = CARTESIAN_POINT('',(286.,-253.,1.219E+03));
#1696 = SURFACE_CURVE('',#1697,(#1701,#1708),.PCURVE_S1.);
#1697 = LINE('',#1698,#1699);
#1698 = CARTESIAN_POINT('',(106.,-253.,1.219E+03));
#1699 = VECTOR('',#1700,1.);
#1700 = DIRECTION('',(1.,0.,-0.));
#1701 = PCURVE('',#666,#1702);
#1702 = DEFINITIONAL_REPRESENTATION('',(#1703),#1707);
#1703 = LINE('',#1704,#1705);
#1704 = CARTESIAN_POINT('',(0.,0.));
#1705 = VECTOR('',#1706,1.);
#1706 = DIRECTION('',(1.,0.));
#1707 = ( GEOMETRIC_REPRESENTATION_CONTEXT(2) 
PARAMETRIC_REPRESENTATION_CONTEXT() REPRESENTATION_CONTEXT('2D SPACE',''
  ) );
#1708 = PCURVE('',#1709,#1714);
#1709 = PLANE('',#1710);
#1710 = AXIS2_PLACEMENT_3D('',#1711,#1712,#1713);
#1711 = CARTESIAN_POINT('',(106.,-253.,701.));
#1712 = DIRECTION('',(-0.,1.,0.));
#1713 = DIRECTION('',(0.,0.,1.));
#1714 = DEFINITIONAL_REPRESENTATION('',(#1715),#1719);
#1715 = LINE('',#1716,#1717);
#1716 = CARTESIAN_POINT('',(518.,0.));
#1717 = VECTOR('',#1718,1.);
#1718 = DIRECTION('',(0.,1.));
#1719 = ( GEOMETRIC_REPRESENTATION_CONTEXT(2) 
PARAMETRIC_REPRESENTATION_CONTEXT() REPRESENTATION_CONTEXT('2D SPACE',''
  ) );
#1720 = ORIENTED_EDGE('',*,*,#1721,.T.);
#1721 = EDGE_CURVE('',#1694,#651,#1722,.T.);
#1722 = SURFACE_CURVE('',#1723,(#1727,#1734),.PCURVE_S1.);
#1723 = LINE('',#1724,#1725);
#1724 = CARTESIAN_POINT('',(286.,-253.,1.219E+03));
#1725 = VECTOR('',#1726,1.);
#1726 = DIRECTION('',(-0.,1.,0.));
#1727 = PCURVE('',#666,#1728);
#1728 = DEFINITIONAL_REPRESENTATION('',(#1729),#1733);
#1729 = LINE('',#1730,#1731);
#1730 = CARTESIAN_POINT('',(180.,0.));
#1731 = VECTOR('',#1732,1.);
#1732 = DIRECTION('',(0.,1.));
#1733 = ( GEOMETRIC_REPRESENTATION_CONTEXT(2) 
PARAMETRIC_REPRESENTATION_CONTEXT() REPRESENTATION_CONTEXT('2D SPACE',''
  ) );
#1734 = PCURVE('',#748,#1735);
#1735 = DEFINITIONAL_REPRESENTATION('',(#1736),#1740);
#1736 = LINE('',#1737,#1738);
#1737 = CARTESIAN_POINT('',(518.,0.));
#1738 = VECTOR('',#1739,1.);
#1739 = DIRECTION('',(0.,-1.));
#1740 = ( GEOMETRIC_REPRESENTATION_CONTEXT(2) 
PARAMETRIC_REPRESENTATION_CONTEXT() REPRESENTATION_CONTEXT('2D SPACE',''
  ) );
#1741 = ORIENTED_EDGE('',*,*,#648,.F.);
#1742 = ADVANCED_FACE('',(#1743),#748,.T.);
#1743 = FACE_BOUND('',#1744,.T.);
#1744 = EDGE_LOOP('',(#1745,#1768,#1789,#1790));
#1745 = ORIENTED_EDGE('',*,*,#1746,.F.);
#1746 = EDGE_CURVE('',#1747,#1694,#1749,.T.);
#1747 = VERTEX_POINT('',#1748);
#1748 = CARTESIAN_POINT('',(286.,-253.,701.));
#1749 = SURFACE_CURVE('',#1750,(#1754,#1761),.PCURVE_S1.);
#1750 = LINE('',#1751,#1752);
#1751 = CARTESIAN_POINT('',(286.,-253.,701.));
#1752 = VECTOR('',#1753,1.);
#1753 = DIRECTION('',(0.,0.,1.));
#1754 = PCURVE('',#748,#1755);
#1755 = DEFINITIONAL_REPRESENTATION('',(#1756),#1760);
#1756 = LINE('',#1757,#1758);
#1757 = CARTESIAN_POINT('',(0.,0.));
#1758 = VECTOR('',#1759,1.);
#1759 = DIRECTION('',(1.,0.));
#1760 = ( GEOMETRIC_REPRESENTATION_CONTEXT(2) 
PARAMETRIC_REPRESENTATION_CONTEXT() REPRESENTATION_CONTEXT('2D SPACE',''
  ) );
#1761 = PCURVE('',#1709,#1762);
#1762 = DEFINITIONAL_REPRESENTATION('',(#1763),#1767);
#1763 = LINE('',#1764,#1765);
#1764 = CARTESIAN_POINT('',(0.,180.));
#1765 = VECTOR('',#1766,1.);
#1766 = DIRECTION('',(1.,0.));
#1767 = ( GEOMETRIC_REPRESENTATION_CONTEXT(2) 
PARAMETRIC_REPRESENTATION_CONTEXT() REPRESENTATION_CONTEXT('2D SPACE',''
  ) );
#1768 = ORIENTED_EDGE('',*,*,#1769,.T.);
#1769 = EDGE_CURVE('',#1747,#707,#1770,.T.);
#1770 = SURFACE_CURVE('',#1771,(#1775,#1782),.PCURVE_S1.);
#1771 = LINE('',#1772,#1773);
#1772 = CARTESIAN_POINT('',(286.,-253.,701.));
#1773 = VECTOR('',#1774,1.);
#1774 = DIRECTION('',(-0.,1.,0.));
#1775 = PCURVE('',#748,#1776);
#1776 = DEFINITIONAL_REPRESENTATION('',(#1777),#1781);
#1777 = LINE('',#1778,#1779);
#1778 = CARTESIAN_POINT('',(0.,0.));
#1779 = VECTOR('',#1780,1.);
#1780 = DIRECTION('',(0.,-1.));
#1781 = ( GEOMETRIC_REPRESENTATION_CONTEXT(2) 
PARAMETRIC_REPRESENTATION_CONTEXT() REPRESENTATION_CONTEXT('2D SPACE',''
  ) );
#1782 = PCURVE('',#722,#1783);
#1783 = DEFINITIONAL_REPRESENTATION('',(#1784),#1788);
#1784 = LINE('',#1785,#1786);
#1785 = CARTESIAN_POINT('',(180.,0.));
#1786 = VECTOR('',#1787,1.);
#1787 = DIRECTION('',(0.,1.));
#1788 = ( GEOMETRIC_REPRESENTATION_CONTEXT(2) 
PARAMETRIC_REPRESENTATION_CONTEXT() REPRESENTATION_CONTEXT('2D SPACE',''
  ) );
#1789 = ORIENTED_EDGE('',*,*,#734,.T.);
#1790 = ORIENTED_EDGE('',*,*,#1721,.F.);
#1791 = ADVANCED_FACE('',(#1792),#722,.F.);
#1792 = FACE_BOUND('',#1793,.F.);
#1793 = EDGE_LOOP('',(#1794,#1817,#1838,#1839));
#1794 = ORIENTED_EDGE('',*,*,#1795,.F.);
#1795 = EDGE_CURVE('',#1796,#679,#1798,.T.);
#1796 = VERTEX_POINT('',#1797);
#1797 = CARTESIAN_POINT('',(106.,-253.,701.));
#1798 = SURFACE_CURVE('',#1799,(#1803,#1810),.PCURVE_S1.);
#1799 = LINE('',#1800,#1801);
#1800 = CARTESIAN_POINT('',(106.,-253.,701.));
#1801 = VECTOR('',#1802,1.);
#1802 = DIRECTION('',(-0.,1.,0.));
#1803 = PCURVE('',#722,#1804);
#1804 = DEFINITIONAL_REPRESENTATION('',(#1805),#1809);
#1805 = LINE('',#1806,#1807);
#1806 = CARTESIAN_POINT('',(0.,0.));
#1807 = VECTOR('',#1808,1.);
#1808 = DIRECTION('',(0.,1.));
#1809 = ( GEOMETRIC_REPRESENTATION_CONTEXT(2) 
PARAMETRIC_REPRESENTATION_CONTEXT() REPRESENTATION_CONTEXT('2D SPACE',''
  ) );
#1810 = PCURVE('',#694,#1811);
#1811 = DEFINITIONAL_REPRESENTATION('',(#1812),#1816);
#1812 = LINE('',#1813,#1814);
#1813 = CARTESIAN_POINT('',(0.,0.));
#1814 = VECTOR('',#1815,1.);
#1815 = DIRECTION('',(0.,-1.));
#1816 = ( GEOMETRIC_REPRESENTATION_CONTEXT(2) 
PARAMETRIC_REPRESENTATION_CONTEXT() REPRESENTATION_CONTEXT('2D SPACE',''
  ) );
#1817 = ORIENTED_EDGE('',*,*,#1818,.T.);
#1818 = EDGE_CURVE('',#1796,#1747,#1819,.T.);
#1819 = SURFACE_CURVE('',#1820,(#1824,#1831),.PCURVE_S1.);
#1820 = LINE('',#1821,#1822);
#1821 = CARTESIAN_POINT('',(106.,-253.,701.));
#1822 = VECTOR('',#1823,1.);
#1823 = DIRECTION('',(1.,0.,-0.));
#1824 = PCURVE('',#722,#1825);
#1825 = DEFINITIONAL_REPRESENTATION('',(#1826),#1830);
#1826 = LINE('',#1827,#1828);
#1827 = CARTESIAN_POINT('',(0.,0.));
#1828 = VECTOR('',#1829,1.);
#1829 = DIRECTION('',(1.,0.));
#1830 = ( GEOMETRIC_REPRESENTATION_CONTEXT(2) 
PARAMETRIC_REPRESENTATION_CONTEXT() REPRESENTATION_CONTEXT('2D SPACE',''
  ) );
#1831 = PCURVE('',#1709,#1832);
#1832 = DEFINITIONAL_REPRESENTATION('',(#1833),#1837);
#1833 = LINE('',#1834,#1835);
#1834 = CARTESIAN_POINT('',(0.,0.));
#1835 = VECTOR('',#1836,1.);
#1836 = DIRECTION('',(0.,1.));
#1837 = ( GEOMETRIC_REPRESENTATION_CONTEXT(2) 
PARAMETRIC_REPRESENTATION_CONTEXT() REPRESENTATION_CONTEXT('2D SPACE',''
  ) );
#1838 = ORIENTED_EDGE('',*,*,#1769,.T.);
#1839 = ORIENTED_EDGE('',*,*,#706,.F.);
#1840 = ADVANCED_FACE('',(#1841),#694,.F.);
#1841 = FACE_BOUND('',#1842,.F.);
#1842 = EDGE_LOOP('',(#1843,#1864,#1865,#1866));
#1843 = ORIENTED_EDGE('',*,*,#1844,.F.);
#1844 = EDGE_CURVE('',#1796,#1671,#1845,.T.);
#1845 = SURFACE_CURVE('',#1846,(#1850,#1857),.PCURVE_S1.);
#1846 = LINE('',#1847,#1848);
#1847 = CARTESIAN_POINT('',(106.,-253.,701.));
#1848 = VECTOR('',#1849,1.);
#1849 = DIRECTION('',(0.,0.,1.));
#1850 = PCURVE('',#694,#1851);
#1851 = DEFINITIONAL_REPRESENTATION('',(#1852),#1856);
#1852 = LINE('',#1853,#1854);
#1853 = CARTESIAN_POINT('',(0.,0.));
#1854 = VECTOR('',#1855,1.);
#1855 = DIRECTION('',(1.,0.));
#1856 = ( GEOMETRIC_REPRESENTATION_CONTEXT(2) 
PARAMETRIC_REPRESENTATION_CONTEXT() REPRESENTATION_CONTEXT('2D SPACE',''
  ) );
#1857 = PCURVE('',#1709,#1858);
#1858 = DEFINITIONAL_REPRESENTATION('',(#1859),#1863);
#1859 = LINE('',#1860,#1861);
#1860 = CARTESIAN_POINT('',(0.,0.));
#1861 = VECTOR('',#1862,1.);
#1862 = DIRECTION('',(1.,0.));
#1863 = ( GEOMETRIC_REPRESENTATION_CONTEXT(2) 
PARAMETRIC_REPRESENTATION_CONTEXT() REPRESENTATION_CONTEXT('2D SPACE',''
  ) );
#1864 = ORIENTED_EDGE('',*,*,#1795,.T.);
#1865 = ORIENTED_EDGE('',*,*,#678,.T.);
#1866 = ORIENTED_EDGE('',*,*,#1670,.F.);
#1867 = ADVANCED_FACE('',(#1868,#1982,#1988,#1994,#2100),#955,.T.);
#1868 = FACE_BOUND('',#1869,.T.);
#1869 = EDGE_LOOP('',(#1870,#1900,#1928,#1956));
#1870 = ORIENTED_EDGE('',*,*,#1871,.F.);
#1871 = EDGE_CURVE('',#1872,#1874,#1876,.T.);
#1872 = VERTEX_POINT('',#1873);
#1873 = CARTESIAN_POINT('',(498.5,-248.5,700.));
#1874 = VERTEX_POINT('',#1875);
#1875 = CARTESIAN_POINT('',(498.5,-248.5,1.4985E+03));
#1876 = SURFACE_CURVE('',#1877,(#1881,#1888),.PCURVE_S1.);
#1877 = LINE('',#1878,#1879);
#1878 = CARTESIAN_POINT('',(498.5,-248.5,101.5));
#1879 = VECTOR('',#1880,1.);
#1880 = DIRECTION('',(0.,0.,1.));
#1881 = PCURVE('',#955,#1882);
#1882 = DEFINITIONAL_REPRESENTATION('',(#1883),#1887);
#1883 = LINE('',#1884,#1885);
#1884 = CARTESIAN_POINT('',(0.,997.));
#1885 = VECTOR('',#1886,1.);
#1886 = DIRECTION('',(1.,0.));
#1887 = ( GEOMETRIC_REPRESENTATION_CONTEXT(2) 
PARAMETRIC_REPRESENTATION_CONTEXT() REPRESENTATION_CONTEXT('2D SPACE',''
  ) );
#1888 = PCURVE('',#1889,#1894);
#1889 = PLANE('',#1890);
#1890 = AXIS2_PLACEMENT_3D('',#1891,#1892,#1893);
#1891 = CARTESIAN_POINT('',(498.5,-248.5,101.5));
#1892 = DIRECTION('',(1.,0.,-0.));
#1893 = DIRECTION('',(0.,0.,1.));
#1894 = DEFINITIONAL_REPRESENTATION('',(#1895),#1899);
#1895 = LINE('',#1896,#1897);
#1896 = CARTESIAN_POINT('',(0.,0.));
#1897 = VECTOR('',#1898,1.);
#1898 = DIRECTION('',(1.,0.));
#1899 = ( GEOMETRIC_REPRESENTATION_CONTEXT(2) 
PARAMETRIC_REPRESENTATION_CONTEXT() REPRESENTATION_CONTEXT('2D SPACE',''
  ) );
#1900 = ORIENTED_EDGE('',*,*,#1901,.F.);
#1901 = EDGE_CURVE('',#1902,#1872,#1904,.T.);
#1902 = VERTEX_POINT('',#1903);
#1903 = CARTESIAN_POINT('',(-498.5,-248.5,700.));
#1904 = SURFACE_CURVE('',#1905,(#1909,#1916),.PCURVE_S1.);
#1905 = LINE('',#1906,#1907);
#1906 = CARTESIAN_POINT('',(-498.5,-248.5,700.));
#1907 = VECTOR('',#1908,1.);
#1908 = DIRECTION('',(1.,0.,-0.));
#1909 = PCURVE('',#955,#1910);
#1910 = DEFINITIONAL_REPRESENTATION('',(#1911),#1915);
#1911 = LINE('',#1912,#1913);
#1912 = CARTESIAN_POINT('',(598.5,0.));
#1913 = VECTOR('',#1914,1.);
#1914 = DIRECTION('',(0.,1.));
#1915 = ( GEOMETRIC_REPRESENTATION_CONTEXT(2) 
PARAMETRIC_REPRESENTATION_CONTEXT() REPRESENTATION_CONTEXT('2D SPACE',''
  ) );
#1916 = PCURVE('',#1917,#1922);
#1917 = PLANE('',#1918);
#1918 = AXIS2_PLACEMENT_3D('',#1919,#1920,#1921);
#1919 = CARTESIAN_POINT('',(-498.5,-248.5,700.));
#1920 = DIRECTION('',(0.,0.,1.));
#1921 = DIRECTION('',(1.,0.,-0.));
#1922 = DEFINITIONAL_REPRESENTATION('',(#1923),#1927);
#1923 = LINE('',#1924,#1925);
#1924 = CARTESIAN_POINT('',(0.,0.));
#1925 = VECTOR('',#1926,1.);
#1926 = DIRECTION('',(1.,0.));
#1927 = ( GEOMETRIC_REPRESENTATION_CONTEXT(2) 
PARAMETRIC_REPRESENTATION_CONTEXT() REPRESENTATION_CONTEXT('2D SPACE',''
  ) );
#1928 = ORIENTED_EDGE('',*,*,#1929,.T.);
#1929 = EDGE_CURVE('',#1902,#1930,#1932,.T.);
#1930 = VERTEX_POINT('',#1931);
#1931 = CARTESIAN_POINT('',(-498.5,-248.5,1.4985E+03));
#1932 = SURFACE_CURVE('',#1933,(#1937,#1944),.PCURVE_S1.);
#1933 = LINE('',#1934,#1935);
#1934 = CARTESIAN_POINT('',(-498.5,-248.5,101.5));
#1935 = VECTOR('',#1936,1.);
#1936 = DIRECTION('',(0.,0.,1.));
#1937 = PCURVE('',#955,#1938);
#1938 = DEFINITIONAL_REPRESENTATION('',(#1939),#1943);
#1939 = LINE('',#1940,#1941);
#1940 = CARTESIAN_POINT('',(0.,0.));
#1941 = VECTOR('',#1942,1.);
#1942 = DIRECTION('',(1.,0.));
#1943 = ( GEOMETRIC_REPRESENTATION_CONTEXT(2) 
PARAMETRIC_REPRESENTATION_CONTEXT() REPRESENTATION_CONTEXT('2D SPACE',''
  ) );
#1944 = PCURVE('',#1945,#1950);
#1945 = PLANE('',#1946);
#1946 = AXIS2_PLACEMENT_3D('',#1947,#1948,#1949);
#1947 = CARTESIAN_POINT('',(-498.5,-248.5,101.5));
#1948 = DIRECTION('',(1.,0.,-0.));
#1949 = DIRECTION('',(0.,0.,1.));
#1950 = DEFINITIONAL_REPRESENTATION('',(#1951),#1955);
#1951 = LINE('',#1952,#1953);
#1952 = CARTESIAN_POINT('',(0.,0.));
#1953 = VECTOR('',#1954,1.);
#1954 = DIRECTION('',(1.,0.));
#1955 = ( GEOMETRIC_REPRESENTATION_CONTEXT(2) 
PARAMETRIC_REPRESENTATION_CONTEXT() REPRESENTATION_CONTEXT('2D SPACE',''
  ) );
#1956 = ORIENTED_EDGE('',*,*,#1957,.T.);
#1957 = EDGE_CURVE('',#1930,#1874,#1958,.T.);
#1958 = SURFACE_CURVE('',#1959,(#1963,#1970),.PCURVE_S1.);
#1959 = LINE('',#1960,#1961);
#1960 = CARTESIAN_POINT('',(-498.5,-248.5,1.4985E+03));
#1961 = VECTOR('',#1962,1.);
#1962 = DIRECTION('',(1.,0.,-0.));
#1963 = PCURVE('',#955,#1964);
#1964 = DEFINITIONAL_REPRESENTATION('',(#1965),#1969);
#1965 = LINE('',#1966,#1967);
#1966 = CARTESIAN_POINT('',(1.397E+03,0.));
#1967 = VECTOR('',#1968,1.);
#1968 = DIRECTION('',(0.,1.));
#1969 = ( GEOMETRIC_REPRESENTATION_CONTEXT(2) 
PARAMETRIC_REPRESENTATION_CONTEXT() REPRESENTATION_CONTEXT('2D SPACE',''
  ) );
#1970 = PCURVE('',#1971,#1976);
#1971 = PLANE('',#1972);
#1972 = AXIS2_PLACEMENT_3D('',#1973,#1974,#1975);
#1973 = CARTESIAN_POINT('',(-498.5,-248.5,1.4985E+03));
#1974 = DIRECTION('',(0.,0.,1.));
#1975 = DIRECTION('',(1.,0.,-0.));
#1976 = DEFINITIONAL_REPRESENTATION('',(#1977),#1981);
#1977 = LINE('',#1978,#1979);
#1978 = CARTESIAN_POINT('',(0.,0.));
#1979 = VECTOR('',#1980,1.);
#1980 = DIRECTION('',(1.,0.));
#1981 = ( GEOMETRIC_REPRESENTATION_CONTEXT(2) 
PARAMETRIC_REPRESENTATION_CONTEXT() REPRESENTATION_CONTEXT('2D SPACE',''
  ) );
#1982 = FACE_BOUND('',#1983,.T.);
#1983 = EDGE_LOOP('',(#1984,#1985,#1986,#1987));
#1984 = ORIENTED_EDGE('',*,*,#942,.F.);
#1985 = ORIENTED_EDGE('',*,*,#994,.T.);
#1986 = ORIENTED_EDGE('',*,*,#1066,.T.);
#1987 = ORIENTED_EDGE('',*,*,#1041,.F.);
#1988 = FACE_BOUND('',#1989,.T.);
#1989 = EDGE_LOOP('',(#1990,#1991,#1992,#1993));
#1990 = ORIENTED_EDGE('',*,*,#1135,.F.);
#1991 = ORIENTED_EDGE('',*,*,#1182,.T.);
#1992 = ORIENTED_EDGE('',*,*,#1254,.T.);
#1993 = ORIENTED_EDGE('',*,*,#1229,.F.);
#1994 = FACE_BOUND('',#1995,.T.);
#1995 = EDGE_LOOP('',(#1996,#2024,#2050,#2076));
#1996 = ORIENTED_EDGE('',*,*,#1997,.F.);
#1997 = EDGE_CURVE('',#1998,#2000,#2002,.T.);
#1998 = VERTEX_POINT('',#1999);
#1999 = CARTESIAN_POINT('',(-86.,-248.5,1.215E+03));
#2000 = VERTEX_POINT('',#2001);
#2001 = CARTESIAN_POINT('',(86.,-248.5,1.215E+03));
#2002 = SURFACE_CURVE('',#2003,(#2007,#2013),.PCURVE_S1.);
#2003 = LINE('',#2004,#2005);
#2004 = CARTESIAN_POINT('',(-292.25,-248.5,1.215E+03));
#2005 = VECTOR('',#2006,1.);
#2006 = DIRECTION('',(1.,0.,-0.));
#2007 = PCURVE('',#955,#2008);
#2008 = DEFINITIONAL_REPRESENTATION('',(#2009),#2012);
#2009 = B_SPLINE_CURVE_WITH_KNOTS('',1,(#2010,#2011),.UNSPECIFIED.,.F.,
  .F.,(2,2),(206.25,378.25),.PIECEWISE_BEZIER_KNOTS.);
#2010 = CARTESIAN_POINT('',(1.1135E+03,412.5));
#2011 = CARTESIAN_POINT('',(1.1135E+03,584.5));
#2012 = ( GEOMETRIC_REPRESENTATION_CONTEXT(2) 
PARAMETRIC_REPRESENTATION_CONTEXT() REPRESENTATION_CONTEXT('2D SPACE',''
  ) );
#2013 = PCURVE('',#2014,#2019);
#2014 = PLANE('',#2015);
#2015 = AXIS2_PLACEMENT_3D('',#2016,#2017,#2018);
#2016 = CARTESIAN_POINT('',(-86.,-251.,1.215E+03));
#2017 = DIRECTION('',(0.,0.,1.));
#2018 = DIRECTION('',(1.,0.,-0.));
#2019 = DEFINITIONAL_REPRESENTATION('',(#2020),#2023);
#2020 = B_SPLINE_CURVE_WITH_KNOTS('',1,(#2021,#2022),.UNSPECIFIED.,.F.,
  .F.,(2,2),(206.25,378.25),.PIECEWISE_BEZIER_KNOTS.);
#2021 = CARTESIAN_POINT('',(0.,2.5));
#2022 = CARTESIAN_POINT('',(172.,2.5));
#2023 = ( GEOMETRIC_REPRESENTATION_CONTEXT(2) 
PARAMETRIC_REPRESENTATION_CONTEXT() REPRESENTATION_CONTEXT('2D SPACE',''
  ) );
#2024 = ORIENTED_EDGE('',*,*,#2025,.T.);
#2025 = EDGE_CURVE('',#1998,#2026,#2028,.T.);
#2026 = VERTEX_POINT('',#2027);
#2027 = CARTESIAN_POINT('',(-86.,-248.5,705.));
#2028 = SURFACE_CURVE('',#2029,(#2033,#2039),.PCURVE_S1.);
#2029 = LINE('',#2030,#2031);
#2030 = CARTESIAN_POINT('',(-86.,-248.5,403.25));
#2031 = VECTOR('',#2032,1.);
#2032 = DIRECTION('',(-0.,0.,-1.));
#2033 = PCURVE('',#955,#2034);
#2034 = DEFINITIONAL_REPRESENTATION('',(#2035),#2038);
#2035 = B_SPLINE_CURVE_WITH_KNOTS('',1,(#2036,#2037),.UNSPECIFIED.,.F.,
  .F.,(2,2),(-811.75,-301.75),.PIECEWISE_BEZIER_KNOTS.);
#2036 = CARTESIAN_POINT('',(1.1135E+03,412.5));
#2037 = CARTESIAN_POINT('',(603.5,412.5));
#2038 = ( GEOMETRIC_REPRESENTATION_CONTEXT(2) 
PARAMETRIC_REPRESENTATION_CONTEXT() REPRESENTATION_CONTEXT('2D SPACE',''
  ) );
#2039 = PCURVE('',#2040,#2045);
#2040 = PLANE('',#2041);
#2041 = AXIS2_PLACEMENT_3D('',#2042,#2043,#2044);
#2042 = CARTESIAN_POINT('',(-86.,-251.,705.));
#2043 = DIRECTION('',(1.,0.,-0.));
#2044 = DIRECTION('',(0.,0.,1.));
#2045 = DEFINITIONAL_REPRESENTATION('',(#2046),#2049);
#2046 = B_SPLINE_CURVE_WITH_KNOTS('',1,(#2047,#2048),.UNSPECIFIED.,.F.,
  .F.,(2,2),(-811.75,-301.75),.PIECEWISE_BEZIER_KNOTS.);
#2047 = CARTESIAN_POINT('',(510.,-2.5));
#2048 = CARTESIAN_POINT('',(0.,-2.5));
#2049 = ( GEOMETRIC_REPRESENTATION_CONTEXT(2) 
PARAMETRIC_REPRESENTATION_CONTEXT() REPRESENTATION_CONTEXT('2D SPACE',''
  ) );
#2050 = ORIENTED_EDGE('',*,*,#2051,.T.);
#2051 = EDGE_CURVE('',#2026,#2052,#2054,.T.);
#2052 = VERTEX_POINT('',#2053);
#2053 = CARTESIAN_POINT('',(86.,-248.5,705.));
#2054 = SURFACE_CURVE('',#2055,(#2059,#2065),.PCURVE_S1.);
#2055 = LINE('',#2056,#2057);
#2056 = CARTESIAN_POINT('',(-292.25,-248.5,705.));
#2057 = VECTOR('',#2058,1.);
#2058 = DIRECTION('',(1.,0.,-0.));
#2059 = PCURVE('',#955,#2060);
#2060 = DEFINITIONAL_REPRESENTATION('',(#2061),#2064);
#2061 = B_SPLINE_CURVE_WITH_KNOTS('',1,(#2062,#2063),.UNSPECIFIED.,.F.,
  .F.,(2,2),(206.25,378.25),.PIECEWISE_BEZIER_KNOTS.);
#2062 = CARTESIAN_POINT('',(603.5,412.5));
#2063 = CARTESIAN_POINT('',(603.5,584.5));
#2064 = ( GEOMETRIC_REPRESENTATION_CONTEXT(2) 
PARAMETRIC_REPRESENTATION_CONTEXT() REPRESENTATION_CONTEXT('2D SPACE',''
  ) );
#2065 = PCURVE('',#2066,#2071);
#2066 = PLANE('',#2067);
#2067 = AXIS2_PLACEMENT_3D('',#2068,#2069,#2070);
#2068 = CARTESIAN_POINT('',(-86.,-251.,705.));
#2069 = DIRECTION('',(0.,0.,1.));
#2070 = DIRECTION('',(1.,0.,-0.));
#2071 = DEFINITIONAL_REPRESENTATION('',(#2072),#2075);
#2072 = B_SPLINE_CURVE_WITH_KNOTS('',1,(#2073,#2074),.UNSPECIFIED.,.F.,
  .F.,(2,2),(206.25,378.25),.PIECEWISE_BEZIER_KNOTS.);
#2073 = CARTESIAN_POINT('',(0.,2.5));
#2074 = CARTESIAN_POINT('',(172.,2.5));
#2075 = ( GEOMETRIC_REPRESENTATION_CONTEXT(2) 
PARAMETRIC_REPRESENTATION_CONTEXT() REPRESENTATION_CONTEXT('2D SPACE',''
  ) );
#2076 = ORIENTED_EDGE('',*,*,#2077,.F.);
#2077 = EDGE_CURVE('',#2000,#2052,#2078,.T.);
#2078 = SURFACE_CURVE('',#2079,(#2083,#2089),.PCURVE_S1.);
#2079 = LINE('',#2080,#2081);
#2080 = CARTESIAN_POINT('',(86.,-248.5,403.25));
#2081 = VECTOR('',#2082,1.);
#2082 = DIRECTION('',(-0.,0.,-1.));
#2083 = PCURVE('',#955,#2084);
#2084 = DEFINITIONAL_REPRESENTATION('',(#2085),#2088);
#2085 = B_SPLINE_CURVE_WITH_KNOTS('',1,(#2086,#2087),.UNSPECIFIED.,.F.,
  .F.,(2,2),(-811.75,-301.75),.PIECEWISE_BEZIER_KNOTS.);
#2086 = CARTESIAN_POINT('',(1.1135E+03,584.5));
#2087 = CARTESIAN_POINT('',(603.5,584.5));
#2088 = ( GEOMETRIC_REPRESENTATION_CONTEXT(2) 
PARAMETRIC_REPRESENTATION_CONTEXT() REPRESENTATION_CONTEXT('2D SPACE',''
  ) );
#2089 = PCURVE('',#2090,#2095);
#2090 = PLANE('',#2091);
#2091 = AXIS2_PLACEMENT_3D('',#2092,#2093,#2094);
#2092 = CARTESIAN_POINT('',(86.,-251.,705.));
#2093 = DIRECTION('',(1.,0.,-0.));
#2094 = DIRECTION('',(0.,0.,1.));
#2095 = DEFINITIONAL_REPRESENTATION('',(#2096),#2099);
#2096 = B_SPLINE_CURVE_WITH_KNOTS('',1,(#2097,#2098),.UNSPECIFIED.,.F.,
  .F.,(2,2),(-811.75,-301.75),.PIECEWISE_BEZIER_KNOTS.);
#2097 = CARTESIAN_POINT('',(510.,-2.5));
#2098 = CARTESIAN_POINT('',(0.,-2.5));
#2099 = ( GEOMETRIC_REPRESENTATION_CONTEXT(2) 
PARAMETRIC_REPRESENTATION_CONTEXT() REPRESENTATION_CONTEXT('2D SPACE',''
  ) );
#2100 = FACE_BOUND('',#2101,.T.);
#2101 = EDGE_LOOP('',(#2102,#2130,#2156,#2182));
#2102 = ORIENTED_EDGE('',*,*,#2103,.F.);
#2103 = EDGE_CURVE('',#2104,#2106,#2108,.T.);
#2104 = VERTEX_POINT('',#2105);
#2105 = CARTESIAN_POINT('',(110.,-248.5,1.215E+03));
#2106 = VERTEX_POINT('',#2107);
#2107 = CARTESIAN_POINT('',(282.,-248.5,1.215E+03));
#2108 = SURFACE_CURVE('',#2109,(#2113,#2119),.PCURVE_S1.);
#2109 = LINE('',#2110,#2111);
#2110 = CARTESIAN_POINT('',(-194.25,-248.5,1.215E+03));
#2111 = VECTOR('',#2112,1.);
#2112 = DIRECTION('',(1.,0.,-0.));
#2113 = PCURVE('',#955,#2114);
#2114 = DEFINITIONAL_REPRESENTATION('',(#2115),#2118);
#2115 = B_SPLINE_CURVE_WITH_KNOTS('',1,(#2116,#2117),.UNSPECIFIED.,.F.,
  .F.,(2,2),(304.25,476.25),.PIECEWISE_BEZIER_KNOTS.);
#2116 = CARTESIAN_POINT('',(1.1135E+03,608.5));
#2117 = CARTESIAN_POINT('',(1.1135E+03,780.5));
#2118 = ( GEOMETRIC_REPRESENTATION_CONTEXT(2) 
PARAMETRIC_REPRESENTATION_CONTEXT() REPRESENTATION_CONTEXT('2D SPACE',''
  ) );
#2119 = PCURVE('',#2120,#2125);
#2120 = PLANE('',#2121);
#2121 = AXIS2_PLACEMENT_3D('',#2122,#2123,#2124);
#2122 = CARTESIAN_POINT('',(110.,-251.,1.215E+03));
#2123 = DIRECTION('',(0.,0.,1.));
#2124 = DIRECTION('',(1.,0.,-0.));
#2125 = DEFINITIONAL_REPRESENTATION('',(#2126),#2129);
#2126 = B_SPLINE_CURVE_WITH_KNOTS('',1,(#2127,#2128),.UNSPECIFIED.,.F.,
  .F.,(2,2),(304.25,476.25),.PIECEWISE_BEZIER_KNOTS.);
#2127 = CARTESIAN_POINT('',(0.,2.5));
#2128 = CARTESIAN_POINT('',(172.,2.5));
#2129 = ( GEOMETRIC_REPRESENTATION_CONTEXT(2) 
PARAMETRIC_REPRESENTATION_CONTEXT() REPRESENTATION_CONTEXT('2D SPACE',''
  ) );
#2130 = ORIENTED_EDGE('',*,*,#2131,.T.);
#2131 = EDGE_CURVE('',#2104,#2132,#2134,.T.);
#2132 = VERTEX_POINT('',#2133);
#2133 = CARTESIAN_POINT('',(110.,-248.5,705.));
#2134 = SURFACE_CURVE('',#2135,(#2139,#2145),.PCURVE_S1.);
#2135 = LINE('',#2136,#2137);
#2136 = CARTESIAN_POINT('',(110.,-248.5,403.25));
#2137 = VECTOR('',#2138,1.);
#2138 = DIRECTION('',(-0.,0.,-1.));
#2139 = PCURVE('',#955,#2140);
#2140 = DEFINITIONAL_REPRESENTATION('',(#2141),#2144);
#2141 = B_SPLINE_CURVE_WITH_KNOTS('',1,(#2142,#2143),.UNSPECIFIED.,.F.,
  .F.,(2,2),(-811.75,-301.75),.PIECEWISE_BEZIER_KNOTS.);
#2142 = CARTESIAN_POINT('',(1.1135E+03,608.5));
#2143 = CARTESIAN_POINT('',(603.5,608.5));
#2144 = ( GEOMETRIC_REPRESENTATION_CONTEXT(2) 
PARAMETRIC_REPRESENTATION_CONTEXT() REPRESENTATION_CONTEXT('2D SPACE',''
  ) );
#2145 = PCURVE('',#2146,#2151);
#2146 = PLANE('',#2147);
#2147 = AXIS2_PLACEMENT_3D('',#2148,#2149,#2150);
#2148 = CARTESIAN_POINT('',(110.,-251.,705.));
#2149 = DIRECTION('',(1.,0.,-0.));
#2150 = DIRECTION('',(0.,0.,1.));
#2151 = DEFINITIONAL_REPRESENTATION('',(#2152),#2155);
#2152 = B_SPLINE_CURVE_WITH_KNOTS('',1,(#2153,#2154),.UNSPECIFIED.,.F.,
  .F.,(2,2),(-811.75,-301.75),.PIECEWISE_BEZIER_KNOTS.);
#2153 = CARTESIAN_POINT('',(510.,-2.5));
#2154 = CARTESIAN_POINT('',(0.,-2.5));
#2155 = ( GEOMETRIC_REPRESENTATION_CONTEXT(2) 
PARAMETRIC_REPRESENTATION_CONTEXT() REPRESENTATION_CONTEXT('2D SPACE',''
  ) );
#2156 = ORIENTED_EDGE('',*,*,#2157,.T.);
#2157 = EDGE_CURVE('',#2132,#2158,#2160,.T.);
#2158 = VERTEX_POINT('',#2159);
#2159 = CARTESIAN_POINT('',(282.,-248.5,705.));
#2160 = SURFACE_CURVE('',#2161,(#2165,#2171),.PCURVE_S1.);
#2161 = LINE('',#2162,#2163);
#2162 = CARTESIAN_POINT('',(-194.25,-248.5,705.));
#2163 = VECTOR('',#2164,1.);
#2164 = DIRECTION('',(1.,0.,-0.));
#2165 = PCURVE('',#955,#2166);
#2166 = DEFINITIONAL_REPRESENTATION('',(#2167),#2170);
#2167 = B_SPLINE_CURVE_WITH_KNOTS('',1,(#2168,#2169),.UNSPECIFIED.,.F.,
  .F.,(2,2),(304.25,476.25),.PIECEWISE_BEZIER_KNOTS.);
#2168 = CARTESIAN_POINT('',(603.5,608.5));
#2169 = CARTESIAN_POINT('',(603.5,780.5));
#2170 = ( GEOMETRIC_REPRESENTATION_CONTEXT(2) 
PARAMETRIC_REPRESENTATION_CONTEXT() REPRESENTATION_CONTEXT('2D SPACE',''
  ) );
#2171 = PCURVE('',#2172,#2177);
#2172 = PLANE('',#2173);
#2173 = AXIS2_PLACEMENT_3D('',#2174,#2175,#2176);
#2174 = CARTESIAN_POINT('',(110.,-251.,705.));
#2175 = DIRECTION('',(0.,0.,1.));
#2176 = DIRECTION('',(1.,0.,-0.));
#2177 = DEFINITIONAL_REPRESENTATION('',(#2178),#2181);
#2178 = B_SPLINE_CURVE_WITH_KNOTS('',1,(#2179,#2180),.UNSPECIFIED.,.F.,
  .F.,(2,2),(304.25,476.25),.PIECEWISE_BEZIER_KNOTS.);
#2179 = CARTESIAN_POINT('',(0.,2.5));
#2180 = CARTESIAN_POINT('',(172.,2.5));
#2181 = ( GEOMETRIC_REPRESENTATION_CONTEXT(2) 
PARAMETRIC_REPRESENTATION_CONTEXT() REPRESENTATION_CONTEXT('2D SPACE',''
  ) );
#2182 = ORIENTED_EDGE('',*,*,#2183,.F.);
#2183 = EDGE_CURVE('',#2106,#2158,#2184,.T.);
#2184 = SURFACE_CURVE('',#2185,(#2189,#2195),.PCURVE_S1.);
#2185 = LINE('',#2186,#2187);
#2186 = CARTESIAN_POINT('',(282.,-248.5,403.25));
#2187 = VECTOR('',#2188,1.);
#2188 = DIRECTION('',(-0.,0.,-1.));
#2189 = PCURVE('',#955,#2190);
#2190 = DEFINITIONAL_REPRESENTATION('',(#2191),#2194);
#2191 = B_SPLINE_CURVE_WITH_KNOTS('',1,(#2192,#2193),.UNSPECIFIED.,.F.,
  .F.,(2,2),(-811.75,-301.75),.PIECEWISE_BEZIER_KNOTS.);
#2192 = CARTESIAN_POINT('',(1.1135E+03,780.5));
#2193 = CARTESIAN_POINT('',(603.5,780.5));
#2194 = ( GEOMETRIC_REPRESENTATION_CONTEXT(2) 
PARAMETRIC_REPRESENTATION_CONTEXT() REPRESENTATION_CONTEXT('2D SPACE',''
  ) );
#2195 = PCURVE('',#2196,#2201);
#2196 = PLANE('',#2197);
#2197 = AXIS2_PLACEMENT_3D('',#2198,#2199,#2200);
#2198 = CARTESIAN_POINT('',(282.,-251.,705.));
#2199 = DIRECTION('',(1.,0.,-0.));
#2200 = DIRECTION('',(0.,0.,1.));
#2201 = DEFINITIONAL_REPRESENTATION('',(#2202),#2205);
#2202 = B_SPLINE_CURVE_WITH_KNOTS('',1,(#2203,#2204),.UNSPECIFIED.,.F.,
  .F.,(2,2),(-811.75,-301.75),.PIECEWISE_BEZIER_KNOTS.);
#2203 = CARTESIAN_POINT('',(510.,-2.5));
#2204 = CARTESIAN_POINT('',(0.,-2.5));
#2205 = ( GEOMETRIC_REPRESENTATION_CONTEXT(2) 
PARAMETRIC_REPRESENTATION_CONTEXT() REPRESENTATION_CONTEXT('2D SPACE',''
  ) );
#2206 = ADVANCED_FACE('',(#2207,#2311),#1336,.T.);
#2207 = FACE_BOUND('',#2208,.T.);
#2208 = EDGE_LOOP('',(#2209,#2234,#2262,#2285));
#2209 = ORIENTED_EDGE('',*,*,#2210,.F.);
#2210 = EDGE_CURVE('',#2211,#2213,#2215,.T.);
#2211 = VERTEX_POINT('',#2212);
#2212 = CARTESIAN_POINT('',(498.5,-248.5,101.5));
#2213 = VERTEX_POINT('',#2214);
#2214 = CARTESIAN_POINT('',(498.5,-248.5,698.5));
#2215 = SURFACE_CURVE('',#2216,(#2220,#2227),.PCURVE_S1.);
#2216 = LINE('',#2217,#2218);
#2217 = CARTESIAN_POINT('',(498.5,-248.5,101.5));
#2218 = VECTOR('',#2219,1.);
#2219 = DIRECTION('',(0.,0.,1.));
#2220 = PCURVE('',#1336,#2221);
#2221 = DEFINITIONAL_REPRESENTATION('',(#2222),#2226);
#2222 = LINE('',#2223,#2224);
#2223 = CARTESIAN_POINT('',(0.,997.));
#2224 = VECTOR('',#2225,1.);
#2225 = DIRECTION('',(1.,0.));
#2226 = ( GEOMETRIC_REPRESENTATION_CONTEXT(2) 
PARAMETRIC_REPRESENTATION_CONTEXT() REPRESENTATION_CONTEXT('2D SPACE',''
  ) );
#2227 = PCURVE('',#1889,#2228);
#2228 = DEFINITIONAL_REPRESENTATION('',(#2229),#2233);
#2229 = LINE('',#2230,#2231);
#2230 = CARTESIAN_POINT('',(0.,0.));
#2231 = VECTOR('',#2232,1.);
#2232 = DIRECTION('',(1.,0.));
#2233 = ( GEOMETRIC_REPRESENTATION_CONTEXT(2) 
PARAMETRIC_REPRESENTATION_CONTEXT() REPRESENTATION_CONTEXT('2D SPACE',''
  ) );
#2234 = ORIENTED_EDGE('',*,*,#2235,.F.);
#2235 = EDGE_CURVE('',#2236,#2211,#2238,.T.);
#2236 = VERTEX_POINT('',#2237);
#2237 = CARTESIAN_POINT('',(-498.5,-248.5,101.5));
#2238 = SURFACE_CURVE('',#2239,(#2243,#2250),.PCURVE_S1.);
#2239 = LINE('',#2240,#2241);
#2240 = CARTESIAN_POINT('',(-498.5,-248.5,101.5));
#2241 = VECTOR('',#2242,1.);
#2242 = DIRECTION('',(1.,0.,-0.));
#2243 = PCURVE('',#1336,#2244);
#2244 = DEFINITIONAL_REPRESENTATION('',(#2245),#2249);
#2245 = LINE('',#2246,#2247);
#2246 = CARTESIAN_POINT('',(0.,0.));
#2247 = VECTOR('',#2248,1.);
#2248 = DIRECTION('',(0.,1.));
#2249 = ( GEOMETRIC_REPRESENTATION_CONTEXT(2) 
PARAMETRIC_REPRESENTATION_CONTEXT() REPRESENTATION_CONTEXT('2D SPACE',''
  ) );
#2250 = PCURVE('',#2251,#2256);
#2251 = PLANE('',#2252);
#2252 = AXIS2_PLACEMENT_3D('',#2253,#2254,#2255);
#2253 = CARTESIAN_POINT('',(-498.5,-248.5,101.5));
#2254 = DIRECTION('',(0.,0.,1.));
#2255 = DIRECTION('',(1.,0.,-0.));
#2256 = DEFINITIONAL_REPRESENTATION('',(#2257),#2261);
#2257 = LINE('',#2258,#2259);
#2258 = CARTESIAN_POINT('',(0.,0.));
#2259 = VECTOR('',#2260,1.);
#2260 = DIRECTION('',(1.,0.));
#2261 = ( GEOMETRIC_REPRESENTATION_CONTEXT(2) 
PARAMETRIC_REPRESENTATION_CONTEXT() REPRESENTATION_CONTEXT('2D SPACE',''
  ) );
#2262 = ORIENTED_EDGE('',*,*,#2263,.T.);
#2263 = EDGE_CURVE('',#2236,#2264,#2266,.T.);
#2264 = VERTEX_POINT('',#2265);
#2265 = CARTESIAN_POINT('',(-498.5,-248.5,698.5));
#2266 = SURFACE_CURVE('',#2267,(#2271,#2278),.PCURVE_S1.);
#2267 = LINE('',#2268,#2269);
#2268 = CARTESIAN_POINT('',(-498.5,-248.5,101.5));
#2269 = VECTOR('',#2270,1.);
#2270 = DIRECTION('',(0.,0.,1.));
#2271 = PCURVE('',#1336,#2272);
#2272 = DEFINITIONAL_REPRESENTATION('',(#2273),#2277);
#2273 = LINE('',#2274,#2275);
#2274 = CARTESIAN_POINT('',(0.,0.));
#2275 = VECTOR('',#2276,1.);
#2276 = DIRECTION('',(1.,0.));
#2277 = ( GEOMETRIC_REPRESENTATION_CONTEXT(2) 
PARAMETRIC_REPRESENTATION_CONTEXT() REPRESENTATION_CONTEXT('2D SPACE',''
  ) );
#2278 = PCURVE('',#1945,#2279);
#2279 = DEFINITIONAL_REPRESENTATION('',(#2280),#2284);
#2280 = LINE('',#2281,#2282);
#2281 = CARTESIAN_POINT('',(0.,0.));
#2282 = VECTOR('',#2283,1.);
#2283 = DIRECTION('',(1.,0.));
#2284 = ( GEOMETRIC_REPRESENTATION_CONTEXT(2) 
PARAMETRIC_REPRESENTATION_CONTEXT() REPRESENTATION_CONTEXT('2D SPACE',''
  ) );
#2285 = ORIENTED_EDGE('',*,*,#2286,.T.);
#2286 = EDGE_CURVE('',#2264,#2213,#2287,.T.);
#2287 = SURFACE_CURVE('',#2288,(#2292,#2299),.PCURVE_S1.);
#2288 = LINE('',#2289,#2290);
#2289 = CARTESIAN_POINT('',(-498.5,-248.5,698.5));
#2290 = VECTOR('',#2291,1.);
#2291 = DIRECTION('',(1.,0.,-0.));
#2292 = PCURVE('',#1336,#2293);
#2293 = DEFINITIONAL_REPRESENTATION('',(#2294),#2298);
#2294 = LINE('',#2295,#2296);
#2295 = CARTESIAN_POINT('',(597.,0.));
#2296 = VECTOR('',#2297,1.);
#2297 = DIRECTION('',(0.,1.));
#2298 = ( GEOMETRIC_REPRESENTATION_CONTEXT(2) 
PARAMETRIC_REPRESENTATION_CONTEXT() REPRESENTATION_CONTEXT('2D SPACE',''
  ) );
#2299 = PCURVE('',#2300,#2305);
#2300 = PLANE('',#2301);
#2301 = AXIS2_PLACEMENT_3D('',#2302,#2303,#2304);
#2302 = CARTESIAN_POINT('',(-498.5,-248.5,698.5));
#2303 = DIRECTION('',(0.,0.,1.));
#2304 = DIRECTION('',(1.,0.,-0.));
#2305 = DEFINITIONAL_REPRESENTATION('',(#2306),#2310);
#2306 = LINE('',#2307,#2308);
#2307 = CARTESIAN_POINT('',(0.,0.));
#2308 = VECTOR('',#2309,1.);
#2309 = DIRECTION('',(1.,0.));
#2310 = ( GEOMETRIC_REPRESENTATION_CONTEXT(2) 
PARAMETRIC_REPRESENTATION_CONTEXT() REPRESENTATION_CONTEXT('2D SPACE',''
  ) );
#2311 = FACE_BOUND('',#2312,.T.);
#2312 = EDGE_LOOP('',(#2313,#2314,#2315,#2316));
#2313 = ORIENTED_EDGE('',*,*,#1323,.F.);
#2314 = ORIENTED_EDGE('',*,*,#1375,.T.);
#2315 = ORIENTED_EDGE('',*,*,#1447,.T.);
#2316 = ORIENTED_EDGE('',*,*,#1422,.F.);
#2317 = ADVANCED_FACE('',(#2318),#1508,.F.);
#2318 = FACE_BOUND('',#2319,.F.);
#2319 = EDGE_LOOP('',(#2320,#2321,#2322,#2323));
#2320 = ORIENTED_EDGE('',*,*,#1644,.F.);
#2321 = ORIENTED_EDGE('',*,*,#1594,.T.);
#2322 = ORIENTED_EDGE('',*,*,#1492,.T.);
#2323 = ORIENTED_EDGE('',*,*,#1545,.F.);
#2324 = ADVANCED_FACE('',(#2325),#1709,.F.);
#2325 = FACE_BOUND('',#2326,.F.);
#2326 = EDGE_LOOP('',(#2327,#2328,#2329,#2330));
#2327 = ORIENTED_EDGE('',*,*,#1818,.F.);
#2328 = ORIENTED_EDGE('',*,*,#1844,.T.);
#2329 = ORIENTED_EDGE('',*,*,#1693,.T.);
#2330 = ORIENTED_EDGE('',*,*,#1746,.F.);
#2331 = ADVANCED_FACE('',(#2332),#1889,.F.);
#2332 = FACE_BOUND('',#2333,.F.);
#2333 = EDGE_LOOP('',(#2334,#2335,#2358,#2386,#2407,#2408,#2431,#2459));
#2334 = ORIENTED_EDGE('',*,*,#2210,.F.);
#2335 = ORIENTED_EDGE('',*,*,#2336,.T.);
#2336 = EDGE_CURVE('',#2211,#2337,#2339,.T.);
#2337 = VERTEX_POINT('',#2338);
#2338 = CARTESIAN_POINT('',(498.5,248.5,101.5));
#2339 = SURFACE_CURVE('',#2340,(#2344,#2351),.PCURVE_S1.);
#2340 = LINE('',#2341,#2342);
#2341 = CARTESIAN_POINT('',(498.5,-248.5,101.5));
#2342 = VECTOR('',#2343,1.);
#2343 = DIRECTION('',(-0.,1.,0.));
#2344 = PCURVE('',#1889,#2345);
#2345 = DEFINITIONAL_REPRESENTATION('',(#2346),#2350);
#2346 = LINE('',#2347,#2348);
#2347 = CARTESIAN_POINT('',(0.,0.));
#2348 = VECTOR('',#2349,1.);
#2349 = DIRECTION('',(0.,-1.));
#2350 = ( GEOMETRIC_REPRESENTATION_CONTEXT(2) 
PARAMETRIC_REPRESENTATION_CONTEXT() REPRESENTATION_CONTEXT('2D SPACE',''
  ) );
#2351 = PCURVE('',#2251,#2352);
#2352 = DEFINITIONAL_REPRESENTATION('',(#2353),#2357);
#2353 = LINE('',#2354,#2355);
#2354 = CARTESIAN_POINT('',(997.,0.));
#2355 = VECTOR('',#2356,1.);
#2356 = DIRECTION('',(0.,1.));
#2357 = ( GEOMETRIC_REPRESENTATION_CONTEXT(2) 
PARAMETRIC_REPRESENTATION_CONTEXT() REPRESENTATION_CONTEXT('2D SPACE',''
  ) );
#2358 = ORIENTED_EDGE('',*,*,#2359,.T.);
#2359 = EDGE_CURVE('',#2337,#2360,#2362,.T.);
#2360 = VERTEX_POINT('',#2361);
#2361 = CARTESIAN_POINT('',(498.5,248.5,1.4985E+03));
#2362 = SURFACE_CURVE('',#2363,(#2367,#2374),.PCURVE_S1.);
#2363 = LINE('',#2364,#2365);
#2364 = CARTESIAN_POINT('',(498.5,248.5,101.5));
#2365 = VECTOR('',#2366,1.);
#2366 = DIRECTION('',(0.,0.,1.));
#2367 = PCURVE('',#1889,#2368);
#2368 = DEFINITIONAL_REPRESENTATION('',(#2369),#2373);
#2369 = LINE('',#2370,#2371);
#2370 = CARTESIAN_POINT('',(0.,-497.));
#2371 = VECTOR('',#2372,1.);
#2372 = DIRECTION('',(1.,0.));
#2373 = ( GEOMETRIC_REPRESENTATION_CONTEXT(2) 
PARAMETRIC_REPRESENTATION_CONTEXT() REPRESENTATION_CONTEXT('2D SPACE',''
  ) );
#2374 = PCURVE('',#2375,#2380);
#2375 = PLANE('',#2376);
#2376 = AXIS2_PLACEMENT_3D('',#2377,#2378,#2379);
#2377 = CARTESIAN_POINT('',(-498.5,248.5,101.5));
#2378 = DIRECTION('',(-0.,1.,0.));
#2379 = DIRECTION('',(0.,0.,1.));
#2380 = DEFINITIONAL_REPRESENTATION('',(#2381),#2385);
#2381 = LINE('',#2382,#2383);
#2382 = CARTESIAN_POINT('',(0.,997.));
#2383 = VECTOR('',#2384,1.);
#2384 = DIRECTION('',(1.,0.));
#2385 = ( GEOMETRIC_REPRESENTATION_CONTEXT(2) 
PARAMETRIC_REPRESENTATION_CONTEXT() REPRESENTATION_CONTEXT('2D SPACE',''
  ) );
#2386 = ORIENTED_EDGE('',*,*,#2387,.F.);
#2387 = EDGE_CURVE('',#1874,#2360,#2388,.T.);
#2388 = SURFACE_CURVE('',#2389,(#2393,#2400),.PCURVE_S1.);
#2389 = LINE('',#2390,#2391);
#2390 = CARTESIAN_POINT('',(498.5,-248.5,1.4985E+03));
#2391 = VECTOR('',#2392,1.);
#2392 = DIRECTION('',(-0.,1.,0.));
#2393 = PCURVE('',#1889,#2394);
#2394 = DEFINITIONAL_REPRESENTATION('',(#2395),#2399);
#2395 = LINE('',#2396,#2397);
#2396 = CARTESIAN_POINT('',(1.397E+03,0.));
#2397 = VECTOR('',#2398,1.);
#2398 = DIRECTION('',(0.,-1.));
#2399 = ( GEOMETRIC_REPRESENTATION_CONTEXT(2) 
PARAMETRIC_REPRESENTATION_CONTEXT() REPRESENTATION_CONTEXT('2D SPACE',''
  ) );
#2400 = PCURVE('',#1971,#2401);
#2401 = DEFINITIONAL_REPRESENTATION('',(#2402),#2406);
#2402 = LINE('',#2403,#2404);
#2403 = CARTESIAN_POINT('',(997.,0.));
#2404 = VECTOR('',#2405,1.);
#2405 = DIRECTION('',(0.,1.));
#2406 = ( GEOMETRIC_REPRESENTATION_CONTEXT(2) 
PARAMETRIC_REPRESENTATION_CONTEXT() REPRESENTATION_CONTEXT('2D SPACE',''
  ) );
#2407 = ORIENTED_EDGE('',*,*,#1871,.F.);
#2408 = ORIENTED_EDGE('',*,*,#2409,.T.);
#2409 = EDGE_CURVE('',#1872,#2410,#2412,.T.);
#2410 = VERTEX_POINT('',#2411);
#2411 = CARTESIAN_POINT('',(498.5,110.,700.));
#2412 = SURFACE_CURVE('',#2413,(#2417,#2424),.PCURVE_S1.);
#2413 = LINE('',#2414,#2415);
#2414 = CARTESIAN_POINT('',(498.5,-248.5,700.));
#2415 = VECTOR('',#2416,1.);
#2416 = DIRECTION('',(-0.,1.,0.));
#2417 = PCURVE('',#1889,#2418);
#2418 = DEFINITIONAL_REPRESENTATION('',(#2419),#2423);
#2419 = LINE('',#2420,#2421);
#2420 = CARTESIAN_POINT('',(598.5,0.));
#2421 = VECTOR('',#2422,1.);
#2422 = DIRECTION('',(0.,-1.));
#2423 = ( GEOMETRIC_REPRESENTATION_CONTEXT(2) 
PARAMETRIC_REPRESENTATION_CONTEXT() REPRESENTATION_CONTEXT('2D SPACE',''
  ) );
#2424 = PCURVE('',#1917,#2425);
#2425 = DEFINITIONAL_REPRESENTATION('',(#2426),#2430);
#2426 = LINE('',#2427,#2428);
#2427 = CARTESIAN_POINT('',(997.,0.));
#2428 = VECTOR('',#2429,1.);
#2429 = DIRECTION('',(0.,1.));
#2430 = ( GEOMETRIC_REPRESENTATION_CONTEXT(2) 
PARAMETRIC_REPRESENTATION_CONTEXT() REPRESENTATION_CONTEXT('2D SPACE',''
  ) );
#2431 = ORIENTED_EDGE('',*,*,#2432,.F.);
#2432 = EDGE_CURVE('',#2433,#2410,#2435,.T.);
#2433 = VERTEX_POINT('',#2434);
#2434 = CARTESIAN_POINT('',(498.5,110.,698.5));
#2435 = SURFACE_CURVE('',#2436,(#2440,#2447),.PCURVE_S1.);
#2436 = LINE('',#2437,#2438);
#2437 = CARTESIAN_POINT('',(498.5,110.,698.5));
#2438 = VECTOR('',#2439,1.);
#2439 = DIRECTION('',(0.,0.,1.));
#2440 = PCURVE('',#1889,#2441);
#2441 = DEFINITIONAL_REPRESENTATION('',(#2442),#2446);
#2442 = LINE('',#2443,#2444);
#2443 = CARTESIAN_POINT('',(597.,-358.5));
#2444 = VECTOR('',#2445,1.);
#2445 = DIRECTION('',(1.,0.));
#2446 = ( GEOMETRIC_REPRESENTATION_CONTEXT(2) 
PARAMETRIC_REPRESENTATION_CONTEXT() REPRESENTATION_CONTEXT('2D SPACE',''
  ) );
#2447 = PCURVE('',#2448,#2453);
#2448 = PLANE('',#2449);
#2449 = AXIS2_PLACEMENT_3D('',#2450,#2451,#2452);
#2450 = CARTESIAN_POINT('',(-498.5,110.,698.5));
#2451 = DIRECTION('',(-0.,1.,0.));
#2452 = DIRECTION('',(0.,0.,1.));
#2453 = DEFINITIONAL_REPRESENTATION('',(#2454),#2458);
#2454 = LINE('',#2455,#2456);
#2455 = CARTESIAN_POINT('',(0.,997.));
#2456 = VECTOR('',#2457,1.);
#2457 = DIRECTION('',(1.,0.));
#2458 = ( GEOMETRIC_REPRESENTATION_CONTEXT(2) 
PARAMETRIC_REPRESENTATION_CONTEXT() REPRESENTATION_CONTEXT('2D SPACE',''
  ) );
#2459 = ORIENTED_EDGE('',*,*,#2460,.F.);
#2460 = EDGE_CURVE('',#2213,#2433,#2461,.T.);
#2461 = SURFACE_CURVE('',#2462,(#2466,#2473),.PCURVE_S1.);
#2462 = LINE('',#2463,#2464);
#2463 = CARTESIAN_POINT('',(498.5,-248.5,698.5));
#2464 = VECTOR('',#2465,1.);
#2465 = DIRECTION('',(-0.,1.,0.));
#2466 = PCURVE('',#1889,#2467);
#2467 = DEFINITIONAL_REPRESENTATION('',(#2468),#2472);
#2468 = LINE('',#2469,#2470);
#2469 = CARTESIAN_POINT('',(597.,0.));
#2470 = VECTOR('',#2471,1.);
#2471 = DIRECTION('',(0.,-1.));
#2472 = ( GEOMETRIC_REPRESENTATION_CONTEXT(2) 
PARAMETRIC_REPRESENTATION_CONTEXT() REPRESENTATION_CONTEXT('2D SPACE',''
  ) );
#2473 = PCURVE('',#2300,#2474);
#2474 = DEFINITIONAL_REPRESENTATION('',(#2475),#2479);
#2475 = LINE('',#2476,#2477);
#2476 = CARTESIAN_POINT('',(997.,0.));
#2477 = VECTOR('',#2478,1.);
#2478 = DIRECTION('',(0.,1.));
#2479 = ( GEOMETRIC_REPRESENTATION_CONTEXT(2) 
PARAMETRIC_REPRESENTATION_CONTEXT() REPRESENTATION_CONTEXT('2D SPACE',''
  ) );
#2480 = ADVANCED_FACE('',(#2481),#1971,.F.);
#2481 = FACE_BOUND('',#2482,.F.);
#2482 = EDGE_LOOP('',(#2483,#2506,#2507,#2508));
#2483 = ORIENTED_EDGE('',*,*,#2484,.F.);
#2484 = EDGE_CURVE('',#1930,#2485,#2487,.T.);
#2485 = VERTEX_POINT('',#2486);
#2486 = CARTESIAN_POINT('',(-498.5,248.5,1.4985E+03));
#2487 = SURFACE_CURVE('',#2488,(#2492,#2499),.PCURVE_S1.);
#2488 = LINE('',#2489,#2490);
#2489 = CARTESIAN_POINT('',(-498.5,-248.5,1.4985E+03));
#2490 = VECTOR('',#2491,1.);
#2491 = DIRECTION('',(-0.,1.,0.));
#2492 = PCURVE('',#1971,#2493);
#2493 = DEFINITIONAL_REPRESENTATION('',(#2494),#2498);
#2494 = LINE('',#2495,#2496);
#2495 = CARTESIAN_POINT('',(0.,0.));
#2496 = VECTOR('',#2497,1.);
#2497 = DIRECTION('',(0.,1.));
#2498 = ( GEOMETRIC_REPRESENTATION_CONTEXT(2) 
PARAMETRIC_REPRESENTATION_CONTEXT() REPRESENTATION_CONTEXT('2D SPACE',''
  ) );
#2499 = PCURVE('',#1945,#2500);
#2500 = DEFINITIONAL_REPRESENTATION('',(#2501),#2505);
#2501 = LINE('',#2502,#2503);
#2502 = CARTESIAN_POINT('',(1.397E+03,0.));
#2503 = VECTOR('',#2504,1.);
#2504 = DIRECTION('',(0.,-1.));
#2505 = ( GEOMETRIC_REPRESENTATION_CONTEXT(2) 
PARAMETRIC_REPRESENTATION_CONTEXT() REPRESENTATION_CONTEXT('2D SPACE',''
  ) );
#2506 = ORIENTED_EDGE('',*,*,#1957,.T.);
#2507 = ORIENTED_EDGE('',*,*,#2387,.T.);
#2508 = ORIENTED_EDGE('',*,*,#2509,.F.);
#2509 = EDGE_CURVE('',#2485,#2360,#2510,.T.);
#2510 = SURFACE_CURVE('',#2511,(#2515,#2522),.PCURVE_S1.);
#2511 = LINE('',#2512,#2513);
#2512 = CARTESIAN_POINT('',(-498.5,248.5,1.4985E+03));
#2513 = VECTOR('',#2514,1.);
#2514 = DIRECTION('',(1.,0.,-0.));
#2515 = PCURVE('',#1971,#2516);
#2516 = DEFINITIONAL_REPRESENTATION('',(#2517),#2521);
#2517 = LINE('',#2518,#2519);
#2518 = CARTESIAN_POINT('',(0.,497.));
#2519 = VECTOR('',#2520,1.);
#2520 = DIRECTION('',(1.,0.));
#2521 = ( GEOMETRIC_REPRESENTATION_CONTEXT(2) 
PARAMETRIC_REPRESENTATION_CONTEXT() REPRESENTATION_CONTEXT('2D SPACE',''
  ) );
#2522 = PCURVE('',#2375,#2523);
#2523 = DEFINITIONAL_REPRESENTATION('',(#2524),#2528);
#2524 = LINE('',#2525,#2526);
#2525 = CARTESIAN_POINT('',(1.397E+03,0.));
#2526 = VECTOR('',#2527,1.);
#2527 = DIRECTION('',(0.,1.));
#2528 = ( GEOMETRIC_REPRESENTATION_CONTEXT(2) 
PARAMETRIC_REPRESENTATION_CONTEXT() REPRESENTATION_CONTEXT('2D SPACE',''
  ) );
#2529 = ADVANCED_FACE('',(#2530),#1945,.T.);
#2530 = FACE_BOUND('',#2531,.T.);
#2531 = EDGE_LOOP('',(#2532,#2533,#2556,#2577,#2578,#2579,#2602,#2625));
#2532 = ORIENTED_EDGE('',*,*,#2263,.F.);
#2533 = ORIENTED_EDGE('',*,*,#2534,.T.);
#2534 = EDGE_CURVE('',#2236,#2535,#2537,.T.);
#2535 = VERTEX_POINT('',#2536);
#2536 = CARTESIAN_POINT('',(-498.5,248.5,101.5));
#2537 = SURFACE_CURVE('',#2538,(#2542,#2549),.PCURVE_S1.);
#2538 = LINE('',#2539,#2540);
#2539 = CARTESIAN_POINT('',(-498.5,-248.5,101.5));
#2540 = VECTOR('',#2541,1.);
#2541 = DIRECTION('',(-0.,1.,0.));
#2542 = PCURVE('',#1945,#2543);
#2543 = DEFINITIONAL_REPRESENTATION('',(#2544),#2548);
#2544 = LINE('',#2545,#2546);
#2545 = CARTESIAN_POINT('',(0.,0.));
#2546 = VECTOR('',#2547,1.);
#2547 = DIRECTION('',(0.,-1.));
#2548 = ( GEOMETRIC_REPRESENTATION_CONTEXT(2) 
PARAMETRIC_REPRESENTATION_CONTEXT() REPRESENTATION_CONTEXT('2D SPACE',''
  ) );
#2549 = PCURVE('',#2251,#2550);
#2550 = DEFINITIONAL_REPRESENTATION('',(#2551),#2555);
#2551 = LINE('',#2552,#2553);
#2552 = CARTESIAN_POINT('',(0.,0.));
#2553 = VECTOR('',#2554,1.);
#2554 = DIRECTION('',(0.,1.));
#2555 = ( GEOMETRIC_REPRESENTATION_CONTEXT(2) 
PARAMETRIC_REPRESENTATION_CONTEXT() REPRESENTATION_CONTEXT('2D SPACE',''
  ) );
#2556 = ORIENTED_EDGE('',*,*,#2557,.T.);
#2557 = EDGE_CURVE('',#2535,#2485,#2558,.T.);
#2558 = SURFACE_CURVE('',#2559,(#2563,#2570),.PCURVE_S1.);
#2559 = LINE('',#2560,#2561);
#2560 = CARTESIAN_POINT('',(-498.5,248.5,101.5));
#2561 = VECTOR('',#2562,1.);
#2562 = DIRECTION('',(0.,0.,1.));
#2563 = PCURVE('',#1945,#2564);
#2564 = DEFINITIONAL_REPRESENTATION('',(#2565),#2569);
#2565 = LINE('',#2566,#2567);
#2566 = CARTESIAN_POINT('',(0.,-497.));
#2567 = VECTOR('',#2568,1.);
#2568 = DIRECTION('',(1.,0.));
#2569 = ( GEOMETRIC_REPRESENTATION_CONTEXT(2) 
PARAMETRIC_REPRESENTATION_CONTEXT() REPRESENTATION_CONTEXT('2D SPACE',''
  ) );
#2570 = PCURVE('',#2375,#2571);
#2571 = DEFINITIONAL_REPRESENTATION('',(#2572),#2576);
#2572 = LINE('',#2573,#2574);
#2573 = CARTESIAN_POINT('',(0.,0.));
#2574 = VECTOR('',#2575,1.);
#2575 = DIRECTION('',(1.,0.));
#2576 = ( GEOMETRIC_REPRESENTATION_CONTEXT(2) 
PARAMETRIC_REPRESENTATION_CONTEXT() REPRESENTATION_CONTEXT('2D SPACE',''
  ) );
#2577 = ORIENTED_EDGE('',*,*,#2484,.F.);
#2578 = ORIENTED_EDGE('',*,*,#1929,.F.);
#2579 = ORIENTED_EDGE('',*,*,#2580,.T.);
#2580 = EDGE_CURVE('',#1902,#2581,#2583,.T.);
#2581 = VERTEX_POINT('',#2582);
#2582 = CARTESIAN_POINT('',(-498.5,110.,700.));
#2583 = SURFACE_CURVE('',#2584,(#2588,#2595),.PCURVE_S1.);
#2584 = LINE('',#2585,#2586);
#2585 = CARTESIAN_POINT('',(-498.5,-248.5,700.));
#2586 = VECTOR('',#2587,1.);
#2587 = DIRECTION('',(-0.,1.,0.));
#2588 = PCURVE('',#1945,#2589);
#2589 = DEFINITIONAL_REPRESENTATION('',(#2590),#2594);
#2590 = LINE('',#2591,#2592);
#2591 = CARTESIAN_POINT('',(598.5,0.));
#2592 = VECTOR('',#2593,1.);
#2593 = DIRECTION('',(0.,-1.));
#2594 = ( GEOMETRIC_REPRESENTATION_CONTEXT(2) 
PARAMETRIC_REPRESENTATION_CONTEXT() REPRESENTATION_CONTEXT('2D SPACE',''
  ) );
#2595 = PCURVE('',#1917,#2596);
#2596 = DEFINITIONAL_REPRESENTATION('',(#2597),#2601);
#2597 = LINE('',#2598,#2599);
#2598 = CARTESIAN_POINT('',(0.,0.));
#2599 = VECTOR('',#2600,1.);
#2600 = DIRECTION('',(0.,1.));
#2601 = ( GEOMETRIC_REPRESENTATION_CONTEXT(2) 
PARAMETRIC_REPRESENTATION_CONTEXT() REPRESENTATION_CONTEXT('2D SPACE',''
  ) );
#2602 = ORIENTED_EDGE('',*,*,#2603,.F.);
#2603 = EDGE_CURVE('',#2604,#2581,#2606,.T.);
#2604 = VERTEX_POINT('',#2605);
#2605 = CARTESIAN_POINT('',(-498.5,110.,698.5));
#2606 = SURFACE_CURVE('',#2607,(#2611,#2618),.PCURVE_S1.);
#2607 = LINE('',#2608,#2609);
#2608 = CARTESIAN_POINT('',(-498.5,110.,698.5));
#2609 = VECTOR('',#2610,1.);
#2610 = DIRECTION('',(0.,0.,1.));
#2611 = PCURVE('',#1945,#2612);
#2612 = DEFINITIONAL_REPRESENTATION('',(#2613),#2617);
#2613 = LINE('',#2614,#2615);
#2614 = CARTESIAN_POINT('',(597.,-358.5));
#2615 = VECTOR('',#2616,1.);
#2616 = DIRECTION('',(1.,0.));
#2617 = ( GEOMETRIC_REPRESENTATION_CONTEXT(2) 
PARAMETRIC_REPRESENTATION_CONTEXT() REPRESENTATION_CONTEXT('2D SPACE',''
  ) );
#2618 = PCURVE('',#2448,#2619);
#2619 = DEFINITIONAL_REPRESENTATION('',(#2620),#2624);
#2620 = LINE('',#2621,#2622);
#2621 = CARTESIAN_POINT('',(0.,0.));
#2622 = VECTOR('',#2623,1.);
#2623 = DIRECTION('',(1.,0.));
#2624 = ( GEOMETRIC_REPRESENTATION_CONTEXT(2) 
PARAMETRIC_REPRESENTATION_CONTEXT() REPRESENTATION_CONTEXT('2D SPACE',''
  ) );
#2625 = ORIENTED_EDGE('',*,*,#2626,.F.);
#2626 = EDGE_CURVE('',#2264,#2604,#2627,.T.);
#2627 = SURFACE_CURVE('',#2628,(#2632,#2639),.PCURVE_S1.);
#2628 = LINE('',#2629,#2630);
#2629 = CARTESIAN_POINT('',(-498.5,-248.5,698.5));
#2630 = VECTOR('',#2631,1.);
#2631 = DIRECTION('',(-0.,1.,0.));
#2632 = PCURVE('',#1945,#2633);
#2633 = DEFINITIONAL_REPRESENTATION('',(#2634),#2638);
#2634 = LINE('',#2635,#2636);
#2635 = CARTESIAN_POINT('',(597.,0.));
#2636 = VECTOR('',#2637,1.);
#2637 = DIRECTION('',(0.,-1.));
#2638 = ( GEOMETRIC_REPRESENTATION_CONTEXT(2) 
PARAMETRIC_REPRESENTATION_CONTEXT() REPRESENTATION_CONTEXT('2D SPACE',''
  ) );
#2639 = PCURVE('',#2300,#2640);
#2640 = DEFINITIONAL_REPRESENTATION('',(#2641),#2645);
#2641 = LINE('',#2642,#2643);
#2642 = CARTESIAN_POINT('',(0.,0.));
#2643 = VECTOR('',#2644,1.);
#2644 = DIRECTION('',(0.,1.));
#2645 = ( GEOMETRIC_REPRESENTATION_CONTEXT(2) 
PARAMETRIC_REPRESENTATION_CONTEXT() REPRESENTATION_CONTEXT('2D SPACE',''
  ) );
#2646 = ADVANCED_FACE('',(#2647),#1917,.T.);
#2647 = FACE_BOUND('',#2648,.T.);
#2648 = EDGE_LOOP('',(#2649,#2650,#2651,#2652));
#2649 = ORIENTED_EDGE('',*,*,#2580,.F.);
#2650 = ORIENTED_EDGE('',*,*,#1901,.T.);
#2651 = ORIENTED_EDGE('',*,*,#2409,.T.);
#2652 = ORIENTED_EDGE('',*,*,#2653,.F.);
#2653 = EDGE_CURVE('',#2581,#2410,#2654,.T.);
#2654 = SURFACE_CURVE('',#2655,(#2659,#2666),.PCURVE_S1.);
#2655 = LINE('',#2656,#2657);
#2656 = CARTESIAN_POINT('',(-498.5,110.,700.));
#2657 = VECTOR('',#2658,1.);
#2658 = DIRECTION('',(1.,0.,-0.));
#2659 = PCURVE('',#1917,#2660);
#2660 = DEFINITIONAL_REPRESENTATION('',(#2661),#2665);
#2661 = LINE('',#2662,#2663);
#2662 = CARTESIAN_POINT('',(0.,358.5));
#2663 = VECTOR('',#2664,1.);
#2664 = DIRECTION('',(1.,0.));
#2665 = ( GEOMETRIC_REPRESENTATION_CONTEXT(2) 
PARAMETRIC_REPRESENTATION_CONTEXT() REPRESENTATION_CONTEXT('2D SPACE',''
  ) );
#2666 = PCURVE('',#2448,#2667);
#2667 = DEFINITIONAL_REPRESENTATION('',(#2668),#2672);
#2668 = LINE('',#2669,#2670);
#2669 = CARTESIAN_POINT('',(1.5,0.));
#2670 = VECTOR('',#2671,1.);
#2671 = DIRECTION('',(0.,1.));
#2672 = ( GEOMETRIC_REPRESENTATION_CONTEXT(2) 
PARAMETRIC_REPRESENTATION_CONTEXT() REPRESENTATION_CONTEXT('2D SPACE',''
  ) );
#2673 = ADVANCED_FACE('',(#2674),#2014,.F.);
#2674 = FACE_BOUND('',#2675,.F.);
#2675 = EDGE_LOOP('',(#2676,#2699,#2726,#2747));
#2676 = ORIENTED_EDGE('',*,*,#2677,.F.);
#2677 = EDGE_CURVE('',#2678,#1998,#2680,.T.);
#2678 = VERTEX_POINT('',#2679);
#2679 = CARTESIAN_POINT('',(-86.,-250.,1.215E+03));
#2680 = SURFACE_CURVE('',#2681,(#2685,#2692),.PCURVE_S1.);
#2681 = LINE('',#2682,#2683);
#2682 = CARTESIAN_POINT('',(-86.,-251.,1.215E+03));
#2683 = VECTOR('',#2684,1.);
#2684 = DIRECTION('',(-0.,1.,0.));
#2685 = PCURVE('',#2014,#2686);
#2686 = DEFINITIONAL_REPRESENTATION('',(#2687),#2691);
#2687 = LINE('',#2688,#2689);
#2688 = CARTESIAN_POINT('',(0.,0.));
#2689 = VECTOR('',#2690,1.);
#2690 = DIRECTION('',(0.,1.));
#2691 = ( GEOMETRIC_REPRESENTATION_CONTEXT(2) 
PARAMETRIC_REPRESENTATION_CONTEXT() REPRESENTATION_CONTEXT('2D SPACE',''
  ) );
#2692 = PCURVE('',#2040,#2693);
#2693 = DEFINITIONAL_REPRESENTATION('',(#2694),#2698);
#2694 = LINE('',#2695,#2696);
#2695 = CARTESIAN_POINT('',(510.,0.));
#2696 = VECTOR('',#2697,1.);
#2697 = DIRECTION('',(0.,-1.));
#2698 = ( GEOMETRIC_REPRESENTATION_CONTEXT(2) 
PARAMETRIC_REPRESENTATION_CONTEXT() REPRESENTATION_CONTEXT('2D SPACE',''
  ) );
#2699 = ORIENTED_EDGE('',*,*,#2700,.T.);
#2700 = EDGE_CURVE('',#2678,#2701,#2703,.T.);
#2701 = VERTEX_POINT('',#2702);
#2702 = CARTESIAN_POINT('',(86.,-250.,1.215E+03));
#2703 = SURFACE_CURVE('',#2704,(#2708,#2714),.PCURVE_S1.);
#2704 = LINE('',#2705,#2706);
#2705 = CARTESIAN_POINT('',(-293.,-250.,1.215E+03));
#2706 = VECTOR('',#2707,1.);
#2707 = DIRECTION('',(1.,0.,-0.));
#2708 = PCURVE('',#2014,#2709);
#2709 = DEFINITIONAL_REPRESENTATION('',(#2710),#2713);
#2710 = B_SPLINE_CURVE_WITH_KNOTS('',1,(#2711,#2712),.UNSPECIFIED.,.F.,
  .F.,(2,2),(207.,379.),.PIECEWISE_BEZIER_KNOTS.);
#2711 = CARTESIAN_POINT('',(0.,1.));
#2712 = CARTESIAN_POINT('',(172.,1.));
#2713 = ( GEOMETRIC_REPRESENTATION_CONTEXT(2) 
PARAMETRIC_REPRESENTATION_CONTEXT() REPRESENTATION_CONTEXT('2D SPACE',''
  ) );
#2714 = PCURVE('',#2715,#2720);
#2715 = PLANE('',#2716);
#2716 = AXIS2_PLACEMENT_3D('',#2717,#2718,#2719);
#2717 = CARTESIAN_POINT('',(-90.,-250.,701.));
#2718 = DIRECTION('',(-0.,1.,0.));
#2719 = DIRECTION('',(0.,0.,1.));
#2720 = DEFINITIONAL_REPRESENTATION('',(#2721),#2725);
#2721 = LINE('',#2722,#2723);
#2722 = CARTESIAN_POINT('',(514.,-203.));
#2723 = VECTOR('',#2724,1.);
#2724 = DIRECTION('',(0.,1.));
#2725 = ( GEOMETRIC_REPRESENTATION_CONTEXT(2) 
PARAMETRIC_REPRESENTATION_CONTEXT() REPRESENTATION_CONTEXT('2D SPACE',''
  ) );
#2726 = ORIENTED_EDGE('',*,*,#2727,.T.);
#2727 = EDGE_CURVE('',#2701,#2000,#2728,.T.);
#2728 = SURFACE_CURVE('',#2729,(#2733,#2740),.PCURVE_S1.);
#2729 = LINE('',#2730,#2731);
#2730 = CARTESIAN_POINT('',(86.,-251.,1.215E+03));
#2731 = VECTOR('',#2732,1.);
#2732 = DIRECTION('',(-0.,1.,0.));
#2733 = PCURVE('',#2014,#2734);
#2734 = DEFINITIONAL_REPRESENTATION('',(#2735),#2739);
#2735 = LINE('',#2736,#2737);
#2736 = CARTESIAN_POINT('',(172.,0.));
#2737 = VECTOR('',#2738,1.);
#2738 = DIRECTION('',(0.,1.));
#2739 = ( GEOMETRIC_REPRESENTATION_CONTEXT(2) 
PARAMETRIC_REPRESENTATION_CONTEXT() REPRESENTATION_CONTEXT('2D SPACE',''
  ) );
#2740 = PCURVE('',#2090,#2741);
#2741 = DEFINITIONAL_REPRESENTATION('',(#2742),#2746);
#2742 = LINE('',#2743,#2744);
#2743 = CARTESIAN_POINT('',(510.,0.));
#2744 = VECTOR('',#2745,1.);
#2745 = DIRECTION('',(0.,-1.));
#2746 = ( GEOMETRIC_REPRESENTATION_CONTEXT(2) 
PARAMETRIC_REPRESENTATION_CONTEXT() REPRESENTATION_CONTEXT('2D SPACE',''
  ) );
#2747 = ORIENTED_EDGE('',*,*,#1997,.F.);
#2748 = ADVANCED_FACE('',(#2749),#2040,.T.);
#2749 = FACE_BOUND('',#2750,.T.);
#2750 = EDGE_LOOP('',(#2751,#2752,#2774,#2795));
#2751 = ORIENTED_EDGE('',*,*,#2677,.F.);
#2752 = ORIENTED_EDGE('',*,*,#2753,.T.);
#2753 = EDGE_CURVE('',#2678,#2754,#2756,.T.);
#2754 = VERTEX_POINT('',#2755);
#2755 = CARTESIAN_POINT('',(-86.,-250.,705.));
#2756 = SURFACE_CURVE('',#2757,(#2761,#2767),.PCURVE_S1.);
#2757 = LINE('',#2758,#2759);
#2758 = CARTESIAN_POINT('',(-86.,-250.,402.5));
#2759 = VECTOR('',#2760,1.);
#2760 = DIRECTION('',(-0.,0.,-1.));
#2761 = PCURVE('',#2040,#2762);
#2762 = DEFINITIONAL_REPRESENTATION('',(#2763),#2766);
#2763 = B_SPLINE_CURVE_WITH_KNOTS('',1,(#2764,#2765),.UNSPECIFIED.,.F.,
  .F.,(2,2),(-812.5,-302.5),.PIECEWISE_BEZIER_KNOTS.);
#2764 = CARTESIAN_POINT('',(510.,-1.));
#2765 = CARTESIAN_POINT('',(0.,-1.));
#2766 = ( GEOMETRIC_REPRESENTATION_CONTEXT(2) 
PARAMETRIC_REPRESENTATION_CONTEXT() REPRESENTATION_CONTEXT('2D SPACE',''
  ) );
#2767 = PCURVE('',#2715,#2768);
#2768 = DEFINITIONAL_REPRESENTATION('',(#2769),#2773);
#2769 = LINE('',#2770,#2771);
#2770 = CARTESIAN_POINT('',(-298.5,4.));
#2771 = VECTOR('',#2772,1.);
#2772 = DIRECTION('',(-1.,0.));
#2773 = ( GEOMETRIC_REPRESENTATION_CONTEXT(2) 
PARAMETRIC_REPRESENTATION_CONTEXT() REPRESENTATION_CONTEXT('2D SPACE',''
  ) );
#2774 = ORIENTED_EDGE('',*,*,#2775,.T.);
#2775 = EDGE_CURVE('',#2754,#2026,#2776,.T.);
#2776 = SURFACE_CURVE('',#2777,(#2781,#2788),.PCURVE_S1.);
#2777 = LINE('',#2778,#2779);
#2778 = CARTESIAN_POINT('',(-86.,-251.,705.));
#2779 = VECTOR('',#2780,1.);
#2780 = DIRECTION('',(-0.,1.,0.));
#2781 = PCURVE('',#2040,#2782);
#2782 = DEFINITIONAL_REPRESENTATION('',(#2783),#2787);
#2783 = LINE('',#2784,#2785);
#2784 = CARTESIAN_POINT('',(0.,0.));
#2785 = VECTOR('',#2786,1.);
#2786 = DIRECTION('',(0.,-1.));
#2787 = ( GEOMETRIC_REPRESENTATION_CONTEXT(2) 
PARAMETRIC_REPRESENTATION_CONTEXT() REPRESENTATION_CONTEXT('2D SPACE',''
  ) );
#2788 = PCURVE('',#2066,#2789);
#2789 = DEFINITIONAL_REPRESENTATION('',(#2790),#2794);
#2790 = LINE('',#2791,#2792);
#2791 = CARTESIAN_POINT('',(0.,0.));
#2792 = VECTOR('',#2793,1.);
#2793 = DIRECTION('',(0.,1.));
#2794 = ( GEOMETRIC_REPRESENTATION_CONTEXT(2) 
PARAMETRIC_REPRESENTATION_CONTEXT() REPRESENTATION_CONTEXT('2D SPACE',''
  ) );
#2795 = ORIENTED_EDGE('',*,*,#2025,.F.);
#2796 = ADVANCED_FACE('',(#2797),#2090,.F.);
#2797 = FACE_BOUND('',#2798,.F.);
#2798 = EDGE_LOOP('',(#2799,#2800,#2822,#2843));
#2799 = ORIENTED_EDGE('',*,*,#2727,.F.);
#2800 = ORIENTED_EDGE('',*,*,#2801,.T.);
#2801 = EDGE_CURVE('',#2701,#2802,#2804,.T.);
#2802 = VERTEX_POINT('',#2803);
#2803 = CARTESIAN_POINT('',(86.,-250.,705.));
#2804 = SURFACE_CURVE('',#2805,(#2809,#2815),.PCURVE_S1.);
#2805 = LINE('',#2806,#2807);
#2806 = CARTESIAN_POINT('',(86.,-250.,402.5));
#2807 = VECTOR('',#2808,1.);
#2808 = DIRECTION('',(-0.,0.,-1.));
#2809 = PCURVE('',#2090,#2810);
#2810 = DEFINITIONAL_REPRESENTATION('',(#2811),#2814);
#2811 = B_SPLINE_CURVE_WITH_KNOTS('',1,(#2812,#2813),.UNSPECIFIED.,.F.,
  .F.,(2,2),(-812.5,-302.5),.PIECEWISE_BEZIER_KNOTS.);
#2812 = CARTESIAN_POINT('',(510.,-1.));
#2813 = CARTESIAN_POINT('',(0.,-1.));
#2814 = ( GEOMETRIC_REPRESENTATION_CONTEXT(2) 
PARAMETRIC_REPRESENTATION_CONTEXT() REPRESENTATION_CONTEXT('2D SPACE',''
  ) );
#2815 = PCURVE('',#2715,#2816);
#2816 = DEFINITIONAL_REPRESENTATION('',(#2817),#2821);
#2817 = LINE('',#2818,#2819);
#2818 = CARTESIAN_POINT('',(-298.5,176.));
#2819 = VECTOR('',#2820,1.);
#2820 = DIRECTION('',(-1.,0.));
#2821 = ( GEOMETRIC_REPRESENTATION_CONTEXT(2) 
PARAMETRIC_REPRESENTATION_CONTEXT() REPRESENTATION_CONTEXT('2D SPACE',''
  ) );
#2822 = ORIENTED_EDGE('',*,*,#2823,.T.);
#2823 = EDGE_CURVE('',#2802,#2052,#2824,.T.);
#2824 = SURFACE_CURVE('',#2825,(#2829,#2836),.PCURVE_S1.);
#2825 = LINE('',#2826,#2827);
#2826 = CARTESIAN_POINT('',(86.,-251.,705.));
#2827 = VECTOR('',#2828,1.);
#2828 = DIRECTION('',(-0.,1.,0.));
#2829 = PCURVE('',#2090,#2830);
#2830 = DEFINITIONAL_REPRESENTATION('',(#2831),#2835);
#2831 = LINE('',#2832,#2833);
#2832 = CARTESIAN_POINT('',(0.,0.));
#2833 = VECTOR('',#2834,1.);
#2834 = DIRECTION('',(0.,-1.));
#2835 = ( GEOMETRIC_REPRESENTATION_CONTEXT(2) 
PARAMETRIC_REPRESENTATION_CONTEXT() REPRESENTATION_CONTEXT('2D SPACE',''
  ) );
#2836 = PCURVE('',#2066,#2837);
#2837 = DEFINITIONAL_REPRESENTATION('',(#2838),#2842);
#2838 = LINE('',#2839,#2840);
#2839 = CARTESIAN_POINT('',(172.,0.));
#2840 = VECTOR('',#2841,1.);
#2841 = DIRECTION('',(0.,1.));
#2842 = ( GEOMETRIC_REPRESENTATION_CONTEXT(2) 
PARAMETRIC_REPRESENTATION_CONTEXT() REPRESENTATION_CONTEXT('2D SPACE',''
  ) );
#2843 = ORIENTED_EDGE('',*,*,#2077,.F.);
#2844 = ADVANCED_FACE('',(#2845),#2066,.T.);
#2845 = FACE_BOUND('',#2846,.T.);
#2846 = EDGE_LOOP('',(#2847,#2848,#2868,#2869));
#2847 = ORIENTED_EDGE('',*,*,#2775,.F.);
#2848 = ORIENTED_EDGE('',*,*,#2849,.T.);
#2849 = EDGE_CURVE('',#2754,#2802,#2850,.T.);
#2850 = SURFACE_CURVE('',#2851,(#2855,#2861),.PCURVE_S1.);
#2851 = LINE('',#2852,#2853);
#2852 = CARTESIAN_POINT('',(-293.,-250.,705.));
#2853 = VECTOR('',#2854,1.);
#2854 = DIRECTION('',(1.,0.,-0.));
#2855 = PCURVE('',#2066,#2856);
#2856 = DEFINITIONAL_REPRESENTATION('',(#2857),#2860);
#2857 = B_SPLINE_CURVE_WITH_KNOTS('',1,(#2858,#2859),.UNSPECIFIED.,.F.,
  .F.,(2,2),(207.,379.),.PIECEWISE_BEZIER_KNOTS.);
#2858 = CARTESIAN_POINT('',(0.,1.));
#2859 = CARTESIAN_POINT('',(172.,1.));
#2860 = ( GEOMETRIC_REPRESENTATION_CONTEXT(2) 
PARAMETRIC_REPRESENTATION_CONTEXT() REPRESENTATION_CONTEXT('2D SPACE',''
  ) );
#2861 = PCURVE('',#2715,#2862);
#2862 = DEFINITIONAL_REPRESENTATION('',(#2863),#2867);
#2863 = LINE('',#2864,#2865);
#2864 = CARTESIAN_POINT('',(4.,-203.));
#2865 = VECTOR('',#2866,1.);
#2866 = DIRECTION('',(0.,1.));
#2867 = ( GEOMETRIC_REPRESENTATION_CONTEXT(2) 
PARAMETRIC_REPRESENTATION_CONTEXT() REPRESENTATION_CONTEXT('2D SPACE',''
  ) );
#2868 = ORIENTED_EDGE('',*,*,#2823,.T.);
#2869 = ORIENTED_EDGE('',*,*,#2051,.F.);
#2870 = ADVANCED_FACE('',(#2871),#2120,.F.);
#2871 = FACE_BOUND('',#2872,.F.);
#2872 = EDGE_LOOP('',(#2873,#2896,#2923,#2944));
#2873 = ORIENTED_EDGE('',*,*,#2874,.F.);
#2874 = EDGE_CURVE('',#2875,#2104,#2877,.T.);
#2875 = VERTEX_POINT('',#2876);
#2876 = CARTESIAN_POINT('',(110.,-250.,1.215E+03));
#2877 = SURFACE_CURVE('',#2878,(#2882,#2889),.PCURVE_S1.);
#2878 = LINE('',#2879,#2880);
#2879 = CARTESIAN_POINT('',(110.,-251.,1.215E+03));
#2880 = VECTOR('',#2881,1.);
#2881 = DIRECTION('',(-0.,1.,0.));
#2882 = PCURVE('',#2120,#2883);
#2883 = DEFINITIONAL_REPRESENTATION('',(#2884),#2888);
#2884 = LINE('',#2885,#2886);
#2885 = CARTESIAN_POINT('',(0.,0.));
#2886 = VECTOR('',#2887,1.);
#2887 = DIRECTION('',(0.,1.));
#2888 = ( GEOMETRIC_REPRESENTATION_CONTEXT(2) 
PARAMETRIC_REPRESENTATION_CONTEXT() REPRESENTATION_CONTEXT('2D SPACE',''
  ) );
#2889 = PCURVE('',#2146,#2890);
#2890 = DEFINITIONAL_REPRESENTATION('',(#2891),#2895);
#2891 = LINE('',#2892,#2893);
#2892 = CARTESIAN_POINT('',(510.,0.));
#2893 = VECTOR('',#2894,1.);
#2894 = DIRECTION('',(0.,-1.));
#2895 = ( GEOMETRIC_REPRESENTATION_CONTEXT(2) 
PARAMETRIC_REPRESENTATION_CONTEXT() REPRESENTATION_CONTEXT('2D SPACE',''
  ) );
#2896 = ORIENTED_EDGE('',*,*,#2897,.T.);
#2897 = EDGE_CURVE('',#2875,#2898,#2900,.T.);
#2898 = VERTEX_POINT('',#2899);
#2899 = CARTESIAN_POINT('',(282.,-250.,1.215E+03));
#2900 = SURFACE_CURVE('',#2901,(#2905,#2911),.PCURVE_S1.);
#2901 = LINE('',#2902,#2903);
#2902 = CARTESIAN_POINT('',(-195.,-250.,1.215E+03));
#2903 = VECTOR('',#2904,1.);
#2904 = DIRECTION('',(1.,0.,-0.));
#2905 = PCURVE('',#2120,#2906);
#2906 = DEFINITIONAL_REPRESENTATION('',(#2907),#2910);
#2907 = B_SPLINE_CURVE_WITH_KNOTS('',1,(#2908,#2909),.UNSPECIFIED.,.F.,
  .F.,(2,2),(305.,477.),.PIECEWISE_BEZIER_KNOTS.);
#2908 = CARTESIAN_POINT('',(0.,1.));
#2909 = CARTESIAN_POINT('',(172.,1.));
#2910 = ( GEOMETRIC_REPRESENTATION_CONTEXT(2) 
PARAMETRIC_REPRESENTATION_CONTEXT() REPRESENTATION_CONTEXT('2D SPACE',''
  ) );
#2911 = PCURVE('',#2912,#2917);
#2912 = PLANE('',#2913);
#2913 = AXIS2_PLACEMENT_3D('',#2914,#2915,#2916);
#2914 = CARTESIAN_POINT('',(106.,-250.,701.));
#2915 = DIRECTION('',(-0.,1.,0.));
#2916 = DIRECTION('',(0.,0.,1.));
#2917 = DEFINITIONAL_REPRESENTATION('',(#2918),#2922);
#2918 = LINE('',#2919,#2920);
#2919 = CARTESIAN_POINT('',(514.,-301.));
#2920 = VECTOR('',#2921,1.);
#2921 = DIRECTION('',(0.,1.));
#2922 = ( GEOMETRIC_REPRESENTATION_CONTEXT(2) 
PARAMETRIC_REPRESENTATION_CONTEXT() REPRESENTATION_CONTEXT('2D SPACE',''
  ) );
#2923 = ORIENTED_EDGE('',*,*,#2924,.T.);
#2924 = EDGE_CURVE('',#2898,#2106,#2925,.T.);
#2925 = SURFACE_CURVE('',#2926,(#2930,#2937),.PCURVE_S1.);
#2926 = LINE('',#2927,#2928);
#2927 = CARTESIAN_POINT('',(282.,-251.,1.215E+03));
#2928 = VECTOR('',#2929,1.);
#2929 = DIRECTION('',(-0.,1.,0.));
#2930 = PCURVE('',#2120,#2931);
#2931 = DEFINITIONAL_REPRESENTATION('',(#2932),#2936);
#2932 = LINE('',#2933,#2934);
#2933 = CARTESIAN_POINT('',(172.,0.));
#2934 = VECTOR('',#2935,1.);
#2935 = DIRECTION('',(0.,1.));
#2936 = ( GEOMETRIC_REPRESENTATION_CONTEXT(2) 
PARAMETRIC_REPRESENTATION_CONTEXT() REPRESENTATION_CONTEXT('2D SPACE',''
  ) );
#2937 = PCURVE('',#2196,#2938);
#2938 = DEFINITIONAL_REPRESENTATION('',(#2939),#2943);
#2939 = LINE('',#2940,#2941);
#2940 = CARTESIAN_POINT('',(510.,0.));
#2941 = VECTOR('',#2942,1.);
#2942 = DIRECTION('',(0.,-1.));
#2943 = ( GEOMETRIC_REPRESENTATION_CONTEXT(2) 
PARAMETRIC_REPRESENTATION_CONTEXT() REPRESENTATION_CONTEXT('2D SPACE',''
  ) );
#2944 = ORIENTED_EDGE('',*,*,#2103,.F.);
#2945 = ADVANCED_FACE('',(#2946),#2146,.T.);
#2946 = FACE_BOUND('',#2947,.T.);
#2947 = EDGE_LOOP('',(#2948,#2949,#2971,#2992));
#2948 = ORIENTED_EDGE('',*,*,#2874,.F.);
#2949 = ORIENTED_EDGE('',*,*,#2950,.T.);
#2950 = EDGE_CURVE('',#2875,#2951,#2953,.T.);
#2951 = VERTEX_POINT('',#2952);
#2952 = CARTESIAN_POINT('',(110.,-250.,705.));
#2953 = SURFACE_CURVE('',#2954,(#2958,#2964),.PCURVE_S1.);
#2954 = LINE('',#2955,#2956);
#2955 = CARTESIAN_POINT('',(110.,-250.,402.5));
#2956 = VECTOR('',#2957,1.);
#2957 = DIRECTION('',(-0.,0.,-1.));
#2958 = PCURVE('',#2146,#2959);
#2959 = DEFINITIONAL_REPRESENTATION('',(#2960),#2963);
#2960 = B_SPLINE_CURVE_WITH_KNOTS('',1,(#2961,#2962),.UNSPECIFIED.,.F.,
  .F.,(2,2),(-812.5,-302.5),.PIECEWISE_BEZIER_KNOTS.);
#2961 = CARTESIAN_POINT('',(510.,-1.));
#2962 = CARTESIAN_POINT('',(0.,-1.));
#2963 = ( GEOMETRIC_REPRESENTATION_CONTEXT(2) 
PARAMETRIC_REPRESENTATION_CONTEXT() REPRESENTATION_CONTEXT('2D SPACE',''
  ) );
#2964 = PCURVE('',#2912,#2965);
#2965 = DEFINITIONAL_REPRESENTATION('',(#2966),#2970);
#2966 = LINE('',#2967,#2968);
#2967 = CARTESIAN_POINT('',(-298.5,4.));
#2968 = VECTOR('',#2969,1.);
#2969 = DIRECTION('',(-1.,0.));
#2970 = ( GEOMETRIC_REPRESENTATION_CONTEXT(2) 
PARAMETRIC_REPRESENTATION_CONTEXT() REPRESENTATION_CONTEXT('2D SPACE',''
  ) );
#2971 = ORIENTED_EDGE('',*,*,#2972,.T.);
#2972 = EDGE_CURVE('',#2951,#2132,#2973,.T.);
#2973 = SURFACE_CURVE('',#2974,(#2978,#2985),.PCURVE_S1.);
#2974 = LINE('',#2975,#2976);
#2975 = CARTESIAN_POINT('',(110.,-251.,705.));
#2976 = VECTOR('',#2977,1.);
#2977 = DIRECTION('',(-0.,1.,0.));
#2978 = PCURVE('',#2146,#2979);
#2979 = DEFINITIONAL_REPRESENTATION('',(#2980),#2984);
#2980 = LINE('',#2981,#2982);
#2981 = CARTESIAN_POINT('',(0.,0.));
#2982 = VECTOR('',#2983,1.);
#2983 = DIRECTION('',(0.,-1.));
#2984 = ( GEOMETRIC_REPRESENTATION_CONTEXT(2) 
PARAMETRIC_REPRESENTATION_CONTEXT() REPRESENTATION_CONTEXT('2D SPACE',''
  ) );
#2985 = PCURVE('',#2172,#2986);
#2986 = DEFINITIONAL_REPRESENTATION('',(#2987),#2991);
#2987 = LINE('',#2988,#2989);
#2988 = CARTESIAN_POINT('',(0.,0.));
#2989 = VECTOR('',#2990,1.);
#2990 = DIRECTION('',(0.,1.));
#2991 = ( GEOMETRIC_REPRESENTATION_CONTEXT(2) 
PARAMETRIC_REPRESENTATION_CONTEXT() REPRESENTATION_CONTEXT('2D SPACE',''
  ) );
#2992 = ORIENTED_EDGE('',*,*,#2131,.F.);
#2993 = ADVANCED_FACE('',(#2994),#2196,.F.);
#2994 = FACE_BOUND('',#2995,.F.);
#2995 = EDGE_LOOP('',(#2996,#2997,#3019,#3040));
#2996 = ORIENTED_EDGE('',*,*,#2924,.F.);
#2997 = ORIENTED_EDGE('',*,*,#2998,.T.);
#2998 = EDGE_CURVE('',#2898,#2999,#3001,.T.);
#2999 = VERTEX_POINT('',#3000);
#3000 = CARTESIAN_POINT('',(282.,-250.,705.));
#3001 = SURFACE_CURVE('',#3002,(#3006,#3012),.PCURVE_S1.);
#3002 = LINE('',#3003,#3004);
#3003 = CARTESIAN_POINT('',(282.,-250.,402.5));
#3004 = VECTOR('',#3005,1.);
#3005 = DIRECTION('',(-0.,0.,-1.));
#3006 = PCURVE('',#2196,#3007);
#3007 = DEFINITIONAL_REPRESENTATION('',(#3008),#3011);
#3008 = B_SPLINE_CURVE_WITH_KNOTS('',1,(#3009,#3010),.UNSPECIFIED.,.F.,
  .F.,(2,2),(-812.5,-302.5),.PIECEWISE_BEZIER_KNOTS.);
#3009 = CARTESIAN_POINT('',(510.,-1.));
#3010 = CARTESIAN_POINT('',(0.,-1.));
#3011 = ( GEOMETRIC_REPRESENTATION_CONTEXT(2) 
PARAMETRIC_REPRESENTATION_CONTEXT() REPRESENTATION_CONTEXT('2D SPACE',''
  ) );
#3012 = PCURVE('',#2912,#3013);
#3013 = DEFINITIONAL_REPRESENTATION('',(#3014),#3018);
#3014 = LINE('',#3015,#3016);
#3015 = CARTESIAN_POINT('',(-298.5,176.));
#3016 = VECTOR('',#3017,1.);
#3017 = DIRECTION('',(-1.,0.));
#3018 = ( GEOMETRIC_REPRESENTATION_CONTEXT(2) 
PARAMETRIC_REPRESENTATION_CONTEXT() REPRESENTATION_CONTEXT('2D SPACE',''
  ) );
#3019 = ORIENTED_EDGE('',*,*,#3020,.T.);
#3020 = EDGE_CURVE('',#2999,#2158,#3021,.T.);
#3021 = SURFACE_CURVE('',#3022,(#3026,#3033),.PCURVE_S1.);
#3022 = LINE('',#3023,#3024);
#3023 = CARTESIAN_POINT('',(282.,-251.,705.));
#3024 = VECTOR('',#3025,1.);
#3025 = DIRECTION('',(-0.,1.,0.));
#3026 = PCURVE('',#2196,#3027);
#3027 = DEFINITIONAL_REPRESENTATION('',(#3028),#3032);
#3028 = LINE('',#3029,#3030);
#3029 = CARTESIAN_POINT('',(0.,0.));
#3030 = VECTOR('',#3031,1.);
#3031 = DIRECTION('',(0.,-1.));
#3032 = ( GEOMETRIC_REPRESENTATION_CONTEXT(2) 
PARAMETRIC_REPRESENTATION_CONTEXT() REPRESENTATION_CONTEXT('2D SPACE',''
  ) );
#3033 = PCURVE('',#2172,#3034);
#3034 = DEFINITIONAL_REPRESENTATION('',(#3035),#3039);
#3035 = LINE('',#3036,#3037);
#3036 = CARTESIAN_POINT('',(172.,0.));
#3037 = VECTOR('',#3038,1.);
#3038 = DIRECTION('',(0.,1.));
#3039 = ( GEOMETRIC_REPRESENTATION_CONTEXT(2) 
PARAMETRIC_REPRESENTATION_CONTEXT() REPRESENTATION_CONTEXT('2D SPACE',''
  ) );
#3040 = ORIENTED_EDGE('',*,*,#2183,.F.);
#3041 = ADVANCED_FACE('',(#3042),#2172,.T.);
#3042 = FACE_BOUND('',#3043,.T.);
#3043 = EDGE_LOOP('',(#3044,#3045,#3065,#3066));
#3044 = ORIENTED_EDGE('',*,*,#2972,.F.);
#3045 = ORIENTED_EDGE('',*,*,#3046,.T.);
#3046 = EDGE_CURVE('',#2951,#2999,#3047,.T.);
#3047 = SURFACE_CURVE('',#3048,(#3052,#3058),.PCURVE_S1.);
#3048 = LINE('',#3049,#3050);
#3049 = CARTESIAN_POINT('',(-195.,-250.,705.));
#3050 = VECTOR('',#3051,1.);
#3051 = DIRECTION('',(1.,0.,-0.));
#3052 = PCURVE('',#2172,#3053);
#3053 = DEFINITIONAL_REPRESENTATION('',(#3054),#3057);
#3054 = B_SPLINE_CURVE_WITH_KNOTS('',1,(#3055,#3056),.UNSPECIFIED.,.F.,
  .F.,(2,2),(305.,477.),.PIECEWISE_BEZIER_KNOTS.);
#3055 = CARTESIAN_POINT('',(0.,1.));
#3056 = CARTESIAN_POINT('',(172.,1.));
#3057 = ( GEOMETRIC_REPRESENTATION_CONTEXT(2) 
PARAMETRIC_REPRESENTATION_CONTEXT() REPRESENTATION_CONTEXT('2D SPACE',''
  ) );
#3058 = PCURVE('',#2912,#3059);
#3059 = DEFINITIONAL_REPRESENTATION('',(#3060),#3064);
#3060 = LINE('',#3061,#3062);
#3061 = CARTESIAN_POINT('',(4.,-301.));
#3062 = VECTOR('',#3063,1.);
#3063 = DIRECTION('',(0.,1.));
#3064 = ( GEOMETRIC_REPRESENTATION_CONTEXT(2) 
PARAMETRIC_REPRESENTATION_CONTEXT() REPRESENTATION_CONTEXT('2D SPACE',''
  ) );
#3065 = ORIENTED_EDGE('',*,*,#3020,.T.);
#3066 = ORIENTED_EDGE('',*,*,#2157,.F.);
#3067 = ADVANCED_FACE('',(#3068),#2300,.F.);
#3068 = FACE_BOUND('',#3069,.F.);
#3069 = EDGE_LOOP('',(#3070,#3071,#3072,#3073));
#3070 = ORIENTED_EDGE('',*,*,#2626,.F.);
#3071 = ORIENTED_EDGE('',*,*,#2286,.T.);
#3072 = ORIENTED_EDGE('',*,*,#2460,.T.);
#3073 = ORIENTED_EDGE('',*,*,#3074,.F.);
#3074 = EDGE_CURVE('',#2604,#2433,#3075,.T.);
#3075 = SURFACE_CURVE('',#3076,(#3080,#3087),.PCURVE_S1.);
#3076 = LINE('',#3077,#3078);
#3077 = CARTESIAN_POINT('',(-498.5,110.,698.5));
#3078 = VECTOR('',#3079,1.);
#3079 = DIRECTION('',(1.,0.,-0.));
#3080 = PCURVE('',#2300,#3081);
#3081 = DEFINITIONAL_REPRESENTATION('',(#3082),#3086);
#3082 = LINE('',#3083,#3084);
#3083 = CARTESIAN_POINT('',(0.,358.5));
#3084 = VECTOR('',#3085,1.);
#3085 = DIRECTION('',(1.,0.));
#3086 = ( GEOMETRIC_REPRESENTATION_CONTEXT(2) 
PARAMETRIC_REPRESENTATION_CONTEXT() REPRESENTATION_CONTEXT('2D SPACE',''
  ) );
#3087 = PCURVE('',#2448,#3088);
#3088 = DEFINITIONAL_REPRESENTATION('',(#3089),#3093);
#3089 = LINE('',#3090,#3091);
#3090 = CARTESIAN_POINT('',(0.,0.));
#3091 = VECTOR('',#3092,1.);
#3092 = DIRECTION('',(0.,1.));
#3093 = ( GEOMETRIC_REPRESENTATION_CONTEXT(2) 
PARAMETRIC_REPRESENTATION_CONTEXT() REPRESENTATION_CONTEXT('2D SPACE',''
  ) );
#3094 = ADVANCED_FACE('',(#3095),#2251,.T.);
#3095 = FACE_BOUND('',#3096,.T.);
#3096 = EDGE_LOOP('',(#3097,#3098,#3099,#3100));
#3097 = ORIENTED_EDGE('',*,*,#2534,.F.);
#3098 = ORIENTED_EDGE('',*,*,#2235,.T.);
#3099 = ORIENTED_EDGE('',*,*,#2336,.T.);
#3100 = ORIENTED_EDGE('',*,*,#3101,.F.);
#3101 = EDGE_CURVE('',#2535,#2337,#3102,.T.);
#3102 = SURFACE_CURVE('',#3103,(#3107,#3114),.PCURVE_S1.);
#3103 = LINE('',#3104,#3105);
#3104 = CARTESIAN_POINT('',(-498.5,248.5,101.5));
#3105 = VECTOR('',#3106,1.);
#3106 = DIRECTION('',(1.,0.,-0.));
#3107 = PCURVE('',#2251,#3108);
#3108 = DEFINITIONAL_REPRESENTATION('',(#3109),#3113);
#3109 = LINE('',#3110,#3111);
#3110 = CARTESIAN_POINT('',(0.,497.));
#3111 = VECTOR('',#3112,1.);
#3112 = DIRECTION('',(1.,0.));
#3113 = ( GEOMETRIC_REPRESENTATION_CONTEXT(2) 
PARAMETRIC_REPRESENTATION_CONTEXT() REPRESENTATION_CONTEXT('2D SPACE',''
  ) );
#3114 = PCURVE('',#2375,#3115);
#3115 = DEFINITIONAL_REPRESENTATION('',(#3116),#3120);
#3116 = LINE('',#3117,#3118);
#3117 = CARTESIAN_POINT('',(0.,0.));
#3118 = VECTOR('',#3119,1.);
#3119 = DIRECTION('',(0.,1.));
#3120 = ( GEOMETRIC_REPRESENTATION_CONTEXT(2) 
PARAMETRIC_REPRESENTATION_CONTEXT() REPRESENTATION_CONTEXT('2D SPACE',''
  ) );
#3121 = ADVANCED_FACE('',(#3122),#2448,.T.);
#3122 = FACE_BOUND('',#3123,.T.);
#3123 = EDGE_LOOP('',(#3124,#3125,#3126,#3127));
#3124 = ORIENTED_EDGE('',*,*,#3074,.F.);
#3125 = ORIENTED_EDGE('',*,*,#2603,.T.);
#3126 = ORIENTED_EDGE('',*,*,#2653,.T.);
#3127 = ORIENTED_EDGE('',*,*,#2432,.F.);
#3128 = ADVANCED_FACE('',(#3129),#2375,.F.);
#3129 = FACE_BOUND('',#3130,.F.);
#3130 = EDGE_LOOP('',(#3131,#3132,#3133,#3134));
#3131 = ORIENTED_EDGE('',*,*,#3101,.F.);
#3132 = ORIENTED_EDGE('',*,*,#2557,.T.);
#3133 = ORIENTED_EDGE('',*,*,#2509,.T.);
#3134 = ORIENTED_EDGE('',*,*,#2359,.F.);
#3135 = ADVANCED_FACE('',(#3136),#2715,.T.);
#3136 = FACE_BOUND('',#3137,.T.);
#3137 = EDGE_LOOP('',(#3138,#3139,#3140,#3141));
#3138 = ORIENTED_EDGE('',*,*,#2753,.F.);
#3139 = ORIENTED_EDGE('',*,*,#2700,.T.);
#3140 = ORIENTED_EDGE('',*,*,#2801,.T.);
#3141 = ORIENTED_EDGE('',*,*,#2849,.F.);
#3142 = ADVANCED_FACE('',(#3143),#2912,.T.);
#3143 = FACE_BOUND('',#3144,.T.);
#3144 = EDGE_LOOP('',(#3145,#3146,#3147,#3148));
#3145 = ORIENTED_EDGE('',*,*,#2950,.F.);
#3146 = ORIENTED_EDGE('',*,*,#2897,.T.);
#3147 = ORIENTED_EDGE('',*,*,#2998,.T.);
#3148 = ORIENTED_EDGE('',*,*,#3046,.F.);
#3149 = MANIFOLD_SOLID_BREP('',#3150);
#3150 = CLOSED_SHELL('',(#3151,#3271,#3371,#3418,#3465,#3472));
#3151 = ADVANCED_FACE('',(#3152),#3166,.F.);
#3152 = FACE_BOUND('',#3153,.F.);
#3153 = EDGE_LOOP('',(#3154,#3189,#3217,#3245));
#3154 = ORIENTED_EDGE('',*,*,#3155,.F.);
#3155 = EDGE_CURVE('',#3156,#3158,#3160,.T.);
#3156 = VERTEX_POINT('',#3157);
#3157 = CARTESIAN_POINT('',(-498.5,110.,700.));
#3158 = VERTEX_POINT('',#3159);
#3159 = CARTESIAN_POINT('',(-498.5,110.,1.4985E+03));
#3160 = SURFACE_CURVE('',#3161,(#3165,#3177),.PCURVE_S1.);
#3161 = LINE('',#3162,#3163);
#3162 = CARTESIAN_POINT('',(-498.5,110.,700.));
#3163 = VECTOR('',#3164,1.);
#3164 = DIRECTION('',(0.,0.,1.));
#3165 = PCURVE('',#3166,#3171);
#3166 = PLANE('',#3167);
#3167 = AXIS2_PLACEMENT_3D('',#3168,#3169,#3170);
#3168 = CARTESIAN_POINT('',(-498.5,110.,700.));
#3169 = DIRECTION('',(1.,0.,-0.));
#3170 = DIRECTION('',(0.,0.,1.));
#3171 = DEFINITIONAL_REPRESENTATION('',(#3172),#3176);
#3172 = LINE('',#3173,#3174);
#3173 = CARTESIAN_POINT('',(0.,0.));
#3174 = VECTOR('',#3175,1.);
#3175 = DIRECTION('',(1.,0.));
#3176 = ( GEOMETRIC_REPRESENTATION_CONTEXT(2) 
PARAMETRIC_REPRESENTATION_CONTEXT() REPRESENTATION_CONTEXT('2D SPACE',''
  ) );
#3177 = PCURVE('',#3178,#3183);
#3178 = PLANE('',#3179);
#3179 = AXIS2_PLACEMENT_3D('',#3180,#3181,#3182);
#3180 = CARTESIAN_POINT('',(-498.5,110.,700.));
#3181 = DIRECTION('',(-0.,1.,0.));
#3182 = DIRECTION('',(0.,0.,1.));
#3183 = DEFINITIONAL_REPRESENTATION('',(#3184),#3188);
#3184 = LINE('',#3185,#3186);
#3185 = CARTESIAN_POINT('',(0.,0.));
#3186 = VECTOR('',#3187,1.);
#3187 = DIRECTION('',(1.,0.));
#3188 = ( GEOMETRIC_REPRESENTATION_CONTEXT(2) 
PARAMETRIC_REPRESENTATION_CONTEXT() REPRESENTATION_CONTEXT('2D SPACE',''
  ) );
#3189 = ORIENTED_EDGE('',*,*,#3190,.T.);
#3190 = EDGE_CURVE('',#3156,#3191,#3193,.T.);
#3191 = VERTEX_POINT('',#3192);
#3192 = CARTESIAN_POINT('',(-498.5,120.,700.));
#3193 = SURFACE_CURVE('',#3194,(#3198,#3205),.PCURVE_S1.);
#3194 = LINE('',#3195,#3196);
#3195 = CARTESIAN_POINT('',(-498.5,110.,700.));
#3196 = VECTOR('',#3197,1.);
#3197 = DIRECTION('',(-0.,1.,0.));
#3198 = PCURVE('',#3166,#3199);
#3199 = DEFINITIONAL_REPRESENTATION('',(#3200),#3204);
#3200 = LINE('',#3201,#3202);
#3201 = CARTESIAN_POINT('',(0.,0.));
#3202 = VECTOR('',#3203,1.);
#3203 = DIRECTION('',(0.,-1.));
#3204 = ( GEOMETRIC_REPRESENTATION_CONTEXT(2) 
PARAMETRIC_REPRESENTATION_CONTEXT() REPRESENTATION_CONTEXT('2D SPACE',''
  ) );
#3205 = PCURVE('',#3206,#3211);
#3206 = PLANE('',#3207);
#3207 = AXIS2_PLACEMENT_3D('',#3208,#3209,#3210);
#3208 = CARTESIAN_POINT('',(-498.5,110.,700.));
#3209 = DIRECTION('',(0.,0.,1.));
#3210 = DIRECTION('',(1.,0.,-0.));
#3211 = DEFINITIONAL_REPRESENTATION('',(#3212),#3216);
#3212 = LINE('',#3213,#3214);
#3213 = CARTESIAN_POINT('',(0.,0.));
#3214 = VECTOR('',#3215,1.);
#3215 = DIRECTION('',(0.,1.));
#3216 = ( GEOMETRIC_REPRESENTATION_CONTEXT(2) 
PARAMETRIC_REPRESENTATION_CONTEXT() REPRESENTATION_CONTEXT('2D SPACE',''
  ) );
#3217 = ORIENTED_EDGE('',*,*,#3218,.T.);
#3218 = EDGE_CURVE('',#3191,#3219,#3221,.T.);
#3219 = VERTEX_POINT('',#3220);
#3220 = CARTESIAN_POINT('',(-498.5,120.,1.4985E+03));
#3221 = SURFACE_CURVE('',#3222,(#3226,#3233),.PCURVE_S1.);
#3222 = LINE('',#3223,#3224);
#3223 = CARTESIAN_POINT('',(-498.5,120.,700.));
#3224 = VECTOR('',#3225,1.);
#3225 = DIRECTION('',(0.,0.,1.));
#3226 = PCURVE('',#3166,#3227);
#3227 = DEFINITIONAL_REPRESENTATION('',(#3228),#3232);
#3228 = LINE('',#3229,#3230);
#3229 = CARTESIAN_POINT('',(0.,-10.));
#3230 = VECTOR('',#3231,1.);
#3231 = DIRECTION('',(1.,0.));
#3232 = ( GEOMETRIC_REPRESENTATION_CONTEXT(2) 
PARAMETRIC_REPRESENTATION_CONTEXT() REPRESENTATION_CONTEXT('2D SPACE',''
  ) );
#3233 = PCURVE('',#3234,#3239);
#3234 = PLANE('',#3235);
#3235 = AXIS2_PLACEMENT_3D('',#3236,#3237,#3238);
#3236 = CARTESIAN_POINT('',(-498.5,120.,700.));
#3237 = DIRECTION('',(-0.,1.,0.));
#3238 = DIRECTION('',(0.,0.,1.));
#3239 = DEFINITIONAL_REPRESENTATION('',(#3240),#3244);
#3240 = LINE('',#3241,#3242);
#3241 = CARTESIAN_POINT('',(0.,0.));
#3242 = VECTOR('',#3243,1.);
#3243 = DIRECTION('',(1.,0.));
#3244 = ( GEOMETRIC_REPRESENTATION_CONTEXT(2) 
PARAMETRIC_REPRESENTATION_CONTEXT() REPRESENTATION_CONTEXT('2D SPACE',''
  ) );
#3245 = ORIENTED_EDGE('',*,*,#3246,.F.);
#3246 = EDGE_CURVE('',#3158,#3219,#3247,.T.);
#3247 = SURFACE_CURVE('',#3248,(#3252,#3259),.PCURVE_S1.);
#3248 = LINE('',#3249,#3250);
#3249 = CARTESIAN_POINT('',(-498.5,110.,1.4985E+03));
#3250 = VECTOR('',#3251,1.);
#3251 = DIRECTION('',(-0.,1.,0.));
#3252 = PCURVE('',#3166,#3253);
#3253 = DEFINITIONAL_REPRESENTATION('',(#3254),#3258);
#3254 = LINE('',#3255,#3256);
#3255 = CARTESIAN_POINT('',(798.5,0.));
#3256 = VECTOR('',#3257,1.);
#3257 = DIRECTION('',(0.,-1.));
#3258 = ( GEOMETRIC_REPRESENTATION_CONTEXT(2) 
PARAMETRIC_REPRESENTATION_CONTEXT() REPRESENTATION_CONTEXT('2D SPACE',''
  ) );
#3259 = PCURVE('',#3260,#3265);
#3260 = PLANE('',#3261);
#3261 = AXIS2_PLACEMENT_3D('',#3262,#3263,#3264);
#3262 = CARTESIAN_POINT('',(-498.5,110.,1.4985E+03));
#3263 = DIRECTION('',(0.,0.,1.));
#3264 = DIRECTION('',(1.,0.,-0.));
#3265 = DEFINITIONAL_REPRESENTATION('',(#3266),#3270);
#3266 = LINE('',#3267,#3268);
#3267 = CARTESIAN_POINT('',(0.,0.));
#3268 = VECTOR('',#3269,1.);
#3269 = DIRECTION('',(0.,1.));
#3270 = ( GEOMETRIC_REPRESENTATION_CONTEXT(2) 
PARAMETRIC_REPRESENTATION_CONTEXT() REPRESENTATION_CONTEXT('2D SPACE',''
  ) );
#3271 = ADVANCED_FACE('',(#3272),#3286,.T.);
#3272 = FACE_BOUND('',#3273,.T.);
#3273 = EDGE_LOOP('',(#3274,#3304,#3327,#3350));
#3274 = ORIENTED_EDGE('',*,*,#3275,.F.);
#3275 = EDGE_CURVE('',#3276,#3278,#3280,.T.);
#3276 = VERTEX_POINT('',#3277);
#3277 = CARTESIAN_POINT('',(498.5,110.,700.));
#3278 = VERTEX_POINT('',#3279);
#3279 = CARTESIAN_POINT('',(498.5,110.,1.4985E+03));
#3280 = SURFACE_CURVE('',#3281,(#3285,#3297),.PCURVE_S1.);
#3281 = LINE('',#3282,#3283);
#3282 = CARTESIAN_POINT('',(498.5,110.,700.));
#3283 = VECTOR('',#3284,1.);
#3284 = DIRECTION('',(0.,0.,1.));
#3285 = PCURVE('',#3286,#3291);
#3286 = PLANE('',#3287);
#3287 = AXIS2_PLACEMENT_3D('',#3288,#3289,#3290);
#3288 = CARTESIAN_POINT('',(498.5,110.,700.));
#3289 = DIRECTION('',(1.,0.,-0.));
#3290 = DIRECTION('',(0.,0.,1.));
#3291 = DEFINITIONAL_REPRESENTATION('',(#3292),#3296);
#3292 = LINE('',#3293,#3294);
#3293 = CARTESIAN_POINT('',(0.,0.));
#3294 = VECTOR('',#3295,1.);
#3295 = DIRECTION('',(1.,0.));
#3296 = ( GEOMETRIC_REPRESENTATION_CONTEXT(2) 
PARAMETRIC_REPRESENTATION_CONTEXT() REPRESENTATION_CONTEXT('2D SPACE',''
  ) );
#3297 = PCURVE('',#3178,#3298);
#3298 = DEFINITIONAL_REPRESENTATION('',(#3299),#3303);
#3299 = LINE('',#3300,#3301);
#3300 = CARTESIAN_POINT('',(0.,997.));
#3301 = VECTOR('',#3302,1.);
#3302 = DIRECTION('',(1.,0.));
#3303 = ( GEOMETRIC_REPRESENTATION_CONTEXT(2) 
PARAMETRIC_REPRESENTATION_CONTEXT() REPRESENTATION_CONTEXT('2D SPACE',''
  ) );
#3304 = ORIENTED_EDGE('',*,*,#3305,.T.);
#3305 = EDGE_CURVE('',#3276,#3306,#3308,.T.);
#3306 = VERTEX_POINT('',#3307);
#3307 = CARTESIAN_POINT('',(498.5,120.,700.));
#3308 = SURFACE_CURVE('',#3309,(#3313,#3320),.PCURVE_S1.);
#3309 = LINE('',#3310,#3311);
#3310 = CARTESIAN_POINT('',(498.5,110.,700.));
#3311 = VECTOR('',#3312,1.);
#3312 = DIRECTION('',(-0.,1.,0.));
#3313 = PCURVE('',#3286,#3314);
#3314 = DEFINITIONAL_REPRESENTATION('',(#3315),#3319);
#3315 = LINE('',#3316,#3317);
#3316 = CARTESIAN_POINT('',(0.,0.));
#3317 = VECTOR('',#3318,1.);
#3318 = DIRECTION('',(0.,-1.));
#3319 = ( GEOMETRIC_REPRESENTATION_CONTEXT(2) 
PARAMETRIC_REPRESENTATION_CONTEXT() REPRESENTATION_CONTEXT('2D SPACE',''
  ) );
#3320 = PCURVE('',#3206,#3321);
#3321 = DEFINITIONAL_REPRESENTATION('',(#3322),#3326);
#3322 = LINE('',#3323,#3324);
#3323 = CARTESIAN_POINT('',(997.,0.));
#3324 = VECTOR('',#3325,1.);
#3325 = DIRECTION('',(0.,1.));
#3326 = ( GEOMETRIC_REPRESENTATION_CONTEXT(2) 
PARAMETRIC_REPRESENTATION_CONTEXT() REPRESENTATION_CONTEXT('2D SPACE',''
  ) );
#3327 = ORIENTED_EDGE('',*,*,#3328,.T.);
#3328 = EDGE_CURVE('',#3306,#3329,#3331,.T.);
#3329 = VERTEX_POINT('',#3330);
#3330 = CARTESIAN_POINT('',(498.5,120.,1.4985E+03));
#3331 = SURFACE_CURVE('',#3332,(#3336,#3343),.PCURVE_S1.);
#3332 = LINE('',#3333,#3334);
#3333 = CARTESIAN_POINT('',(498.5,120.,700.));
#3334 = VECTOR('',#3335,1.);
#3335 = DIRECTION('',(0.,0.,1.));
#3336 = PCURVE('',#3286,#3337);
#3337 = DEFINITIONAL_REPRESENTATION('',(#3338),#3342);
#3338 = LINE('',#3339,#3340);
#3339 = CARTESIAN_POINT('',(0.,-10.));
#3340 = VECTOR('',#3341,1.);
#3341 = DIRECTION('',(1.,0.));
#3342 = ( GEOMETRIC_REPRESENTATION_CONTEXT(2) 
PARAMETRIC_REPRESENTATION_CONTEXT() REPRESENTATION_CONTEXT('2D SPACE',''
  ) );
#3343 = PCURVE('',#3234,#3344);
#3344 = DEFINITIONAL_REPRESENTATION('',(#3345),#3349);
#3345 = LINE('',#3346,#3347);
#3346 = CARTESIAN_POINT('',(0.,997.));
#3347 = VECTOR('',#3348,1.);
#3348 = DIRECTION('',(1.,0.));
#3349 = ( GEOMETRIC_REPRESENTATION_CONTEXT(2) 
PARAMETRIC_REPRESENTATION_CONTEXT() REPRESENTATION_CONTEXT('2D SPACE',''
  ) );
#3350 = ORIENTED_EDGE('',*,*,#3351,.F.);
#3351 = EDGE_CURVE('',#3278,#3329,#3352,.T.);
#3352 = SURFACE_CURVE('',#3353,(#3357,#3364),.PCURVE_S1.);
#3353 = LINE('',#3354,#3355);
#3354 = CARTESIAN_POINT('',(498.5,110.,1.4985E+03));
#3355 = VECTOR('',#3356,1.);
#3356 = DIRECTION('',(-0.,1.,0.));
#3357 = PCURVE('',#3286,#3358);
#3358 = DEFINITIONAL_REPRESENTATION('',(#3359),#3363);
#3359 = LINE('',#3360,#3361);
#3360 = CARTESIAN_POINT('',(798.5,0.));
#3361 = VECTOR('',#3362,1.);
#3362 = DIRECTION('',(0.,-1.));
#3363 = ( GEOMETRIC_REPRESENTATION_CONTEXT(2) 
PARAMETRIC_REPRESENTATION_CONTEXT() REPRESENTATION_CONTEXT('2D SPACE',''
  ) );
#3364 = PCURVE('',#3260,#3365);
#3365 = DEFINITIONAL_REPRESENTATION('',(#3366),#3370);
#3366 = LINE('',#3367,#3368);
#3367 = CARTESIAN_POINT('',(997.,0.));
#3368 = VECTOR('',#3369,1.);
#3369 = DIRECTION('',(0.,1.));
#3370 = ( GEOMETRIC_REPRESENTATION_CONTEXT(2) 
PARAMETRIC_REPRESENTATION_CONTEXT() REPRESENTATION_CONTEXT('2D SPACE',''
  ) );
#3371 = ADVANCED_FACE('',(#3372),#3178,.F.);
#3372 = FACE_BOUND('',#3373,.F.);
#3373 = EDGE_LOOP('',(#3374,#3395,#3396,#3417));
#3374 = ORIENTED_EDGE('',*,*,#3375,.F.);
#3375 = EDGE_CURVE('',#3156,#3276,#3376,.T.);
#3376 = SURFACE_CURVE('',#3377,(#3381,#3388),.PCURVE_S1.);
#3377 = LINE('',#3378,#3379);
#3378 = CARTESIAN_POINT('',(-498.5,110.,700.));
#3379 = VECTOR('',#3380,1.);
#3380 = DIRECTION('',(1.,0.,-0.));
#3381 = PCURVE('',#3178,#3382);
#3382 = DEFINITIONAL_REPRESENTATION('',(#3383),#3387);
#3383 = LINE('',#3384,#3385);
#3384 = CARTESIAN_POINT('',(0.,0.));
#3385 = VECTOR('',#3386,1.);
#3386 = DIRECTION('',(0.,1.));
#3387 = ( GEOMETRIC_REPRESENTATION_CONTEXT(2) 
PARAMETRIC_REPRESENTATION_CONTEXT() REPRESENTATION_CONTEXT('2D SPACE',''
  ) );
#3388 = PCURVE('',#3206,#3389);
#3389 = DEFINITIONAL_REPRESENTATION('',(#3390),#3394);
#3390 = LINE('',#3391,#3392);
#3391 = CARTESIAN_POINT('',(0.,0.));
#3392 = VECTOR('',#3393,1.);
#3393 = DIRECTION('',(1.,0.));
#3394 = ( GEOMETRIC_REPRESENTATION_CONTEXT(2) 
PARAMETRIC_REPRESENTATION_CONTEXT() REPRESENTATION_CONTEXT('2D SPACE',''
  ) );
#3395 = ORIENTED_EDGE('',*,*,#3155,.T.);
#3396 = ORIENTED_EDGE('',*,*,#3397,.T.);
#3397 = EDGE_CURVE('',#3158,#3278,#3398,.T.);
#3398 = SURFACE_CURVE('',#3399,(#3403,#3410),.PCURVE_S1.);
#3399 = LINE('',#3400,#3401);
#3400 = CARTESIAN_POINT('',(-498.5,110.,1.4985E+03));
#3401 = VECTOR('',#3402,1.);
#3402 = DIRECTION('',(1.,0.,-0.));
#3403 = PCURVE('',#3178,#3404);
#3404 = DEFINITIONAL_REPRESENTATION('',(#3405),#3409);
#3405 = LINE('',#3406,#3407);
#3406 = CARTESIAN_POINT('',(798.5,0.));
#3407 = VECTOR('',#3408,1.);
#3408 = DIRECTION('',(0.,1.));
#3409 = ( GEOMETRIC_REPRESENTATION_CONTEXT(2) 
PARAMETRIC_REPRESENTATION_CONTEXT() REPRESENTATION_CONTEXT('2D SPACE',''
  ) );
#3410 = PCURVE('',#3260,#3411);
#3411 = DEFINITIONAL_REPRESENTATION('',(#3412),#3416);
#3412 = LINE('',#3413,#3414);
#3413 = CARTESIAN_POINT('',(0.,0.));
#3414 = VECTOR('',#3415,1.);
#3415 = DIRECTION('',(1.,0.));
#3416 = ( GEOMETRIC_REPRESENTATION_CONTEXT(2) 
PARAMETRIC_REPRESENTATION_CONTEXT() REPRESENTATION_CONTEXT('2D SPACE',''
  ) );
#3417 = ORIENTED_EDGE('',*,*,#3275,.F.);
#3418 = ADVANCED_FACE('',(#3419),#3234,.T.);
#3419 = FACE_BOUND('',#3420,.T.);
#3420 = EDGE_LOOP('',(#3421,#3442,#3443,#3464));
#3421 = ORIENTED_EDGE('',*,*,#3422,.F.);
#3422 = EDGE_CURVE('',#3191,#3306,#3423,.T.);
#3423 = SURFACE_CURVE('',#3424,(#3428,#3435),.PCURVE_S1.);
#3424 = LINE('',#3425,#3426);
#3425 = CARTESIAN_POINT('',(-498.5,120.,700.));
#3426 = VECTOR('',#3427,1.);
#3427 = DIRECTION('',(1.,0.,-0.));
#3428 = PCURVE('',#3234,#3429);
#3429 = DEFINITIONAL_REPRESENTATION('',(#3430),#3434);
#3430 = LINE('',#3431,#3432);
#3431 = CARTESIAN_POINT('',(0.,0.));
#3432 = VECTOR('',#3433,1.);
#3433 = DIRECTION('',(0.,1.));
#3434 = ( GEOMETRIC_REPRESENTATION_CONTEXT(2) 
PARAMETRIC_REPRESENTATION_CONTEXT() REPRESENTATION_CONTEXT('2D SPACE',''
  ) );
#3435 = PCURVE('',#3206,#3436);
#3436 = DEFINITIONAL_REPRESENTATION('',(#3437),#3441);
#3437 = LINE('',#3438,#3439);
#3438 = CARTESIAN_POINT('',(0.,10.));
#3439 = VECTOR('',#3440,1.);
#3440 = DIRECTION('',(1.,0.));
#3441 = ( GEOMETRIC_REPRESENTATION_CONTEXT(2) 
PARAMETRIC_REPRESENTATION_CONTEXT() REPRESENTATION_CONTEXT('2D SPACE',''
  ) );
#3442 = ORIENTED_EDGE('',*,*,#3218,.T.);
#3443 = ORIENTED_EDGE('',*,*,#3444,.T.);
#3444 = EDGE_CURVE('',#3219,#3329,#3445,.T.);
#3445 = SURFACE_CURVE('',#3446,(#3450,#3457),.PCURVE_S1.);
#3446 = LINE('',#3447,#3448);
#3447 = CARTESIAN_POINT('',(-498.5,120.,1.4985E+03));
#3448 = VECTOR('',#3449,1.);
#3449 = DIRECTION('',(1.,0.,-0.));
#3450 = PCURVE('',#3234,#3451);
#3451 = DEFINITIONAL_REPRESENTATION('',(#3452),#3456);
#3452 = LINE('',#3453,#3454);
#3453 = CARTESIAN_POINT('',(798.5,0.));
#3454 = VECTOR('',#3455,1.);
#3455 = DIRECTION('',(0.,1.));
#3456 = ( GEOMETRIC_REPRESENTATION_CONTEXT(2) 
PARAMETRIC_REPRESENTATION_CONTEXT() REPRESENTATION_CONTEXT('2D SPACE',''
  ) );
#3457 = PCURVE('',#3260,#3458);
#3458 = DEFINITIONAL_REPRESENTATION('',(#3459),#3463);
#3459 = LINE('',#3460,#3461);
#3460 = CARTESIAN_POINT('',(0.,10.));
#3461 = VECTOR('',#3462,1.);
#3462 = DIRECTION('',(1.,0.));
#3463 = ( GEOMETRIC_REPRESENTATION_CONTEXT(2) 
PARAMETRIC_REPRESENTATION_CONTEXT() REPRESENTATION_CONTEXT('2D SPACE',''
  ) );
#3464 = ORIENTED_EDGE('',*,*,#3328,.F.);
#3465 = ADVANCED_FACE('',(#3466),#3206,.F.);
#3466 = FACE_BOUND('',#3467,.F.);
#3467 = EDGE_LOOP('',(#3468,#3469,#3470,#3471));
#3468 = ORIENTED_EDGE('',*,*,#3190,.F.);
#3469 = ORIENTED_EDGE('',*,*,#3375,.T.);
#3470 = ORIENTED_EDGE('',*,*,#3305,.T.);
#3471 = ORIENTED_EDGE('',*,*,#3422,.F.);
#3472 = ADVANCED_FACE('',(#3473),#3260,.T.);
#3473 = FACE_BOUND('',#3474,.T.);
#3474 = EDGE_LOOP('',(#3475,#3476,#3477,#3478));
#3475 = ORIENTED_EDGE('',*,*,#3246,.F.);
#3476 = ORIENTED_EDGE('',*,*,#3397,.T.);
#3477 = ORIENTED_EDGE('',*,*,#3351,.T.);
#3478 = ORIENTED_EDGE('',*,*,#3444,.F.);
#3479 = MANIFOLD_SOLID_BREP('',#3480);
#3480 = CLOSED_SHELL('',(#3481,#3569,#3573));
#3481 = ADVANCED_FACE('',(#3482),#3495,.T.);
#3482 = FACE_BOUND('',#3483,.T.);
#3483 = EDGE_LOOP('',(#3484,#3518,#3541,#3568));
#3484 = ORIENTED_EDGE('',*,*,#3485,.F.);
#3485 = EDGE_CURVE('',#3486,#3486,#3488,.T.);
#3486 = VERTEX_POINT('',#3487);
#3487 = CARTESIAN_POINT('',(-320.,185.,1.498E+03));
#3488 = SURFACE_CURVE('',#3489,(#3494,#3506),.PCURVE_S1.);
#3489 = CIRCLE('',#3490,60.);
#3490 = AXIS2_PLACEMENT_3D('',#3491,#3492,#3493);
#3491 = CARTESIAN_POINT('',(-380.,185.,1.498E+03));
#3492 = DIRECTION('',(0.,0.,1.));
#3493 = DIRECTION('',(1.,0.,-0.));
#3494 = PCURVE('',#3495,#3500);
#3495 = CYLINDRICAL_SURFACE('',#3496,60.);
#3496 = AXIS2_PLACEMENT_3D('',#3497,#3498,#3499);
#3497 = CARTESIAN_POINT('',(-380.,185.,1.473E+03));
#3498 = DIRECTION('',(0.,0.,1.));
#3499 = DIRECTION('',(1.,0.,-0.));
#3500 = DEFINITIONAL_REPRESENTATION('',(#3501),#3505);
#3501 = LINE('',#3502,#3503);
#3502 = CARTESIAN_POINT('',(0.,25.));
#3503 = VECTOR('',#3504,1.);
#3504 = DIRECTION('',(1.,0.));
#3505 = ( GEOMETRIC_REPRESENTATION_CONTEXT(2) 
PARAMETRIC_REPRESENTATION_CONTEXT() REPRESENTATION_CONTEXT('2D SPACE',''
  ) );
#3506 = PCURVE('',#3507,#3512);
#3507 = PLANE('',#3508);
#3508 = AXIS2_PLACEMENT_3D('',#3509,#3510,#3511);
#3509 = CARTESIAN_POINT('',(-380.,185.,1.498E+03));
#3510 = DIRECTION('',(0.,0.,1.));
#3511 = DIRECTION('',(1.,0.,-0.));
#3512 = DEFINITIONAL_REPRESENTATION('',(#3513),#3517);
#3513 = CIRCLE('',#3514,60.);
#3514 = AXIS2_PLACEMENT_2D('',#3515,#3516);
#3515 = CARTESIAN_POINT('',(0.,0.));
#3516 = DIRECTION('',(1.,0.));
#3517 = ( GEOMETRIC_REPRESENTATION_CONTEXT(2) 
PARAMETRIC_REPRESENTATION_CONTEXT() REPRESENTATION_CONTEXT('2D SPACE',''
  ) );
#3518 = ORIENTED_EDGE('',*,*,#3519,.F.);
#3519 = EDGE_CURVE('',#3520,#3486,#3522,.T.);
#3520 = VERTEX_POINT('',#3521);
#3521 = CARTESIAN_POINT('',(-320.,185.,1.473E+03));
#3522 = SEAM_CURVE('',#3523,(#3527,#3534),.PCURVE_S1.);
#3523 = LINE('',#3524,#3525);
#3524 = CARTESIAN_POINT('',(-320.,185.,1.473E+03));
#3525 = VECTOR('',#3526,1.);
#3526 = DIRECTION('',(0.,0.,1.));
#3527 = PCURVE('',#3495,#3528);
#3528 = DEFINITIONAL_REPRESENTATION('',(#3529),#3533);
#3529 = LINE('',#3530,#3531);
#3530 = CARTESIAN_POINT('',(6.28318530718,-0.));
#3531 = VECTOR('',#3532,1.);
#3532 = DIRECTION('',(0.,1.));
#3533 = ( GEOMETRIC_REPRESENTATION_CONTEXT(2) 
PARAMETRIC_REPRESENTATION_CONTEXT() REPRESENTATION_CONTEXT('2D SPACE',''
  ) );
#3534 = PCURVE('',#3495,#3535);
#3535 = DEFINITIONAL_REPRESENTATION('',(#3536),#3540);
#3536 = LINE('',#3537,#3538);
#3537 = CARTESIAN_POINT('',(0.,-0.));
#3538 = VECTOR('',#3539,1.);
#3539 = DIRECTION('',(0.,1.));
#3540 = ( GEOMETRIC_REPRESENTATION_CONTEXT(2) 
PARAMETRIC_REPRESENTATION_CONTEXT() REPRESENTATION_CONTEXT('2D SPACE',''
  ) );
#3541 = ORIENTED_EDGE('',*,*,#3542,.T.);
#3542 = EDGE_CURVE('',#3520,#3520,#3543,.T.);
#3543 = SURFACE_CURVE('',#3544,(#3549,#3556),.PCURVE_S1.);
#3544 = CIRCLE('',#3545,60.);
#3545 = AXIS2_PLACEMENT_3D('',#3546,#3547,#3548);
#3546 = CARTESIAN_POINT('',(-380.,185.,1.473E+03));
#3547 = DIRECTION('',(0.,0.,1.));
#3548 = DIRECTION('',(1.,0.,-0.));
#3549 = PCURVE('',#3495,#3550);
#3550 = DEFINITIONAL_REPRESENTATION('',(#3551),#3555);
#3551 = LINE('',#3552,#3553);
#3552 = CARTESIAN_POINT('',(0.,0.));
#3553 = VECTOR('',#3554,1.);
#3554 = DIRECTION('',(1.,0.));
#3555 = ( GEOMETRIC_REPRESENTATION_CONTEXT(2) 
PARAMETRIC_REPRESENTATION_CONTEXT() REPRESENTATION_CONTEXT('2D SPACE',''
  ) );
#3556 = PCURVE('',#3557,#3562);
#3557 = PLANE('',#3558);
#3558 = AXIS2_PLACEMENT_3D('',#3559,#3560,#3561);
#3559 = CARTESIAN_POINT('',(-380.,185.,1.473E+03));
#3560 = DIRECTION('',(0.,0.,1.));
#3561 = DIRECTION('',(1.,0.,-0.));
#3562 = DEFINITIONAL_REPRESENTATION('',(#3563),#3567);
#3563 = CIRCLE('',#3564,60.);
#3564 = AXIS2_PLACEMENT_2D('',#3565,#3566);
#3565 = CARTESIAN_POINT('',(0.,0.));
#3566 = DIRECTION('',(1.,0.));
#3567 = ( GEOMETRIC_REPRESENTATION_CONTEXT(2) 
PARAMETRIC_REPRESENTATION_CONTEXT() REPRESENTATION_CONTEXT('2D SPACE',''
  ) );
#3568 = ORIENTED_EDGE('',*,*,#3519,.T.);
#3569 = ADVANCED_FACE('',(#3570),#3507,.T.);
#3570 = FACE_BOUND('',#3571,.T.);
#3571 = EDGE_LOOP('',(#3572));
#3572 = ORIENTED_EDGE('',*,*,#3485,.T.);
#3573 = ADVANCED_FACE('',(#3574),#3557,.F.);
#3574 = FACE_BOUND('',#3575,.T.);
#3575 = EDGE_LOOP('',(#3576));
#3576 = ORIENTED_EDGE('',*,*,#3542,.F.);
#3577 = MANIFOLD_SOLID_BREP('',#3578);
#3578 = CLOSED_SHELL('',(#3579,#3667,#3671));
#3579 = ADVANCED_FACE('',(#3580),#3593,.T.);
#3580 = FACE_BOUND('',#3581,.T.);
#3581 = EDGE_LOOP('',(#3582,#3616,#3639,#3666));
#3582 = ORIENTED_EDGE('',*,*,#3583,.F.);
#3583 = EDGE_CURVE('',#3584,#3584,#3586,.T.);
#3584 = VERTEX_POINT('',#3585);
#3585 = CARTESIAN_POINT('',(440.,185.,1.498E+03));
#3586 = SURFACE_CURVE('',#3587,(#3592,#3604),.PCURVE_S1.);
#3587 = CIRCLE('',#3588,60.);
#3588 = AXIS2_PLACEMENT_3D('',#3589,#3590,#3591);
#3589 = CARTESIAN_POINT('',(380.,185.,1.498E+03));
#3590 = DIRECTION('',(0.,0.,1.));
#3591 = DIRECTION('',(1.,0.,-0.));
#3592 = PCURVE('',#3593,#3598);
#3593 = CYLINDRICAL_SURFACE('',#3594,60.);
#3594 = AXIS2_PLACEMENT_3D('',#3595,#3596,#3597);
#3595 = CARTESIAN_POINT('',(380.,185.,1.473E+03));
#3596 = DIRECTION('',(0.,0.,1.));
#3597 = DIRECTION('',(1.,0.,-0.));
#3598 = DEFINITIONAL_REPRESENTATION('',(#3599),#3603);
#3599 = LINE('',#3600,#3601);
#3600 = CARTESIAN_POINT('',(0.,25.));
#3601 = VECTOR('',#3602,1.);
#3602 = DIRECTION('',(1.,0.));
#3603 = ( GEOMETRIC_REPRESENTATION_CONTEXT(2) 
PARAMETRIC_REPRESENTATION_CONTEXT() REPRESENTATION_CONTEXT('2D SPACE',''
  ) );
#3604 = PCURVE('',#3605,#3610);
#3605 = PLANE('',#3606);
#3606 = AXIS2_PLACEMENT_3D('',#3607,#3608,#3609);
#3607 = CARTESIAN_POINT('',(380.,185.,1.498E+03));
#3608 = DIRECTION('',(0.,0.,1.));
#3609 = DIRECTION('',(1.,0.,-0.));
#3610 = DEFINITIONAL_REPRESENTATION('',(#3611),#3615);
#3611 = CIRCLE('',#3612,60.);
#3612 = AXIS2_PLACEMENT_2D('',#3613,#3614);
#3613 = CARTESIAN_POINT('',(0.,0.));
#3614 = DIRECTION('',(1.,0.));
#3615 = ( GEOMETRIC_REPRESENTATION_CONTEXT(2) 
PARAMETRIC_REPRESENTATION_CONTEXT() REPRESENTATION_CONTEXT('2D SPACE',''
  ) );
#3616 = ORIENTED_EDGE('',*,*,#3617,.F.);
#3617 = EDGE_CURVE('',#3618,#3584,#3620,.T.);
#3618 = VERTEX_POINT('',#3619);
#3619 = CARTESIAN_POINT('',(440.,185.,1.473E+03));
#3620 = SEAM_CURVE('',#3621,(#3625,#3632),.PCURVE_S1.);
#3621 = LINE('',#3622,#3623);
#3622 = CARTESIAN_POINT('',(440.,185.,1.473E+03));
#3623 = VECTOR('',#3624,1.);
#3624 = DIRECTION('',(0.,0.,1.));
#3625 = PCURVE('',#3593,#3626);
#3626 = DEFINITIONAL_REPRESENTATION('',(#3627),#3631);
#3627 = LINE('',#3628,#3629);
#3628 = CARTESIAN_POINT('',(6.28318530718,-0.));
#3629 = VECTOR('',#3630,1.);
#3630 = DIRECTION('',(0.,1.));
#3631 = ( GEOMETRIC_REPRESENTATION_CONTEXT(2) 
PARAMETRIC_REPRESENTATION_CONTEXT() REPRESENTATION_CONTEXT('2D SPACE',''
  ) );
#3632 = PCURVE('',#3593,#3633);
#3633 = DEFINITIONAL_REPRESENTATION('',(#3634),#3638);
#3634 = LINE('',#3635,#3636);
#3635 = CARTESIAN_POINT('',(0.,-0.));
#3636 = VECTOR('',#3637,1.);
#3637 = DIRECTION('',(0.,1.));
#3638 = ( GEOMETRIC_REPRESENTATION_CONTEXT(2) 
PARAMETRIC_REPRESENTATION_CONTEXT() REPRESENTATION_CONTEXT('2D SPACE',''
  ) );
#3639 = ORIENTED_EDGE('',*,*,#3640,.T.);
#3640 = EDGE_CURVE('',#3618,#3618,#3641,.T.);
#3641 = SURFACE_CURVE('',#3642,(#3647,#3654),.PCURVE_S1.);
#3642 = CIRCLE('',#3643,60.);
#3643 = AXIS2_PLACEMENT_3D('',#3644,#3645,#3646);
#3644 = CARTESIAN_POINT('',(380.,185.,1.473E+03));
#3645 = DIRECTION('',(0.,0.,1.));
#3646 = DIRECTION('',(1.,0.,-0.));
#3647 = PCURVE('',#3593,#3648);
#3648 = DEFINITIONAL_REPRESENTATION('',(#3649),#3653);
#3649 = LINE('',#3650,#3651);
#3650 = CARTESIAN_POINT('',(0.,0.));
#3651 = VECTOR('',#3652,1.);
#3652 = DIRECTION('',(1.,0.));
#3653 = ( GEOMETRIC_REPRESENTATION_CONTEXT(2) 
PARAMETRIC_REPRESENTATION_CONTEXT() REPRESENTATION_CONTEXT('2D SPACE',''
  ) );
#3654 = PCURVE('',#3655,#3660);
#3655 = PLANE('',#3656);
#3656 = AXIS2_PLACEMENT_3D('',#3657,#3658,#3659);
#3657 = CARTESIAN_POINT('',(380.,185.,1.473E+03));
#3658 = DIRECTION('',(0.,0.,1.));
#3659 = DIRECTION('',(1.,0.,-0.));
#3660 = DEFINITIONAL_REPRESENTATION('',(#3661),#3665);
#3661 = CIRCLE('',#3662,60.);
#3662 = AXIS2_PLACEMENT_2D('',#3663,#3664);
#3663 = CARTESIAN_POINT('',(0.,0.));
#3664 = DIRECTION('',(1.,0.));
#3665 = ( GEOMETRIC_REPRESENTATION_CONTEXT(2) 
PARAMETRIC_REPRESENTATION_CONTEXT() REPRESENTATION_CONTEXT('2D SPACE',''
  ) );
#3666 = ORIENTED_EDGE('',*,*,#3617,.T.);
#3667 = ADVANCED_FACE('',(#3668),#3605,.T.);
#3668 = FACE_BOUND('',#3669,.T.);
#3669 = EDGE_LOOP('',(#3670));
#3670 = ORIENTED_EDGE('',*,*,#3583,.T.);
#3671 = ADVANCED_FACE('',(#3672),#3655,.F.);
#3672 = FACE_BOUND('',#3673,.T.);
#3673 = EDGE_LOOP('',(#3674));
#3674 = ORIENTED_EDGE('',*,*,#3640,.F.);
#3675 = MANIFOLD_SOLID_BREP('',#3676);
#3676 = CLOSED_SHELL('',(#3677,#3797,#4827,#4876,#5699,#5726,#5733,#5780
    ,#5807,#5834,#5841,#5888,#5915,#5942,#5949,#5996,#6023,#6050,#6057,
    #6104,#6131,#6158,#6165,#6212,#6239,#6266,#6273,#6320,#6347,#6374,
    #6381,#6428,#6455,#6482,#6489,#6536,#6563,#6590,#6597,#6644,#6671,
    #6698));
#3677 = ADVANCED_FACE('',(#3678),#3692,.F.);
#3678 = FACE_BOUND('',#3679,.F.);
#3679 = EDGE_LOOP('',(#3680,#3715,#3743,#3771));
#3680 = ORIENTED_EDGE('',*,*,#3681,.F.);
#3681 = EDGE_CURVE('',#3682,#3684,#3686,.T.);
#3682 = VERTEX_POINT('',#3683);
#3683 = CARTESIAN_POINT('',(-420.,160.,1.5E+03));
#3684 = VERTEX_POINT('',#3685);
#3685 = CARTESIAN_POINT('',(-420.,160.,1.57E+03));
#3686 = SURFACE_CURVE('',#3687,(#3691,#3703),.PCURVE_S1.);
#3687 = LINE('',#3688,#3689);
#3688 = CARTESIAN_POINT('',(-420.,160.,1.5E+03));
#3689 = VECTOR('',#3690,1.);
#3690 = DIRECTION('',(0.,0.,1.));
#3691 = PCURVE('',#3692,#3697);
#3692 = PLANE('',#3693);
#3693 = AXIS2_PLACEMENT_3D('',#3694,#3695,#3696);
#3694 = CARTESIAN_POINT('',(-420.,160.,1.5E+03));
#3695 = DIRECTION('',(1.,0.,-0.));
#3696 = DIRECTION('',(0.,0.,1.));
#3697 = DEFINITIONAL_REPRESENTATION('',(#3698),#3702);
#3698 = LINE('',#3699,#3700);
#3699 = CARTESIAN_POINT('',(0.,0.));
#3700 = VECTOR('',#3701,1.);
#3701 = DIRECTION('',(1.,0.));
#3702 = ( GEOMETRIC_REPRESENTATION_CONTEXT(2) 
PARAMETRIC_REPRESENTATION_CONTEXT() REPRESENTATION_CONTEXT('2D SPACE',''
  ) );
#3703 = PCURVE('',#3704,#3709);
#3704 = PLANE('',#3705);
#3705 = AXIS2_PLACEMENT_3D('',#3706,#3707,#3708);
#3706 = CARTESIAN_POINT('',(-420.,160.,1.5E+03));
#3707 = DIRECTION('',(-0.,1.,0.));
#3708 = DIRECTION('',(0.,0.,1.));
#3709 = DEFINITIONAL_REPRESENTATION('',(#3710),#3714);
#3710 = LINE('',#3711,#3712);
#3711 = CARTESIAN_POINT('',(0.,0.));
#3712 = VECTOR('',#3713,1.);
#3713 = DIRECTION('',(1.,0.));
#3714 = ( GEOMETRIC_REPRESENTATION_CONTEXT(2) 
PARAMETRIC_REPRESENTATION_CONTEXT() REPRESENTATION_CONTEXT('2D SPACE',''
  ) );
#3715 = ORIENTED_EDGE('',*,*,#3716,.T.);
#3716 = EDGE_CURVE('',#3682,#3717,#3719,.T.);
#3717 = VERTEX_POINT('',#3718);
#3718 = CARTESIAN_POINT('',(-420.,240.,1.5E+03));
#3719 = SURFACE_CURVE('',#3720,(#3724,#3731),.PCURVE_S1.);
#3720 = LINE('',#3721,#3722);
#3721 = CARTESIAN_POINT('',(-420.,160.,1.5E+03));
#3722 = VECTOR('',#3723,1.);
#3723 = DIRECTION('',(-0.,1.,0.));
#3724 = PCURVE('',#3692,#3725);
#3725 = DEFINITIONAL_REPRESENTATION('',(#3726),#3730);
#3726 = LINE('',#3727,#3728);
#3727 = CARTESIAN_POINT('',(0.,0.));
#3728 = VECTOR('',#3729,1.);
#3729 = DIRECTION('',(0.,-1.));
#3730 = ( GEOMETRIC_REPRESENTATION_CONTEXT(2) 
PARAMETRIC_REPRESENTATION_CONTEXT() REPRESENTATION_CONTEXT('2D SPACE',''
  ) );
#3731 = PCURVE('',#3732,#3737);
#3732 = PLANE('',#3733);
#3733 = AXIS2_PLACEMENT_3D('',#3734,#3735,#3736);
#3734 = CARTESIAN_POINT('',(-420.,160.,1.5E+03));
#3735 = DIRECTION('',(0.,0.,1.));
#3736 = DIRECTION('',(1.,0.,-0.));
#3737 = DEFINITIONAL_REPRESENTATION('',(#3738),#3742);
#3738 = LINE('',#3739,#3740);
#3739 = CARTESIAN_POINT('',(0.,0.));
#3740 = VECTOR('',#3741,1.);
#3741 = DIRECTION('',(0.,1.));
#3742 = ( GEOMETRIC_REPRESENTATION_CONTEXT(2) 
PARAMETRIC_REPRESENTATION_CONTEXT() REPRESENTATION_CONTEXT('2D SPACE',''
  ) );
#3743 = ORIENTED_EDGE('',*,*,#3744,.T.);
#3744 = EDGE_CURVE('',#3717,#3745,#3747,.T.);
#3745 = VERTEX_POINT('',#3746);
#3746 = CARTESIAN_POINT('',(-420.,240.,1.57E+03));
#3747 = SURFACE_CURVE('',#3748,(#3752,#3759),.PCURVE_S1.);
#3748 = LINE('',#3749,#3750);
#3749 = CARTESIAN_POINT('',(-420.,240.,1.5E+03));
#3750 = VECTOR('',#3751,1.);
#3751 = DIRECTION('',(0.,0.,1.));
#3752 = PCURVE('',#3692,#3753);
#3753 = DEFINITIONAL_REPRESENTATION('',(#3754),#3758);
#3754 = LINE('',#3755,#3756);
#3755 = CARTESIAN_POINT('',(0.,-80.));
#3756 = VECTOR('',#3757,1.);
#3757 = DIRECTION('',(1.,0.));
#3758 = ( GEOMETRIC_REPRESENTATION_CONTEXT(2) 
PARAMETRIC_REPRESENTATION_CONTEXT() REPRESENTATION_CONTEXT('2D SPACE',''
  ) );
#3759 = PCURVE('',#3760,#3765);
#3760 = PLANE('',#3761);
#3761 = AXIS2_PLACEMENT_3D('',#3762,#3763,#3764);
#3762 = CARTESIAN_POINT('',(-420.,240.,1.5E+03));
#3763 = DIRECTION('',(-0.,1.,0.));
#3764 = DIRECTION('',(0.,0.,1.));
#3765 = DEFINITIONAL_REPRESENTATION('',(#3766),#3770);
#3766 = LINE('',#3767,#3768);
#3767 = CARTESIAN_POINT('',(0.,0.));
#3768 = VECTOR('',#3769,1.);
#3769 = DIRECTION('',(1.,0.));
#3770 = ( GEOMETRIC_REPRESENTATION_CONTEXT(2) 
PARAMETRIC_REPRESENTATION_CONTEXT() REPRESENTATION_CONTEXT('2D SPACE',''
  ) );
#3771 = ORIENTED_EDGE('',*,*,#3772,.F.);
#3772 = EDGE_CURVE('',#3684,#3745,#3773,.T.);
#3773 = SURFACE_CURVE('',#3774,(#3778,#3785),.PCURVE_S1.);
#3774 = LINE('',#3775,#3776);
#3775 = CARTESIAN_POINT('',(-420.,160.,1.57E+03));
#3776 = VECTOR('',#3777,1.);
#3777 = DIRECTION('',(-0.,1.,0.));
#3778 = PCURVE('',#3692,#3779);
#3779 = DEFINITIONAL_REPRESENTATION('',(#3780),#3784);
#3780 = LINE('',#3781,#3782);
#3781 = CARTESIAN_POINT('',(70.,0.));
#3782 = VECTOR('',#3783,1.);
#3783 = DIRECTION('',(0.,-1.));
#3784 = ( GEOMETRIC_REPRESENTATION_CONTEXT(2) 
PARAMETRIC_REPRESENTATION_CONTEXT() REPRESENTATION_CONTEXT('2D SPACE',''
  ) );
#3785 = PCURVE('',#3786,#3791);
#3786 = PLANE('',#3787);
#3787 = AXIS2_PLACEMENT_3D('',#3788,#3789,#3790);
#3788 = CARTESIAN_POINT('',(-420.,160.,1.57E+03));
#3789 = DIRECTION('',(0.,0.,1.));
#3790 = DIRECTION('',(1.,0.,-0.));
#3791 = DEFINITIONAL_REPRESENTATION('',(#3792),#3796);
#3792 = LINE('',#3793,#3794);
#3793 = CARTESIAN_POINT('',(0.,0.));
#3794 = VECTOR('',#3795,1.);
#3795 = DIRECTION('',(0.,1.));
#3796 = ( GEOMETRIC_REPRESENTATION_CONTEXT(2) 
PARAMETRIC_REPRESENTATION_CONTEXT() REPRESENTATION_CONTEXT('2D SPACE',''
  ) );
#3797 = ADVANCED_FACE('',(#3798,#3873,#3979,#4085,#4191,#4297,#4403,
    #4509,#4615,#4721),#3704,.F.);
#3798 = FACE_BOUND('',#3799,.F.);
#3799 = EDGE_LOOP('',(#3800,#3823,#3824,#3847));
#3800 = ORIENTED_EDGE('',*,*,#3801,.F.);
#3801 = EDGE_CURVE('',#3682,#3802,#3804,.T.);
#3802 = VERTEX_POINT('',#3803);
#3803 = CARTESIAN_POINT('',(420.,160.,1.5E+03));
#3804 = SURFACE_CURVE('',#3805,(#3809,#3816),.PCURVE_S1.);
#3805 = LINE('',#3806,#3807);
#3806 = CARTESIAN_POINT('',(-420.,160.,1.5E+03));
#3807 = VECTOR('',#3808,1.);
#3808 = DIRECTION('',(1.,0.,-0.));
#3809 = PCURVE('',#3704,#3810);
#3810 = DEFINITIONAL_REPRESENTATION('',(#3811),#3815);
#3811 = LINE('',#3812,#3813);
#3812 = CARTESIAN_POINT('',(0.,0.));
#3813 = VECTOR('',#3814,1.);
#3814 = DIRECTION('',(0.,1.));
#3815 = ( GEOMETRIC_REPRESENTATION_CONTEXT(2) 
PARAMETRIC_REPRESENTATION_CONTEXT() REPRESENTATION_CONTEXT('2D SPACE',''
  ) );
#3816 = PCURVE('',#3732,#3817);
#3817 = DEFINITIONAL_REPRESENTATION('',(#3818),#3822);
#3818 = LINE('',#3819,#3820);
#3819 = CARTESIAN_POINT('',(0.,0.));
#3820 = VECTOR('',#3821,1.);
#3821 = DIRECTION('',(1.,0.));
#3822 = ( GEOMETRIC_REPRESENTATION_CONTEXT(2) 
PARAMETRIC_REPRESENTATION_CONTEXT() REPRESENTATION_CONTEXT('2D SPACE',''
  ) );
#3823 = ORIENTED_EDGE('',*,*,#3681,.T.);
#3824 = ORIENTED_EDGE('',*,*,#3825,.T.);
#3825 = EDGE_CURVE('',#3684,#3826,#3828,.T.);
#3826 = VERTEX_POINT('',#3827);
#3827 = CARTESIAN_POINT('',(420.,160.,1.57E+03));
#3828 = SURFACE_CURVE('',#3829,(#3833,#3840),.PCURVE_S1.);
#3829 = LINE('',#3830,#3831);
#3830 = CARTESIAN_POINT('',(-420.,160.,1.57E+03));
#3831 = VECTOR('',#3832,1.);
#3832 = DIRECTION('',(1.,0.,-0.));
#3833 = PCURVE('',#3704,#3834);
#3834 = DEFINITIONAL_REPRESENTATION('',(#3835),#3839);
#3835 = LINE('',#3836,#3837);
#3836 = CARTESIAN_POINT('',(70.,0.));
#3837 = VECTOR('',#3838,1.);
#3838 = DIRECTION('',(0.,1.));
#3839 = ( GEOMETRIC_REPRESENTATION_CONTEXT(2) 
PARAMETRIC_REPRESENTATION_CONTEXT() REPRESENTATION_CONTEXT('2D SPACE',''
  ) );
#3840 = PCURVE('',#3786,#3841);
#3841 = DEFINITIONAL_REPRESENTATION('',(#3842),#3846);
#3842 = LINE('',#3843,#3844);
#3843 = CARTESIAN_POINT('',(0.,0.));
#3844 = VECTOR('',#3845,1.);
#3845 = DIRECTION('',(1.,0.));
#3846 = ( GEOMETRIC_REPRESENTATION_CONTEXT(2) 
PARAMETRIC_REPRESENTATION_CONTEXT() REPRESENTATION_CONTEXT('2D SPACE',''
  ) );
#3847 = ORIENTED_EDGE('',*,*,#3848,.F.);
#3848 = EDGE_CURVE('',#3802,#3826,#3849,.T.);
#3849 = SURFACE_CURVE('',#3850,(#3854,#3861),.PCURVE_S1.);
#3850 = LINE('',#3851,#3852);
#3851 = CARTESIAN_POINT('',(420.,160.,1.5E+03));
#3852 = VECTOR('',#3853,1.);
#3853 = DIRECTION('',(0.,0.,1.));
#3854 = PCURVE('',#3704,#3855);
#3855 = DEFINITIONAL_REPRESENTATION('',(#3856),#3860);
#3856 = LINE('',#3857,#3858);
#3857 = CARTESIAN_POINT('',(0.,840.));
#3858 = VECTOR('',#3859,1.);
#3859 = DIRECTION('',(1.,0.));
#3860 = ( GEOMETRIC_REPRESENTATION_CONTEXT(2) 
PARAMETRIC_REPRESENTATION_CONTEXT() REPRESENTATION_CONTEXT('2D SPACE',''
  ) );
#3861 = PCURVE('',#3862,#3867);
#3862 = PLANE('',#3863);
#3863 = AXIS2_PLACEMENT_3D('',#3864,#3865,#3866);
#3864 = CARTESIAN_POINT('',(420.,160.,1.5E+03));
#3865 = DIRECTION('',(1.,0.,-0.));
#3866 = DIRECTION('',(0.,0.,1.));
#3867 = DEFINITIONAL_REPRESENTATION('',(#3868),#3872);
#3868 = LINE('',#3869,#3870);
#3869 = CARTESIAN_POINT('',(0.,0.));
#3870 = VECTOR('',#3871,1.);
#3871 = DIRECTION('',(1.,0.));
#3872 = ( GEOMETRIC_REPRESENTATION_CONTEXT(2) 
PARAMETRIC_REPRESENTATION_CONTEXT() REPRESENTATION_CONTEXT('2D SPACE',''
  ) );
#3873 = FACE_BOUND('',#3874,.F.);
#3874 = EDGE_LOOP('',(#3875,#3903,#3929,#3955));
#3875 = ORIENTED_EDGE('',*,*,#3876,.F.);
#3876 = EDGE_CURVE('',#3877,#3879,#3881,.T.);
#3877 = VERTEX_POINT('',#3878);
#3878 = CARTESIAN_POINT('',(-380.,160.,1.555E+03));
#3879 = VERTEX_POINT('',#3880);
#3880 = CARTESIAN_POINT('',(-330.,160.,1.555E+03));
#3881 = SURFACE_CURVE('',#3882,(#3886,#3892),.PCURVE_S1.);
#3882 = LINE('',#3883,#3884);
#3883 = CARTESIAN_POINT('',(-400.,160.,1.555E+03));
#3884 = VECTOR('',#3885,1.);
#3885 = DIRECTION('',(1.,0.,-0.));
#3886 = PCURVE('',#3704,#3887);
#3887 = DEFINITIONAL_REPRESENTATION('',(#3888),#3891);
#3888 = B_SPLINE_CURVE_WITH_KNOTS('',1,(#3889,#3890),.UNSPECIFIED.,.F.,
  .F.,(2,2),(20.,70.),.PIECEWISE_BEZIER_KNOTS.);
#3889 = CARTESIAN_POINT('',(55.,40.));
#3890 = CARTESIAN_POINT('',(55.,90.));
#3891 = ( GEOMETRIC_REPRESENTATION_CONTEXT(2) 
PARAMETRIC_REPRESENTATION_CONTEXT() REPRESENTATION_CONTEXT('2D SPACE',''
  ) );
#3892 = PCURVE('',#3893,#3898);
#3893 = PLANE('',#3894);
#3894 = AXIS2_PLACEMENT_3D('',#3895,#3896,#3897);
#3895 = CARTESIAN_POINT('',(-380.,150.,1.555E+03));
#3896 = DIRECTION('',(0.,0.,1.));
#3897 = DIRECTION('',(1.,0.,-0.));
#3898 = DEFINITIONAL_REPRESENTATION('',(#3899),#3902);
#3899 = B_SPLINE_CURVE_WITH_KNOTS('',1,(#3900,#3901),.UNSPECIFIED.,.F.,
  .F.,(2,2),(20.,70.),.PIECEWISE_BEZIER_KNOTS.);
#3900 = CARTESIAN_POINT('',(0.,10.));
#3901 = CARTESIAN_POINT('',(50.,10.));
#3902 = ( GEOMETRIC_REPRESENTATION_CONTEXT(2) 
PARAMETRIC_REPRESENTATION_CONTEXT() REPRESENTATION_CONTEXT('2D SPACE',''
  ) );
#3903 = ORIENTED_EDGE('',*,*,#3904,.T.);
#3904 = EDGE_CURVE('',#3877,#3905,#3907,.T.);
#3905 = VERTEX_POINT('',#3906);
#3906 = CARTESIAN_POINT('',(-380.,160.,1.52E+03));
#3907 = SURFACE_CURVE('',#3908,(#3912,#3918),.PCURVE_S1.);
#3908 = LINE('',#3909,#3910);
#3909 = CARTESIAN_POINT('',(-380.,160.,1.51E+03));
#3910 = VECTOR('',#3911,1.);
#3911 = DIRECTION('',(-0.,0.,-1.));
#3912 = PCURVE('',#3704,#3913);
#3913 = DEFINITIONAL_REPRESENTATION('',(#3914),#3917);
#3914 = B_SPLINE_CURVE_WITH_KNOTS('',1,(#3915,#3916),.UNSPECIFIED.,.F.,
  .F.,(2,2),(-45.,-10.),.PIECEWISE_BEZIER_KNOTS.);
#3915 = CARTESIAN_POINT('',(55.,40.));
#3916 = CARTESIAN_POINT('',(20.,40.));
#3917 = ( GEOMETRIC_REPRESENTATION_CONTEXT(2) 
PARAMETRIC_REPRESENTATION_CONTEXT() REPRESENTATION_CONTEXT('2D SPACE',''
  ) );
#3918 = PCURVE('',#3919,#3924);
#3919 = PLANE('',#3920);
#3920 = AXIS2_PLACEMENT_3D('',#3921,#3922,#3923);
#3921 = CARTESIAN_POINT('',(-380.,150.,1.52E+03));
#3922 = DIRECTION('',(1.,0.,-0.));
#3923 = DIRECTION('',(0.,0.,1.));
#3924 = DEFINITIONAL_REPRESENTATION('',(#3925),#3928);
#3925 = B_SPLINE_CURVE_WITH_KNOTS('',1,(#3926,#3927),.UNSPECIFIED.,.F.,
  .F.,(2,2),(-45.,-10.),.PIECEWISE_BEZIER_KNOTS.);
#3926 = CARTESIAN_POINT('',(35.,-10.));
#3927 = CARTESIAN_POINT('',(0.,-10.));
#3928 = ( GEOMETRIC_REPRESENTATION_CONTEXT(2) 
PARAMETRIC_REPRESENTATION_CONTEXT() REPRESENTATION_CONTEXT('2D SPACE',''
  ) );
#3929 = ORIENTED_EDGE('',*,*,#3930,.T.);
#3930 = EDGE_CURVE('',#3905,#3931,#3933,.T.);
#3931 = VERTEX_POINT('',#3932);
#3932 = CARTESIAN_POINT('',(-330.,160.,1.52E+03));
#3933 = SURFACE_CURVE('',#3934,(#3938,#3944),.PCURVE_S1.);
#3934 = LINE('',#3935,#3936);
#3935 = CARTESIAN_POINT('',(-400.,160.,1.52E+03));
#3936 = VECTOR('',#3937,1.);
#3937 = DIRECTION('',(1.,0.,-0.));
#3938 = PCURVE('',#3704,#3939);
#3939 = DEFINITIONAL_REPRESENTATION('',(#3940),#3943);
#3940 = B_SPLINE_CURVE_WITH_KNOTS('',1,(#3941,#3942),.UNSPECIFIED.,.F.,
  .F.,(2,2),(20.,70.),.PIECEWISE_BEZIER_KNOTS.);
#3941 = CARTESIAN_POINT('',(20.,40.));
#3942 = CARTESIAN_POINT('',(20.,90.));
#3943 = ( GEOMETRIC_REPRESENTATION_CONTEXT(2) 
PARAMETRIC_REPRESENTATION_CONTEXT() REPRESENTATION_CONTEXT('2D SPACE',''
  ) );
#3944 = PCURVE('',#3945,#3950);
#3945 = PLANE('',#3946);
#3946 = AXIS2_PLACEMENT_3D('',#3947,#3948,#3949);
#3947 = CARTESIAN_POINT('',(-380.,150.,1.52E+03));
#3948 = DIRECTION('',(0.,0.,1.));
#3949 = DIRECTION('',(1.,0.,-0.));
#3950 = DEFINITIONAL_REPRESENTATION('',(#3951),#3954);
#3951 = B_SPLINE_CURVE_WITH_KNOTS('',1,(#3952,#3953),.UNSPECIFIED.,.F.,
  .F.,(2,2),(20.,70.),.PIECEWISE_BEZIER_KNOTS.);
#3952 = CARTESIAN_POINT('',(0.,10.));
#3953 = CARTESIAN_POINT('',(50.,10.));
#3954 = ( GEOMETRIC_REPRESENTATION_CONTEXT(2) 
PARAMETRIC_REPRESENTATION_CONTEXT() REPRESENTATION_CONTEXT('2D SPACE',''
  ) );
#3955 = ORIENTED_EDGE('',*,*,#3956,.F.);
#3956 = EDGE_CURVE('',#3879,#3931,#3957,.T.);
#3957 = SURFACE_CURVE('',#3958,(#3962,#3968),.PCURVE_S1.);
#3958 = LINE('',#3959,#3960);
#3959 = CARTESIAN_POINT('',(-330.,160.,1.51E+03));
#3960 = VECTOR('',#3961,1.);
#3961 = DIRECTION('',(-0.,0.,-1.));
#3962 = PCURVE('',#3704,#3963);
#3963 = DEFINITIONAL_REPRESENTATION('',(#3964),#3967);
#3964 = B_SPLINE_CURVE_WITH_KNOTS('',1,(#3965,#3966),.UNSPECIFIED.,.F.,
  .F.,(2,2),(-45.,-10.),.PIECEWISE_BEZIER_KNOTS.);
#3965 = CARTESIAN_POINT('',(55.,90.));
#3966 = CARTESIAN_POINT('',(20.,90.));
#3967 = ( GEOMETRIC_REPRESENTATION_CONTEXT(2) 
PARAMETRIC_REPRESENTATION_CONTEXT() REPRESENTATION_CONTEXT('2D SPACE',''
  ) );
#3968 = PCURVE('',#3969,#3974);
#3969 = PLANE('',#3970);
#3970 = AXIS2_PLACEMENT_3D('',#3971,#3972,#3973);
#3971 = CARTESIAN_POINT('',(-330.,150.,1.52E+03));
#3972 = DIRECTION('',(1.,0.,-0.));
#3973 = DIRECTION('',(0.,0.,1.));
#3974 = DEFINITIONAL_REPRESENTATION('',(#3975),#3978);
#3975 = B_SPLINE_CURVE_WITH_KNOTS('',1,(#3976,#3977),.UNSPECIFIED.,.F.,
  .F.,(2,2),(-45.,-10.),.PIECEWISE_BEZIER_KNOTS.);
#3976 = CARTESIAN_POINT('',(35.,-10.));
#3977 = CARTESIAN_POINT('',(0.,-10.));
#3978 = ( GEOMETRIC_REPRESENTATION_CONTEXT(2) 
PARAMETRIC_REPRESENTATION_CONTEXT() REPRESENTATION_CONTEXT('2D SPACE',''
  ) );
#3979 = FACE_BOUND('',#3980,.F.);
#3980 = EDGE_LOOP('',(#3981,#4009,#4035,#4061));
#3981 = ORIENTED_EDGE('',*,*,#3982,.F.);
#3982 = EDGE_CURVE('',#3983,#3985,#3987,.T.);
#3983 = VERTEX_POINT('',#3984);
#3984 = CARTESIAN_POINT('',(-290.,160.,1.555E+03));
#3985 = VERTEX_POINT('',#3986);
#3986 = CARTESIAN_POINT('',(-240.,160.,1.555E+03));
#3987 = SURFACE_CURVE('',#3988,(#3992,#3998),.PCURVE_S1.);
#3988 = LINE('',#3989,#3990);
#3989 = CARTESIAN_POINT('',(-355.,160.,1.555E+03));
#3990 = VECTOR('',#3991,1.);
#3991 = DIRECTION('',(1.,0.,-0.));
#3992 = PCURVE('',#3704,#3993);
#3993 = DEFINITIONAL_REPRESENTATION('',(#3994),#3997);
#3994 = B_SPLINE_CURVE_WITH_KNOTS('',1,(#3995,#3996),.UNSPECIFIED.,.F.,
  .F.,(2,2),(65.,115.),.PIECEWISE_BEZIER_KNOTS.);
#3995 = CARTESIAN_POINT('',(55.,130.));
#3996 = CARTESIAN_POINT('',(55.,180.));
#3997 = ( GEOMETRIC_REPRESENTATION_CONTEXT(2) 
PARAMETRIC_REPRESENTATION_CONTEXT() REPRESENTATION_CONTEXT('2D SPACE',''
  ) );
#3998 = PCURVE('',#3999,#4004);
#3999 = PLANE('',#4000);
#4000 = AXIS2_PLACEMENT_3D('',#4001,#4002,#4003);
#4001 = CARTESIAN_POINT('',(-290.,150.,1.555E+03));
#4002 = DIRECTION('',(0.,0.,1.));
#4003 = DIRECTION('',(1.,0.,-0.));
#4004 = DEFINITIONAL_REPRESENTATION('',(#4005),#4008);
#4005 = B_SPLINE_CURVE_WITH_KNOTS('',1,(#4006,#4007),.UNSPECIFIED.,.F.,
  .F.,(2,2),(65.,115.),.PIECEWISE_BEZIER_KNOTS.);
#4006 = CARTESIAN_POINT('',(0.,10.));
#4007 = CARTESIAN_POINT('',(50.,10.));
#4008 = ( GEOMETRIC_REPRESENTATION_CONTEXT(2) 
PARAMETRIC_REPRESENTATION_CONTEXT() REPRESENTATION_CONTEXT('2D SPACE',''
  ) );
#4009 = ORIENTED_EDGE('',*,*,#4010,.T.);
#4010 = EDGE_CURVE('',#3983,#4011,#4013,.T.);
#4011 = VERTEX_POINT('',#4012);
#4012 = CARTESIAN_POINT('',(-290.,160.,1.52E+03));
#4013 = SURFACE_CURVE('',#4014,(#4018,#4024),.PCURVE_S1.);
#4014 = LINE('',#4015,#4016);
#4015 = CARTESIAN_POINT('',(-290.,160.,1.51E+03));
#4016 = VECTOR('',#4017,1.);
#4017 = DIRECTION('',(-0.,0.,-1.));
#4018 = PCURVE('',#3704,#4019);
#4019 = DEFINITIONAL_REPRESENTATION('',(#4020),#4023);
#4020 = B_SPLINE_CURVE_WITH_KNOTS('',1,(#4021,#4022),.UNSPECIFIED.,.F.,
  .F.,(2,2),(-45.,-10.),.PIECEWISE_BEZIER_KNOTS.);
#4021 = CARTESIAN_POINT('',(55.,130.));
#4022 = CARTESIAN_POINT('',(20.,130.));
#4023 = ( GEOMETRIC_REPRESENTATION_CONTEXT(2) 
PARAMETRIC_REPRESENTATION_CONTEXT() REPRESENTATION_CONTEXT('2D SPACE',''
  ) );
#4024 = PCURVE('',#4025,#4030);
#4025 = PLANE('',#4026);
#4026 = AXIS2_PLACEMENT_3D('',#4027,#4028,#4029);
#4027 = CARTESIAN_POINT('',(-290.,150.,1.52E+03));
#4028 = DIRECTION('',(1.,0.,-0.));
#4029 = DIRECTION('',(0.,0.,1.));
#4030 = DEFINITIONAL_REPRESENTATION('',(#4031),#4034);
#4031 = B_SPLINE_CURVE_WITH_KNOTS('',1,(#4032,#4033),.UNSPECIFIED.,.F.,
  .F.,(2,2),(-45.,-10.),.PIECEWISE_BEZIER_KNOTS.);
#4032 = CARTESIAN_POINT('',(35.,-10.));
#4033 = CARTESIAN_POINT('',(0.,-10.));
#4034 = ( GEOMETRIC_REPRESENTATION_CONTEXT(2) 
PARAMETRIC_REPRESENTATION_CONTEXT() REPRESENTATION_CONTEXT('2D SPACE',''
  ) );
#4035 = ORIENTED_EDGE('',*,*,#4036,.T.);
#4036 = EDGE_CURVE('',#4011,#4037,#4039,.T.);
#4037 = VERTEX_POINT('',#4038);
#4038 = CARTESIAN_POINT('',(-240.,160.,1.52E+03));
#4039 = SURFACE_CURVE('',#4040,(#4044,#4050),.PCURVE_S1.);
#4040 = LINE('',#4041,#4042);
#4041 = CARTESIAN_POINT('',(-355.,160.,1.52E+03));
#4042 = VECTOR('',#4043,1.);
#4043 = DIRECTION('',(1.,0.,-0.));
#4044 = PCURVE('',#3704,#4045);
#4045 = DEFINITIONAL_REPRESENTATION('',(#4046),#4049);
#4046 = B_SPLINE_CURVE_WITH_KNOTS('',1,(#4047,#4048),.UNSPECIFIED.,.F.,
  .F.,(2,2),(65.,115.),.PIECEWISE_BEZIER_KNOTS.);
#4047 = CARTESIAN_POINT('',(20.,130.));
#4048 = CARTESIAN_POINT('',(20.,180.));
#4049 = ( GEOMETRIC_REPRESENTATION_CONTEXT(2) 
PARAMETRIC_REPRESENTATION_CONTEXT() REPRESENTATION_CONTEXT('2D SPACE',''
  ) );
#4050 = PCURVE('',#4051,#4056);
#4051 = PLANE('',#4052);
#4052 = AXIS2_PLACEMENT_3D('',#4053,#4054,#4055);
#4053 = CARTESIAN_POINT('',(-290.,150.,1.52E+03));
#4054 = DIRECTION('',(0.,0.,1.));
#4055 = DIRECTION('',(1.,0.,-0.));
#4056 = DEFINITIONAL_REPRESENTATION('',(#4057),#4060);
#4057 = B_SPLINE_CURVE_WITH_KNOTS('',1,(#4058,#4059),.UNSPECIFIED.,.F.,
  .F.,(2,2),(65.,115.),.PIECEWISE_BEZIER_KNOTS.);
#4058 = CARTESIAN_POINT('',(0.,10.));
#4059 = CARTESIAN_POINT('',(50.,10.));
#4060 = ( GEOMETRIC_REPRESENTATION_CONTEXT(2) 
PARAMETRIC_REPRESENTATION_CONTEXT() REPRESENTATION_CONTEXT('2D SPACE',''
  ) );
#4061 = ORIENTED_EDGE('',*,*,#4062,.F.);
#4062 = EDGE_CURVE('',#3985,#4037,#4063,.T.);
#4063 = SURFACE_CURVE('',#4064,(#4068,#4074),.PCURVE_S1.);
#4064 = LINE('',#4065,#4066);
#4065 = CARTESIAN_POINT('',(-240.,160.,1.51E+03));
#4066 = VECTOR('',#4067,1.);
#4067 = DIRECTION('',(-0.,0.,-1.));
#4068 = PCURVE('',#3704,#4069);
#4069 = DEFINITIONAL_REPRESENTATION('',(#4070),#4073);
#4070 = B_SPLINE_CURVE_WITH_KNOTS('',1,(#4071,#4072),.UNSPECIFIED.,.F.,
  .F.,(2,2),(-45.,-10.),.PIECEWISE_BEZIER_KNOTS.);
#4071 = CARTESIAN_POINT('',(55.,180.));
#4072 = CARTESIAN_POINT('',(20.,180.));
#4073 = ( GEOMETRIC_REPRESENTATION_CONTEXT(2) 
PARAMETRIC_REPRESENTATION_CONTEXT() REPRESENTATION_CONTEXT('2D SPACE',''
  ) );
#4074 = PCURVE('',#4075,#4080);
#4075 = PLANE('',#4076);
#4076 = AXIS2_PLACEMENT_3D('',#4077,#4078,#4079);
#4077 = CARTESIAN_POINT('',(-240.,150.,1.52E+03));
#4078 = DIRECTION('',(1.,0.,-0.));
#4079 = DIRECTION('',(0.,0.,1.));
#4080 = DEFINITIONAL_REPRESENTATION('',(#4081),#4084);
#4081 = B_SPLINE_CURVE_WITH_KNOTS('',1,(#4082,#4083),.UNSPECIFIED.,.F.,
  .F.,(2,2),(-45.,-10.),.PIECEWISE_BEZIER_KNOTS.);
#4082 = CARTESIAN_POINT('',(35.,-10.));
#4083 = CARTESIAN_POINT('',(0.,-10.));
#4084 = ( GEOMETRIC_REPRESENTATION_CONTEXT(2) 
PARAMETRIC_REPRESENTATION_CONTEXT() REPRESENTATION_CONTEXT('2D SPACE',''
  ) );
#4085 = FACE_BOUND('',#4086,.F.);
#4086 = EDGE_LOOP('',(#4087,#4115,#4141,#4167));
#4087 = ORIENTED_EDGE('',*,*,#4088,.F.);
#4088 = EDGE_CURVE('',#4089,#4091,#4093,.T.);
#4089 = VERTEX_POINT('',#4090);
#4090 = CARTESIAN_POINT('',(-200.,160.,1.555E+03));
#4091 = VERTEX_POINT('',#4092);
#4092 = CARTESIAN_POINT('',(-150.,160.,1.555E+03));
#4093 = SURFACE_CURVE('',#4094,(#4098,#4104),.PCURVE_S1.);
#4094 = LINE('',#4095,#4096);
#4095 = CARTESIAN_POINT('',(-310.,160.,1.555E+03));
#4096 = VECTOR('',#4097,1.);
#4097 = DIRECTION('',(1.,0.,-0.));
#4098 = PCURVE('',#3704,#4099);
#4099 = DEFINITIONAL_REPRESENTATION('',(#4100),#4103);
#4100 = B_SPLINE_CURVE_WITH_KNOTS('',1,(#4101,#4102),.UNSPECIFIED.,.F.,
  .F.,(2,2),(110.,160.),.PIECEWISE_BEZIER_KNOTS.);
#4101 = CARTESIAN_POINT('',(55.,220.));
#4102 = CARTESIAN_POINT('',(55.,270.));
#4103 = ( GEOMETRIC_REPRESENTATION_CONTEXT(2) 
PARAMETRIC_REPRESENTATION_CONTEXT() REPRESENTATION_CONTEXT('2D SPACE',''
  ) );
#4104 = PCURVE('',#4105,#4110);
#4105 = PLANE('',#4106);
#4106 = AXIS2_PLACEMENT_3D('',#4107,#4108,#4109);
#4107 = CARTESIAN_POINT('',(-200.,150.,1.555E+03));
#4108 = DIRECTION('',(0.,0.,1.));
#4109 = DIRECTION('',(1.,0.,-0.));
#4110 = DEFINITIONAL_REPRESENTATION('',(#4111),#4114);
#4111 = B_SPLINE_CURVE_WITH_KNOTS('',1,(#4112,#4113),.UNSPECIFIED.,.F.,
  .F.,(2,2),(110.,160.),.PIECEWISE_BEZIER_KNOTS.);
#4112 = CARTESIAN_POINT('',(0.,10.));
#4113 = CARTESIAN_POINT('',(50.,10.));
#4114 = ( GEOMETRIC_REPRESENTATION_CONTEXT(2) 
PARAMETRIC_REPRESENTATION_CONTEXT() REPRESENTATION_CONTEXT('2D SPACE',''
  ) );
#4115 = ORIENTED_EDGE('',*,*,#4116,.T.);
#4116 = EDGE_CURVE('',#4089,#4117,#4119,.T.);
#4117 = VERTEX_POINT('',#4118);
#4118 = CARTESIAN_POINT('',(-200.,160.,1.52E+03));
#4119 = SURFACE_CURVE('',#4120,(#4124,#4130),.PCURVE_S1.);
#4120 = LINE('',#4121,#4122);
#4121 = CARTESIAN_POINT('',(-200.,160.,1.51E+03));
#4122 = VECTOR('',#4123,1.);
#4123 = DIRECTION('',(-0.,0.,-1.));
#4124 = PCURVE('',#3704,#4125);
#4125 = DEFINITIONAL_REPRESENTATION('',(#4126),#4129);
#4126 = B_SPLINE_CURVE_WITH_KNOTS('',1,(#4127,#4128),.UNSPECIFIED.,.F.,
  .F.,(2,2),(-45.,-10.),.PIECEWISE_BEZIER_KNOTS.);
#4127 = CARTESIAN_POINT('',(55.,220.));
#4128 = CARTESIAN_POINT('',(20.,220.));
#4129 = ( GEOMETRIC_REPRESENTATION_CONTEXT(2) 
PARAMETRIC_REPRESENTATION_CONTEXT() REPRESENTATION_CONTEXT('2D SPACE',''
  ) );
#4130 = PCURVE('',#4131,#4136);
#4131 = PLANE('',#4132);
#4132 = AXIS2_PLACEMENT_3D('',#4133,#4134,#4135);
#4133 = CARTESIAN_POINT('',(-200.,150.,1.52E+03));
#4134 = DIRECTION('',(1.,0.,-0.));
#4135 = DIRECTION('',(0.,0.,1.));
#4136 = DEFINITIONAL_REPRESENTATION('',(#4137),#4140);
#4137 = B_SPLINE_CURVE_WITH_KNOTS('',1,(#4138,#4139),.UNSPECIFIED.,.F.,
  .F.,(2,2),(-45.,-10.),.PIECEWISE_BEZIER_KNOTS.);
#4138 = CARTESIAN_POINT('',(35.,-10.));
#4139 = CARTESIAN_POINT('',(0.,-10.));
#4140 = ( GEOMETRIC_REPRESENTATION_CONTEXT(2) 
PARAMETRIC_REPRESENTATION_CONTEXT() REPRESENTATION_CONTEXT('2D SPACE',''
  ) );
#4141 = ORIENTED_EDGE('',*,*,#4142,.T.);
#4142 = EDGE_CURVE('',#4117,#4143,#4145,.T.);
#4143 = VERTEX_POINT('',#4144);
#4144 = CARTESIAN_POINT('',(-150.,160.,1.52E+03));
#4145 = SURFACE_CURVE('',#4146,(#4150,#4156),.PCURVE_S1.);
#4146 = LINE('',#4147,#4148);
#4147 = CARTESIAN_POINT('',(-310.,160.,1.52E+03));
#4148 = VECTOR('',#4149,1.);
#4149 = DIRECTION('',(1.,0.,-0.));
#4150 = PCURVE('',#3704,#4151);
#4151 = DEFINITIONAL_REPRESENTATION('',(#4152),#4155);
#4152 = B_SPLINE_CURVE_WITH_KNOTS('',1,(#4153,#4154),.UNSPECIFIED.,.F.,
  .F.,(2,2),(110.,160.),.PIECEWISE_BEZIER_KNOTS.);
#4153 = CARTESIAN_POINT('',(20.,220.));
#4154 = CARTESIAN_POINT('',(20.,270.));
#4155 = ( GEOMETRIC_REPRESENTATION_CONTEXT(2) 
PARAMETRIC_REPRESENTATION_CONTEXT() REPRESENTATION_CONTEXT('2D SPACE',''
  ) );
#4156 = PCURVE('',#4157,#4162);
#4157 = PLANE('',#4158);
#4158 = AXIS2_PLACEMENT_3D('',#4159,#4160,#4161);
#4159 = CARTESIAN_POINT('',(-200.,150.,1.52E+03));
#4160 = DIRECTION('',(0.,0.,1.));
#4161 = DIRECTION('',(1.,0.,-0.));
#4162 = DEFINITIONAL_REPRESENTATION('',(#4163),#4166);
#4163 = B_SPLINE_CURVE_WITH_KNOTS('',1,(#4164,#4165),.UNSPECIFIED.,.F.,
  .F.,(2,2),(110.,160.),.PIECEWISE_BEZIER_KNOTS.);
#4164 = CARTESIAN_POINT('',(0.,10.));
#4165 = CARTESIAN_POINT('',(50.,10.));
#4166 = ( GEOMETRIC_REPRESENTATION_CONTEXT(2) 
PARAMETRIC_REPRESENTATION_CONTEXT() REPRESENTATION_CONTEXT('2D SPACE',''
  ) );
#4167 = ORIENTED_EDGE('',*,*,#4168,.F.);
#4168 = EDGE_CURVE('',#4091,#4143,#4169,.T.);
#4169 = SURFACE_CURVE('',#4170,(#4174,#4180),.PCURVE_S1.);
#4170 = LINE('',#4171,#4172);
#4171 = CARTESIAN_POINT('',(-150.,160.,1.51E+03));
#4172 = VECTOR('',#4173,1.);
#4173 = DIRECTION('',(-0.,0.,-1.));
#4174 = PCURVE('',#3704,#4175);
#4175 = DEFINITIONAL_REPRESENTATION('',(#4176),#4179);
#4176 = B_SPLINE_CURVE_WITH_KNOTS('',1,(#4177,#4178),.UNSPECIFIED.,.F.,
  .F.,(2,2),(-45.,-10.),.PIECEWISE_BEZIER_KNOTS.);
#4177 = CARTESIAN_POINT('',(55.,270.));
#4178 = CARTESIAN_POINT('',(20.,270.));
#4179 = ( GEOMETRIC_REPRESENTATION_CONTEXT(2) 
PARAMETRIC_REPRESENTATION_CONTEXT() REPRESENTATION_CONTEXT('2D SPACE',''
  ) );
#4180 = PCURVE('',#4181,#4186);
#4181 = PLANE('',#4182);
#4182 = AXIS2_PLACEMENT_3D('',#4183,#4184,#4185);
#4183 = CARTESIAN_POINT('',(-150.,150.,1.52E+03));
#4184 = DIRECTION('',(1.,0.,-0.));
#4185 = DIRECTION('',(0.,0.,1.));
#4186 = DEFINITIONAL_REPRESENTATION('',(#4187),#4190);
#4187 = B_SPLINE_CURVE_WITH_KNOTS('',1,(#4188,#4189),.UNSPECIFIED.,.F.,
  .F.,(2,2),(-45.,-10.),.PIECEWISE_BEZIER_KNOTS.);
#4188 = CARTESIAN_POINT('',(35.,-10.));
#4189 = CARTESIAN_POINT('',(0.,-10.));
#4190 = ( GEOMETRIC_REPRESENTATION_CONTEXT(2) 
PARAMETRIC_REPRESENTATION_CONTEXT() REPRESENTATION_CONTEXT('2D SPACE',''
  ) );
#4191 = FACE_BOUND('',#4192,.F.);
#4192 = EDGE_LOOP('',(#4193,#4221,#4247,#4273));
#4193 = ORIENTED_EDGE('',*,*,#4194,.F.);
#4194 = EDGE_CURVE('',#4195,#4197,#4199,.T.);
#4195 = VERTEX_POINT('',#4196);
#4196 = CARTESIAN_POINT('',(-110.,160.,1.555E+03));
#4197 = VERTEX_POINT('',#4198);
#4198 = CARTESIAN_POINT('',(-60.,160.,1.555E+03));
#4199 = SURFACE_CURVE('',#4200,(#4204,#4210),.PCURVE_S1.);
#4200 = LINE('',#4201,#4202);
#4201 = CARTESIAN_POINT('',(-265.,160.,1.555E+03));
#4202 = VECTOR('',#4203,1.);
#4203 = DIRECTION('',(1.,0.,-0.));
#4204 = PCURVE('',#3704,#4205);
#4205 = DEFINITIONAL_REPRESENTATION('',(#4206),#4209);
#4206 = B_SPLINE_CURVE_WITH_KNOTS('',1,(#4207,#4208),.UNSPECIFIED.,.F.,
  .F.,(2,2),(155.,205.),.PIECEWISE_BEZIER_KNOTS.);
#4207 = CARTESIAN_POINT('',(55.,310.));
#4208 = CARTESIAN_POINT('',(55.,360.));
#4209 = ( GEOMETRIC_REPRESENTATION_CONTEXT(2) 
PARAMETRIC_REPRESENTATION_CONTEXT() REPRESENTATION_CONTEXT('2D SPACE',''
  ) );
#4210 = PCURVE('',#4211,#4216);
#4211 = PLANE('',#4212);
#4212 = AXIS2_PLACEMENT_3D('',#4213,#4214,#4215);
#4213 = CARTESIAN_POINT('',(-110.,150.,1.555E+03));
#4214 = DIRECTION('',(0.,0.,1.));
#4215 = DIRECTION('',(1.,0.,-0.));
#4216 = DEFINITIONAL_REPRESENTATION('',(#4217),#4220);
#4217 = B_SPLINE_CURVE_WITH_KNOTS('',1,(#4218,#4219),.UNSPECIFIED.,.F.,
  .F.,(2,2),(155.,205.),.PIECEWISE_BEZIER_KNOTS.);
#4218 = CARTESIAN_POINT('',(0.,10.));
#4219 = CARTESIAN_POINT('',(50.,10.));
#4220 = ( GEOMETRIC_REPRESENTATION_CONTEXT(2) 
PARAMETRIC_REPRESENTATION_CONTEXT() REPRESENTATION_CONTEXT('2D SPACE',''
  ) );
#4221 = ORIENTED_EDGE('',*,*,#4222,.T.);
#4222 = EDGE_CURVE('',#4195,#4223,#4225,.T.);
#4223 = VERTEX_POINT('',#4224);
#4224 = CARTESIAN_POINT('',(-110.,160.,1.52E+03));
#4225 = SURFACE_CURVE('',#4226,(#4230,#4236),.PCURVE_S1.);
#4226 = LINE('',#4227,#4228);
#4227 = CARTESIAN_POINT('',(-110.,160.,1.51E+03));
#4228 = VECTOR('',#4229,1.);
#4229 = DIRECTION('',(-0.,0.,-1.));
#4230 = PCURVE('',#3704,#4231);
#4231 = DEFINITIONAL_REPRESENTATION('',(#4232),#4235);
#4232 = B_SPLINE_CURVE_WITH_KNOTS('',1,(#4233,#4234),.UNSPECIFIED.,.F.,
  .F.,(2,2),(-45.,-10.),.PIECEWISE_BEZIER_KNOTS.);
#4233 = CARTESIAN_POINT('',(55.,310.));
#4234 = CARTESIAN_POINT('',(20.,310.));
#4235 = ( GEOMETRIC_REPRESENTATION_CONTEXT(2) 
PARAMETRIC_REPRESENTATION_CONTEXT() REPRESENTATION_CONTEXT('2D SPACE',''
  ) );
#4236 = PCURVE('',#4237,#4242);
#4237 = PLANE('',#4238);
#4238 = AXIS2_PLACEMENT_3D('',#4239,#4240,#4241);
#4239 = CARTESIAN_POINT('',(-110.,150.,1.52E+03));
#4240 = DIRECTION('',(1.,0.,-0.));
#4241 = DIRECTION('',(0.,0.,1.));
#4242 = DEFINITIONAL_REPRESENTATION('',(#4243),#4246);
#4243 = B_SPLINE_CURVE_WITH_KNOTS('',1,(#4244,#4245),.UNSPECIFIED.,.F.,
  .F.,(2,2),(-45.,-10.),.PIECEWISE_BEZIER_KNOTS.);
#4244 = CARTESIAN_POINT('',(35.,-10.));
#4245 = CARTESIAN_POINT('',(0.,-10.));
#4246 = ( GEOMETRIC_REPRESENTATION_CONTEXT(2) 
PARAMETRIC_REPRESENTATION_CONTEXT() REPRESENTATION_CONTEXT('2D SPACE',''
  ) );
#4247 = ORIENTED_EDGE('',*,*,#4248,.T.);
#4248 = EDGE_CURVE('',#4223,#4249,#4251,.T.);
#4249 = VERTEX_POINT('',#4250);
#4250 = CARTESIAN_POINT('',(-60.,160.,1.52E+03));
#4251 = SURFACE_CURVE('',#4252,(#4256,#4262),.PCURVE_S1.);
#4252 = LINE('',#4253,#4254);
#4253 = CARTESIAN_POINT('',(-265.,160.,1.52E+03));
#4254 = VECTOR('',#4255,1.);
#4255 = DIRECTION('',(1.,0.,-0.));
#4256 = PCURVE('',#3704,#4257);
#4257 = DEFINITIONAL_REPRESENTATION('',(#4258),#4261);
#4258 = B_SPLINE_CURVE_WITH_KNOTS('',1,(#4259,#4260),.UNSPECIFIED.,.F.,
  .F.,(2,2),(155.,205.),.PIECEWISE_BEZIER_KNOTS.);
#4259 = CARTESIAN_POINT('',(20.,310.));
#4260 = CARTESIAN_POINT('',(20.,360.));
#4261 = ( GEOMETRIC_REPRESENTATION_CONTEXT(2) 
PARAMETRIC_REPRESENTATION_CONTEXT() REPRESENTATION_CONTEXT('2D SPACE',''
  ) );
#4262 = PCURVE('',#4263,#4268);
#4263 = PLANE('',#4264);
#4264 = AXIS2_PLACEMENT_3D('',#4265,#4266,#4267);
#4265 = CARTESIAN_POINT('',(-110.,150.,1.52E+03));
#4266 = DIRECTION('',(0.,0.,1.));
#4267 = DIRECTION('',(1.,0.,-0.));
#4268 = DEFINITIONAL_REPRESENTATION('',(#4269),#4272);
#4269 = B_SPLINE_CURVE_WITH_KNOTS('',1,(#4270,#4271),.UNSPECIFIED.,.F.,
  .F.,(2,2),(155.,205.),.PIECEWISE_BEZIER_KNOTS.);
#4270 = CARTESIAN_POINT('',(0.,10.));
#4271 = CARTESIAN_POINT('',(50.,10.));
#4272 = ( GEOMETRIC_REPRESENTATION_CONTEXT(2) 
PARAMETRIC_REPRESENTATION_CONTEXT() REPRESENTATION_CONTEXT('2D SPACE',''
  ) );
#4273 = ORIENTED_EDGE('',*,*,#4274,.F.);
#4274 = EDGE_CURVE('',#4197,#4249,#4275,.T.);
#4275 = SURFACE_CURVE('',#4276,(#4280,#4286),.PCURVE_S1.);
#4276 = LINE('',#4277,#4278);
#4277 = CARTESIAN_POINT('',(-60.,160.,1.51E+03));
#4278 = VECTOR('',#4279,1.);
#4279 = DIRECTION('',(-0.,0.,-1.));
#4280 = PCURVE('',#3704,#4281);
#4281 = DEFINITIONAL_REPRESENTATION('',(#4282),#4285);
#4282 = B_SPLINE_CURVE_WITH_KNOTS('',1,(#4283,#4284),.UNSPECIFIED.,.F.,
  .F.,(2,2),(-45.,-10.),.PIECEWISE_BEZIER_KNOTS.);
#4283 = CARTESIAN_POINT('',(55.,360.));
#4284 = CARTESIAN_POINT('',(20.,360.));
#4285 = ( GEOMETRIC_REPRESENTATION_CONTEXT(2) 
PARAMETRIC_REPRESENTATION_CONTEXT() REPRESENTATION_CONTEXT('2D SPACE',''
  ) );
#4286 = PCURVE('',#4287,#4292);
#4287 = PLANE('',#4288);
#4288 = AXIS2_PLACEMENT_3D('',#4289,#4290,#4291);
#4289 = CARTESIAN_POINT('',(-60.,150.,1.52E+03));
#4290 = DIRECTION('',(1.,0.,-0.));
#4291 = DIRECTION('',(0.,0.,1.));
#4292 = DEFINITIONAL_REPRESENTATION('',(#4293),#4296);
#4293 = B_SPLINE_CURVE_WITH_KNOTS('',1,(#4294,#4295),.UNSPECIFIED.,.F.,
  .F.,(2,2),(-45.,-10.),.PIECEWISE_BEZIER_KNOTS.);
#4294 = CARTESIAN_POINT('',(35.,-10.));
#4295 = CARTESIAN_POINT('',(0.,-10.));
#4296 = ( GEOMETRIC_REPRESENTATION_CONTEXT(2) 
PARAMETRIC_REPRESENTATION_CONTEXT() REPRESENTATION_CONTEXT('2D SPACE',''
  ) );
#4297 = FACE_BOUND('',#4298,.F.);
#4298 = EDGE_LOOP('',(#4299,#4327,#4353,#4379));
#4299 = ORIENTED_EDGE('',*,*,#4300,.F.);
#4300 = EDGE_CURVE('',#4301,#4303,#4305,.T.);
#4301 = VERTEX_POINT('',#4302);
#4302 = CARTESIAN_POINT('',(-20.,160.,1.555E+03));
#4303 = VERTEX_POINT('',#4304);
#4304 = CARTESIAN_POINT('',(30.,160.,1.555E+03));
#4305 = SURFACE_CURVE('',#4306,(#4310,#4316),.PCURVE_S1.);
#4306 = LINE('',#4307,#4308);
#4307 = CARTESIAN_POINT('',(-220.,160.,1.555E+03));
#4308 = VECTOR('',#4309,1.);
#4309 = DIRECTION('',(1.,0.,-0.));
#4310 = PCURVE('',#3704,#4311);
#4311 = DEFINITIONAL_REPRESENTATION('',(#4312),#4315);
#4312 = B_SPLINE_CURVE_WITH_KNOTS('',1,(#4313,#4314),.UNSPECIFIED.,.F.,
  .F.,(2,2),(200.,250.),.PIECEWISE_BEZIER_KNOTS.);
#4313 = CARTESIAN_POINT('',(55.,400.));
#4314 = CARTESIAN_POINT('',(55.,450.));
#4315 = ( GEOMETRIC_REPRESENTATION_CONTEXT(2) 
PARAMETRIC_REPRESENTATION_CONTEXT() REPRESENTATION_CONTEXT('2D SPACE',''
  ) );
#4316 = PCURVE('',#4317,#4322);
#4317 = PLANE('',#4318);
#4318 = AXIS2_PLACEMENT_3D('',#4319,#4320,#4321);
#4319 = CARTESIAN_POINT('',(-20.,150.,1.555E+03));
#4320 = DIRECTION('',(0.,0.,1.));
#4321 = DIRECTION('',(1.,0.,-0.));
#4322 = DEFINITIONAL_REPRESENTATION('',(#4323),#4326);
#4323 = B_SPLINE_CURVE_WITH_KNOTS('',1,(#4324,#4325),.UNSPECIFIED.,.F.,
  .F.,(2,2),(200.,250.),.PIECEWISE_BEZIER_KNOTS.);
#4324 = CARTESIAN_POINT('',(0.,10.));
#4325 = CARTESIAN_POINT('',(50.,10.));
#4326 = ( GEOMETRIC_REPRESENTATION_CONTEXT(2) 
PARAMETRIC_REPRESENTATION_CONTEXT() REPRESENTATION_CONTEXT('2D SPACE',''
  ) );
#4327 = ORIENTED_EDGE('',*,*,#4328,.T.);
#4328 = EDGE_CURVE('',#4301,#4329,#4331,.T.);
#4329 = VERTEX_POINT('',#4330);
#4330 = CARTESIAN_POINT('',(-20.,160.,1.52E+03));
#4331 = SURFACE_CURVE('',#4332,(#4336,#4342),.PCURVE_S1.);
#4332 = LINE('',#4333,#4334);
#4333 = CARTESIAN_POINT('',(-20.,160.,1.51E+03));
#4334 = VECTOR('',#4335,1.);
#4335 = DIRECTION('',(-0.,0.,-1.));
#4336 = PCURVE('',#3704,#4337);
#4337 = DEFINITIONAL_REPRESENTATION('',(#4338),#4341);
#4338 = B_SPLINE_CURVE_WITH_KNOTS('',1,(#4339,#4340),.UNSPECIFIED.,.F.,
  .F.,(2,2),(-45.,-10.),.PIECEWISE_BEZIER_KNOTS.);
#4339 = CARTESIAN_POINT('',(55.,400.));
#4340 = CARTESIAN_POINT('',(20.,400.));
#4341 = ( GEOMETRIC_REPRESENTATION_CONTEXT(2) 
PARAMETRIC_REPRESENTATION_CONTEXT() REPRESENTATION_CONTEXT('2D SPACE',''
  ) );
#4342 = PCURVE('',#4343,#4348);
#4343 = PLANE('',#4344);
#4344 = AXIS2_PLACEMENT_3D('',#4345,#4346,#4347);
#4345 = CARTESIAN_POINT('',(-20.,150.,1.52E+03));
#4346 = DIRECTION('',(1.,0.,-0.));
#4347 = DIRECTION('',(0.,0.,1.));
#4348 = DEFINITIONAL_REPRESENTATION('',(#4349),#4352);
#4349 = B_SPLINE_CURVE_WITH_KNOTS('',1,(#4350,#4351),.UNSPECIFIED.,.F.,
  .F.,(2,2),(-45.,-10.),.PIECEWISE_BEZIER_KNOTS.);
#4350 = CARTESIAN_POINT('',(35.,-10.));
#4351 = CARTESIAN_POINT('',(0.,-10.));
#4352 = ( GEOMETRIC_REPRESENTATION_CONTEXT(2) 
PARAMETRIC_REPRESENTATION_CONTEXT() REPRESENTATION_CONTEXT('2D SPACE',''
  ) );
#4353 = ORIENTED_EDGE('',*,*,#4354,.T.);
#4354 = EDGE_CURVE('',#4329,#4355,#4357,.T.);
#4355 = VERTEX_POINT('',#4356);
#4356 = CARTESIAN_POINT('',(30.,160.,1.52E+03));
#4357 = SURFACE_CURVE('',#4358,(#4362,#4368),.PCURVE_S1.);
#4358 = LINE('',#4359,#4360);
#4359 = CARTESIAN_POINT('',(-220.,160.,1.52E+03));
#4360 = VECTOR('',#4361,1.);
#4361 = DIRECTION('',(1.,0.,-0.));
#4362 = PCURVE('',#3704,#4363);
#4363 = DEFINITIONAL_REPRESENTATION('',(#4364),#4367);
#4364 = B_SPLINE_CURVE_WITH_KNOTS('',1,(#4365,#4366),.UNSPECIFIED.,.F.,
  .F.,(2,2),(200.,250.),.PIECEWISE_BEZIER_KNOTS.);
#4365 = CARTESIAN_POINT('',(20.,400.));
#4366 = CARTESIAN_POINT('',(20.,450.));
#4367 = ( GEOMETRIC_REPRESENTATION_CONTEXT(2) 
PARAMETRIC_REPRESENTATION_CONTEXT() REPRESENTATION_CONTEXT('2D SPACE',''
  ) );
#4368 = PCURVE('',#4369,#4374);
#4369 = PLANE('',#4370);
#4370 = AXIS2_PLACEMENT_3D('',#4371,#4372,#4373);
#4371 = CARTESIAN_POINT('',(-20.,150.,1.52E+03));
#4372 = DIRECTION('',(0.,0.,1.));
#4373 = DIRECTION('',(1.,0.,-0.));
#4374 = DEFINITIONAL_REPRESENTATION('',(#4375),#4378);
#4375 = B_SPLINE_CURVE_WITH_KNOTS('',1,(#4376,#4377),.UNSPECIFIED.,.F.,
  .F.,(2,2),(200.,250.),.PIECEWISE_BEZIER_KNOTS.);
#4376 = CARTESIAN_POINT('',(0.,10.));
#4377 = CARTESIAN_POINT('',(50.,10.));
#4378 = ( GEOMETRIC_REPRESENTATION_CONTEXT(2) 
PARAMETRIC_REPRESENTATION_CONTEXT() REPRESENTATION_CONTEXT('2D SPACE',''
  ) );
#4379 = ORIENTED_EDGE('',*,*,#4380,.F.);
#4380 = EDGE_CURVE('',#4303,#4355,#4381,.T.);
#4381 = SURFACE_CURVE('',#4382,(#4386,#4392),.PCURVE_S1.);
#4382 = LINE('',#4383,#4384);
#4383 = CARTESIAN_POINT('',(30.,160.,1.51E+03));
#4384 = VECTOR('',#4385,1.);
#4385 = DIRECTION('',(-0.,0.,-1.));
#4386 = PCURVE('',#3704,#4387);
#4387 = DEFINITIONAL_REPRESENTATION('',(#4388),#4391);
#4388 = B_SPLINE_CURVE_WITH_KNOTS('',1,(#4389,#4390),.UNSPECIFIED.,.F.,
  .F.,(2,2),(-45.,-10.),.PIECEWISE_BEZIER_KNOTS.);
#4389 = CARTESIAN_POINT('',(55.,450.));
#4390 = CARTESIAN_POINT('',(20.,450.));
#4391 = ( GEOMETRIC_REPRESENTATION_CONTEXT(2) 
PARAMETRIC_REPRESENTATION_CONTEXT() REPRESENTATION_CONTEXT('2D SPACE',''
  ) );
#4392 = PCURVE('',#4393,#4398);
#4393 = PLANE('',#4394);
#4394 = AXIS2_PLACEMENT_3D('',#4395,#4396,#4397);
#4395 = CARTESIAN_POINT('',(30.,150.,1.52E+03));
#4396 = DIRECTION('',(1.,0.,-0.));
#4397 = DIRECTION('',(0.,0.,1.));
#4398 = DEFINITIONAL_REPRESENTATION('',(#4399),#4402);
#4399 = B_SPLINE_CURVE_WITH_KNOTS('',1,(#4400,#4401),.UNSPECIFIED.,.F.,
  .F.,(2,2),(-45.,-10.),.PIECEWISE_BEZIER_KNOTS.);
#4400 = CARTESIAN_POINT('',(35.,-10.));
#4401 = CARTESIAN_POINT('',(0.,-10.));
#4402 = ( GEOMETRIC_REPRESENTATION_CONTEXT(2) 
PARAMETRIC_REPRESENTATION_CONTEXT() REPRESENTATION_CONTEXT('2D SPACE',''
  ) );
#4403 = FACE_BOUND('',#4404,.F.);
#4404 = EDGE_LOOP('',(#4405,#4433,#4459,#4485));
#4405 = ORIENTED_EDGE('',*,*,#4406,.F.);
#4406 = EDGE_CURVE('',#4407,#4409,#4411,.T.);
#4407 = VERTEX_POINT('',#4408);
#4408 = CARTESIAN_POINT('',(70.,160.,1.555E+03));
#4409 = VERTEX_POINT('',#4410);
#4410 = CARTESIAN_POINT('',(120.,160.,1.555E+03));
#4411 = SURFACE_CURVE('',#4412,(#4416,#4422),.PCURVE_S1.);
#4412 = LINE('',#4413,#4414);
#4413 = CARTESIAN_POINT('',(-175.,160.,1.555E+03));
#4414 = VECTOR('',#4415,1.);
#4415 = DIRECTION('',(1.,0.,-0.));
#4416 = PCURVE('',#3704,#4417);
#4417 = DEFINITIONAL_REPRESENTATION('',(#4418),#4421);
#4418 = B_SPLINE_CURVE_WITH_KNOTS('',1,(#4419,#4420),.UNSPECIFIED.,.F.,
  .F.,(2,2),(245.,295.),.PIECEWISE_BEZIER_KNOTS.);
#4419 = CARTESIAN_POINT('',(55.,490.));
#4420 = CARTESIAN_POINT('',(55.,540.));
#4421 = ( GEOMETRIC_REPRESENTATION_CONTEXT(2) 
PARAMETRIC_REPRESENTATION_CONTEXT() REPRESENTATION_CONTEXT('2D SPACE',''
  ) );
#4422 = PCURVE('',#4423,#4428);
#4423 = PLANE('',#4424);
#4424 = AXIS2_PLACEMENT_3D('',#4425,#4426,#4427);
#4425 = CARTESIAN_POINT('',(70.,150.,1.555E+03));
#4426 = DIRECTION('',(0.,0.,1.));
#4427 = DIRECTION('',(1.,0.,-0.));
#4428 = DEFINITIONAL_REPRESENTATION('',(#4429),#4432);
#4429 = B_SPLINE_CURVE_WITH_KNOTS('',1,(#4430,#4431),.UNSPECIFIED.,.F.,
  .F.,(2,2),(245.,295.),.PIECEWISE_BEZIER_KNOTS.);
#4430 = CARTESIAN_POINT('',(0.,10.));
#4431 = CARTESIAN_POINT('',(50.,10.));
#4432 = ( GEOMETRIC_REPRESENTATION_CONTEXT(2) 
PARAMETRIC_REPRESENTATION_CONTEXT() REPRESENTATION_CONTEXT('2D SPACE',''
  ) );
#4433 = ORIENTED_EDGE('',*,*,#4434,.T.);
#4434 = EDGE_CURVE('',#4407,#4435,#4437,.T.);
#4435 = VERTEX_POINT('',#4436);
#4436 = CARTESIAN_POINT('',(70.,160.,1.52E+03));
#4437 = SURFACE_CURVE('',#4438,(#4442,#4448),.PCURVE_S1.);
#4438 = LINE('',#4439,#4440);
#4439 = CARTESIAN_POINT('',(70.,160.,1.51E+03));
#4440 = VECTOR('',#4441,1.);
#4441 = DIRECTION('',(-0.,0.,-1.));
#4442 = PCURVE('',#3704,#4443);
#4443 = DEFINITIONAL_REPRESENTATION('',(#4444),#4447);
#4444 = B_SPLINE_CURVE_WITH_KNOTS('',1,(#4445,#4446),.UNSPECIFIED.,.F.,
  .F.,(2,2),(-45.,-10.),.PIECEWISE_BEZIER_KNOTS.);
#4445 = CARTESIAN_POINT('',(55.,490.));
#4446 = CARTESIAN_POINT('',(20.,490.));
#4447 = ( GEOMETRIC_REPRESENTATION_CONTEXT(2) 
PARAMETRIC_REPRESENTATION_CONTEXT() REPRESENTATION_CONTEXT('2D SPACE',''
  ) );
#4448 = PCURVE('',#4449,#4454);
#4449 = PLANE('',#4450);
#4450 = AXIS2_PLACEMENT_3D('',#4451,#4452,#4453);
#4451 = CARTESIAN_POINT('',(70.,150.,1.52E+03));
#4452 = DIRECTION('',(1.,0.,-0.));
#4453 = DIRECTION('',(0.,0.,1.));
#4454 = DEFINITIONAL_REPRESENTATION('',(#4455),#4458);
#4455 = B_SPLINE_CURVE_WITH_KNOTS('',1,(#4456,#4457),.UNSPECIFIED.,.F.,
  .F.,(2,2),(-45.,-10.),.PIECEWISE_BEZIER_KNOTS.);
#4456 = CARTESIAN_POINT('',(35.,-10.));
#4457 = CARTESIAN_POINT('',(0.,-10.));
#4458 = ( GEOMETRIC_REPRESENTATION_CONTEXT(2) 
PARAMETRIC_REPRESENTATION_CONTEXT() REPRESENTATION_CONTEXT('2D SPACE',''
  ) );
#4459 = ORIENTED_EDGE('',*,*,#4460,.T.);
#4460 = EDGE_CURVE('',#4435,#4461,#4463,.T.);
#4461 = VERTEX_POINT('',#4462);
#4462 = CARTESIAN_POINT('',(120.,160.,1.52E+03));
#4463 = SURFACE_CURVE('',#4464,(#4468,#4474),.PCURVE_S1.);
#4464 = LINE('',#4465,#4466);
#4465 = CARTESIAN_POINT('',(-175.,160.,1.52E+03));
#4466 = VECTOR('',#4467,1.);
#4467 = DIRECTION('',(1.,0.,-0.));
#4468 = PCURVE('',#3704,#4469);
#4469 = DEFINITIONAL_REPRESENTATION('',(#4470),#4473);
#4470 = B_SPLINE_CURVE_WITH_KNOTS('',1,(#4471,#4472),.UNSPECIFIED.,.F.,
  .F.,(2,2),(245.,295.),.PIECEWISE_BEZIER_KNOTS.);
#4471 = CARTESIAN_POINT('',(20.,490.));
#4472 = CARTESIAN_POINT('',(20.,540.));
#4473 = ( GEOMETRIC_REPRESENTATION_CONTEXT(2) 
PARAMETRIC_REPRESENTATION_CONTEXT() REPRESENTATION_CONTEXT('2D SPACE',''
  ) );
#4474 = PCURVE('',#4475,#4480);
#4475 = PLANE('',#4476);
#4476 = AXIS2_PLACEMENT_3D('',#4477,#4478,#4479);
#4477 = CARTESIAN_POINT('',(70.,150.,1.52E+03));
#4478 = DIRECTION('',(0.,0.,1.));
#4479 = DIRECTION('',(1.,0.,-0.));
#4480 = DEFINITIONAL_REPRESENTATION('',(#4481),#4484);
#4481 = B_SPLINE_CURVE_WITH_KNOTS('',1,(#4482,#4483),.UNSPECIFIED.,.F.,
  .F.,(2,2),(245.,295.),.PIECEWISE_BEZIER_KNOTS.);
#4482 = CARTESIAN_POINT('',(0.,10.));
#4483 = CARTESIAN_POINT('',(50.,10.));
#4484 = ( GEOMETRIC_REPRESENTATION_CONTEXT(2) 
PARAMETRIC_REPRESENTATION_CONTEXT() REPRESENTATION_CONTEXT('2D SPACE',''
  ) );
#4485 = ORIENTED_EDGE('',*,*,#4486,.F.);
#4486 = EDGE_CURVE('',#4409,#4461,#4487,.T.);
#4487 = SURFACE_CURVE('',#4488,(#4492,#4498),.PCURVE_S1.);
#4488 = LINE('',#4489,#4490);
#4489 = CARTESIAN_POINT('',(120.,160.,1.51E+03));
#4490 = VECTOR('',#4491,1.);
#4491 = DIRECTION('',(-0.,0.,-1.));
#4492 = PCURVE('',#3704,#4493);
#4493 = DEFINITIONAL_REPRESENTATION('',(#4494),#4497);
#4494 = B_SPLINE_CURVE_WITH_KNOTS('',1,(#4495,#4496),.UNSPECIFIED.,.F.,
  .F.,(2,2),(-45.,-10.),.PIECEWISE_BEZIER_KNOTS.);
#4495 = CARTESIAN_POINT('',(55.,540.));
#4496 = CARTESIAN_POINT('',(20.,540.));
#4497 = ( GEOMETRIC_REPRESENTATION_CONTEXT(2) 
PARAMETRIC_REPRESENTATION_CONTEXT() REPRESENTATION_CONTEXT('2D SPACE',''
  ) );
#4498 = PCURVE('',#4499,#4504);
#4499 = PLANE('',#4500);
#4500 = AXIS2_PLACEMENT_3D('',#4501,#4502,#4503);
#4501 = CARTESIAN_POINT('',(120.,150.,1.52E+03));
#4502 = DIRECTION('',(1.,0.,-0.));
#4503 = DIRECTION('',(0.,0.,1.));
#4504 = DEFINITIONAL_REPRESENTATION('',(#4505),#4508);
#4505 = B_SPLINE_CURVE_WITH_KNOTS('',1,(#4506,#4507),.UNSPECIFIED.,.F.,
  .F.,(2,2),(-45.,-10.),.PIECEWISE_BEZIER_KNOTS.);
#4506 = CARTESIAN_POINT('',(35.,-10.));
#4507 = CARTESIAN_POINT('',(0.,-10.));
#4508 = ( GEOMETRIC_REPRESENTATION_CONTEXT(2) 
PARAMETRIC_REPRESENTATION_CONTEXT() REPRESENTATION_CONTEXT('2D SPACE',''
  ) );
#4509 = FACE_BOUND('',#4510,.F.);
#4510 = EDGE_LOOP('',(#4511,#4539,#4565,#4591));
#4511 = ORIENTED_EDGE('',*,*,#4512,.F.);
#4512 = EDGE_CURVE('',#4513,#4515,#4517,.T.);
#4513 = VERTEX_POINT('',#4514);
#4514 = CARTESIAN_POINT('',(160.,160.,1.555E+03));
#4515 = VERTEX_POINT('',#4516);
#4516 = CARTESIAN_POINT('',(210.,160.,1.555E+03));
#4517 = SURFACE_CURVE('',#4518,(#4522,#4528),.PCURVE_S1.);
#4518 = LINE('',#4519,#4520);
#4519 = CARTESIAN_POINT('',(-130.,160.,1.555E+03));
#4520 = VECTOR('',#4521,1.);
#4521 = DIRECTION('',(1.,0.,-0.));
#4522 = PCURVE('',#3704,#4523);
#4523 = DEFINITIONAL_REPRESENTATION('',(#4524),#4527);
#4524 = B_SPLINE_CURVE_WITH_KNOTS('',1,(#4525,#4526),.UNSPECIFIED.,.F.,
  .F.,(2,2),(290.,340.),.PIECEWISE_BEZIER_KNOTS.);
#4525 = CARTESIAN_POINT('',(55.,580.));
#4526 = CARTESIAN_POINT('',(55.,630.));
#4527 = ( GEOMETRIC_REPRESENTATION_CONTEXT(2) 
PARAMETRIC_REPRESENTATION_CONTEXT() REPRESENTATION_CONTEXT('2D SPACE',''
  ) );
#4528 = PCURVE('',#4529,#4534);
#4529 = PLANE('',#4530);
#4530 = AXIS2_PLACEMENT_3D('',#4531,#4532,#4533);
#4531 = CARTESIAN_POINT('',(160.,150.,1.555E+03));
#4532 = DIRECTION('',(0.,0.,1.));
#4533 = DIRECTION('',(1.,0.,-0.));
#4534 = DEFINITIONAL_REPRESENTATION('',(#4535),#4538);
#4535 = B_SPLINE_CURVE_WITH_KNOTS('',1,(#4536,#4537),.UNSPECIFIED.,.F.,
  .F.,(2,2),(290.,340.),.PIECEWISE_BEZIER_KNOTS.);
#4536 = CARTESIAN_POINT('',(0.,10.));
#4537 = CARTESIAN_POINT('',(50.,10.));
#4538 = ( GEOMETRIC_REPRESENTATION_CONTEXT(2) 
PARAMETRIC_REPRESENTATION_CONTEXT() REPRESENTATION_CONTEXT('2D SPACE',''
  ) );
#4539 = ORIENTED_EDGE('',*,*,#4540,.T.);
#4540 = EDGE_CURVE('',#4513,#4541,#4543,.T.);
#4541 = VERTEX_POINT('',#4542);
#4542 = CARTESIAN_POINT('',(160.,160.,1.52E+03));
#4543 = SURFACE_CURVE('',#4544,(#4548,#4554),.PCURVE_S1.);
#4544 = LINE('',#4545,#4546);
#4545 = CARTESIAN_POINT('',(160.,160.,1.51E+03));
#4546 = VECTOR('',#4547,1.);
#4547 = DIRECTION('',(-0.,0.,-1.));
#4548 = PCURVE('',#3704,#4549);
#4549 = DEFINITIONAL_REPRESENTATION('',(#4550),#4553);
#4550 = B_SPLINE_CURVE_WITH_KNOTS('',1,(#4551,#4552),.UNSPECIFIED.,.F.,
  .F.,(2,2),(-45.,-10.),.PIECEWISE_BEZIER_KNOTS.);
#4551 = CARTESIAN_POINT('',(55.,580.));
#4552 = CARTESIAN_POINT('',(20.,580.));
#4553 = ( GEOMETRIC_REPRESENTATION_CONTEXT(2) 
PARAMETRIC_REPRESENTATION_CONTEXT() REPRESENTATION_CONTEXT('2D SPACE',''
  ) );
#4554 = PCURVE('',#4555,#4560);
#4555 = PLANE('',#4556);
#4556 = AXIS2_PLACEMENT_3D('',#4557,#4558,#4559);
#4557 = CARTESIAN_POINT('',(160.,150.,1.52E+03));
#4558 = DIRECTION('',(1.,0.,-0.));
#4559 = DIRECTION('',(0.,0.,1.));
#4560 = DEFINITIONAL_REPRESENTATION('',(#4561),#4564);
#4561 = B_SPLINE_CURVE_WITH_KNOTS('',1,(#4562,#4563),.UNSPECIFIED.,.F.,
  .F.,(2,2),(-45.,-10.),.PIECEWISE_BEZIER_KNOTS.);
#4562 = CARTESIAN_POINT('',(35.,-10.));
#4563 = CARTESIAN_POINT('',(0.,-10.));
#4564 = ( GEOMETRIC_REPRESENTATION_CONTEXT(2) 
PARAMETRIC_REPRESENTATION_CONTEXT() REPRESENTATION_CONTEXT('2D SPACE',''
  ) );
#4565 = ORIENTED_EDGE('',*,*,#4566,.T.);
#4566 = EDGE_CURVE('',#4541,#4567,#4569,.T.);
#4567 = VERTEX_POINT('',#4568);
#4568 = CARTESIAN_POINT('',(210.,160.,1.52E+03));
#4569 = SURFACE_CURVE('',#4570,(#4574,#4580),.PCURVE_S1.);
#4570 = LINE('',#4571,#4572);
#4571 = CARTESIAN_POINT('',(-130.,160.,1.52E+03));
#4572 = VECTOR('',#4573,1.);
#4573 = DIRECTION('',(1.,0.,-0.));
#4574 = PCURVE('',#3704,#4575);
#4575 = DEFINITIONAL_REPRESENTATION('',(#4576),#4579);
#4576 = B_SPLINE_CURVE_WITH_KNOTS('',1,(#4577,#4578),.UNSPECIFIED.,.F.,
  .F.,(2,2),(290.,340.),.PIECEWISE_BEZIER_KNOTS.);
#4577 = CARTESIAN_POINT('',(20.,580.));
#4578 = CARTESIAN_POINT('',(20.,630.));
#4579 = ( GEOMETRIC_REPRESENTATION_CONTEXT(2) 
PARAMETRIC_REPRESENTATION_CONTEXT() REPRESENTATION_CONTEXT('2D SPACE',''
  ) );
#4580 = PCURVE('',#4581,#4586);
#4581 = PLANE('',#4582);
#4582 = AXIS2_PLACEMENT_3D('',#4583,#4584,#4585);
#4583 = CARTESIAN_POINT('',(160.,150.,1.52E+03));
#4584 = DIRECTION('',(0.,0.,1.));
#4585 = DIRECTION('',(1.,0.,-0.));
#4586 = DEFINITIONAL_REPRESENTATION('',(#4587),#4590);
#4587 = B_SPLINE_CURVE_WITH_KNOTS('',1,(#4588,#4589),.UNSPECIFIED.,.F.,
  .F.,(2,2),(290.,340.),.PIECEWISE_BEZIER_KNOTS.);
#4588 = CARTESIAN_POINT('',(0.,10.));
#4589 = CARTESIAN_POINT('',(50.,10.));
#4590 = ( GEOMETRIC_REPRESENTATION_CONTEXT(2) 
PARAMETRIC_REPRESENTATION_CONTEXT() REPRESENTATION_CONTEXT('2D SPACE',''
  ) );
#4591 = ORIENTED_EDGE('',*,*,#4592,.F.);
#4592 = EDGE_CURVE('',#4515,#4567,#4593,.T.);
#4593 = SURFACE_CURVE('',#4594,(#4598,#4604),.PCURVE_S1.);
#4594 = LINE('',#4595,#4596);
#4595 = CARTESIAN_POINT('',(210.,160.,1.51E+03));
#4596 = VECTOR('',#4597,1.);
#4597 = DIRECTION('',(-0.,0.,-1.));
#4598 = PCURVE('',#3704,#4599);
#4599 = DEFINITIONAL_REPRESENTATION('',(#4600),#4603);
#4600 = B_SPLINE_CURVE_WITH_KNOTS('',1,(#4601,#4602),.UNSPECIFIED.,.F.,
  .F.,(2,2),(-45.,-10.),.PIECEWISE_BEZIER_KNOTS.);
#4601 = CARTESIAN_POINT('',(55.,630.));
#4602 = CARTESIAN_POINT('',(20.,630.));
#4603 = ( GEOMETRIC_REPRESENTATION_CONTEXT(2) 
PARAMETRIC_REPRESENTATION_CONTEXT() REPRESENTATION_CONTEXT('2D SPACE',''
  ) );
#4604 = PCURVE('',#4605,#4610);
#4605 = PLANE('',#4606);
#4606 = AXIS2_PLACEMENT_3D('',#4607,#4608,#4609);
#4607 = CARTESIAN_POINT('',(210.,150.,1.52E+03));
#4608 = DIRECTION('',(1.,0.,-0.));
#4609 = DIRECTION('',(0.,0.,1.));
#4610 = DEFINITIONAL_REPRESENTATION('',(#4611),#4614);
#4611 = B_SPLINE_CURVE_WITH_KNOTS('',1,(#4612,#4613),.UNSPECIFIED.,.F.,
  .F.,(2,2),(-45.,-10.),.PIECEWISE_BEZIER_KNOTS.);
#4612 = CARTESIAN_POINT('',(35.,-10.));
#4613 = CARTESIAN_POINT('',(0.,-10.));
#4614 = ( GEOMETRIC_REPRESENTATION_CONTEXT(2) 
PARAMETRIC_REPRESENTATION_CONTEXT() REPRESENTATION_CONTEXT('2D SPACE',''
  ) );
#4615 = FACE_BOUND('',#4616,.F.);
#4616 = EDGE_LOOP('',(#4617,#4645,#4671,#4697));
#4617 = ORIENTED_EDGE('',*,*,#4618,.F.);
#4618 = EDGE_CURVE('',#4619,#4621,#4623,.T.);
#4619 = VERTEX_POINT('',#4620);
#4620 = CARTESIAN_POINT('',(250.,160.,1.555E+03));
#4621 = VERTEX_POINT('',#4622);
#4622 = CARTESIAN_POINT('',(300.,160.,1.555E+03));
#4623 = SURFACE_CURVE('',#4624,(#4628,#4634),.PCURVE_S1.);
#4624 = LINE('',#4625,#4626);
#4625 = CARTESIAN_POINT('',(-85.,160.,1.555E+03));
#4626 = VECTOR('',#4627,1.);
#4627 = DIRECTION('',(1.,0.,-0.));
#4628 = PCURVE('',#3704,#4629);
#4629 = DEFINITIONAL_REPRESENTATION('',(#4630),#4633);
#4630 = B_SPLINE_CURVE_WITH_KNOTS('',1,(#4631,#4632),.UNSPECIFIED.,.F.,
  .F.,(2,2),(335.,385.),.PIECEWISE_BEZIER_KNOTS.);
#4631 = CARTESIAN_POINT('',(55.,670.));
#4632 = CARTESIAN_POINT('',(55.,720.));
#4633 = ( GEOMETRIC_REPRESENTATION_CONTEXT(2) 
PARAMETRIC_REPRESENTATION_CONTEXT() REPRESENTATION_CONTEXT('2D SPACE',''
  ) );
#4634 = PCURVE('',#4635,#4640);
#4635 = PLANE('',#4636);
#4636 = AXIS2_PLACEMENT_3D('',#4637,#4638,#4639);
#4637 = CARTESIAN_POINT('',(250.,150.,1.555E+03));
#4638 = DIRECTION('',(0.,0.,1.));
#4639 = DIRECTION('',(1.,0.,-0.));
#4640 = DEFINITIONAL_REPRESENTATION('',(#4641),#4644);
#4641 = B_SPLINE_CURVE_WITH_KNOTS('',1,(#4642,#4643),.UNSPECIFIED.,.F.,
  .F.,(2,2),(335.,385.),.PIECEWISE_BEZIER_KNOTS.);
#4642 = CARTESIAN_POINT('',(0.,10.));
#4643 = CARTESIAN_POINT('',(50.,10.));
#4644 = ( GEOMETRIC_REPRESENTATION_CONTEXT(2) 
PARAMETRIC_REPRESENTATION_CONTEXT() REPRESENTATION_CONTEXT('2D SPACE',''
  ) );
#4645 = ORIENTED_EDGE('',*,*,#4646,.T.);
#4646 = EDGE_CURVE('',#4619,#4647,#4649,.T.);
#4647 = VERTEX_POINT('',#4648);
#4648 = CARTESIAN_POINT('',(250.,160.,1.52E+03));
#4649 = SURFACE_CURVE('',#4650,(#4654,#4660),.PCURVE_S1.);
#4650 = LINE('',#4651,#4652);
#4651 = CARTESIAN_POINT('',(250.,160.,1.51E+03));
#4652 = VECTOR('',#4653,1.);
#4653 = DIRECTION('',(-0.,0.,-1.));
#4654 = PCURVE('',#3704,#4655);
#4655 = DEFINITIONAL_REPRESENTATION('',(#4656),#4659);
#4656 = B_SPLINE_CURVE_WITH_KNOTS('',1,(#4657,#4658),.UNSPECIFIED.,.F.,
  .F.,(2,2),(-45.,-10.),.PIECEWISE_BEZIER_KNOTS.);
#4657 = CARTESIAN_POINT('',(55.,670.));
#4658 = CARTESIAN_POINT('',(20.,670.));
#4659 = ( GEOMETRIC_REPRESENTATION_CONTEXT(2) 
PARAMETRIC_REPRESENTATION_CONTEXT() REPRESENTATION_CONTEXT('2D SPACE',''
  ) );
#4660 = PCURVE('',#4661,#4666);
#4661 = PLANE('',#4662);
#4662 = AXIS2_PLACEMENT_3D('',#4663,#4664,#4665);
#4663 = CARTESIAN_POINT('',(250.,150.,1.52E+03));
#4664 = DIRECTION('',(1.,0.,-0.));
#4665 = DIRECTION('',(0.,0.,1.));
#4666 = DEFINITIONAL_REPRESENTATION('',(#4667),#4670);
#4667 = B_SPLINE_CURVE_WITH_KNOTS('',1,(#4668,#4669),.UNSPECIFIED.,.F.,
  .F.,(2,2),(-45.,-10.),.PIECEWISE_BEZIER_KNOTS.);
#4668 = CARTESIAN_POINT('',(35.,-10.));
#4669 = CARTESIAN_POINT('',(0.,-10.));
#4670 = ( GEOMETRIC_REPRESENTATION_CONTEXT(2) 
PARAMETRIC_REPRESENTATION_CONTEXT() REPRESENTATION_CONTEXT('2D SPACE',''
  ) );
#4671 = ORIENTED_EDGE('',*,*,#4672,.T.);
#4672 = EDGE_CURVE('',#4647,#4673,#4675,.T.);
#4673 = VERTEX_POINT('',#4674);
#4674 = CARTESIAN_POINT('',(300.,160.,1.52E+03));
#4675 = SURFACE_CURVE('',#4676,(#4680,#4686),.PCURVE_S1.);
#4676 = LINE('',#4677,#4678);
#4677 = CARTESIAN_POINT('',(-85.,160.,1.52E+03));
#4678 = VECTOR('',#4679,1.);
#4679 = DIRECTION('',(1.,0.,-0.));
#4680 = PCURVE('',#3704,#4681);
#4681 = DEFINITIONAL_REPRESENTATION('',(#4682),#4685);
#4682 = B_SPLINE_CURVE_WITH_KNOTS('',1,(#4683,#4684),.UNSPECIFIED.,.F.,
  .F.,(2,2),(335.,385.),.PIECEWISE_BEZIER_KNOTS.);
#4683 = CARTESIAN_POINT('',(20.,670.));
#4684 = CARTESIAN_POINT('',(20.,720.));
#4685 = ( GEOMETRIC_REPRESENTATION_CONTEXT(2) 
PARAMETRIC_REPRESENTATION_CONTEXT() REPRESENTATION_CONTEXT('2D SPACE',''
  ) );
#4686 = PCURVE('',#4687,#4692);
#4687 = PLANE('',#4688);
#4688 = AXIS2_PLACEMENT_3D('',#4689,#4690,#4691);
#4689 = CARTESIAN_POINT('',(250.,150.,1.52E+03));
#4690 = DIRECTION('',(0.,0.,1.));
#4691 = DIRECTION('',(1.,0.,-0.));
#4692 = DEFINITIONAL_REPRESENTATION('',(#4693),#4696);
#4693 = B_SPLINE_CURVE_WITH_KNOTS('',1,(#4694,#4695),.UNSPECIFIED.,.F.,
  .F.,(2,2),(335.,385.),.PIECEWISE_BEZIER_KNOTS.);
#4694 = CARTESIAN_POINT('',(0.,10.));
#4695 = CARTESIAN_POINT('',(50.,10.));
#4696 = ( GEOMETRIC_REPRESENTATION_CONTEXT(2) 
PARAMETRIC_REPRESENTATION_CONTEXT() REPRESENTATION_CONTEXT('2D SPACE',''
  ) );
#4697 = ORIENTED_EDGE('',*,*,#4698,.F.);
#4698 = EDGE_CURVE('',#4621,#4673,#4699,.T.);
#4699 = SURFACE_CURVE('',#4700,(#4704,#4710),.PCURVE_S1.);
#4700 = LINE('',#4701,#4702);
#4701 = CARTESIAN_POINT('',(300.,160.,1.51E+03));
#4702 = VECTOR('',#4703,1.);
#4703 = DIRECTION('',(-0.,0.,-1.));
#4704 = PCURVE('',#3704,#4705);
#4705 = DEFINITIONAL_REPRESENTATION('',(#4706),#4709);
#4706 = B_SPLINE_CURVE_WITH_KNOTS('',1,(#4707,#4708),.UNSPECIFIED.,.F.,
  .F.,(2,2),(-45.,-10.),.PIECEWISE_BEZIER_KNOTS.);
#4707 = CARTESIAN_POINT('',(55.,720.));
#4708 = CARTESIAN_POINT('',(20.,720.));
#4709 = ( GEOMETRIC_REPRESENTATION_CONTEXT(2) 
PARAMETRIC_REPRESENTATION_CONTEXT() REPRESENTATION_CONTEXT('2D SPACE',''
  ) );
#4710 = PCURVE('',#4711,#4716);
#4711 = PLANE('',#4712);
#4712 = AXIS2_PLACEMENT_3D('',#4713,#4714,#4715);
#4713 = CARTESIAN_POINT('',(300.,150.,1.52E+03));
#4714 = DIRECTION('',(1.,0.,-0.));
#4715 = DIRECTION('',(0.,0.,1.));
#4716 = DEFINITIONAL_REPRESENTATION('',(#4717),#4720);
#4717 = B_SPLINE_CURVE_WITH_KNOTS('',1,(#4718,#4719),.UNSPECIFIED.,.F.,
  .F.,(2,2),(-45.,-10.),.PIECEWISE_BEZIER_KNOTS.);
#4718 = CARTESIAN_POINT('',(35.,-10.));
#4719 = CARTESIAN_POINT('',(0.,-10.));
#4720 = ( GEOMETRIC_REPRESENTATION_CONTEXT(2) 
PARAMETRIC_REPRESENTATION_CONTEXT() REPRESENTATION_CONTEXT('2D SPACE',''
  ) );
#4721 = FACE_BOUND('',#4722,.F.);
#4722 = EDGE_LOOP('',(#4723,#4751,#4777,#4803));
#4723 = ORIENTED_EDGE('',*,*,#4724,.F.);
#4724 = EDGE_CURVE('',#4725,#4727,#4729,.T.);
#4725 = VERTEX_POINT('',#4726);
#4726 = CARTESIAN_POINT('',(340.,160.,1.555E+03));
#4727 = VERTEX_POINT('',#4728);
#4728 = CARTESIAN_POINT('',(390.,160.,1.555E+03));
#4729 = SURFACE_CURVE('',#4730,(#4734,#4740),.PCURVE_S1.);
#4730 = LINE('',#4731,#4732);
#4731 = CARTESIAN_POINT('',(-40.,160.,1.555E+03));
#4732 = VECTOR('',#4733,1.);
#4733 = DIRECTION('',(1.,0.,-0.));
#4734 = PCURVE('',#3704,#4735);
#4735 = DEFINITIONAL_REPRESENTATION('',(#4736),#4739);
#4736 = B_SPLINE_CURVE_WITH_KNOTS('',1,(#4737,#4738),.UNSPECIFIED.,.F.,
  .F.,(2,2),(380.,430.),.PIECEWISE_BEZIER_KNOTS.);
#4737 = CARTESIAN_POINT('',(55.,760.));
#4738 = CARTESIAN_POINT('',(55.,810.));
#4739 = ( GEOMETRIC_REPRESENTATION_CONTEXT(2) 
PARAMETRIC_REPRESENTATION_CONTEXT() REPRESENTATION_CONTEXT('2D SPACE',''
  ) );
#4740 = PCURVE('',#4741,#4746);
#4741 = PLANE('',#4742);
#4742 = AXIS2_PLACEMENT_3D('',#4743,#4744,#4745);
#4743 = CARTESIAN_POINT('',(340.,150.,1.555E+03));
#4744 = DIRECTION('',(0.,0.,1.));
#4745 = DIRECTION('',(1.,0.,-0.));
#4746 = DEFINITIONAL_REPRESENTATION('',(#4747),#4750);
#4747 = B_SPLINE_CURVE_WITH_KNOTS('',1,(#4748,#4749),.UNSPECIFIED.,.F.,
  .F.,(2,2),(380.,430.),.PIECEWISE_BEZIER_KNOTS.);
#4748 = CARTESIAN_POINT('',(0.,10.));
#4749 = CARTESIAN_POINT('',(50.,10.));
#4750 = ( GEOMETRIC_REPRESENTATION_CONTEXT(2) 
PARAMETRIC_REPRESENTATION_CONTEXT() REPRESENTATION_CONTEXT('2D SPACE',''
  ) );
#4751 = ORIENTED_EDGE('',*,*,#4752,.T.);
#4752 = EDGE_CURVE('',#4725,#4753,#4755,.T.);
#4753 = VERTEX_POINT('',#4754);
#4754 = CARTESIAN_POINT('',(340.,160.,1.52E+03));
#4755 = SURFACE_CURVE('',#4756,(#4760,#4766),.PCURVE_S1.);
#4756 = LINE('',#4757,#4758);
#4757 = CARTESIAN_POINT('',(340.,160.,1.51E+03));
#4758 = VECTOR('',#4759,1.);
#4759 = DIRECTION('',(-0.,0.,-1.));
#4760 = PCURVE('',#3704,#4761);
#4761 = DEFINITIONAL_REPRESENTATION('',(#4762),#4765);
#4762 = B_SPLINE_CURVE_WITH_KNOTS('',1,(#4763,#4764),.UNSPECIFIED.,.F.,
  .F.,(2,2),(-45.,-10.),.PIECEWISE_BEZIER_KNOTS.);
#4763 = CARTESIAN_POINT('',(55.,760.));
#4764 = CARTESIAN_POINT('',(20.,760.));
#4765 = ( GEOMETRIC_REPRESENTATION_CONTEXT(2) 
PARAMETRIC_REPRESENTATION_CONTEXT() REPRESENTATION_CONTEXT('2D SPACE',''
  ) );
#4766 = PCURVE('',#4767,#4772);
#4767 = PLANE('',#4768);
#4768 = AXIS2_PLACEMENT_3D('',#4769,#4770,#4771);
#4769 = CARTESIAN_POINT('',(340.,150.,1.52E+03));
#4770 = DIRECTION('',(1.,0.,-0.));
#4771 = DIRECTION('',(0.,0.,1.));
#4772 = DEFINITIONAL_REPRESENTATION('',(#4773),#4776);
#4773 = B_SPLINE_CURVE_WITH_KNOTS('',1,(#4774,#4775),.UNSPECIFIED.,.F.,
  .F.,(2,2),(-45.,-10.),.PIECEWISE_BEZIER_KNOTS.);
#4774 = CARTESIAN_POINT('',(35.,-10.));
#4775 = CARTESIAN_POINT('',(0.,-10.));
#4776 = ( GEOMETRIC_REPRESENTATION_CONTEXT(2) 
PARAMETRIC_REPRESENTATION_CONTEXT() REPRESENTATION_CONTEXT('2D SPACE',''
  ) );
#4777 = ORIENTED_EDGE('',*,*,#4778,.T.);
#4778 = EDGE_CURVE('',#4753,#4779,#4781,.T.);
#4779 = VERTEX_POINT('',#4780);
#4780 = CARTESIAN_POINT('',(390.,160.,1.52E+03));
#4781 = SURFACE_CURVE('',#4782,(#4786,#4792),.PCURVE_S1.);
#4782 = LINE('',#4783,#4784);
#4783 = CARTESIAN_POINT('',(-40.,160.,1.52E+03));
#4784 = VECTOR('',#4785,1.);
#4785 = DIRECTION('',(1.,0.,-0.));
#4786 = PCURVE('',#3704,#4787);
#4787 = DEFINITIONAL_REPRESENTATION('',(#4788),#4791);
#4788 = B_SPLINE_CURVE_WITH_KNOTS('',1,(#4789,#4790),.UNSPECIFIED.,.F.,
  .F.,(2,2),(380.,430.),.PIECEWISE_BEZIER_KNOTS.);
#4789 = CARTESIAN_POINT('',(20.,760.));
#4790 = CARTESIAN_POINT('',(20.,810.));
#4791 = ( GEOMETRIC_REPRESENTATION_CONTEXT(2) 
PARAMETRIC_REPRESENTATION_CONTEXT() REPRESENTATION_CONTEXT('2D SPACE',''
  ) );
#4792 = PCURVE('',#4793,#4798);
#4793 = PLANE('',#4794);
#4794 = AXIS2_PLACEMENT_3D('',#4795,#4796,#4797);
#4795 = CARTESIAN_POINT('',(340.,150.,1.52E+03));
#4796 = DIRECTION('',(0.,0.,1.));
#4797 = DIRECTION('',(1.,0.,-0.));
#4798 = DEFINITIONAL_REPRESENTATION('',(#4799),#4802);
#4799 = B_SPLINE_CURVE_WITH_KNOTS('',1,(#4800,#4801),.UNSPECIFIED.,.F.,
  .F.,(2,2),(380.,430.),.PIECEWISE_BEZIER_KNOTS.);
#4800 = CARTESIAN_POINT('',(0.,10.));
#4801 = CARTESIAN_POINT('',(50.,10.));
#4802 = ( GEOMETRIC_REPRESENTATION_CONTEXT(2) 
PARAMETRIC_REPRESENTATION_CONTEXT() REPRESENTATION_CONTEXT('2D SPACE',''
  ) );
#4803 = ORIENTED_EDGE('',*,*,#4804,.F.);
#4804 = EDGE_CURVE('',#4727,#4779,#4805,.T.);
#4805 = SURFACE_CURVE('',#4806,(#4810,#4816),.PCURVE_S1.);
#4806 = LINE('',#4807,#4808);
#4807 = CARTESIAN_POINT('',(390.,160.,1.51E+03));
#4808 = VECTOR('',#4809,1.);
#4809 = DIRECTION('',(-0.,0.,-1.));
#4810 = PCURVE('',#3704,#4811);
#4811 = DEFINITIONAL_REPRESENTATION('',(#4812),#4815);
#4812 = B_SPLINE_CURVE_WITH_KNOTS('',1,(#4813,#4814),.UNSPECIFIED.,.F.,
  .F.,(2,2),(-45.,-10.),.PIECEWISE_BEZIER_KNOTS.);
#4813 = CARTESIAN_POINT('',(55.,810.));
#4814 = CARTESIAN_POINT('',(20.,810.));
#4815 = ( GEOMETRIC_REPRESENTATION_CONTEXT(2) 
PARAMETRIC_REPRESENTATION_CONTEXT() REPRESENTATION_CONTEXT('2D SPACE',''
  ) );
#4816 = PCURVE('',#4817,#4822);
#4817 = PLANE('',#4818);
#4818 = AXIS2_PLACEMENT_3D('',#4819,#4820,#4821);
#4819 = CARTESIAN_POINT('',(390.,150.,1.52E+03));
#4820 = DIRECTION('',(1.,0.,-0.));
#4821 = DIRECTION('',(0.,0.,1.));
#4822 = DEFINITIONAL_REPRESENTATION('',(#4823),#4826);
#4823 = B_SPLINE_CURVE_WITH_KNOTS('',1,(#4824,#4825),.UNSPECIFIED.,.F.,
  .F.,(2,2),(-45.,-10.),.PIECEWISE_BEZIER_KNOTS.);
#4824 = CARTESIAN_POINT('',(35.,-10.));
#4825 = CARTESIAN_POINT('',(0.,-10.));
#4826 = ( GEOMETRIC_REPRESENTATION_CONTEXT(2) 
PARAMETRIC_REPRESENTATION_CONTEXT() REPRESENTATION_CONTEXT('2D SPACE',''
  ) );
#4827 = ADVANCED_FACE('',(#4828),#3786,.T.);
#4828 = FACE_BOUND('',#4829,.T.);
#4829 = EDGE_LOOP('',(#4830,#4831,#4832,#4855));
#4830 = ORIENTED_EDGE('',*,*,#3772,.F.);
#4831 = ORIENTED_EDGE('',*,*,#3825,.T.);
#4832 = ORIENTED_EDGE('',*,*,#4833,.T.);
#4833 = EDGE_CURVE('',#3826,#4834,#4836,.T.);
#4834 = VERTEX_POINT('',#4835);
#4835 = CARTESIAN_POINT('',(420.,240.,1.57E+03));
#4836 = SURFACE_CURVE('',#4837,(#4841,#4848),.PCURVE_S1.);
#4837 = LINE('',#4838,#4839);
#4838 = CARTESIAN_POINT('',(420.,160.,1.57E+03));
#4839 = VECTOR('',#4840,1.);
#4840 = DIRECTION('',(-0.,1.,0.));
#4841 = PCURVE('',#3786,#4842);
#4842 = DEFINITIONAL_REPRESENTATION('',(#4843),#4847);
#4843 = LINE('',#4844,#4845);
#4844 = CARTESIAN_POINT('',(840.,0.));
#4845 = VECTOR('',#4846,1.);
#4846 = DIRECTION('',(0.,1.));
#4847 = ( GEOMETRIC_REPRESENTATION_CONTEXT(2) 
PARAMETRIC_REPRESENTATION_CONTEXT() REPRESENTATION_CONTEXT('2D SPACE',''
  ) );
#4848 = PCURVE('',#3862,#4849);
#4849 = DEFINITIONAL_REPRESENTATION('',(#4850),#4854);
#4850 = LINE('',#4851,#4852);
#4851 = CARTESIAN_POINT('',(70.,0.));
#4852 = VECTOR('',#4853,1.);
#4853 = DIRECTION('',(0.,-1.));
#4854 = ( GEOMETRIC_REPRESENTATION_CONTEXT(2) 
PARAMETRIC_REPRESENTATION_CONTEXT() REPRESENTATION_CONTEXT('2D SPACE',''
  ) );
#4855 = ORIENTED_EDGE('',*,*,#4856,.F.);
#4856 = EDGE_CURVE('',#3745,#4834,#4857,.T.);
#4857 = SURFACE_CURVE('',#4858,(#4862,#4869),.PCURVE_S1.);
#4858 = LINE('',#4859,#4860);
#4859 = CARTESIAN_POINT('',(-420.,240.,1.57E+03));
#4860 = VECTOR('',#4861,1.);
#4861 = DIRECTION('',(1.,0.,-0.));
#4862 = PCURVE('',#3786,#4863);
#4863 = DEFINITIONAL_REPRESENTATION('',(#4864),#4868);
#4864 = LINE('',#4865,#4866);
#4865 = CARTESIAN_POINT('',(0.,80.));
#4866 = VECTOR('',#4867,1.);
#4867 = DIRECTION('',(1.,0.));
#4868 = ( GEOMETRIC_REPRESENTATION_CONTEXT(2) 
PARAMETRIC_REPRESENTATION_CONTEXT() REPRESENTATION_CONTEXT('2D SPACE',''
  ) );
#4869 = PCURVE('',#3760,#4870);
#4870 = DEFINITIONAL_REPRESENTATION('',(#4871),#4875);
#4871 = LINE('',#4872,#4873);
#4872 = CARTESIAN_POINT('',(70.,0.));
#4873 = VECTOR('',#4874,1.);
#4874 = DIRECTION('',(0.,1.));
#4875 = ( GEOMETRIC_REPRESENTATION_CONTEXT(2) 
PARAMETRIC_REPRESENTATION_CONTEXT() REPRESENTATION_CONTEXT('2D SPACE',''
  ) );
#4876 = ADVANCED_FACE('',(#4877,#4925,#5011,#5097,#5183,#5269,#5355,
    #5441,#5527,#5613),#3760,.T.);
#4877 = FACE_BOUND('',#4878,.T.);
#4878 = EDGE_LOOP('',(#4879,#4902,#4903,#4904));
#4879 = ORIENTED_EDGE('',*,*,#4880,.F.);
#4880 = EDGE_CURVE('',#3717,#4881,#4883,.T.);
#4881 = VERTEX_POINT('',#4882);
#4882 = CARTESIAN_POINT('',(420.,240.,1.5E+03));
#4883 = SURFACE_CURVE('',#4884,(#4888,#4895),.PCURVE_S1.);
#4884 = LINE('',#4885,#4886);
#4885 = CARTESIAN_POINT('',(-420.,240.,1.5E+03));
#4886 = VECTOR('',#4887,1.);
#4887 = DIRECTION('',(1.,0.,-0.));
#4888 = PCURVE('',#3760,#4889);
#4889 = DEFINITIONAL_REPRESENTATION('',(#4890),#4894);
#4890 = LINE('',#4891,#4892);
#4891 = CARTESIAN_POINT('',(0.,0.));
#4892 = VECTOR('',#4893,1.);
#4893 = DIRECTION('',(0.,1.));
#4894 = ( GEOMETRIC_REPRESENTATION_CONTEXT(2) 
PARAMETRIC_REPRESENTATION_CONTEXT() REPRESENTATION_CONTEXT('2D SPACE',''
  ) );
#4895 = PCURVE('',#3732,#4896);
#4896 = DEFINITIONAL_REPRESENTATION('',(#4897),#4901);
#4897 = LINE('',#4898,#4899);
#4898 = CARTESIAN_POINT('',(0.,80.));
#4899 = VECTOR('',#4900,1.);
#4900 = DIRECTION('',(1.,0.));
#4901 = ( GEOMETRIC_REPRESENTATION_CONTEXT(2) 
PARAMETRIC_REPRESENTATION_CONTEXT() REPRESENTATION_CONTEXT('2D SPACE',''
  ) );
#4902 = ORIENTED_EDGE('',*,*,#3744,.T.);
#4903 = ORIENTED_EDGE('',*,*,#4856,.T.);
#4904 = ORIENTED_EDGE('',*,*,#4905,.F.);
#4905 = EDGE_CURVE('',#4881,#4834,#4906,.T.);
#4906 = SURFACE_CURVE('',#4907,(#4911,#4918),.PCURVE_S1.);
#4907 = LINE('',#4908,#4909);
#4908 = CARTESIAN_POINT('',(420.,240.,1.5E+03));
#4909 = VECTOR('',#4910,1.);
#4910 = DIRECTION('',(0.,0.,1.));
#4911 = PCURVE('',#3760,#4912);
#4912 = DEFINITIONAL_REPRESENTATION('',(#4913),#4917);
#4913 = LINE('',#4914,#4915);
#4914 = CARTESIAN_POINT('',(0.,840.));
#4915 = VECTOR('',#4916,1.);
#4916 = DIRECTION('',(1.,0.));
#4917 = ( GEOMETRIC_REPRESENTATION_CONTEXT(2) 
PARAMETRIC_REPRESENTATION_CONTEXT() REPRESENTATION_CONTEXT('2D SPACE',''
  ) );
#4918 = PCURVE('',#3862,#4919);
#4919 = DEFINITIONAL_REPRESENTATION('',(#4920),#4924);
#4920 = LINE('',#4921,#4922);
#4921 = CARTESIAN_POINT('',(0.,-80.));
#4922 = VECTOR('',#4923,1.);
#4923 = DIRECTION('',(1.,0.));
#4924 = ( GEOMETRIC_REPRESENTATION_CONTEXT(2) 
PARAMETRIC_REPRESENTATION_CONTEXT() REPRESENTATION_CONTEXT('2D SPACE',''
  ) );
#4925 = FACE_BOUND('',#4926,.T.);
#4926 = EDGE_LOOP('',(#4927,#4950,#4971,#4992));
#4927 = ORIENTED_EDGE('',*,*,#4928,.F.);
#4928 = EDGE_CURVE('',#4929,#4931,#4933,.T.);
#4929 = VERTEX_POINT('',#4930);
#4930 = CARTESIAN_POINT('',(-380.,240.,1.555E+03));
#4931 = VERTEX_POINT('',#4932);
#4932 = CARTESIAN_POINT('',(-330.,240.,1.555E+03));
#4933 = SURFACE_CURVE('',#4934,(#4938,#4944),.PCURVE_S1.);
#4934 = LINE('',#4935,#4936);
#4935 = CARTESIAN_POINT('',(-400.,240.,1.555E+03));
#4936 = VECTOR('',#4937,1.);
#4937 = DIRECTION('',(1.,0.,-0.));
#4938 = PCURVE('',#3760,#4939);
#4939 = DEFINITIONAL_REPRESENTATION('',(#4940),#4943);
#4940 = B_SPLINE_CURVE_WITH_KNOTS('',1,(#4941,#4942),.UNSPECIFIED.,.F.,
  .F.,(2,2),(20.,70.),.PIECEWISE_BEZIER_KNOTS.);
#4941 = CARTESIAN_POINT('',(55.,40.));
#4942 = CARTESIAN_POINT('',(55.,90.));
#4943 = ( GEOMETRIC_REPRESENTATION_CONTEXT(2) 
PARAMETRIC_REPRESENTATION_CONTEXT() REPRESENTATION_CONTEXT('2D SPACE',''
  ) );
#4944 = PCURVE('',#3893,#4945);
#4945 = DEFINITIONAL_REPRESENTATION('',(#4946),#4949);
#4946 = B_SPLINE_CURVE_WITH_KNOTS('',1,(#4947,#4948),.UNSPECIFIED.,.F.,
  .F.,(2,2),(20.,70.),.PIECEWISE_BEZIER_KNOTS.);
#4947 = CARTESIAN_POINT('',(0.,90.));
#4948 = CARTESIAN_POINT('',(50.,90.));
#4949 = ( GEOMETRIC_REPRESENTATION_CONTEXT(2) 
PARAMETRIC_REPRESENTATION_CONTEXT() REPRESENTATION_CONTEXT('2D SPACE',''
  ) );
#4950 = ORIENTED_EDGE('',*,*,#4951,.T.);
#4951 = EDGE_CURVE('',#4929,#4952,#4954,.T.);
#4952 = VERTEX_POINT('',#4953);
#4953 = CARTESIAN_POINT('',(-380.,240.,1.52E+03));
#4954 = SURFACE_CURVE('',#4955,(#4959,#4965),.PCURVE_S1.);
#4955 = LINE('',#4956,#4957);
#4956 = CARTESIAN_POINT('',(-380.,240.,1.51E+03));
#4957 = VECTOR('',#4958,1.);
#4958 = DIRECTION('',(-0.,0.,-1.));
#4959 = PCURVE('',#3760,#4960);
#4960 = DEFINITIONAL_REPRESENTATION('',(#4961),#4964);
#4961 = B_SPLINE_CURVE_WITH_KNOTS('',1,(#4962,#4963),.UNSPECIFIED.,.F.,
  .F.,(2,2),(-45.,-10.),.PIECEWISE_BEZIER_KNOTS.);
#4962 = CARTESIAN_POINT('',(55.,40.));
#4963 = CARTESIAN_POINT('',(20.,40.));
#4964 = ( GEOMETRIC_REPRESENTATION_CONTEXT(2) 
PARAMETRIC_REPRESENTATION_CONTEXT() REPRESENTATION_CONTEXT('2D SPACE',''
  ) );
#4965 = PCURVE('',#3919,#4966);
#4966 = DEFINITIONAL_REPRESENTATION('',(#4967),#4970);
#4967 = B_SPLINE_CURVE_WITH_KNOTS('',1,(#4968,#4969),.UNSPECIFIED.,.F.,
  .F.,(2,2),(-45.,-10.),.PIECEWISE_BEZIER_KNOTS.);
#4968 = CARTESIAN_POINT('',(35.,-90.));
#4969 = CARTESIAN_POINT('',(0.,-90.));
#4970 = ( GEOMETRIC_REPRESENTATION_CONTEXT(2) 
PARAMETRIC_REPRESENTATION_CONTEXT() REPRESENTATION_CONTEXT('2D SPACE',''
  ) );
#4971 = ORIENTED_EDGE('',*,*,#4972,.T.);
#4972 = EDGE_CURVE('',#4952,#4973,#4975,.T.);
#4973 = VERTEX_POINT('',#4974);
#4974 = CARTESIAN_POINT('',(-330.,240.,1.52E+03));
#4975 = SURFACE_CURVE('',#4976,(#4980,#4986),.PCURVE_S1.);
#4976 = LINE('',#4977,#4978);
#4977 = CARTESIAN_POINT('',(-400.,240.,1.52E+03));
#4978 = VECTOR('',#4979,1.);
#4979 = DIRECTION('',(1.,0.,-0.));
#4980 = PCURVE('',#3760,#4981);
#4981 = DEFINITIONAL_REPRESENTATION('',(#4982),#4985);
#4982 = B_SPLINE_CURVE_WITH_KNOTS('',1,(#4983,#4984),.UNSPECIFIED.,.F.,
  .F.,(2,2),(20.,70.),.PIECEWISE_BEZIER_KNOTS.);
#4983 = CARTESIAN_POINT('',(20.,40.));
#4984 = CARTESIAN_POINT('',(20.,90.));
#4985 = ( GEOMETRIC_REPRESENTATION_CONTEXT(2) 
PARAMETRIC_REPRESENTATION_CONTEXT() REPRESENTATION_CONTEXT('2D SPACE',''
  ) );
#4986 = PCURVE('',#3945,#4987);
#4987 = DEFINITIONAL_REPRESENTATION('',(#4988),#4991);
#4988 = B_SPLINE_CURVE_WITH_KNOTS('',1,(#4989,#4990),.UNSPECIFIED.,.F.,
  .F.,(2,2),(20.,70.),.PIECEWISE_BEZIER_KNOTS.);
#4989 = CARTESIAN_POINT('',(0.,90.));
#4990 = CARTESIAN_POINT('',(50.,90.));
#4991 = ( GEOMETRIC_REPRESENTATION_CONTEXT(2) 
PARAMETRIC_REPRESENTATION_CONTEXT() REPRESENTATION_CONTEXT('2D SPACE',''
  ) );
#4992 = ORIENTED_EDGE('',*,*,#4993,.F.);
#4993 = EDGE_CURVE('',#4931,#4973,#4994,.T.);
#4994 = SURFACE_CURVE('',#4995,(#4999,#5005),.PCURVE_S1.);
#4995 = LINE('',#4996,#4997);
#4996 = CARTESIAN_POINT('',(-330.,240.,1.51E+03));
#4997 = VECTOR('',#4998,1.);
#4998 = DIRECTION('',(-0.,0.,-1.));
#4999 = PCURVE('',#3760,#5000);
#5000 = DEFINITIONAL_REPRESENTATION('',(#5001),#5004);
#5001 = B_SPLINE_CURVE_WITH_KNOTS('',1,(#5002,#5003),.UNSPECIFIED.,.F.,
  .F.,(2,2),(-45.,-10.),.PIECEWISE_BEZIER_KNOTS.);
#5002 = CARTESIAN_POINT('',(55.,90.));
#5003 = CARTESIAN_POINT('',(20.,90.));
#5004 = ( GEOMETRIC_REPRESENTATION_CONTEXT(2) 
PARAMETRIC_REPRESENTATION_CONTEXT() REPRESENTATION_CONTEXT('2D SPACE',''
  ) );
#5005 = PCURVE('',#3969,#5006);
#5006 = DEFINITIONAL_REPRESENTATION('',(#5007),#5010);
#5007 = B_SPLINE_CURVE_WITH_KNOTS('',1,(#5008,#5009),.UNSPECIFIED.,.F.,
  .F.,(2,2),(-45.,-10.),.PIECEWISE_BEZIER_KNOTS.);
#5008 = CARTESIAN_POINT('',(35.,-90.));
#5009 = CARTESIAN_POINT('',(0.,-90.));
#5010 = ( GEOMETRIC_REPRESENTATION_CONTEXT(2) 
PARAMETRIC_REPRESENTATION_CONTEXT() REPRESENTATION_CONTEXT('2D SPACE',''
  ) );
#5011 = FACE_BOUND('',#5012,.T.);
#5012 = EDGE_LOOP('',(#5013,#5036,#5057,#5078));
#5013 = ORIENTED_EDGE('',*,*,#5014,.F.);
#5014 = EDGE_CURVE('',#5015,#5017,#5019,.T.);
#5015 = VERTEX_POINT('',#5016);
#5016 = CARTESIAN_POINT('',(-290.,240.,1.555E+03));
#5017 = VERTEX_POINT('',#5018);
#5018 = CARTESIAN_POINT('',(-240.,240.,1.555E+03));
#5019 = SURFACE_CURVE('',#5020,(#5024,#5030),.PCURVE_S1.);
#5020 = LINE('',#5021,#5022);
#5021 = CARTESIAN_POINT('',(-355.,240.,1.555E+03));
#5022 = VECTOR('',#5023,1.);
#5023 = DIRECTION('',(1.,0.,-0.));
#5024 = PCURVE('',#3760,#5025);
#5025 = DEFINITIONAL_REPRESENTATION('',(#5026),#5029);
#5026 = B_SPLINE_CURVE_WITH_KNOTS('',1,(#5027,#5028),.UNSPECIFIED.,.F.,
  .F.,(2,2),(65.,115.),.PIECEWISE_BEZIER_KNOTS.);
#5027 = CARTESIAN_POINT('',(55.,130.));
#5028 = CARTESIAN_POINT('',(55.,180.));
#5029 = ( GEOMETRIC_REPRESENTATION_CONTEXT(2) 
PARAMETRIC_REPRESENTATION_CONTEXT() REPRESENTATION_CONTEXT('2D SPACE',''
  ) );
#5030 = PCURVE('',#3999,#5031);
#5031 = DEFINITIONAL_REPRESENTATION('',(#5032),#5035);
#5032 = B_SPLINE_CURVE_WITH_KNOTS('',1,(#5033,#5034),.UNSPECIFIED.,.F.,
  .F.,(2,2),(65.,115.),.PIECEWISE_BEZIER_KNOTS.);
#5033 = CARTESIAN_POINT('',(0.,90.));
#5034 = CARTESIAN_POINT('',(50.,90.));
#5035 = ( GEOMETRIC_REPRESENTATION_CONTEXT(2) 
PARAMETRIC_REPRESENTATION_CONTEXT() REPRESENTATION_CONTEXT('2D SPACE',''
  ) );
#5036 = ORIENTED_EDGE('',*,*,#5037,.T.);
#5037 = EDGE_CURVE('',#5015,#5038,#5040,.T.);
#5038 = VERTEX_POINT('',#5039);
#5039 = CARTESIAN_POINT('',(-290.,240.,1.52E+03));
#5040 = SURFACE_CURVE('',#5041,(#5045,#5051),.PCURVE_S1.);
#5041 = LINE('',#5042,#5043);
#5042 = CARTESIAN_POINT('',(-290.,240.,1.51E+03));
#5043 = VECTOR('',#5044,1.);
#5044 = DIRECTION('',(-0.,0.,-1.));
#5045 = PCURVE('',#3760,#5046);
#5046 = DEFINITIONAL_REPRESENTATION('',(#5047),#5050);
#5047 = B_SPLINE_CURVE_WITH_KNOTS('',1,(#5048,#5049),.UNSPECIFIED.,.F.,
  .F.,(2,2),(-45.,-10.),.PIECEWISE_BEZIER_KNOTS.);
#5048 = CARTESIAN_POINT('',(55.,130.));
#5049 = CARTESIAN_POINT('',(20.,130.));
#5050 = ( GEOMETRIC_REPRESENTATION_CONTEXT(2) 
PARAMETRIC_REPRESENTATION_CONTEXT() REPRESENTATION_CONTEXT('2D SPACE',''
  ) );
#5051 = PCURVE('',#4025,#5052);
#5052 = DEFINITIONAL_REPRESENTATION('',(#5053),#5056);
#5053 = B_SPLINE_CURVE_WITH_KNOTS('',1,(#5054,#5055),.UNSPECIFIED.,.F.,
  .F.,(2,2),(-45.,-10.),.PIECEWISE_BEZIER_KNOTS.);
#5054 = CARTESIAN_POINT('',(35.,-90.));
#5055 = CARTESIAN_POINT('',(0.,-90.));
#5056 = ( GEOMETRIC_REPRESENTATION_CONTEXT(2) 
PARAMETRIC_REPRESENTATION_CONTEXT() REPRESENTATION_CONTEXT('2D SPACE',''
  ) );
#5057 = ORIENTED_EDGE('',*,*,#5058,.T.);
#5058 = EDGE_CURVE('',#5038,#5059,#5061,.T.);
#5059 = VERTEX_POINT('',#5060);
#5060 = CARTESIAN_POINT('',(-240.,240.,1.52E+03));
#5061 = SURFACE_CURVE('',#5062,(#5066,#5072),.PCURVE_S1.);
#5062 = LINE('',#5063,#5064);
#5063 = CARTESIAN_POINT('',(-355.,240.,1.52E+03));
#5064 = VECTOR('',#5065,1.);
#5065 = DIRECTION('',(1.,0.,-0.));
#5066 = PCURVE('',#3760,#5067);
#5067 = DEFINITIONAL_REPRESENTATION('',(#5068),#5071);
#5068 = B_SPLINE_CURVE_WITH_KNOTS('',1,(#5069,#5070),.UNSPECIFIED.,.F.,
  .F.,(2,2),(65.,115.),.PIECEWISE_BEZIER_KNOTS.);
#5069 = CARTESIAN_POINT('',(20.,130.));
#5070 = CARTESIAN_POINT('',(20.,180.));
#5071 = ( GEOMETRIC_REPRESENTATION_CONTEXT(2) 
PARAMETRIC_REPRESENTATION_CONTEXT() REPRESENTATION_CONTEXT('2D SPACE',''
  ) );
#5072 = PCURVE('',#4051,#5073);
#5073 = DEFINITIONAL_REPRESENTATION('',(#5074),#5077);
#5074 = B_SPLINE_CURVE_WITH_KNOTS('',1,(#5075,#5076),.UNSPECIFIED.,.F.,
  .F.,(2,2),(65.,115.),.PIECEWISE_BEZIER_KNOTS.);
#5075 = CARTESIAN_POINT('',(0.,90.));
#5076 = CARTESIAN_POINT('',(50.,90.));
#5077 = ( GEOMETRIC_REPRESENTATION_CONTEXT(2) 
PARAMETRIC_REPRESENTATION_CONTEXT() REPRESENTATION_CONTEXT('2D SPACE',''
  ) );
#5078 = ORIENTED_EDGE('',*,*,#5079,.F.);
#5079 = EDGE_CURVE('',#5017,#5059,#5080,.T.);
#5080 = SURFACE_CURVE('',#5081,(#5085,#5091),.PCURVE_S1.);
#5081 = LINE('',#5082,#5083);
#5082 = CARTESIAN_POINT('',(-240.,240.,1.51E+03));
#5083 = VECTOR('',#5084,1.);
#5084 = DIRECTION('',(-0.,0.,-1.));
#5085 = PCURVE('',#3760,#5086);
#5086 = DEFINITIONAL_REPRESENTATION('',(#5087),#5090);
#5087 = B_SPLINE_CURVE_WITH_KNOTS('',1,(#5088,#5089),.UNSPECIFIED.,.F.,
  .F.,(2,2),(-45.,-10.),.PIECEWISE_BEZIER_KNOTS.);
#5088 = CARTESIAN_POINT('',(55.,180.));
#5089 = CARTESIAN_POINT('',(20.,180.));
#5090 = ( GEOMETRIC_REPRESENTATION_CONTEXT(2) 
PARAMETRIC_REPRESENTATION_CONTEXT() REPRESENTATION_CONTEXT('2D SPACE',''
  ) );
#5091 = PCURVE('',#4075,#5092);
#5092 = DEFINITIONAL_REPRESENTATION('',(#5093),#5096);
#5093 = B_SPLINE_CURVE_WITH_KNOTS('',1,(#5094,#5095),.UNSPECIFIED.,.F.,
  .F.,(2,2),(-45.,-10.),.PIECEWISE_BEZIER_KNOTS.);
#5094 = CARTESIAN_POINT('',(35.,-90.));
#5095 = CARTESIAN_POINT('',(0.,-90.));
#5096 = ( GEOMETRIC_REPRESENTATION_CONTEXT(2) 
PARAMETRIC_REPRESENTATION_CONTEXT() REPRESENTATION_CONTEXT('2D SPACE',''
  ) );
#5097 = FACE_BOUND('',#5098,.T.);
#5098 = EDGE_LOOP('',(#5099,#5122,#5143,#5164));
#5099 = ORIENTED_EDGE('',*,*,#5100,.F.);
#5100 = EDGE_CURVE('',#5101,#5103,#5105,.T.);
#5101 = VERTEX_POINT('',#5102);
#5102 = CARTESIAN_POINT('',(-200.,240.,1.555E+03));
#5103 = VERTEX_POINT('',#5104);
#5104 = CARTESIAN_POINT('',(-150.,240.,1.555E+03));
#5105 = SURFACE_CURVE('',#5106,(#5110,#5116),.PCURVE_S1.);
#5106 = LINE('',#5107,#5108);
#5107 = CARTESIAN_POINT('',(-310.,240.,1.555E+03));
#5108 = VECTOR('',#5109,1.);
#5109 = DIRECTION('',(1.,0.,-0.));
#5110 = PCURVE('',#3760,#5111);
#5111 = DEFINITIONAL_REPRESENTATION('',(#5112),#5115);
#5112 = B_SPLINE_CURVE_WITH_KNOTS('',1,(#5113,#5114),.UNSPECIFIED.,.F.,
  .F.,(2,2),(110.,160.),.PIECEWISE_BEZIER_KNOTS.);
#5113 = CARTESIAN_POINT('',(55.,220.));
#5114 = CARTESIAN_POINT('',(55.,270.));
#5115 = ( GEOMETRIC_REPRESENTATION_CONTEXT(2) 
PARAMETRIC_REPRESENTATION_CONTEXT() REPRESENTATION_CONTEXT('2D SPACE',''
  ) );
#5116 = PCURVE('',#4105,#5117);
#5117 = DEFINITIONAL_REPRESENTATION('',(#5118),#5121);
#5118 = B_SPLINE_CURVE_WITH_KNOTS('',1,(#5119,#5120),.UNSPECIFIED.,.F.,
  .F.,(2,2),(110.,160.),.PIECEWISE_BEZIER_KNOTS.);
#5119 = CARTESIAN_POINT('',(0.,90.));
#5120 = CARTESIAN_POINT('',(50.,90.));
#5121 = ( GEOMETRIC_REPRESENTATION_CONTEXT(2) 
PARAMETRIC_REPRESENTATION_CONTEXT() REPRESENTATION_CONTEXT('2D SPACE',''
  ) );
#5122 = ORIENTED_EDGE('',*,*,#5123,.T.);
#5123 = EDGE_CURVE('',#5101,#5124,#5126,.T.);
#5124 = VERTEX_POINT('',#5125);
#5125 = CARTESIAN_POINT('',(-200.,240.,1.52E+03));
#5126 = SURFACE_CURVE('',#5127,(#5131,#5137),.PCURVE_S1.);
#5127 = LINE('',#5128,#5129);
#5128 = CARTESIAN_POINT('',(-200.,240.,1.51E+03));
#5129 = VECTOR('',#5130,1.);
#5130 = DIRECTION('',(-0.,0.,-1.));
#5131 = PCURVE('',#3760,#5132);
#5132 = DEFINITIONAL_REPRESENTATION('',(#5133),#5136);
#5133 = B_SPLINE_CURVE_WITH_KNOTS('',1,(#5134,#5135),.UNSPECIFIED.,.F.,
  .F.,(2,2),(-45.,-10.),.PIECEWISE_BEZIER_KNOTS.);
#5134 = CARTESIAN_POINT('',(55.,220.));
#5135 = CARTESIAN_POINT('',(20.,220.));
#5136 = ( GEOMETRIC_REPRESENTATION_CONTEXT(2) 
PARAMETRIC_REPRESENTATION_CONTEXT() REPRESENTATION_CONTEXT('2D SPACE',''
  ) );
#5137 = PCURVE('',#4131,#5138);
#5138 = DEFINITIONAL_REPRESENTATION('',(#5139),#5142);
#5139 = B_SPLINE_CURVE_WITH_KNOTS('',1,(#5140,#5141),.UNSPECIFIED.,.F.,
  .F.,(2,2),(-45.,-10.),.PIECEWISE_BEZIER_KNOTS.);
#5140 = CARTESIAN_POINT('',(35.,-90.));
#5141 = CARTESIAN_POINT('',(0.,-90.));
#5142 = ( GEOMETRIC_REPRESENTATION_CONTEXT(2) 
PARAMETRIC_REPRESENTATION_CONTEXT() REPRESENTATION_CONTEXT('2D SPACE',''
  ) );
#5143 = ORIENTED_EDGE('',*,*,#5144,.T.);
#5144 = EDGE_CURVE('',#5124,#5145,#5147,.T.);
#5145 = VERTEX_POINT('',#5146);
#5146 = CARTESIAN_POINT('',(-150.,240.,1.52E+03));
#5147 = SURFACE_CURVE('',#5148,(#5152,#5158),.PCURVE_S1.);
#5148 = LINE('',#5149,#5150);
#5149 = CARTESIAN_POINT('',(-310.,240.,1.52E+03));
#5150 = VECTOR('',#5151,1.);
#5151 = DIRECTION('',(1.,0.,-0.));
#5152 = PCURVE('',#3760,#5153);
#5153 = DEFINITIONAL_REPRESENTATION('',(#5154),#5157);
#5154 = B_SPLINE_CURVE_WITH_KNOTS('',1,(#5155,#5156),.UNSPECIFIED.,.F.,
  .F.,(2,2),(110.,160.),.PIECEWISE_BEZIER_KNOTS.);
#5155 = CARTESIAN_POINT('',(20.,220.));
#5156 = CARTESIAN_POINT('',(20.,270.));
#5157 = ( GEOMETRIC_REPRESENTATION_CONTEXT(2) 
PARAMETRIC_REPRESENTATION_CONTEXT() REPRESENTATION_CONTEXT('2D SPACE',''
  ) );
#5158 = PCURVE('',#4157,#5159);
#5159 = DEFINITIONAL_REPRESENTATION('',(#5160),#5163);
#5160 = B_SPLINE_CURVE_WITH_KNOTS('',1,(#5161,#5162),.UNSPECIFIED.,.F.,
  .F.,(2,2),(110.,160.),.PIECEWISE_BEZIER_KNOTS.);
#5161 = CARTESIAN_POINT('',(0.,90.));
#5162 = CARTESIAN_POINT('',(50.,90.));
#5163 = ( GEOMETRIC_REPRESENTATION_CONTEXT(2) 
PARAMETRIC_REPRESENTATION_CONTEXT() REPRESENTATION_CONTEXT('2D SPACE',''
  ) );
#5164 = ORIENTED_EDGE('',*,*,#5165,.F.);
#5165 = EDGE_CURVE('',#5103,#5145,#5166,.T.);
#5166 = SURFACE_CURVE('',#5167,(#5171,#5177),.PCURVE_S1.);
#5167 = LINE('',#5168,#5169);
#5168 = CARTESIAN_POINT('',(-150.,240.,1.51E+03));
#5169 = VECTOR('',#5170,1.);
#5170 = DIRECTION('',(-0.,0.,-1.));
#5171 = PCURVE('',#3760,#5172);
#5172 = DEFINITIONAL_REPRESENTATION('',(#5173),#5176);
#5173 = B_SPLINE_CURVE_WITH_KNOTS('',1,(#5174,#5175),.UNSPECIFIED.,.F.,
  .F.,(2,2),(-45.,-10.),.PIECEWISE_BEZIER_KNOTS.);
#5174 = CARTESIAN_POINT('',(55.,270.));
#5175 = CARTESIAN_POINT('',(20.,270.));
#5176 = ( GEOMETRIC_REPRESENTATION_CONTEXT(2) 
PARAMETRIC_REPRESENTATION_CONTEXT() REPRESENTATION_CONTEXT('2D SPACE',''
  ) );
#5177 = PCURVE('',#4181,#5178);
#5178 = DEFINITIONAL_REPRESENTATION('',(#5179),#5182);
#5179 = B_SPLINE_CURVE_WITH_KNOTS('',1,(#5180,#5181),.UNSPECIFIED.,.F.,
  .F.,(2,2),(-45.,-10.),.PIECEWISE_BEZIER_KNOTS.);
#5180 = CARTESIAN_POINT('',(35.,-90.));
#5181 = CARTESIAN_POINT('',(0.,-90.));
#5182 = ( GEOMETRIC_REPRESENTATION_CONTEXT(2) 
PARAMETRIC_REPRESENTATION_CONTEXT() REPRESENTATION_CONTEXT('2D SPACE',''
  ) );
#5183 = FACE_BOUND('',#5184,.T.);
#5184 = EDGE_LOOP('',(#5185,#5208,#5229,#5250));
#5185 = ORIENTED_EDGE('',*,*,#5186,.F.);
#5186 = EDGE_CURVE('',#5187,#5189,#5191,.T.);
#5187 = VERTEX_POINT('',#5188);
#5188 = CARTESIAN_POINT('',(-110.,240.,1.555E+03));
#5189 = VERTEX_POINT('',#5190);
#5190 = CARTESIAN_POINT('',(-60.,240.,1.555E+03));
#5191 = SURFACE_CURVE('',#5192,(#5196,#5202),.PCURVE_S1.);
#5192 = LINE('',#5193,#5194);
#5193 = CARTESIAN_POINT('',(-265.,240.,1.555E+03));
#5194 = VECTOR('',#5195,1.);
#5195 = DIRECTION('',(1.,0.,-0.));
#5196 = PCURVE('',#3760,#5197);
#5197 = DEFINITIONAL_REPRESENTATION('',(#5198),#5201);
#5198 = B_SPLINE_CURVE_WITH_KNOTS('',1,(#5199,#5200),.UNSPECIFIED.,.F.,
  .F.,(2,2),(155.,205.),.PIECEWISE_BEZIER_KNOTS.);
#5199 = CARTESIAN_POINT('',(55.,310.));
#5200 = CARTESIAN_POINT('',(55.,360.));
#5201 = ( GEOMETRIC_REPRESENTATION_CONTEXT(2) 
PARAMETRIC_REPRESENTATION_CONTEXT() REPRESENTATION_CONTEXT('2D SPACE',''
  ) );
#5202 = PCURVE('',#4211,#5203);
#5203 = DEFINITIONAL_REPRESENTATION('',(#5204),#5207);
#5204 = B_SPLINE_CURVE_WITH_KNOTS('',1,(#5205,#5206),.UNSPECIFIED.,.F.,
  .F.,(2,2),(155.,205.),.PIECEWISE_BEZIER_KNOTS.);
#5205 = CARTESIAN_POINT('',(0.,90.));
#5206 = CARTESIAN_POINT('',(50.,90.));
#5207 = ( GEOMETRIC_REPRESENTATION_CONTEXT(2) 
PARAMETRIC_REPRESENTATION_CONTEXT() REPRESENTATION_CONTEXT('2D SPACE',''
  ) );
#5208 = ORIENTED_EDGE('',*,*,#5209,.T.);
#5209 = EDGE_CURVE('',#5187,#5210,#5212,.T.);
#5210 = VERTEX_POINT('',#5211);
#5211 = CARTESIAN_POINT('',(-110.,240.,1.52E+03));
#5212 = SURFACE_CURVE('',#5213,(#5217,#5223),.PCURVE_S1.);
#5213 = LINE('',#5214,#5215);
#5214 = CARTESIAN_POINT('',(-110.,240.,1.51E+03));
#5215 = VECTOR('',#5216,1.);
#5216 = DIRECTION('',(-0.,0.,-1.));
#5217 = PCURVE('',#3760,#5218);
#5218 = DEFINITIONAL_REPRESENTATION('',(#5219),#5222);
#5219 = B_SPLINE_CURVE_WITH_KNOTS('',1,(#5220,#5221),.UNSPECIFIED.,.F.,
  .F.,(2,2),(-45.,-10.),.PIECEWISE_BEZIER_KNOTS.);
#5220 = CARTESIAN_POINT('',(55.,310.));
#5221 = CARTESIAN_POINT('',(20.,310.));
#5222 = ( GEOMETRIC_REPRESENTATION_CONTEXT(2) 
PARAMETRIC_REPRESENTATION_CONTEXT() REPRESENTATION_CONTEXT('2D SPACE',''
  ) );
#5223 = PCURVE('',#4237,#5224);
#5224 = DEFINITIONAL_REPRESENTATION('',(#5225),#5228);
#5225 = B_SPLINE_CURVE_WITH_KNOTS('',1,(#5226,#5227),.UNSPECIFIED.,.F.,
  .F.,(2,2),(-45.,-10.),.PIECEWISE_BEZIER_KNOTS.);
#5226 = CARTESIAN_POINT('',(35.,-90.));
#5227 = CARTESIAN_POINT('',(0.,-90.));
#5228 = ( GEOMETRIC_REPRESENTATION_CONTEXT(2) 
PARAMETRIC_REPRESENTATION_CONTEXT() REPRESENTATION_CONTEXT('2D SPACE',''
  ) );
#5229 = ORIENTED_EDGE('',*,*,#5230,.T.);
#5230 = EDGE_CURVE('',#5210,#5231,#5233,.T.);
#5231 = VERTEX_POINT('',#5232);
#5232 = CARTESIAN_POINT('',(-60.,240.,1.52E+03));
#5233 = SURFACE_CURVE('',#5234,(#5238,#5244),.PCURVE_S1.);
#5234 = LINE('',#5235,#5236);
#5235 = CARTESIAN_POINT('',(-265.,240.,1.52E+03));
#5236 = VECTOR('',#5237,1.);
#5237 = DIRECTION('',(1.,0.,-0.));
#5238 = PCURVE('',#3760,#5239);
#5239 = DEFINITIONAL_REPRESENTATION('',(#5240),#5243);
#5240 = B_SPLINE_CURVE_WITH_KNOTS('',1,(#5241,#5242),.UNSPECIFIED.,.F.,
  .F.,(2,2),(155.,205.),.PIECEWISE_BEZIER_KNOTS.);
#5241 = CARTESIAN_POINT('',(20.,310.));
#5242 = CARTESIAN_POINT('',(20.,360.));
#5243 = ( GEOMETRIC_REPRESENTATION_CONTEXT(2) 
PARAMETRIC_REPRESENTATION_CONTEXT() REPRESENTATION_CONTEXT('2D SPACE',''
  ) );
#5244 = PCURVE('',#4263,#5245);
#5245 = DEFINITIONAL_REPRESENTATION('',(#5246),#5249);
#5246 = B_SPLINE_CURVE_WITH_KNOTS('',1,(#5247,#5248),.UNSPECIFIED.,.F.,
  .F.,(2,2),(155.,205.),.PIECEWISE_BEZIER_KNOTS.);
#5247 = CARTESIAN_POINT('',(0.,90.));
#5248 = CARTESIAN_POINT('',(50.,90.));
#5249 = ( GEOMETRIC_REPRESENTATION_CONTEXT(2) 
PARAMETRIC_REPRESENTATION_CONTEXT() REPRESENTATION_CONTEXT('2D SPACE',''
  ) );
#5250 = ORIENTED_EDGE('',*,*,#5251,.F.);
#5251 = EDGE_CURVE('',#5189,#5231,#5252,.T.);
#5252 = SURFACE_CURVE('',#5253,(#5257,#5263),.PCURVE_S1.);
#5253 = LINE('',#5254,#5255);
#5254 = CARTESIAN_POINT('',(-60.,240.,1.51E+03));
#5255 = VECTOR('',#5256,1.);
#5256 = DIRECTION('',(-0.,0.,-1.));
#5257 = PCURVE('',#3760,#5258);
#5258 = DEFINITIONAL_REPRESENTATION('',(#5259),#5262);
#5259 = B_SPLINE_CURVE_WITH_KNOTS('',1,(#5260,#5261),.UNSPECIFIED.,.F.,
  .F.,(2,2),(-45.,-10.),.PIECEWISE_BEZIER_KNOTS.);
#5260 = CARTESIAN_POINT('',(55.,360.));
#5261 = CARTESIAN_POINT('',(20.,360.));
#5262 = ( GEOMETRIC_REPRESENTATION_CONTEXT(2) 
PARAMETRIC_REPRESENTATION_CONTEXT() REPRESENTATION_CONTEXT('2D SPACE',''
  ) );
#5263 = PCURVE('',#4287,#5264);
#5264 = DEFINITIONAL_REPRESENTATION('',(#5265),#5268);
#5265 = B_SPLINE_CURVE_WITH_KNOTS('',1,(#5266,#5267),.UNSPECIFIED.,.F.,
  .F.,(2,2),(-45.,-10.),.PIECEWISE_BEZIER_KNOTS.);
#5266 = CARTESIAN_POINT('',(35.,-90.));
#5267 = CARTESIAN_POINT('',(0.,-90.));
#5268 = ( GEOMETRIC_REPRESENTATION_CONTEXT(2) 
PARAMETRIC_REPRESENTATION_CONTEXT() REPRESENTATION_CONTEXT('2D SPACE',''
  ) );
#5269 = FACE_BOUND('',#5270,.T.);
#5270 = EDGE_LOOP('',(#5271,#5294,#5315,#5336));
#5271 = ORIENTED_EDGE('',*,*,#5272,.F.);
#5272 = EDGE_CURVE('',#5273,#5275,#5277,.T.);
#5273 = VERTEX_POINT('',#5274);
#5274 = CARTESIAN_POINT('',(-20.,240.,1.555E+03));
#5275 = VERTEX_POINT('',#5276);
#5276 = CARTESIAN_POINT('',(30.,240.,1.555E+03));
#5277 = SURFACE_CURVE('',#5278,(#5282,#5288),.PCURVE_S1.);
#5278 = LINE('',#5279,#5280);
#5279 = CARTESIAN_POINT('',(-220.,240.,1.555E+03));
#5280 = VECTOR('',#5281,1.);
#5281 = DIRECTION('',(1.,0.,-0.));
#5282 = PCURVE('',#3760,#5283);
#5283 = DEFINITIONAL_REPRESENTATION('',(#5284),#5287);
#5284 = B_SPLINE_CURVE_WITH_KNOTS('',1,(#5285,#5286),.UNSPECIFIED.,.F.,
  .F.,(2,2),(200.,250.),.PIECEWISE_BEZIER_KNOTS.);
#5285 = CARTESIAN_POINT('',(55.,400.));
#5286 = CARTESIAN_POINT('',(55.,450.));
#5287 = ( GEOMETRIC_REPRESENTATION_CONTEXT(2) 
PARAMETRIC_REPRESENTATION_CONTEXT() REPRESENTATION_CONTEXT('2D SPACE',''
  ) );
#5288 = PCURVE('',#4317,#5289);
#5289 = DEFINITIONAL_REPRESENTATION('',(#5290),#5293);
#5290 = B_SPLINE_CURVE_WITH_KNOTS('',1,(#5291,#5292),.UNSPECIFIED.,.F.,
  .F.,(2,2),(200.,250.),.PIECEWISE_BEZIER_KNOTS.);
#5291 = CARTESIAN_POINT('',(0.,90.));
#5292 = CARTESIAN_POINT('',(50.,90.));
#5293 = ( GEOMETRIC_REPRESENTATION_CONTEXT(2) 
PARAMETRIC_REPRESENTATION_CONTEXT() REPRESENTATION_CONTEXT('2D SPACE',''
  ) );
#5294 = ORIENTED_EDGE('',*,*,#5295,.T.);
#5295 = EDGE_CURVE('',#5273,#5296,#5298,.T.);
#5296 = VERTEX_POINT('',#5297);
#5297 = CARTESIAN_POINT('',(-20.,240.,1.52E+03));
#5298 = SURFACE_CURVE('',#5299,(#5303,#5309),.PCURVE_S1.);
#5299 = LINE('',#5300,#5301);
#5300 = CARTESIAN_POINT('',(-20.,240.,1.51E+03));
#5301 = VECTOR('',#5302,1.);
#5302 = DIRECTION('',(-0.,0.,-1.));
#5303 = PCURVE('',#3760,#5304);
#5304 = DEFINITIONAL_REPRESENTATION('',(#5305),#5308);
#5305 = B_SPLINE_CURVE_WITH_KNOTS('',1,(#5306,#5307),.UNSPECIFIED.,.F.,
  .F.,(2,2),(-45.,-10.),.PIECEWISE_BEZIER_KNOTS.);
#5306 = CARTESIAN_POINT('',(55.,400.));
#5307 = CARTESIAN_POINT('',(20.,400.));
#5308 = ( GEOMETRIC_REPRESENTATION_CONTEXT(2) 
PARAMETRIC_REPRESENTATION_CONTEXT() REPRESENTATION_CONTEXT('2D SPACE',''
  ) );
#5309 = PCURVE('',#4343,#5310);
#5310 = DEFINITIONAL_REPRESENTATION('',(#5311),#5314);
#5311 = B_SPLINE_CURVE_WITH_KNOTS('',1,(#5312,#5313),.UNSPECIFIED.,.F.,
  .F.,(2,2),(-45.,-10.),.PIECEWISE_BEZIER_KNOTS.);
#5312 = CARTESIAN_POINT('',(35.,-90.));
#5313 = CARTESIAN_POINT('',(0.,-90.));
#5314 = ( GEOMETRIC_REPRESENTATION_CONTEXT(2) 
PARAMETRIC_REPRESENTATION_CONTEXT() REPRESENTATION_CONTEXT('2D SPACE',''
  ) );
#5315 = ORIENTED_EDGE('',*,*,#5316,.T.);
#5316 = EDGE_CURVE('',#5296,#5317,#5319,.T.);
#5317 = VERTEX_POINT('',#5318);
#5318 = CARTESIAN_POINT('',(30.,240.,1.52E+03));
#5319 = SURFACE_CURVE('',#5320,(#5324,#5330),.PCURVE_S1.);
#5320 = LINE('',#5321,#5322);
#5321 = CARTESIAN_POINT('',(-220.,240.,1.52E+03));
#5322 = VECTOR('',#5323,1.);
#5323 = DIRECTION('',(1.,0.,-0.));
#5324 = PCURVE('',#3760,#5325);
#5325 = DEFINITIONAL_REPRESENTATION('',(#5326),#5329);
#5326 = B_SPLINE_CURVE_WITH_KNOTS('',1,(#5327,#5328),.UNSPECIFIED.,.F.,
  .F.,(2,2),(200.,250.),.PIECEWISE_BEZIER_KNOTS.);
#5327 = CARTESIAN_POINT('',(20.,400.));
#5328 = CARTESIAN_POINT('',(20.,450.));
#5329 = ( GEOMETRIC_REPRESENTATION_CONTEXT(2) 
PARAMETRIC_REPRESENTATION_CONTEXT() REPRESENTATION_CONTEXT('2D SPACE',''
  ) );
#5330 = PCURVE('',#4369,#5331);
#5331 = DEFINITIONAL_REPRESENTATION('',(#5332),#5335);
#5332 = B_SPLINE_CURVE_WITH_KNOTS('',1,(#5333,#5334),.UNSPECIFIED.,.F.,
  .F.,(2,2),(200.,250.),.PIECEWISE_BEZIER_KNOTS.);
#5333 = CARTESIAN_POINT('',(0.,90.));
#5334 = CARTESIAN_POINT('',(50.,90.));
#5335 = ( GEOMETRIC_REPRESENTATION_CONTEXT(2) 
PARAMETRIC_REPRESENTATION_CONTEXT() REPRESENTATION_CONTEXT('2D SPACE',''
  ) );
#5336 = ORIENTED_EDGE('',*,*,#5337,.F.);
#5337 = EDGE_CURVE('',#5275,#5317,#5338,.T.);
#5338 = SURFACE_CURVE('',#5339,(#5343,#5349),.PCURVE_S1.);
#5339 = LINE('',#5340,#5341);
#5340 = CARTESIAN_POINT('',(30.,240.,1.51E+03));
#5341 = VECTOR('',#5342,1.);
#5342 = DIRECTION('',(-0.,0.,-1.));
#5343 = PCURVE('',#3760,#5344);
#5344 = DEFINITIONAL_REPRESENTATION('',(#5345),#5348);
#5345 = B_SPLINE_CURVE_WITH_KNOTS('',1,(#5346,#5347),.UNSPECIFIED.,.F.,
  .F.,(2,2),(-45.,-10.),.PIECEWISE_BEZIER_KNOTS.);
#5346 = CARTESIAN_POINT('',(55.,450.));
#5347 = CARTESIAN_POINT('',(20.,450.));
#5348 = ( GEOMETRIC_REPRESENTATION_CONTEXT(2) 
PARAMETRIC_REPRESENTATION_CONTEXT() REPRESENTATION_CONTEXT('2D SPACE',''
  ) );
#5349 = PCURVE('',#4393,#5350);
#5350 = DEFINITIONAL_REPRESENTATION('',(#5351),#5354);
#5351 = B_SPLINE_CURVE_WITH_KNOTS('',1,(#5352,#5353),.UNSPECIFIED.,.F.,
  .F.,(2,2),(-45.,-10.),.PIECEWISE_BEZIER_KNOTS.);
#5352 = CARTESIAN_POINT('',(35.,-90.));
#5353 = CARTESIAN_POINT('',(0.,-90.));
#5354 = ( GEOMETRIC_REPRESENTATION_CONTEXT(2) 
PARAMETRIC_REPRESENTATION_CONTEXT() REPRESENTATION_CONTEXT('2D SPACE',''
  ) );
#5355 = FACE_BOUND('',#5356,.T.);
#5356 = EDGE_LOOP('',(#5357,#5380,#5401,#5422));
#5357 = ORIENTED_EDGE('',*,*,#5358,.F.);
#5358 = EDGE_CURVE('',#5359,#5361,#5363,.T.);
#5359 = VERTEX_POINT('',#5360);
#5360 = CARTESIAN_POINT('',(70.,240.,1.555E+03));
#5361 = VERTEX_POINT('',#5362);
#5362 = CARTESIAN_POINT('',(120.,240.,1.555E+03));
#5363 = SURFACE_CURVE('',#5364,(#5368,#5374),.PCURVE_S1.);
#5364 = LINE('',#5365,#5366);
#5365 = CARTESIAN_POINT('',(-175.,240.,1.555E+03));
#5366 = VECTOR('',#5367,1.);
#5367 = DIRECTION('',(1.,0.,-0.));
#5368 = PCURVE('',#3760,#5369);
#5369 = DEFINITIONAL_REPRESENTATION('',(#5370),#5373);
#5370 = B_SPLINE_CURVE_WITH_KNOTS('',1,(#5371,#5372),.UNSPECIFIED.,.F.,
  .F.,(2,2),(245.,295.),.PIECEWISE_BEZIER_KNOTS.);
#5371 = CARTESIAN_POINT('',(55.,490.));
#5372 = CARTESIAN_POINT('',(55.,540.));
#5373 = ( GEOMETRIC_REPRESENTATION_CONTEXT(2) 
PARAMETRIC_REPRESENTATION_CONTEXT() REPRESENTATION_CONTEXT('2D SPACE',''
  ) );
#5374 = PCURVE('',#4423,#5375);
#5375 = DEFINITIONAL_REPRESENTATION('',(#5376),#5379);
#5376 = B_SPLINE_CURVE_WITH_KNOTS('',1,(#5377,#5378),.UNSPECIFIED.,.F.,
  .F.,(2,2),(245.,295.),.PIECEWISE_BEZIER_KNOTS.);
#5377 = CARTESIAN_POINT('',(0.,90.));
#5378 = CARTESIAN_POINT('',(50.,90.));
#5379 = ( GEOMETRIC_REPRESENTATION_CONTEXT(2) 
PARAMETRIC_REPRESENTATION_CONTEXT() REPRESENTATION_CONTEXT('2D SPACE',''
  ) );
#5380 = ORIENTED_EDGE('',*,*,#5381,.T.);
#5381 = EDGE_CURVE('',#5359,#5382,#5384,.T.);
#5382 = VERTEX_POINT('',#5383);
#5383 = CARTESIAN_POINT('',(70.,240.,1.52E+03));
#5384 = SURFACE_CURVE('',#5385,(#5389,#5395),.PCURVE_S1.);
#5385 = LINE('',#5386,#5387);
#5386 = CARTESIAN_POINT('',(70.,240.,1.51E+03));
#5387 = VECTOR('',#5388,1.);
#5388 = DIRECTION('',(-0.,0.,-1.));
#5389 = PCURVE('',#3760,#5390);
#5390 = DEFINITIONAL_REPRESENTATION('',(#5391),#5394);
#5391 = B_SPLINE_CURVE_WITH_KNOTS('',1,(#5392,#5393),.UNSPECIFIED.,.F.,
  .F.,(2,2),(-45.,-10.),.PIECEWISE_BEZIER_KNOTS.);
#5392 = CARTESIAN_POINT('',(55.,490.));
#5393 = CARTESIAN_POINT('',(20.,490.));
#5394 = ( GEOMETRIC_REPRESENTATION_CONTEXT(2) 
PARAMETRIC_REPRESENTATION_CONTEXT() REPRESENTATION_CONTEXT('2D SPACE',''
  ) );
#5395 = PCURVE('',#4449,#5396);
#5396 = DEFINITIONAL_REPRESENTATION('',(#5397),#5400);
#5397 = B_SPLINE_CURVE_WITH_KNOTS('',1,(#5398,#5399),.UNSPECIFIED.,.F.,
  .F.,(2,2),(-45.,-10.),.PIECEWISE_BEZIER_KNOTS.);
#5398 = CARTESIAN_POINT('',(35.,-90.));
#5399 = CARTESIAN_POINT('',(0.,-90.));
#5400 = ( GEOMETRIC_REPRESENTATION_CONTEXT(2) 
PARAMETRIC_REPRESENTATION_CONTEXT() REPRESENTATION_CONTEXT('2D SPACE',''
  ) );
#5401 = ORIENTED_EDGE('',*,*,#5402,.T.);
#5402 = EDGE_CURVE('',#5382,#5403,#5405,.T.);
#5403 = VERTEX_POINT('',#5404);
#5404 = CARTESIAN_POINT('',(120.,240.,1.52E+03));
#5405 = SURFACE_CURVE('',#5406,(#5410,#5416),.PCURVE_S1.);
#5406 = LINE('',#5407,#5408);
#5407 = CARTESIAN_POINT('',(-175.,240.,1.52E+03));
#5408 = VECTOR('',#5409,1.);
#5409 = DIRECTION('',(1.,0.,-0.));
#5410 = PCURVE('',#3760,#5411);
#5411 = DEFINITIONAL_REPRESENTATION('',(#5412),#5415);
#5412 = B_SPLINE_CURVE_WITH_KNOTS('',1,(#5413,#5414),.UNSPECIFIED.,.F.,
  .F.,(2,2),(245.,295.),.PIECEWISE_BEZIER_KNOTS.);
#5413 = CARTESIAN_POINT('',(20.,490.));
#5414 = CARTESIAN_POINT('',(20.,540.));
#5415 = ( GEOMETRIC_REPRESENTATION_CONTEXT(2) 
PARAMETRIC_REPRESENTATION_CONTEXT() REPRESENTATION_CONTEXT('2D SPACE',''
  ) );
#5416 = PCURVE('',#4475,#5417);
#5417 = DEFINITIONAL_REPRESENTATION('',(#5418),#5421);
#5418 = B_SPLINE_CURVE_WITH_KNOTS('',1,(#5419,#5420),.UNSPECIFIED.,.F.,
  .F.,(2,2),(245.,295.),.PIECEWISE_BEZIER_KNOTS.);
#5419 = CARTESIAN_POINT('',(0.,90.));
#5420 = CARTESIAN_POINT('',(50.,90.));
#5421 = ( GEOMETRIC_REPRESENTATION_CONTEXT(2) 
PARAMETRIC_REPRESENTATION_CONTEXT() REPRESENTATION_CONTEXT('2D SPACE',''
  ) );
#5422 = ORIENTED_EDGE('',*,*,#5423,.F.);
#5423 = EDGE_CURVE('',#5361,#5403,#5424,.T.);
#5424 = SURFACE_CURVE('',#5425,(#5429,#5435),.PCURVE_S1.);
#5425 = LINE('',#5426,#5427);
#5426 = CARTESIAN_POINT('',(120.,240.,1.51E+03));
#5427 = VECTOR('',#5428,1.);
#5428 = DIRECTION('',(-0.,0.,-1.));
#5429 = PCURVE('',#3760,#5430);
#5430 = DEFINITIONAL_REPRESENTATION('',(#5431),#5434);
#5431 = B_SPLINE_CURVE_WITH_KNOTS('',1,(#5432,#5433),.UNSPECIFIED.,.F.,
  .F.,(2,2),(-45.,-10.),.PIECEWISE_BEZIER_KNOTS.);
#5432 = CARTESIAN_POINT('',(55.,540.));
#5433 = CARTESIAN_POINT('',(20.,540.));
#5434 = ( GEOMETRIC_REPRESENTATION_CONTEXT(2) 
PARAMETRIC_REPRESENTATION_CONTEXT() REPRESENTATION_CONTEXT('2D SPACE',''
  ) );
#5435 = PCURVE('',#4499,#5436);
#5436 = DEFINITIONAL_REPRESENTATION('',(#5437),#5440);
#5437 = B_SPLINE_CURVE_WITH_KNOTS('',1,(#5438,#5439),.UNSPECIFIED.,.F.,
  .F.,(2,2),(-45.,-10.),.PIECEWISE_BEZIER_KNOTS.);
#5438 = CARTESIAN_POINT('',(35.,-90.));
#5439 = CARTESIAN_POINT('',(0.,-90.));
#5440 = ( GEOMETRIC_REPRESENTATION_CONTEXT(2) 
PARAMETRIC_REPRESENTATION_CONTEXT() REPRESENTATION_CONTEXT('2D SPACE',''
  ) );
#5441 = FACE_BOUND('',#5442,.T.);
#5442 = EDGE_LOOP('',(#5443,#5466,#5487,#5508));
#5443 = ORIENTED_EDGE('',*,*,#5444,.F.);
#5444 = EDGE_CURVE('',#5445,#5447,#5449,.T.);
#5445 = VERTEX_POINT('',#5446);
#5446 = CARTESIAN_POINT('',(160.,240.,1.555E+03));
#5447 = VERTEX_POINT('',#5448);
#5448 = CARTESIAN_POINT('',(210.,240.,1.555E+03));
#5449 = SURFACE_CURVE('',#5450,(#5454,#5460),.PCURVE_S1.);
#5450 = LINE('',#5451,#5452);
#5451 = CARTESIAN_POINT('',(-130.,240.,1.555E+03));
#5452 = VECTOR('',#5453,1.);
#5453 = DIRECTION('',(1.,0.,-0.));
#5454 = PCURVE('',#3760,#5455);
#5455 = DEFINITIONAL_REPRESENTATION('',(#5456),#5459);
#5456 = B_SPLINE_CURVE_WITH_KNOTS('',1,(#5457,#5458),.UNSPECIFIED.,.F.,
  .F.,(2,2),(290.,340.),.PIECEWISE_BEZIER_KNOTS.);
#5457 = CARTESIAN_POINT('',(55.,580.));
#5458 = CARTESIAN_POINT('',(55.,630.));
#5459 = ( GEOMETRIC_REPRESENTATION_CONTEXT(2) 
PARAMETRIC_REPRESENTATION_CONTEXT() REPRESENTATION_CONTEXT('2D SPACE',''
  ) );
#5460 = PCURVE('',#4529,#5461);
#5461 = DEFINITIONAL_REPRESENTATION('',(#5462),#5465);
#5462 = B_SPLINE_CURVE_WITH_KNOTS('',1,(#5463,#5464),.UNSPECIFIED.,.F.,
  .F.,(2,2),(290.,340.),.PIECEWISE_BEZIER_KNOTS.);
#5463 = CARTESIAN_POINT('',(0.,90.));
#5464 = CARTESIAN_POINT('',(50.,90.));
#5465 = ( GEOMETRIC_REPRESENTATION_CONTEXT(2) 
PARAMETRIC_REPRESENTATION_CONTEXT() REPRESENTATION_CONTEXT('2D SPACE',''
  ) );
#5466 = ORIENTED_EDGE('',*,*,#5467,.T.);
#5467 = EDGE_CURVE('',#5445,#5468,#5470,.T.);
#5468 = VERTEX_POINT('',#5469);
#5469 = CARTESIAN_POINT('',(160.,240.,1.52E+03));
#5470 = SURFACE_CURVE('',#5471,(#5475,#5481),.PCURVE_S1.);
#5471 = LINE('',#5472,#5473);
#5472 = CARTESIAN_POINT('',(160.,240.,1.51E+03));
#5473 = VECTOR('',#5474,1.);
#5474 = DIRECTION('',(-0.,0.,-1.));
#5475 = PCURVE('',#3760,#5476);
#5476 = DEFINITIONAL_REPRESENTATION('',(#5477),#5480);
#5477 = B_SPLINE_CURVE_WITH_KNOTS('',1,(#5478,#5479),.UNSPECIFIED.,.F.,
  .F.,(2,2),(-45.,-10.),.PIECEWISE_BEZIER_KNOTS.);
#5478 = CARTESIAN_POINT('',(55.,580.));
#5479 = CARTESIAN_POINT('',(20.,580.));
#5480 = ( GEOMETRIC_REPRESENTATION_CONTEXT(2) 
PARAMETRIC_REPRESENTATION_CONTEXT() REPRESENTATION_CONTEXT('2D SPACE',''
  ) );
#5481 = PCURVE('',#4555,#5482);
#5482 = DEFINITIONAL_REPRESENTATION('',(#5483),#5486);
#5483 = B_SPLINE_CURVE_WITH_KNOTS('',1,(#5484,#5485),.UNSPECIFIED.,.F.,
  .F.,(2,2),(-45.,-10.),.PIECEWISE_BEZIER_KNOTS.);
#5484 = CARTESIAN_POINT('',(35.,-90.));
#5485 = CARTESIAN_POINT('',(0.,-90.));
#5486 = ( GEOMETRIC_REPRESENTATION_CONTEXT(2) 
PARAMETRIC_REPRESENTATION_CONTEXT() REPRESENTATION_CONTEXT('2D SPACE',''
  ) );
#5487 = ORIENTED_EDGE('',*,*,#5488,.T.);
#5488 = EDGE_CURVE('',#5468,#5489,#5491,.T.);
#5489 = VERTEX_POINT('',#5490);
#5490 = CARTESIAN_POINT('',(210.,240.,1.52E+03));
#5491 = SURFACE_CURVE('',#5492,(#5496,#5502),.PCURVE_S1.);
#5492 = LINE('',#5493,#5494);
#5493 = CARTESIAN_POINT('',(-130.,240.,1.52E+03));
#5494 = VECTOR('',#5495,1.);
#5495 = DIRECTION('',(1.,0.,-0.));
#5496 = PCURVE('',#3760,#5497);
#5497 = DEFINITIONAL_REPRESENTATION('',(#5498),#5501);
#5498 = B_SPLINE_CURVE_WITH_KNOTS('',1,(#5499,#5500),.UNSPECIFIED.,.F.,
  .F.,(2,2),(290.,340.),.PIECEWISE_BEZIER_KNOTS.);
#5499 = CARTESIAN_POINT('',(20.,580.));
#5500 = CARTESIAN_POINT('',(20.,630.));
#5501 = ( GEOMETRIC_REPRESENTATION_CONTEXT(2) 
PARAMETRIC_REPRESENTATION_CONTEXT() REPRESENTATION_CONTEXT('2D SPACE',''
  ) );
#5502 = PCURVE('',#4581,#5503);
#5503 = DEFINITIONAL_REPRESENTATION('',(#5504),#5507);
#5504 = B_SPLINE_CURVE_WITH_KNOTS('',1,(#5505,#5506),.UNSPECIFIED.,.F.,
  .F.,(2,2),(290.,340.),.PIECEWISE_BEZIER_KNOTS.);
#5505 = CARTESIAN_POINT('',(0.,90.));
#5506 = CARTESIAN_POINT('',(50.,90.));
#5507 = ( GEOMETRIC_REPRESENTATION_CONTEXT(2) 
PARAMETRIC_REPRESENTATION_CONTEXT() REPRESENTATION_CONTEXT('2D SPACE',''
  ) );
#5508 = ORIENTED_EDGE('',*,*,#5509,.F.);
#5509 = EDGE_CURVE('',#5447,#5489,#5510,.T.);
#5510 = SURFACE_CURVE('',#5511,(#5515,#5521),.PCURVE_S1.);
#5511 = LINE('',#5512,#5513);
#5512 = CARTESIAN_POINT('',(210.,240.,1.51E+03));
#5513 = VECTOR('',#5514,1.);
#5514 = DIRECTION('',(-0.,0.,-1.));
#5515 = PCURVE('',#3760,#5516);
#5516 = DEFINITIONAL_REPRESENTATION('',(#5517),#5520);
#5517 = B_SPLINE_CURVE_WITH_KNOTS('',1,(#5518,#5519),.UNSPECIFIED.,.F.,
  .F.,(2,2),(-45.,-10.),.PIECEWISE_BEZIER_KNOTS.);
#5518 = CARTESIAN_POINT('',(55.,630.));
#5519 = CARTESIAN_POINT('',(20.,630.));
#5520 = ( GEOMETRIC_REPRESENTATION_CONTEXT(2) 
PARAMETRIC_REPRESENTATION_CONTEXT() REPRESENTATION_CONTEXT('2D SPACE',''
  ) );
#5521 = PCURVE('',#4605,#5522);
#5522 = DEFINITIONAL_REPRESENTATION('',(#5523),#5526);
#5523 = B_SPLINE_CURVE_WITH_KNOTS('',1,(#5524,#5525),.UNSPECIFIED.,.F.,
  .F.,(2,2),(-45.,-10.),.PIECEWISE_BEZIER_KNOTS.);
#5524 = CARTESIAN_POINT('',(35.,-90.));
#5525 = CARTESIAN_POINT('',(0.,-90.));
#5526 = ( GEOMETRIC_REPRESENTATION_CONTEXT(2) 
PARAMETRIC_REPRESENTATION_CONTEXT() REPRESENTATION_CONTEXT('2D SPACE',''
  ) );
#5527 = FACE_BOUND('',#5528,.T.);
#5528 = EDGE_LOOP('',(#5529,#5552,#5573,#5594));
#5529 = ORIENTED_EDGE('',*,*,#5530,.F.);
#5530 = EDGE_CURVE('',#5531,#5533,#5535,.T.);
#5531 = VERTEX_POINT('',#5532);
#5532 = CARTESIAN_POINT('',(250.,240.,1.555E+03));
#5533 = VERTEX_POINT('',#5534);
#5534 = CARTESIAN_POINT('',(300.,240.,1.555E+03));
#5535 = SURFACE_CURVE('',#5536,(#5540,#5546),.PCURVE_S1.);
#5536 = LINE('',#5537,#5538);
#5537 = CARTESIAN_POINT('',(-85.,240.,1.555E+03));
#5538 = VECTOR('',#5539,1.);
#5539 = DIRECTION('',(1.,0.,-0.));
#5540 = PCURVE('',#3760,#5541);
#5541 = DEFINITIONAL_REPRESENTATION('',(#5542),#5545);
#5542 = B_SPLINE_CURVE_WITH_KNOTS('',1,(#5543,#5544),.UNSPECIFIED.,.F.,
  .F.,(2,2),(335.,385.),.PIECEWISE_BEZIER_KNOTS.);
#5543 = CARTESIAN_POINT('',(55.,670.));
#5544 = CARTESIAN_POINT('',(55.,720.));
#5545 = ( GEOMETRIC_REPRESENTATION_CONTEXT(2) 
PARAMETRIC_REPRESENTATION_CONTEXT() REPRESENTATION_CONTEXT('2D SPACE',''
  ) );
#5546 = PCURVE('',#4635,#5547);
#5547 = DEFINITIONAL_REPRESENTATION('',(#5548),#5551);
#5548 = B_SPLINE_CURVE_WITH_KNOTS('',1,(#5549,#5550),.UNSPECIFIED.,.F.,
  .F.,(2,2),(335.,385.),.PIECEWISE_BEZIER_KNOTS.);
#5549 = CARTESIAN_POINT('',(0.,90.));
#5550 = CARTESIAN_POINT('',(50.,90.));
#5551 = ( GEOMETRIC_REPRESENTATION_CONTEXT(2) 
PARAMETRIC_REPRESENTATION_CONTEXT() REPRESENTATION_CONTEXT('2D SPACE',''
  ) );
#5552 = ORIENTED_EDGE('',*,*,#5553,.T.);
#5553 = EDGE_CURVE('',#5531,#5554,#5556,.T.);
#5554 = VERTEX_POINT('',#5555);
#5555 = CARTESIAN_POINT('',(250.,240.,1.52E+03));
#5556 = SURFACE_CURVE('',#5557,(#5561,#5567),.PCURVE_S1.);
#5557 = LINE('',#5558,#5559);
#5558 = CARTESIAN_POINT('',(250.,240.,1.51E+03));
#5559 = VECTOR('',#5560,1.);
#5560 = DIRECTION('',(-0.,0.,-1.));
#5561 = PCURVE('',#3760,#5562);
#5562 = DEFINITIONAL_REPRESENTATION('',(#5563),#5566);
#5563 = B_SPLINE_CURVE_WITH_KNOTS('',1,(#5564,#5565),.UNSPECIFIED.,.F.,
  .F.,(2,2),(-45.,-10.),.PIECEWISE_BEZIER_KNOTS.);
#5564 = CARTESIAN_POINT('',(55.,670.));
#5565 = CARTESIAN_POINT('',(20.,670.));
#5566 = ( GEOMETRIC_REPRESENTATION_CONTEXT(2) 
PARAMETRIC_REPRESENTATION_CONTEXT() REPRESENTATION_CONTEXT('2D SPACE',''
  ) );
#5567 = PCURVE('',#4661,#5568);
#5568 = DEFINITIONAL_REPRESENTATION('',(#5569),#5572);
#5569 = B_SPLINE_CURVE_WITH_KNOTS('',1,(#5570,#5571),.UNSPECIFIED.,.F.,
  .F.,(2,2),(-45.,-10.),.PIECEWISE_BEZIER_KNOTS.);
#5570 = CARTESIAN_POINT('',(35.,-90.));
#5571 = CARTESIAN_POINT('',(0.,-90.));
#5572 = ( GEOMETRIC_REPRESENTATION_CONTEXT(2) 
PARAMETRIC_REPRESENTATION_CONTEXT() REPRESENTATION_CONTEXT('2D SPACE',''
  ) );
#5573 = ORIENTED_EDGE('',*,*,#5574,.T.);
#5574 = EDGE_CURVE('',#5554,#5575,#5577,.T.);
#5575 = VERTEX_POINT('',#5576);
#5576 = CARTESIAN_POINT('',(300.,240.,1.52E+03));
#5577 = SURFACE_CURVE('',#5578,(#5582,#5588),.PCURVE_S1.);
#5578 = LINE('',#5579,#5580);
#5579 = CARTESIAN_POINT('',(-85.,240.,1.52E+03));
#5580 = VECTOR('',#5581,1.);
#5581 = DIRECTION('',(1.,0.,-0.));
#5582 = PCURVE('',#3760,#5583);
#5583 = DEFINITIONAL_REPRESENTATION('',(#5584),#5587);
#5584 = B_SPLINE_CURVE_WITH_KNOTS('',1,(#5585,#5586),.UNSPECIFIED.,.F.,
  .F.,(2,2),(335.,385.),.PIECEWISE_BEZIER_KNOTS.);
#5585 = CARTESIAN_POINT('',(20.,670.));
#5586 = CARTESIAN_POINT('',(20.,720.));
#5587 = ( GEOMETRIC_REPRESENTATION_CONTEXT(2) 
PARAMETRIC_REPRESENTATION_CONTEXT() REPRESENTATION_CONTEXT('2D SPACE',''
  ) );
#5588 = PCURVE('',#4687,#5589);
#5589 = DEFINITIONAL_REPRESENTATION('',(#5590),#5593);
#5590 = B_SPLINE_CURVE_WITH_KNOTS('',1,(#5591,#5592),.UNSPECIFIED.,.F.,
  .F.,(2,2),(335.,385.),.PIECEWISE_BEZIER_KNOTS.);
#5591 = CARTESIAN_POINT('',(0.,90.));
#5592 = CARTESIAN_POINT('',(50.,90.));
#5593 = ( GEOMETRIC_REPRESENTATION_CONTEXT(2) 
PARAMETRIC_REPRESENTATION_CONTEXT() REPRESENTATION_CONTEXT('2D SPACE',''
  ) );
#5594 = ORIENTED_EDGE('',*,*,#5595,.F.);
#5595 = EDGE_CURVE('',#5533,#5575,#5596,.T.);
#5596 = SURFACE_CURVE('',#5597,(#5601,#5607),.PCURVE_S1.);
#5597 = LINE('',#5598,#5599);
#5598 = CARTESIAN_POINT('',(300.,240.,1.51E+03));
#5599 = VECTOR('',#5600,1.);
#5600 = DIRECTION('',(-0.,0.,-1.));
#5601 = PCURVE('',#3760,#5602);
#5602 = DEFINITIONAL_REPRESENTATION('',(#5603),#5606);
#5603 = B_SPLINE_CURVE_WITH_KNOTS('',1,(#5604,#5605),.UNSPECIFIED.,.F.,
  .F.,(2,2),(-45.,-10.),.PIECEWISE_BEZIER_KNOTS.);
#5604 = CARTESIAN_POINT('',(55.,720.));
#5605 = CARTESIAN_POINT('',(20.,720.));
#5606 = ( GEOMETRIC_REPRESENTATION_CONTEXT(2) 
PARAMETRIC_REPRESENTATION_CONTEXT() REPRESENTATION_CONTEXT('2D SPACE',''
  ) );
#5607 = PCURVE('',#4711,#5608);
#5608 = DEFINITIONAL_REPRESENTATION('',(#5609),#5612);
#5609 = B_SPLINE_CURVE_WITH_KNOTS('',1,(#5610,#5611),.UNSPECIFIED.,.F.,
  .F.,(2,2),(-45.,-10.),.PIECEWISE_BEZIER_KNOTS.);
#5610 = CARTESIAN_POINT('',(35.,-90.));
#5611 = CARTESIAN_POINT('',(0.,-90.));
#5612 = ( GEOMETRIC_REPRESENTATION_CONTEXT(2) 
PARAMETRIC_REPRESENTATION_CONTEXT() REPRESENTATION_CONTEXT('2D SPACE',''
  ) );
#5613 = FACE_BOUND('',#5614,.T.);
#5614 = EDGE_LOOP('',(#5615,#5638,#5659,#5680));
#5615 = ORIENTED_EDGE('',*,*,#5616,.F.);
#5616 = EDGE_CURVE('',#5617,#5619,#5621,.T.);
#5617 = VERTEX_POINT('',#5618);
#5618 = CARTESIAN_POINT('',(340.,240.,1.555E+03));
#5619 = VERTEX_POINT('',#5620);
#5620 = CARTESIAN_POINT('',(390.,240.,1.555E+03));
#5621 = SURFACE_CURVE('',#5622,(#5626,#5632),.PCURVE_S1.);
#5622 = LINE('',#5623,#5624);
#5623 = CARTESIAN_POINT('',(-40.,240.,1.555E+03));
#5624 = VECTOR('',#5625,1.);
#5625 = DIRECTION('',(1.,0.,-0.));
#5626 = PCURVE('',#3760,#5627);
#5627 = DEFINITIONAL_REPRESENTATION('',(#5628),#5631);
#5628 = B_SPLINE_CURVE_WITH_KNOTS('',1,(#5629,#5630),.UNSPECIFIED.,.F.,
  .F.,(2,2),(380.,430.),.PIECEWISE_BEZIER_KNOTS.);
#5629 = CARTESIAN_POINT('',(55.,760.));
#5630 = CARTESIAN_POINT('',(55.,810.));
#5631 = ( GEOMETRIC_REPRESENTATION_CONTEXT(2) 
PARAMETRIC_REPRESENTATION_CONTEXT() REPRESENTATION_CONTEXT('2D SPACE',''
  ) );
#5632 = PCURVE('',#4741,#5633);
#5633 = DEFINITIONAL_REPRESENTATION('',(#5634),#5637);
#5634 = B_SPLINE_CURVE_WITH_KNOTS('',1,(#5635,#5636),.UNSPECIFIED.,.F.,
  .F.,(2,2),(380.,430.),.PIECEWISE_BEZIER_KNOTS.);
#5635 = CARTESIAN_POINT('',(0.,90.));
#5636 = CARTESIAN_POINT('',(50.,90.));
#5637 = ( GEOMETRIC_REPRESENTATION_CONTEXT(2) 
PARAMETRIC_REPRESENTATION_CONTEXT() REPRESENTATION_CONTEXT('2D SPACE',''
  ) );
#5638 = ORIENTED_EDGE('',*,*,#5639,.T.);
#5639 = EDGE_CURVE('',#5617,#5640,#5642,.T.);
#5640 = VERTEX_POINT('',#5641);
#5641 = CARTESIAN_POINT('',(340.,240.,1.52E+03));
#5642 = SURFACE_CURVE('',#5643,(#5647,#5653),.PCURVE_S1.);
#5643 = LINE('',#5644,#5645);
#5644 = CARTESIAN_POINT('',(340.,240.,1.51E+03));
#5645 = VECTOR('',#5646,1.);
#5646 = DIRECTION('',(-0.,0.,-1.));
#5647 = PCURVE('',#3760,#5648);
#5648 = DEFINITIONAL_REPRESENTATION('',(#5649),#5652);
#5649 = B_SPLINE_CURVE_WITH_KNOTS('',1,(#5650,#5651),.UNSPECIFIED.,.F.,
  .F.,(2,2),(-45.,-10.),.PIECEWISE_BEZIER_KNOTS.);
#5650 = CARTESIAN_POINT('',(55.,760.));
#5651 = CARTESIAN_POINT('',(20.,760.));
#5652 = ( GEOMETRIC_REPRESENTATION_CONTEXT(2) 
PARAMETRIC_REPRESENTATION_CONTEXT() REPRESENTATION_CONTEXT('2D SPACE',''
  ) );
#5653 = PCURVE('',#4767,#5654);
#5654 = DEFINITIONAL_REPRESENTATION('',(#5655),#5658);
#5655 = B_SPLINE_CURVE_WITH_KNOTS('',1,(#5656,#5657),.UNSPECIFIED.,.F.,
  .F.,(2,2),(-45.,-10.),.PIECEWISE_BEZIER_KNOTS.);
#5656 = CARTESIAN_POINT('',(35.,-90.));
#5657 = CARTESIAN_POINT('',(0.,-90.));
#5658 = ( GEOMETRIC_REPRESENTATION_CONTEXT(2) 
PARAMETRIC_REPRESENTATION_CONTEXT() REPRESENTATION_CONTEXT('2D SPACE',''
  ) );
#5659 = ORIENTED_EDGE('',*,*,#5660,.T.);
#5660 = EDGE_CURVE('',#5640,#5661,#5663,.T.);
#5661 = VERTEX_POINT('',#5662);
#5662 = CARTESIAN_POINT('',(390.,240.,1.52E+03));
#5663 = SURFACE_CURVE('',#5664,(#5668,#5674),.PCURVE_S1.);
#5664 = LINE('',#5665,#5666);
#5665 = CARTESIAN_POINT('',(-40.,240.,1.52E+03));
#5666 = VECTOR('',#5667,1.);
#5667 = DIRECTION('',(1.,0.,-0.));
#5668 = PCURVE('',#3760,#5669);
#5669 = DEFINITIONAL_REPRESENTATION('',(#5670),#5673);
#5670 = B_SPLINE_CURVE_WITH_KNOTS('',1,(#5671,#5672),.UNSPECIFIED.,.F.,
  .F.,(2,2),(380.,430.),.PIECEWISE_BEZIER_KNOTS.);
#5671 = CARTESIAN_POINT('',(20.,760.));
#5672 = CARTESIAN_POINT('',(20.,810.));
#5673 = ( GEOMETRIC_REPRESENTATION_CONTEXT(2) 
PARAMETRIC_REPRESENTATION_CONTEXT() REPRESENTATION_CONTEXT('2D SPACE',''
  ) );
#5674 = PCURVE('',#4793,#5675);
#5675 = DEFINITIONAL_REPRESENTATION('',(#5676),#5679);
#5676 = B_SPLINE_CURVE_WITH_KNOTS('',1,(#5677,#5678),.UNSPECIFIED.,.F.,
  .F.,(2,2),(380.,430.),.PIECEWISE_BEZIER_KNOTS.);
#5677 = CARTESIAN_POINT('',(0.,90.));
#5678 = CARTESIAN_POINT('',(50.,90.));
#5679 = ( GEOMETRIC_REPRESENTATION_CONTEXT(2) 
PARAMETRIC_REPRESENTATION_CONTEXT() REPRESENTATION_CONTEXT('2D SPACE',''
  ) );
#5680 = ORIENTED_EDGE('',*,*,#5681,.F.);
#5681 = EDGE_CURVE('',#5619,#5661,#5682,.T.);
#5682 = SURFACE_CURVE('',#5683,(#5687,#5693),.PCURVE_S1.);
#5683 = LINE('',#5684,#5685);
#5684 = CARTESIAN_POINT('',(390.,240.,1.51E+03));
#5685 = VECTOR('',#5686,1.);
#5686 = DIRECTION('',(-0.,0.,-1.));
#5687 = PCURVE('',#3760,#5688);
#5688 = DEFINITIONAL_REPRESENTATION('',(#5689),#5692);
#5689 = B_SPLINE_CURVE_WITH_KNOTS('',1,(#5690,#5691),.UNSPECIFIED.,.F.,
  .F.,(2,2),(-45.,-10.),.PIECEWISE_BEZIER_KNOTS.);
#5690 = CARTESIAN_POINT('',(55.,810.));
#5691 = CARTESIAN_POINT('',(20.,810.));
#5692 = ( GEOMETRIC_REPRESENTATION_CONTEXT(2) 
PARAMETRIC_REPRESENTATION_CONTEXT() REPRESENTATION_CONTEXT('2D SPACE',''
  ) );
#5693 = PCURVE('',#4817,#5694);
#5694 = DEFINITIONAL_REPRESENTATION('',(#5695),#5698);
#5695 = B_SPLINE_CURVE_WITH_KNOTS('',1,(#5696,#5697),.UNSPECIFIED.,.F.,
  .F.,(2,2),(-45.,-10.),.PIECEWISE_BEZIER_KNOTS.);
#5696 = CARTESIAN_POINT('',(35.,-90.));
#5697 = CARTESIAN_POINT('',(0.,-90.));
#5698 = ( GEOMETRIC_REPRESENTATION_CONTEXT(2) 
PARAMETRIC_REPRESENTATION_CONTEXT() REPRESENTATION_CONTEXT('2D SPACE',''
  ) );
#5699 = ADVANCED_FACE('',(#5700),#3732,.F.);
#5700 = FACE_BOUND('',#5701,.F.);
#5701 = EDGE_LOOP('',(#5702,#5703,#5704,#5725));
#5702 = ORIENTED_EDGE('',*,*,#3716,.F.);
#5703 = ORIENTED_EDGE('',*,*,#3801,.T.);
#5704 = ORIENTED_EDGE('',*,*,#5705,.T.);
#5705 = EDGE_CURVE('',#3802,#4881,#5706,.T.);
#5706 = SURFACE_CURVE('',#5707,(#5711,#5718),.PCURVE_S1.);
#5707 = LINE('',#5708,#5709);
#5708 = CARTESIAN_POINT('',(420.,160.,1.5E+03));
#5709 = VECTOR('',#5710,1.);
#5710 = DIRECTION('',(-0.,1.,0.));
#5711 = PCURVE('',#3732,#5712);
#5712 = DEFINITIONAL_REPRESENTATION('',(#5713),#5717);
#5713 = LINE('',#5714,#5715);
#5714 = CARTESIAN_POINT('',(840.,0.));
#5715 = VECTOR('',#5716,1.);
#5716 = DIRECTION('',(0.,1.));
#5717 = ( GEOMETRIC_REPRESENTATION_CONTEXT(2) 
PARAMETRIC_REPRESENTATION_CONTEXT() REPRESENTATION_CONTEXT('2D SPACE',''
  ) );
#5718 = PCURVE('',#3862,#5719);
#5719 = DEFINITIONAL_REPRESENTATION('',(#5720),#5724);
#5720 = LINE('',#5721,#5722);
#5721 = CARTESIAN_POINT('',(0.,0.));
#5722 = VECTOR('',#5723,1.);
#5723 = DIRECTION('',(0.,-1.));
#5724 = ( GEOMETRIC_REPRESENTATION_CONTEXT(2) 
PARAMETRIC_REPRESENTATION_CONTEXT() REPRESENTATION_CONTEXT('2D SPACE',''
  ) );
#5725 = ORIENTED_EDGE('',*,*,#4880,.F.);
#5726 = ADVANCED_FACE('',(#5727),#3862,.T.);
#5727 = FACE_BOUND('',#5728,.T.);
#5728 = EDGE_LOOP('',(#5729,#5730,#5731,#5732));
#5729 = ORIENTED_EDGE('',*,*,#3848,.F.);
#5730 = ORIENTED_EDGE('',*,*,#5705,.T.);
#5731 = ORIENTED_EDGE('',*,*,#4905,.T.);
#5732 = ORIENTED_EDGE('',*,*,#4833,.F.);
#5733 = ADVANCED_FACE('',(#5734),#3893,.F.);
#5734 = FACE_BOUND('',#5735,.F.);
#5735 = EDGE_LOOP('',(#5736,#5757,#5758,#5779));
#5736 = ORIENTED_EDGE('',*,*,#5737,.F.);
#5737 = EDGE_CURVE('',#3877,#4929,#5738,.T.);
#5738 = SURFACE_CURVE('',#5739,(#5743,#5750),.PCURVE_S1.);
#5739 = LINE('',#5740,#5741);
#5740 = CARTESIAN_POINT('',(-380.,150.,1.555E+03));
#5741 = VECTOR('',#5742,1.);
#5742 = DIRECTION('',(-0.,1.,0.));
#5743 = PCURVE('',#3893,#5744);
#5744 = DEFINITIONAL_REPRESENTATION('',(#5745),#5749);
#5745 = LINE('',#5746,#5747);
#5746 = CARTESIAN_POINT('',(0.,0.));
#5747 = VECTOR('',#5748,1.);
#5748 = DIRECTION('',(0.,1.));
#5749 = ( GEOMETRIC_REPRESENTATION_CONTEXT(2) 
PARAMETRIC_REPRESENTATION_CONTEXT() REPRESENTATION_CONTEXT('2D SPACE',''
  ) );
#5750 = PCURVE('',#3919,#5751);
#5751 = DEFINITIONAL_REPRESENTATION('',(#5752),#5756);
#5752 = LINE('',#5753,#5754);
#5753 = CARTESIAN_POINT('',(35.,0.));
#5754 = VECTOR('',#5755,1.);
#5755 = DIRECTION('',(0.,-1.));
#5756 = ( GEOMETRIC_REPRESENTATION_CONTEXT(2) 
PARAMETRIC_REPRESENTATION_CONTEXT() REPRESENTATION_CONTEXT('2D SPACE',''
  ) );
#5757 = ORIENTED_EDGE('',*,*,#3876,.T.);
#5758 = ORIENTED_EDGE('',*,*,#5759,.T.);
#5759 = EDGE_CURVE('',#3879,#4931,#5760,.T.);
#5760 = SURFACE_CURVE('',#5761,(#5765,#5772),.PCURVE_S1.);
#5761 = LINE('',#5762,#5763);
#5762 = CARTESIAN_POINT('',(-330.,150.,1.555E+03));
#5763 = VECTOR('',#5764,1.);
#5764 = DIRECTION('',(-0.,1.,0.));
#5765 = PCURVE('',#3893,#5766);
#5766 = DEFINITIONAL_REPRESENTATION('',(#5767),#5771);
#5767 = LINE('',#5768,#5769);
#5768 = CARTESIAN_POINT('',(50.,0.));
#5769 = VECTOR('',#5770,1.);
#5770 = DIRECTION('',(0.,1.));
#5771 = ( GEOMETRIC_REPRESENTATION_CONTEXT(2) 
PARAMETRIC_REPRESENTATION_CONTEXT() REPRESENTATION_CONTEXT('2D SPACE',''
  ) );
#5772 = PCURVE('',#3969,#5773);
#5773 = DEFINITIONAL_REPRESENTATION('',(#5774),#5778);
#5774 = LINE('',#5775,#5776);
#5775 = CARTESIAN_POINT('',(35.,0.));
#5776 = VECTOR('',#5777,1.);
#5777 = DIRECTION('',(0.,-1.));
#5778 = ( GEOMETRIC_REPRESENTATION_CONTEXT(2) 
PARAMETRIC_REPRESENTATION_CONTEXT() REPRESENTATION_CONTEXT('2D SPACE',''
  ) );
#5779 = ORIENTED_EDGE('',*,*,#4928,.F.);
#5780 = ADVANCED_FACE('',(#5781),#3919,.T.);
#5781 = FACE_BOUND('',#5782,.T.);
#5782 = EDGE_LOOP('',(#5783,#5784,#5785,#5806));
#5783 = ORIENTED_EDGE('',*,*,#5737,.F.);
#5784 = ORIENTED_EDGE('',*,*,#3904,.T.);
#5785 = ORIENTED_EDGE('',*,*,#5786,.T.);
#5786 = EDGE_CURVE('',#3905,#4952,#5787,.T.);
#5787 = SURFACE_CURVE('',#5788,(#5792,#5799),.PCURVE_S1.);
#5788 = LINE('',#5789,#5790);
#5789 = CARTESIAN_POINT('',(-380.,150.,1.52E+03));
#5790 = VECTOR('',#5791,1.);
#5791 = DIRECTION('',(-0.,1.,0.));
#5792 = PCURVE('',#3919,#5793);
#5793 = DEFINITIONAL_REPRESENTATION('',(#5794),#5798);
#5794 = LINE('',#5795,#5796);
#5795 = CARTESIAN_POINT('',(0.,0.));
#5796 = VECTOR('',#5797,1.);
#5797 = DIRECTION('',(0.,-1.));
#5798 = ( GEOMETRIC_REPRESENTATION_CONTEXT(2) 
PARAMETRIC_REPRESENTATION_CONTEXT() REPRESENTATION_CONTEXT('2D SPACE',''
  ) );
#5799 = PCURVE('',#3945,#5800);
#5800 = DEFINITIONAL_REPRESENTATION('',(#5801),#5805);
#5801 = LINE('',#5802,#5803);
#5802 = CARTESIAN_POINT('',(0.,0.));
#5803 = VECTOR('',#5804,1.);
#5804 = DIRECTION('',(0.,1.));
#5805 = ( GEOMETRIC_REPRESENTATION_CONTEXT(2) 
PARAMETRIC_REPRESENTATION_CONTEXT() REPRESENTATION_CONTEXT('2D SPACE',''
  ) );
#5806 = ORIENTED_EDGE('',*,*,#4951,.F.);
#5807 = ADVANCED_FACE('',(#5808),#3969,.F.);
#5808 = FACE_BOUND('',#5809,.F.);
#5809 = EDGE_LOOP('',(#5810,#5811,#5812,#5833));
#5810 = ORIENTED_EDGE('',*,*,#5759,.F.);
#5811 = ORIENTED_EDGE('',*,*,#3956,.T.);
#5812 = ORIENTED_EDGE('',*,*,#5813,.T.);
#5813 = EDGE_CURVE('',#3931,#4973,#5814,.T.);
#5814 = SURFACE_CURVE('',#5815,(#5819,#5826),.PCURVE_S1.);
#5815 = LINE('',#5816,#5817);
#5816 = CARTESIAN_POINT('',(-330.,150.,1.52E+03));
#5817 = VECTOR('',#5818,1.);
#5818 = DIRECTION('',(-0.,1.,0.));
#5819 = PCURVE('',#3969,#5820);
#5820 = DEFINITIONAL_REPRESENTATION('',(#5821),#5825);
#5821 = LINE('',#5822,#5823);
#5822 = CARTESIAN_POINT('',(0.,0.));
#5823 = VECTOR('',#5824,1.);
#5824 = DIRECTION('',(0.,-1.));
#5825 = ( GEOMETRIC_REPRESENTATION_CONTEXT(2) 
PARAMETRIC_REPRESENTATION_CONTEXT() REPRESENTATION_CONTEXT('2D SPACE',''
  ) );
#5826 = PCURVE('',#3945,#5827);
#5827 = DEFINITIONAL_REPRESENTATION('',(#5828),#5832);
#5828 = LINE('',#5829,#5830);
#5829 = CARTESIAN_POINT('',(50.,0.));
#5830 = VECTOR('',#5831,1.);
#5831 = DIRECTION('',(0.,1.));
#5832 = ( GEOMETRIC_REPRESENTATION_CONTEXT(2) 
PARAMETRIC_REPRESENTATION_CONTEXT() REPRESENTATION_CONTEXT('2D SPACE',''
  ) );
#5833 = ORIENTED_EDGE('',*,*,#4993,.F.);
#5834 = ADVANCED_FACE('',(#5835),#3945,.T.);
#5835 = FACE_BOUND('',#5836,.T.);
#5836 = EDGE_LOOP('',(#5837,#5838,#5839,#5840));
#5837 = ORIENTED_EDGE('',*,*,#5786,.F.);
#5838 = ORIENTED_EDGE('',*,*,#3930,.T.);
#5839 = ORIENTED_EDGE('',*,*,#5813,.T.);
#5840 = ORIENTED_EDGE('',*,*,#4972,.F.);
#5841 = ADVANCED_FACE('',(#5842),#3999,.F.);
#5842 = FACE_BOUND('',#5843,.F.);
#5843 = EDGE_LOOP('',(#5844,#5865,#5866,#5887));
#5844 = ORIENTED_EDGE('',*,*,#5845,.F.);
#5845 = EDGE_CURVE('',#3983,#5015,#5846,.T.);
#5846 = SURFACE_CURVE('',#5847,(#5851,#5858),.PCURVE_S1.);
#5847 = LINE('',#5848,#5849);
#5848 = CARTESIAN_POINT('',(-290.,150.,1.555E+03));
#5849 = VECTOR('',#5850,1.);
#5850 = DIRECTION('',(-0.,1.,0.));
#5851 = PCURVE('',#3999,#5852);
#5852 = DEFINITIONAL_REPRESENTATION('',(#5853),#5857);
#5853 = LINE('',#5854,#5855);
#5854 = CARTESIAN_POINT('',(0.,0.));
#5855 = VECTOR('',#5856,1.);
#5856 = DIRECTION('',(0.,1.));
#5857 = ( GEOMETRIC_REPRESENTATION_CONTEXT(2) 
PARAMETRIC_REPRESENTATION_CONTEXT() REPRESENTATION_CONTEXT('2D SPACE',''
  ) );
#5858 = PCURVE('',#4025,#5859);
#5859 = DEFINITIONAL_REPRESENTATION('',(#5860),#5864);
#5860 = LINE('',#5861,#5862);
#5861 = CARTESIAN_POINT('',(35.,0.));
#5862 = VECTOR('',#5863,1.);
#5863 = DIRECTION('',(0.,-1.));
#5864 = ( GEOMETRIC_REPRESENTATION_CONTEXT(2) 
PARAMETRIC_REPRESENTATION_CONTEXT() REPRESENTATION_CONTEXT('2D SPACE',''
  ) );
#5865 = ORIENTED_EDGE('',*,*,#3982,.T.);
#5866 = ORIENTED_EDGE('',*,*,#5867,.T.);
#5867 = EDGE_CURVE('',#3985,#5017,#5868,.T.);
#5868 = SURFACE_CURVE('',#5869,(#5873,#5880),.PCURVE_S1.);
#5869 = LINE('',#5870,#5871);
#5870 = CARTESIAN_POINT('',(-240.,150.,1.555E+03));
#5871 = VECTOR('',#5872,1.);
#5872 = DIRECTION('',(-0.,1.,0.));
#5873 = PCURVE('',#3999,#5874);
#5874 = DEFINITIONAL_REPRESENTATION('',(#5875),#5879);
#5875 = LINE('',#5876,#5877);
#5876 = CARTESIAN_POINT('',(50.,0.));
#5877 = VECTOR('',#5878,1.);
#5878 = DIRECTION('',(0.,1.));
#5879 = ( GEOMETRIC_REPRESENTATION_CONTEXT(2) 
PARAMETRIC_REPRESENTATION_CONTEXT() REPRESENTATION_CONTEXT('2D SPACE',''
  ) );
#5880 = PCURVE('',#4075,#5881);
#5881 = DEFINITIONAL_REPRESENTATION('',(#5882),#5886);
#5882 = LINE('',#5883,#5884);
#5883 = CARTESIAN_POINT('',(35.,0.));
#5884 = VECTOR('',#5885,1.);
#5885 = DIRECTION('',(0.,-1.));
#5886 = ( GEOMETRIC_REPRESENTATION_CONTEXT(2) 
PARAMETRIC_REPRESENTATION_CONTEXT() REPRESENTATION_CONTEXT('2D SPACE',''
  ) );
#5887 = ORIENTED_EDGE('',*,*,#5014,.F.);
#5888 = ADVANCED_FACE('',(#5889),#4025,.T.);
#5889 = FACE_BOUND('',#5890,.T.);
#5890 = EDGE_LOOP('',(#5891,#5892,#5893,#5914));
#5891 = ORIENTED_EDGE('',*,*,#5845,.F.);
#5892 = ORIENTED_EDGE('',*,*,#4010,.T.);
#5893 = ORIENTED_EDGE('',*,*,#5894,.T.);
#5894 = EDGE_CURVE('',#4011,#5038,#5895,.T.);
#5895 = SURFACE_CURVE('',#5896,(#5900,#5907),.PCURVE_S1.);
#5896 = LINE('',#5897,#5898);
#5897 = CARTESIAN_POINT('',(-290.,150.,1.52E+03));
#5898 = VECTOR('',#5899,1.);
#5899 = DIRECTION('',(-0.,1.,0.));
#5900 = PCURVE('',#4025,#5901);
#5901 = DEFINITIONAL_REPRESENTATION('',(#5902),#5906);
#5902 = LINE('',#5903,#5904);
#5903 = CARTESIAN_POINT('',(0.,0.));
#5904 = VECTOR('',#5905,1.);
#5905 = DIRECTION('',(0.,-1.));
#5906 = ( GEOMETRIC_REPRESENTATION_CONTEXT(2) 
PARAMETRIC_REPRESENTATION_CONTEXT() REPRESENTATION_CONTEXT('2D SPACE',''
  ) );
#5907 = PCURVE('',#4051,#5908);
#5908 = DEFINITIONAL_REPRESENTATION('',(#5909),#5913);
#5909 = LINE('',#5910,#5911);
#5910 = CARTESIAN_POINT('',(0.,0.));
#5911 = VECTOR('',#5912,1.);
#5912 = DIRECTION('',(0.,1.));
#5913 = ( GEOMETRIC_REPRESENTATION_CONTEXT(2) 
PARAMETRIC_REPRESENTATION_CONTEXT() REPRESENTATION_CONTEXT('2D SPACE',''
  ) );
#5914 = ORIENTED_EDGE('',*,*,#5037,.F.);
#5915 = ADVANCED_FACE('',(#5916),#4075,.F.);
#5916 = FACE_BOUND('',#5917,.F.);
#5917 = EDGE_LOOP('',(#5918,#5919,#5920,#5941));
#5918 = ORIENTED_EDGE('',*,*,#5867,.F.);
#5919 = ORIENTED_EDGE('',*,*,#4062,.T.);
#5920 = ORIENTED_EDGE('',*,*,#5921,.T.);
#5921 = EDGE_CURVE('',#4037,#5059,#5922,.T.);
#5922 = SURFACE_CURVE('',#5923,(#5927,#5934),.PCURVE_S1.);
#5923 = LINE('',#5924,#5925);
#5924 = CARTESIAN_POINT('',(-240.,150.,1.52E+03));
#5925 = VECTOR('',#5926,1.);
#5926 = DIRECTION('',(-0.,1.,0.));
#5927 = PCURVE('',#4075,#5928);
#5928 = DEFINITIONAL_REPRESENTATION('',(#5929),#5933);
#5929 = LINE('',#5930,#5931);
#5930 = CARTESIAN_POINT('',(0.,0.));
#5931 = VECTOR('',#5932,1.);
#5932 = DIRECTION('',(0.,-1.));
#5933 = ( GEOMETRIC_REPRESENTATION_CONTEXT(2) 
PARAMETRIC_REPRESENTATION_CONTEXT() REPRESENTATION_CONTEXT('2D SPACE',''
  ) );
#5934 = PCURVE('',#4051,#5935);
#5935 = DEFINITIONAL_REPRESENTATION('',(#5936),#5940);
#5936 = LINE('',#5937,#5938);
#5937 = CARTESIAN_POINT('',(50.,0.));
#5938 = VECTOR('',#5939,1.);
#5939 = DIRECTION('',(0.,1.));
#5940 = ( GEOMETRIC_REPRESENTATION_CONTEXT(2) 
PARAMETRIC_REPRESENTATION_CONTEXT() REPRESENTATION_CONTEXT('2D SPACE',''
  ) );
#5941 = ORIENTED_EDGE('',*,*,#5079,.F.);
#5942 = ADVANCED_FACE('',(#5943),#4051,.T.);
#5943 = FACE_BOUND('',#5944,.T.);
#5944 = EDGE_LOOP('',(#5945,#5946,#5947,#5948));
#5945 = ORIENTED_EDGE('',*,*,#5894,.F.);
#5946 = ORIENTED_EDGE('',*,*,#4036,.T.);
#5947 = ORIENTED_EDGE('',*,*,#5921,.T.);
#5948 = ORIENTED_EDGE('',*,*,#5058,.F.);
#5949 = ADVANCED_FACE('',(#5950),#4105,.F.);
#5950 = FACE_BOUND('',#5951,.F.);
#5951 = EDGE_LOOP('',(#5952,#5973,#5974,#5995));
#5952 = ORIENTED_EDGE('',*,*,#5953,.F.);
#5953 = EDGE_CURVE('',#4089,#5101,#5954,.T.);
#5954 = SURFACE_CURVE('',#5955,(#5959,#5966),.PCURVE_S1.);
#5955 = LINE('',#5956,#5957);
#5956 = CARTESIAN_POINT('',(-200.,150.,1.555E+03));
#5957 = VECTOR('',#5958,1.);
#5958 = DIRECTION('',(-0.,1.,0.));
#5959 = PCURVE('',#4105,#5960);
#5960 = DEFINITIONAL_REPRESENTATION('',(#5961),#5965);
#5961 = LINE('',#5962,#5963);
#5962 = CARTESIAN_POINT('',(0.,0.));
#5963 = VECTOR('',#5964,1.);
#5964 = DIRECTION('',(0.,1.));
#5965 = ( GEOMETRIC_REPRESENTATION_CONTEXT(2) 
PARAMETRIC_REPRESENTATION_CONTEXT() REPRESENTATION_CONTEXT('2D SPACE',''
  ) );
#5966 = PCURVE('',#4131,#5967);
#5967 = DEFINITIONAL_REPRESENTATION('',(#5968),#5972);
#5968 = LINE('',#5969,#5970);
#5969 = CARTESIAN_POINT('',(35.,0.));
#5970 = VECTOR('',#5971,1.);
#5971 = DIRECTION('',(0.,-1.));
#5972 = ( GEOMETRIC_REPRESENTATION_CONTEXT(2) 
PARAMETRIC_REPRESENTATION_CONTEXT() REPRESENTATION_CONTEXT('2D SPACE',''
  ) );
#5973 = ORIENTED_EDGE('',*,*,#4088,.T.);
#5974 = ORIENTED_EDGE('',*,*,#5975,.T.);
#5975 = EDGE_CURVE('',#4091,#5103,#5976,.T.);
#5976 = SURFACE_CURVE('',#5977,(#5981,#5988),.PCURVE_S1.);
#5977 = LINE('',#5978,#5979);
#5978 = CARTESIAN_POINT('',(-150.,150.,1.555E+03));
#5979 = VECTOR('',#5980,1.);
#5980 = DIRECTION('',(-0.,1.,0.));
#5981 = PCURVE('',#4105,#5982);
#5982 = DEFINITIONAL_REPRESENTATION('',(#5983),#5987);
#5983 = LINE('',#5984,#5985);
#5984 = CARTESIAN_POINT('',(50.,0.));
#5985 = VECTOR('',#5986,1.);
#5986 = DIRECTION('',(0.,1.));
#5987 = ( GEOMETRIC_REPRESENTATION_CONTEXT(2) 
PARAMETRIC_REPRESENTATION_CONTEXT() REPRESENTATION_CONTEXT('2D SPACE',''
  ) );
#5988 = PCURVE('',#4181,#5989);
#5989 = DEFINITIONAL_REPRESENTATION('',(#5990),#5994);
#5990 = LINE('',#5991,#5992);
#5991 = CARTESIAN_POINT('',(35.,0.));
#5992 = VECTOR('',#5993,1.);
#5993 = DIRECTION('',(0.,-1.));
#5994 = ( GEOMETRIC_REPRESENTATION_CONTEXT(2) 
PARAMETRIC_REPRESENTATION_CONTEXT() REPRESENTATION_CONTEXT('2D SPACE',''
  ) );
#5995 = ORIENTED_EDGE('',*,*,#5100,.F.);
#5996 = ADVANCED_FACE('',(#5997),#4131,.T.);
#5997 = FACE_BOUND('',#5998,.T.);
#5998 = EDGE_LOOP('',(#5999,#6000,#6001,#6022));
#5999 = ORIENTED_EDGE('',*,*,#5953,.F.);
#6000 = ORIENTED_EDGE('',*,*,#4116,.T.);
#6001 = ORIENTED_EDGE('',*,*,#6002,.T.);
#6002 = EDGE_CURVE('',#4117,#5124,#6003,.T.);
#6003 = SURFACE_CURVE('',#6004,(#6008,#6015),.PCURVE_S1.);
#6004 = LINE('',#6005,#6006);
#6005 = CARTESIAN_POINT('',(-200.,150.,1.52E+03));
#6006 = VECTOR('',#6007,1.);
#6007 = DIRECTION('',(-0.,1.,0.));
#6008 = PCURVE('',#4131,#6009);
#6009 = DEFINITIONAL_REPRESENTATION('',(#6010),#6014);
#6010 = LINE('',#6011,#6012);
#6011 = CARTESIAN_POINT('',(0.,0.));
#6012 = VECTOR('',#6013,1.);
#6013 = DIRECTION('',(0.,-1.));
#6014 = ( GEOMETRIC_REPRESENTATION_CONTEXT(2) 
PARAMETRIC_REPRESENTATION_CONTEXT() REPRESENTATION_CONTEXT('2D SPACE',''
  ) );
#6015 = PCURVE('',#4157,#6016);
#6016 = DEFINITIONAL_REPRESENTATION('',(#6017),#6021);
#6017 = LINE('',#6018,#6019);
#6018 = CARTESIAN_POINT('',(0.,0.));
#6019 = VECTOR('',#6020,1.);
#6020 = DIRECTION('',(0.,1.));
#6021 = ( GEOMETRIC_REPRESENTATION_CONTEXT(2) 
PARAMETRIC_REPRESENTATION_CONTEXT() REPRESENTATION_CONTEXT('2D SPACE',''
  ) );
#6022 = ORIENTED_EDGE('',*,*,#5123,.F.);
#6023 = ADVANCED_FACE('',(#6024),#4181,.F.);
#6024 = FACE_BOUND('',#6025,.F.);
#6025 = EDGE_LOOP('',(#6026,#6027,#6028,#6049));
#6026 = ORIENTED_EDGE('',*,*,#5975,.F.);
#6027 = ORIENTED_EDGE('',*,*,#4168,.T.);
#6028 = ORIENTED_EDGE('',*,*,#6029,.T.);
#6029 = EDGE_CURVE('',#4143,#5145,#6030,.T.);
#6030 = SURFACE_CURVE('',#6031,(#6035,#6042),.PCURVE_S1.);
#6031 = LINE('',#6032,#6033);
#6032 = CARTESIAN_POINT('',(-150.,150.,1.52E+03));
#6033 = VECTOR('',#6034,1.);
#6034 = DIRECTION('',(-0.,1.,0.));
#6035 = PCURVE('',#4181,#6036);
#6036 = DEFINITIONAL_REPRESENTATION('',(#6037),#6041);
#6037 = LINE('',#6038,#6039);
#6038 = CARTESIAN_POINT('',(0.,0.));
#6039 = VECTOR('',#6040,1.);
#6040 = DIRECTION('',(0.,-1.));
#6041 = ( GEOMETRIC_REPRESENTATION_CONTEXT(2) 
PARAMETRIC_REPRESENTATION_CONTEXT() REPRESENTATION_CONTEXT('2D SPACE',''
  ) );
#6042 = PCURVE('',#4157,#6043);
#6043 = DEFINITIONAL_REPRESENTATION('',(#6044),#6048);
#6044 = LINE('',#6045,#6046);
#6045 = CARTESIAN_POINT('',(50.,0.));
#6046 = VECTOR('',#6047,1.);
#6047 = DIRECTION('',(0.,1.));
#6048 = ( GEOMETRIC_REPRESENTATION_CONTEXT(2) 
PARAMETRIC_REPRESENTATION_CONTEXT() REPRESENTATION_CONTEXT('2D SPACE',''
  ) );
#6049 = ORIENTED_EDGE('',*,*,#5165,.F.);
#6050 = ADVANCED_FACE('',(#6051),#4157,.T.);
#6051 = FACE_BOUND('',#6052,.T.);
#6052 = EDGE_LOOP('',(#6053,#6054,#6055,#6056));
#6053 = ORIENTED_EDGE('',*,*,#6002,.F.);
#6054 = ORIENTED_EDGE('',*,*,#4142,.T.);
#6055 = ORIENTED_EDGE('',*,*,#6029,.T.);
#6056 = ORIENTED_EDGE('',*,*,#5144,.F.);
#6057 = ADVANCED_FACE('',(#6058),#4211,.F.);
#6058 = FACE_BOUND('',#6059,.F.);
#6059 = EDGE_LOOP('',(#6060,#6081,#6082,#6103));
#6060 = ORIENTED_EDGE('',*,*,#6061,.F.);
#6061 = EDGE_CURVE('',#4195,#5187,#6062,.T.);
#6062 = SURFACE_CURVE('',#6063,(#6067,#6074),.PCURVE_S1.);
#6063 = LINE('',#6064,#6065);
#6064 = CARTESIAN_POINT('',(-110.,150.,1.555E+03));
#6065 = VECTOR('',#6066,1.);
#6066 = DIRECTION('',(-0.,1.,0.));
#6067 = PCURVE('',#4211,#6068);
#6068 = DEFINITIONAL_REPRESENTATION('',(#6069),#6073);
#6069 = LINE('',#6070,#6071);
#6070 = CARTESIAN_POINT('',(0.,0.));
#6071 = VECTOR('',#6072,1.);
#6072 = DIRECTION('',(0.,1.));
#6073 = ( GEOMETRIC_REPRESENTATION_CONTEXT(2) 
PARAMETRIC_REPRESENTATION_CONTEXT() REPRESENTATION_CONTEXT('2D SPACE',''
  ) );
#6074 = PCURVE('',#4237,#6075);
#6075 = DEFINITIONAL_REPRESENTATION('',(#6076),#6080);
#6076 = LINE('',#6077,#6078);
#6077 = CARTESIAN_POINT('',(35.,0.));
#6078 = VECTOR('',#6079,1.);
#6079 = DIRECTION('',(0.,-1.));
#6080 = ( GEOMETRIC_REPRESENTATION_CONTEXT(2) 
PARAMETRIC_REPRESENTATION_CONTEXT() REPRESENTATION_CONTEXT('2D SPACE',''
  ) );
#6081 = ORIENTED_EDGE('',*,*,#4194,.T.);
#6082 = ORIENTED_EDGE('',*,*,#6083,.T.);
#6083 = EDGE_CURVE('',#4197,#5189,#6084,.T.);
#6084 = SURFACE_CURVE('',#6085,(#6089,#6096),.PCURVE_S1.);
#6085 = LINE('',#6086,#6087);
#6086 = CARTESIAN_POINT('',(-60.,150.,1.555E+03));
#6087 = VECTOR('',#6088,1.);
#6088 = DIRECTION('',(-0.,1.,0.));
#6089 = PCURVE('',#4211,#6090);
#6090 = DEFINITIONAL_REPRESENTATION('',(#6091),#6095);
#6091 = LINE('',#6092,#6093);
#6092 = CARTESIAN_POINT('',(50.,0.));
#6093 = VECTOR('',#6094,1.);
#6094 = DIRECTION('',(0.,1.));
#6095 = ( GEOMETRIC_REPRESENTATION_CONTEXT(2) 
PARAMETRIC_REPRESENTATION_CONTEXT() REPRESENTATION_CONTEXT('2D SPACE',''
  ) );
#6096 = PCURVE('',#4287,#6097);
#6097 = DEFINITIONAL_REPRESENTATION('',(#6098),#6102);
#6098 = LINE('',#6099,#6100);
#6099 = CARTESIAN_POINT('',(35.,0.));
#6100 = VECTOR('',#6101,1.);
#6101 = DIRECTION('',(0.,-1.));
#6102 = ( GEOMETRIC_REPRESENTATION_CONTEXT(2) 
PARAMETRIC_REPRESENTATION_CONTEXT() REPRESENTATION_CONTEXT('2D SPACE',''
  ) );
#6103 = ORIENTED_EDGE('',*,*,#5186,.F.);
#6104 = ADVANCED_FACE('',(#6105),#4237,.T.);
#6105 = FACE_BOUND('',#6106,.T.);
#6106 = EDGE_LOOP('',(#6107,#6108,#6109,#6130));
#6107 = ORIENTED_EDGE('',*,*,#6061,.F.);
#6108 = ORIENTED_EDGE('',*,*,#4222,.T.);
#6109 = ORIENTED_EDGE('',*,*,#6110,.T.);
#6110 = EDGE_CURVE('',#4223,#5210,#6111,.T.);
#6111 = SURFACE_CURVE('',#6112,(#6116,#6123),.PCURVE_S1.);
#6112 = LINE('',#6113,#6114);
#6113 = CARTESIAN_POINT('',(-110.,150.,1.52E+03));
#6114 = VECTOR('',#6115,1.);
#6115 = DIRECTION('',(-0.,1.,0.));
#6116 = PCURVE('',#4237,#6117);
#6117 = DEFINITIONAL_REPRESENTATION('',(#6118),#6122);
#6118 = LINE('',#6119,#6120);
#6119 = CARTESIAN_POINT('',(0.,0.));
#6120 = VECTOR('',#6121,1.);
#6121 = DIRECTION('',(0.,-1.));
#6122 = ( GEOMETRIC_REPRESENTATION_CONTEXT(2) 
PARAMETRIC_REPRESENTATION_CONTEXT() REPRESENTATION_CONTEXT('2D SPACE',''
  ) );
#6123 = PCURVE('',#4263,#6124);
#6124 = DEFINITIONAL_REPRESENTATION('',(#6125),#6129);
#6125 = LINE('',#6126,#6127);
#6126 = CARTESIAN_POINT('',(0.,0.));
#6127 = VECTOR('',#6128,1.);
#6128 = DIRECTION('',(0.,1.));
#6129 = ( GEOMETRIC_REPRESENTATION_CONTEXT(2) 
PARAMETRIC_REPRESENTATION_CONTEXT() REPRESENTATION_CONTEXT('2D SPACE',''
  ) );
#6130 = ORIENTED_EDGE('',*,*,#5209,.F.);
#6131 = ADVANCED_FACE('',(#6132),#4287,.F.);
#6132 = FACE_BOUND('',#6133,.F.);
#6133 = EDGE_LOOP('',(#6134,#6135,#6136,#6157));
#6134 = ORIENTED_EDGE('',*,*,#6083,.F.);
#6135 = ORIENTED_EDGE('',*,*,#4274,.T.);
#6136 = ORIENTED_EDGE('',*,*,#6137,.T.);
#6137 = EDGE_CURVE('',#4249,#5231,#6138,.T.);
#6138 = SURFACE_CURVE('',#6139,(#6143,#6150),.PCURVE_S1.);
#6139 = LINE('',#6140,#6141);
#6140 = CARTESIAN_POINT('',(-60.,150.,1.52E+03));
#6141 = VECTOR('',#6142,1.);
#6142 = DIRECTION('',(-0.,1.,0.));
#6143 = PCURVE('',#4287,#6144);
#6144 = DEFINITIONAL_REPRESENTATION('',(#6145),#6149);
#6145 = LINE('',#6146,#6147);
#6146 = CARTESIAN_POINT('',(0.,0.));
#6147 = VECTOR('',#6148,1.);
#6148 = DIRECTION('',(0.,-1.));
#6149 = ( GEOMETRIC_REPRESENTATION_CONTEXT(2) 
PARAMETRIC_REPRESENTATION_CONTEXT() REPRESENTATION_CONTEXT('2D SPACE',''
  ) );
#6150 = PCURVE('',#4263,#6151);
#6151 = DEFINITIONAL_REPRESENTATION('',(#6152),#6156);
#6152 = LINE('',#6153,#6154);
#6153 = CARTESIAN_POINT('',(50.,0.));
#6154 = VECTOR('',#6155,1.);
#6155 = DIRECTION('',(0.,1.));
#6156 = ( GEOMETRIC_REPRESENTATION_CONTEXT(2) 
PARAMETRIC_REPRESENTATION_CONTEXT() REPRESENTATION_CONTEXT('2D SPACE',''
  ) );
#6157 = ORIENTED_EDGE('',*,*,#5251,.F.);
#6158 = ADVANCED_FACE('',(#6159),#4263,.T.);
#6159 = FACE_BOUND('',#6160,.T.);
#6160 = EDGE_LOOP('',(#6161,#6162,#6163,#6164));
#6161 = ORIENTED_EDGE('',*,*,#6110,.F.);
#6162 = ORIENTED_EDGE('',*,*,#4248,.T.);
#6163 = ORIENTED_EDGE('',*,*,#6137,.T.);
#6164 = ORIENTED_EDGE('',*,*,#5230,.F.);
#6165 = ADVANCED_FACE('',(#6166),#4317,.F.);
#6166 = FACE_BOUND('',#6167,.F.);
#6167 = EDGE_LOOP('',(#6168,#6189,#6190,#6211));
#6168 = ORIENTED_EDGE('',*,*,#6169,.F.);
#6169 = EDGE_CURVE('',#4301,#5273,#6170,.T.);
#6170 = SURFACE_CURVE('',#6171,(#6175,#6182),.PCURVE_S1.);
#6171 = LINE('',#6172,#6173);
#6172 = CARTESIAN_POINT('',(-20.,150.,1.555E+03));
#6173 = VECTOR('',#6174,1.);
#6174 = DIRECTION('',(-0.,1.,0.));
#6175 = PCURVE('',#4317,#6176);
#6176 = DEFINITIONAL_REPRESENTATION('',(#6177),#6181);
#6177 = LINE('',#6178,#6179);
#6178 = CARTESIAN_POINT('',(0.,0.));
#6179 = VECTOR('',#6180,1.);
#6180 = DIRECTION('',(0.,1.));
#6181 = ( GEOMETRIC_REPRESENTATION_CONTEXT(2) 
PARAMETRIC_REPRESENTATION_CONTEXT() REPRESENTATION_CONTEXT('2D SPACE',''
  ) );
#6182 = PCURVE('',#4343,#6183);
#6183 = DEFINITIONAL_REPRESENTATION('',(#6184),#6188);
#6184 = LINE('',#6185,#6186);
#6185 = CARTESIAN_POINT('',(35.,0.));
#6186 = VECTOR('',#6187,1.);
#6187 = DIRECTION('',(0.,-1.));
#6188 = ( GEOMETRIC_REPRESENTATION_CONTEXT(2) 
PARAMETRIC_REPRESENTATION_CONTEXT() REPRESENTATION_CONTEXT('2D SPACE',''
  ) );
#6189 = ORIENTED_EDGE('',*,*,#4300,.T.);
#6190 = ORIENTED_EDGE('',*,*,#6191,.T.);
#6191 = EDGE_CURVE('',#4303,#5275,#6192,.T.);
#6192 = SURFACE_CURVE('',#6193,(#6197,#6204),.PCURVE_S1.);
#6193 = LINE('',#6194,#6195);
#6194 = CARTESIAN_POINT('',(30.,150.,1.555E+03));
#6195 = VECTOR('',#6196,1.);
#6196 = DIRECTION('',(-0.,1.,0.));
#6197 = PCURVE('',#4317,#6198);
#6198 = DEFINITIONAL_REPRESENTATION('',(#6199),#6203);
#6199 = LINE('',#6200,#6201);
#6200 = CARTESIAN_POINT('',(50.,0.));
#6201 = VECTOR('',#6202,1.);
#6202 = DIRECTION('',(0.,1.));
#6203 = ( GEOMETRIC_REPRESENTATION_CONTEXT(2) 
PARAMETRIC_REPRESENTATION_CONTEXT() REPRESENTATION_CONTEXT('2D SPACE',''
  ) );
#6204 = PCURVE('',#4393,#6205);
#6205 = DEFINITIONAL_REPRESENTATION('',(#6206),#6210);
#6206 = LINE('',#6207,#6208);
#6207 = CARTESIAN_POINT('',(35.,0.));
#6208 = VECTOR('',#6209,1.);
#6209 = DIRECTION('',(0.,-1.));
#6210 = ( GEOMETRIC_REPRESENTATION_CONTEXT(2) 
PARAMETRIC_REPRESENTATION_CONTEXT() REPRESENTATION_CONTEXT('2D SPACE',''
  ) );
#6211 = ORIENTED_EDGE('',*,*,#5272,.F.);
#6212 = ADVANCED_FACE('',(#6213),#4343,.T.);
#6213 = FACE_BOUND('',#6214,.T.);
#6214 = EDGE_LOOP('',(#6215,#6216,#6217,#6238));
#6215 = ORIENTED_EDGE('',*,*,#6169,.F.);
#6216 = ORIENTED_EDGE('',*,*,#4328,.T.);
#6217 = ORIENTED_EDGE('',*,*,#6218,.T.);
#6218 = EDGE_CURVE('',#4329,#5296,#6219,.T.);
#6219 = SURFACE_CURVE('',#6220,(#6224,#6231),.PCURVE_S1.);
#6220 = LINE('',#6221,#6222);
#6221 = CARTESIAN_POINT('',(-20.,150.,1.52E+03));
#6222 = VECTOR('',#6223,1.);
#6223 = DIRECTION('',(-0.,1.,0.));
#6224 = PCURVE('',#4343,#6225);
#6225 = DEFINITIONAL_REPRESENTATION('',(#6226),#6230);
#6226 = LINE('',#6227,#6228);
#6227 = CARTESIAN_POINT('',(0.,0.));
#6228 = VECTOR('',#6229,1.);
#6229 = DIRECTION('',(0.,-1.));
#6230 = ( GEOMETRIC_REPRESENTATION_CONTEXT(2) 
PARAMETRIC_REPRESENTATION_CONTEXT() REPRESENTATION_CONTEXT('2D SPACE',''
  ) );
#6231 = PCURVE('',#4369,#6232);
#6232 = DEFINITIONAL_REPRESENTATION('',(#6233),#6237);
#6233 = LINE('',#6234,#6235);
#6234 = CARTESIAN_POINT('',(0.,0.));
#6235 = VECTOR('',#6236,1.);
#6236 = DIRECTION('',(0.,1.));
#6237 = ( GEOMETRIC_REPRESENTATION_CONTEXT(2) 
PARAMETRIC_REPRESENTATION_CONTEXT() REPRESENTATION_CONTEXT('2D SPACE',''
  ) );
#6238 = ORIENTED_EDGE('',*,*,#5295,.F.);
#6239 = ADVANCED_FACE('',(#6240),#4393,.F.);
#6240 = FACE_BOUND('',#6241,.F.);
#6241 = EDGE_LOOP('',(#6242,#6243,#6244,#6265));
#6242 = ORIENTED_EDGE('',*,*,#6191,.F.);
#6243 = ORIENTED_EDGE('',*,*,#4380,.T.);
#6244 = ORIENTED_EDGE('',*,*,#6245,.T.);
#6245 = EDGE_CURVE('',#4355,#5317,#6246,.T.);
#6246 = SURFACE_CURVE('',#6247,(#6251,#6258),.PCURVE_S1.);
#6247 = LINE('',#6248,#6249);
#6248 = CARTESIAN_POINT('',(30.,150.,1.52E+03));
#6249 = VECTOR('',#6250,1.);
#6250 = DIRECTION('',(-0.,1.,0.));
#6251 = PCURVE('',#4393,#6252);
#6252 = DEFINITIONAL_REPRESENTATION('',(#6253),#6257);
#6253 = LINE('',#6254,#6255);
#6254 = CARTESIAN_POINT('',(0.,0.));
#6255 = VECTOR('',#6256,1.);
#6256 = DIRECTION('',(0.,-1.));
#6257 = ( GEOMETRIC_REPRESENTATION_CONTEXT(2) 
PARAMETRIC_REPRESENTATION_CONTEXT() REPRESENTATION_CONTEXT('2D SPACE',''
  ) );
#6258 = PCURVE('',#4369,#6259);
#6259 = DEFINITIONAL_REPRESENTATION('',(#6260),#6264);
#6260 = LINE('',#6261,#6262);
#6261 = CARTESIAN_POINT('',(50.,0.));
#6262 = VECTOR('',#6263,1.);
#6263 = DIRECTION('',(0.,1.));
#6264 = ( GEOMETRIC_REPRESENTATION_CONTEXT(2) 
PARAMETRIC_REPRESENTATION_CONTEXT() REPRESENTATION_CONTEXT('2D SPACE',''
  ) );
#6265 = ORIENTED_EDGE('',*,*,#5337,.F.);
#6266 = ADVANCED_FACE('',(#6267),#4369,.T.);
#6267 = FACE_BOUND('',#6268,.T.);
#6268 = EDGE_LOOP('',(#6269,#6270,#6271,#6272));
#6269 = ORIENTED_EDGE('',*,*,#6218,.F.);
#6270 = ORIENTED_EDGE('',*,*,#4354,.T.);
#6271 = ORIENTED_EDGE('',*,*,#6245,.T.);
#6272 = ORIENTED_EDGE('',*,*,#5316,.F.);
#6273 = ADVANCED_FACE('',(#6274),#4423,.F.);
#6274 = FACE_BOUND('',#6275,.F.);
#6275 = EDGE_LOOP('',(#6276,#6297,#6298,#6319));
#6276 = ORIENTED_EDGE('',*,*,#6277,.F.);
#6277 = EDGE_CURVE('',#4407,#5359,#6278,.T.);
#6278 = SURFACE_CURVE('',#6279,(#6283,#6290),.PCURVE_S1.);
#6279 = LINE('',#6280,#6281);
#6280 = CARTESIAN_POINT('',(70.,150.,1.555E+03));
#6281 = VECTOR('',#6282,1.);
#6282 = DIRECTION('',(-0.,1.,0.));
#6283 = PCURVE('',#4423,#6284);
#6284 = DEFINITIONAL_REPRESENTATION('',(#6285),#6289);
#6285 = LINE('',#6286,#6287);
#6286 = CARTESIAN_POINT('',(0.,0.));
#6287 = VECTOR('',#6288,1.);
#6288 = DIRECTION('',(0.,1.));
#6289 = ( GEOMETRIC_REPRESENTATION_CONTEXT(2) 
PARAMETRIC_REPRESENTATION_CONTEXT() REPRESENTATION_CONTEXT('2D SPACE',''
  ) );
#6290 = PCURVE('',#4449,#6291);
#6291 = DEFINITIONAL_REPRESENTATION('',(#6292),#6296);
#6292 = LINE('',#6293,#6294);
#6293 = CARTESIAN_POINT('',(35.,0.));
#6294 = VECTOR('',#6295,1.);
#6295 = DIRECTION('',(0.,-1.));
#6296 = ( GEOMETRIC_REPRESENTATION_CONTEXT(2) 
PARAMETRIC_REPRESENTATION_CONTEXT() REPRESENTATION_CONTEXT('2D SPACE',''
  ) );
#6297 = ORIENTED_EDGE('',*,*,#4406,.T.);
#6298 = ORIENTED_EDGE('',*,*,#6299,.T.);
#6299 = EDGE_CURVE('',#4409,#5361,#6300,.T.);
#6300 = SURFACE_CURVE('',#6301,(#6305,#6312),.PCURVE_S1.);
#6301 = LINE('',#6302,#6303);
#6302 = CARTESIAN_POINT('',(120.,150.,1.555E+03));
#6303 = VECTOR('',#6304,1.);
#6304 = DIRECTION('',(-0.,1.,0.));
#6305 = PCURVE('',#4423,#6306);
#6306 = DEFINITIONAL_REPRESENTATION('',(#6307),#6311);
#6307 = LINE('',#6308,#6309);
#6308 = CARTESIAN_POINT('',(50.,0.));
#6309 = VECTOR('',#6310,1.);
#6310 = DIRECTION('',(0.,1.));
#6311 = ( GEOMETRIC_REPRESENTATION_CONTEXT(2) 
PARAMETRIC_REPRESENTATION_CONTEXT() REPRESENTATION_CONTEXT('2D SPACE',''
  ) );
#6312 = PCURVE('',#4499,#6313);
#6313 = DEFINITIONAL_REPRESENTATION('',(#6314),#6318);
#6314 = LINE('',#6315,#6316);
#6315 = CARTESIAN_POINT('',(35.,0.));
#6316 = VECTOR('',#6317,1.);
#6317 = DIRECTION('',(0.,-1.));
#6318 = ( GEOMETRIC_REPRESENTATION_CONTEXT(2) 
PARAMETRIC_REPRESENTATION_CONTEXT() REPRESENTATION_CONTEXT('2D SPACE',''
  ) );
#6319 = ORIENTED_EDGE('',*,*,#5358,.F.);
#6320 = ADVANCED_FACE('',(#6321),#4449,.T.);
#6321 = FACE_BOUND('',#6322,.T.);
#6322 = EDGE_LOOP('',(#6323,#6324,#6325,#6346));
#6323 = ORIENTED_EDGE('',*,*,#6277,.F.);
#6324 = ORIENTED_EDGE('',*,*,#4434,.T.);
#6325 = ORIENTED_EDGE('',*,*,#6326,.T.);
#6326 = EDGE_CURVE('',#4435,#5382,#6327,.T.);
#6327 = SURFACE_CURVE('',#6328,(#6332,#6339),.PCURVE_S1.);
#6328 = LINE('',#6329,#6330);
#6329 = CARTESIAN_POINT('',(70.,150.,1.52E+03));
#6330 = VECTOR('',#6331,1.);
#6331 = DIRECTION('',(-0.,1.,0.));
#6332 = PCURVE('',#4449,#6333);
#6333 = DEFINITIONAL_REPRESENTATION('',(#6334),#6338);
#6334 = LINE('',#6335,#6336);
#6335 = CARTESIAN_POINT('',(0.,0.));
#6336 = VECTOR('',#6337,1.);
#6337 = DIRECTION('',(0.,-1.));
#6338 = ( GEOMETRIC_REPRESENTATION_CONTEXT(2) 
PARAMETRIC_REPRESENTATION_CONTEXT() REPRESENTATION_CONTEXT('2D SPACE',''
  ) );
#6339 = PCURVE('',#4475,#6340);
#6340 = DEFINITIONAL_REPRESENTATION('',(#6341),#6345);
#6341 = LINE('',#6342,#6343);
#6342 = CARTESIAN_POINT('',(0.,0.));
#6343 = VECTOR('',#6344,1.);
#6344 = DIRECTION('',(0.,1.));
#6345 = ( GEOMETRIC_REPRESENTATION_CONTEXT(2) 
PARAMETRIC_REPRESENTATION_CONTEXT() REPRESENTATION_CONTEXT('2D SPACE',''
  ) );
#6346 = ORIENTED_EDGE('',*,*,#5381,.F.);
#6347 = ADVANCED_FACE('',(#6348),#4499,.F.);
#6348 = FACE_BOUND('',#6349,.F.);
#6349 = EDGE_LOOP('',(#6350,#6351,#6352,#6373));
#6350 = ORIENTED_EDGE('',*,*,#6299,.F.);
#6351 = ORIENTED_EDGE('',*,*,#4486,.T.);
#6352 = ORIENTED_EDGE('',*,*,#6353,.T.);
#6353 = EDGE_CURVE('',#4461,#5403,#6354,.T.);
#6354 = SURFACE_CURVE('',#6355,(#6359,#6366),.PCURVE_S1.);
#6355 = LINE('',#6356,#6357);
#6356 = CARTESIAN_POINT('',(120.,150.,1.52E+03));
#6357 = VECTOR('',#6358,1.);
#6358 = DIRECTION('',(-0.,1.,0.));
#6359 = PCURVE('',#4499,#6360);
#6360 = DEFINITIONAL_REPRESENTATION('',(#6361),#6365);
#6361 = LINE('',#6362,#6363);
#6362 = CARTESIAN_POINT('',(0.,0.));
#6363 = VECTOR('',#6364,1.);
#6364 = DIRECTION('',(0.,-1.));
#6365 = ( GEOMETRIC_REPRESENTATION_CONTEXT(2) 
PARAMETRIC_REPRESENTATION_CONTEXT() REPRESENTATION_CONTEXT('2D SPACE',''
  ) );
#6366 = PCURVE('',#4475,#6367);
#6367 = DEFINITIONAL_REPRESENTATION('',(#6368),#6372);
#6368 = LINE('',#6369,#6370);
#6369 = CARTESIAN_POINT('',(50.,0.));
#6370 = VECTOR('',#6371,1.);
#6371 = DIRECTION('',(0.,1.));
#6372 = ( GEOMETRIC_REPRESENTATION_CONTEXT(2) 
PARAMETRIC_REPRESENTATION_CONTEXT() REPRESENTATION_CONTEXT('2D SPACE',''
  ) );
#6373 = ORIENTED_EDGE('',*,*,#5423,.F.);
#6374 = ADVANCED_FACE('',(#6375),#4475,.T.);
#6375 = FACE_BOUND('',#6376,.T.);
#6376 = EDGE_LOOP('',(#6377,#6378,#6379,#6380));
#6377 = ORIENTED_EDGE('',*,*,#6326,.F.);
#6378 = ORIENTED_EDGE('',*,*,#4460,.T.);
#6379 = ORIENTED_EDGE('',*,*,#6353,.T.);
#6380 = ORIENTED_EDGE('',*,*,#5402,.F.);
#6381 = ADVANCED_FACE('',(#6382),#4529,.F.);
#6382 = FACE_BOUND('',#6383,.F.);
#6383 = EDGE_LOOP('',(#6384,#6405,#6406,#6427));
#6384 = ORIENTED_EDGE('',*,*,#6385,.F.);
#6385 = EDGE_CURVE('',#4513,#5445,#6386,.T.);
#6386 = SURFACE_CURVE('',#6387,(#6391,#6398),.PCURVE_S1.);
#6387 = LINE('',#6388,#6389);
#6388 = CARTESIAN_POINT('',(160.,150.,1.555E+03));
#6389 = VECTOR('',#6390,1.);
#6390 = DIRECTION('',(-0.,1.,0.));
#6391 = PCURVE('',#4529,#6392);
#6392 = DEFINITIONAL_REPRESENTATION('',(#6393),#6397);
#6393 = LINE('',#6394,#6395);
#6394 = CARTESIAN_POINT('',(0.,0.));
#6395 = VECTOR('',#6396,1.);
#6396 = DIRECTION('',(0.,1.));
#6397 = ( GEOMETRIC_REPRESENTATION_CONTEXT(2) 
PARAMETRIC_REPRESENTATION_CONTEXT() REPRESENTATION_CONTEXT('2D SPACE',''
  ) );
#6398 = PCURVE('',#4555,#6399);
#6399 = DEFINITIONAL_REPRESENTATION('',(#6400),#6404);
#6400 = LINE('',#6401,#6402);
#6401 = CARTESIAN_POINT('',(35.,0.));
#6402 = VECTOR('',#6403,1.);
#6403 = DIRECTION('',(0.,-1.));
#6404 = ( GEOMETRIC_REPRESENTATION_CONTEXT(2) 
PARAMETRIC_REPRESENTATION_CONTEXT() REPRESENTATION_CONTEXT('2D SPACE',''
  ) );
#6405 = ORIENTED_EDGE('',*,*,#4512,.T.);
#6406 = ORIENTED_EDGE('',*,*,#6407,.T.);
#6407 = EDGE_CURVE('',#4515,#5447,#6408,.T.);
#6408 = SURFACE_CURVE('',#6409,(#6413,#6420),.PCURVE_S1.);
#6409 = LINE('',#6410,#6411);
#6410 = CARTESIAN_POINT('',(210.,150.,1.555E+03));
#6411 = VECTOR('',#6412,1.);
#6412 = DIRECTION('',(-0.,1.,0.));
#6413 = PCURVE('',#4529,#6414);
#6414 = DEFINITIONAL_REPRESENTATION('',(#6415),#6419);
#6415 = LINE('',#6416,#6417);
#6416 = CARTESIAN_POINT('',(50.,0.));
#6417 = VECTOR('',#6418,1.);
#6418 = DIRECTION('',(0.,1.));
#6419 = ( GEOMETRIC_REPRESENTATION_CONTEXT(2) 
PARAMETRIC_REPRESENTATION_CONTEXT() REPRESENTATION_CONTEXT('2D SPACE',''
  ) );
#6420 = PCURVE('',#4605,#6421);
#6421 = DEFINITIONAL_REPRESENTATION('',(#6422),#6426);
#6422 = LINE('',#6423,#6424);
#6423 = CARTESIAN_POINT('',(35.,0.));
#6424 = VECTOR('',#6425,1.);
#6425 = DIRECTION('',(0.,-1.));
#6426 = ( GEOMETRIC_REPRESENTATION_CONTEXT(2) 
PARAMETRIC_REPRESENTATION_CONTEXT() REPRESENTATION_CONTEXT('2D SPACE',''
  ) );
#6427 = ORIENTED_EDGE('',*,*,#5444,.F.);
#6428 = ADVANCED_FACE('',(#6429),#4555,.T.);
#6429 = FACE_BOUND('',#6430,.T.);
#6430 = EDGE_LOOP('',(#6431,#6432,#6433,#6454));
#6431 = ORIENTED_EDGE('',*,*,#6385,.F.);
#6432 = ORIENTED_EDGE('',*,*,#4540,.T.);
#6433 = ORIENTED_EDGE('',*,*,#6434,.T.);
#6434 = EDGE_CURVE('',#4541,#5468,#6435,.T.);
#6435 = SURFACE_CURVE('',#6436,(#6440,#6447),.PCURVE_S1.);
#6436 = LINE('',#6437,#6438);
#6437 = CARTESIAN_POINT('',(160.,150.,1.52E+03));
#6438 = VECTOR('',#6439,1.);
#6439 = DIRECTION('',(-0.,1.,0.));
#6440 = PCURVE('',#4555,#6441);
#6441 = DEFINITIONAL_REPRESENTATION('',(#6442),#6446);
#6442 = LINE('',#6443,#6444);
#6443 = CARTESIAN_POINT('',(0.,0.));
#6444 = VECTOR('',#6445,1.);
#6445 = DIRECTION('',(0.,-1.));
#6446 = ( GEOMETRIC_REPRESENTATION_CONTEXT(2) 
PARAMETRIC_REPRESENTATION_CONTEXT() REPRESENTATION_CONTEXT('2D SPACE',''
  ) );
#6447 = PCURVE('',#4581,#6448);
#6448 = DEFINITIONAL_REPRESENTATION('',(#6449),#6453);
#6449 = LINE('',#6450,#6451);
#6450 = CARTESIAN_POINT('',(0.,0.));
#6451 = VECTOR('',#6452,1.);
#6452 = DIRECTION('',(0.,1.));
#6453 = ( GEOMETRIC_REPRESENTATION_CONTEXT(2) 
PARAMETRIC_REPRESENTATION_CONTEXT() REPRESENTATION_CONTEXT('2D SPACE',''
  ) );
#6454 = ORIENTED_EDGE('',*,*,#5467,.F.);
#6455 = ADVANCED_FACE('',(#6456),#4605,.F.);
#6456 = FACE_BOUND('',#6457,.F.);
#6457 = EDGE_LOOP('',(#6458,#6459,#6460,#6481));
#6458 = ORIENTED_EDGE('',*,*,#6407,.F.);
#6459 = ORIENTED_EDGE('',*,*,#4592,.T.);
#6460 = ORIENTED_EDGE('',*,*,#6461,.T.);
#6461 = EDGE_CURVE('',#4567,#5489,#6462,.T.);
#6462 = SURFACE_CURVE('',#6463,(#6467,#6474),.PCURVE_S1.);
#6463 = LINE('',#6464,#6465);
#6464 = CARTESIAN_POINT('',(210.,150.,1.52E+03));
#6465 = VECTOR('',#6466,1.);
#6466 = DIRECTION('',(-0.,1.,0.));
#6467 = PCURVE('',#4605,#6468);
#6468 = DEFINITIONAL_REPRESENTATION('',(#6469),#6473);
#6469 = LINE('',#6470,#6471);
#6470 = CARTESIAN_POINT('',(0.,0.));
#6471 = VECTOR('',#6472,1.);
#6472 = DIRECTION('',(0.,-1.));
#6473 = ( GEOMETRIC_REPRESENTATION_CONTEXT(2) 
PARAMETRIC_REPRESENTATION_CONTEXT() REPRESENTATION_CONTEXT('2D SPACE',''
  ) );
#6474 = PCURVE('',#4581,#6475);
#6475 = DEFINITIONAL_REPRESENTATION('',(#6476),#6480);
#6476 = LINE('',#6477,#6478);
#6477 = CARTESIAN_POINT('',(50.,0.));
#6478 = VECTOR('',#6479,1.);
#6479 = DIRECTION('',(0.,1.));
#6480 = ( GEOMETRIC_REPRESENTATION_CONTEXT(2) 
PARAMETRIC_REPRESENTATION_CONTEXT() REPRESENTATION_CONTEXT('2D SPACE',''
  ) );
#6481 = ORIENTED_EDGE('',*,*,#5509,.F.);
#6482 = ADVANCED_FACE('',(#6483),#4581,.T.);
#6483 = FACE_BOUND('',#6484,.T.);
#6484 = EDGE_LOOP('',(#6485,#6486,#6487,#6488));
#6485 = ORIENTED_EDGE('',*,*,#6434,.F.);
#6486 = ORIENTED_EDGE('',*,*,#4566,.T.);
#6487 = ORIENTED_EDGE('',*,*,#6461,.T.);
#6488 = ORIENTED_EDGE('',*,*,#5488,.F.);
#6489 = ADVANCED_FACE('',(#6490),#4635,.F.);
#6490 = FACE_BOUND('',#6491,.F.);
#6491 = EDGE_LOOP('',(#6492,#6513,#6514,#6535));
#6492 = ORIENTED_EDGE('',*,*,#6493,.F.);
#6493 = EDGE_CURVE('',#4619,#5531,#6494,.T.);
#6494 = SURFACE_CURVE('',#6495,(#6499,#6506),.PCURVE_S1.);
#6495 = LINE('',#6496,#6497);
#6496 = CARTESIAN_POINT('',(250.,150.,1.555E+03));
#6497 = VECTOR('',#6498,1.);
#6498 = DIRECTION('',(-0.,1.,0.));
#6499 = PCURVE('',#4635,#6500);
#6500 = DEFINITIONAL_REPRESENTATION('',(#6501),#6505);
#6501 = LINE('',#6502,#6503);
#6502 = CARTESIAN_POINT('',(0.,0.));
#6503 = VECTOR('',#6504,1.);
#6504 = DIRECTION('',(0.,1.));
#6505 = ( GEOMETRIC_REPRESENTATION_CONTEXT(2) 
PARAMETRIC_REPRESENTATION_CONTEXT() REPRESENTATION_CONTEXT('2D SPACE',''
  ) );
#6506 = PCURVE('',#4661,#6507);
#6507 = DEFINITIONAL_REPRESENTATION('',(#6508),#6512);
#6508 = LINE('',#6509,#6510);
#6509 = CARTESIAN_POINT('',(35.,0.));
#6510 = VECTOR('',#6511,1.);
#6511 = DIRECTION('',(0.,-1.));
#6512 = ( GEOMETRIC_REPRESENTATION_CONTEXT(2) 
PARAMETRIC_REPRESENTATION_CONTEXT() REPRESENTATION_CONTEXT('2D SPACE',''
  ) );
#6513 = ORIENTED_EDGE('',*,*,#4618,.T.);
#6514 = ORIENTED_EDGE('',*,*,#6515,.T.);
#6515 = EDGE_CURVE('',#4621,#5533,#6516,.T.);
#6516 = SURFACE_CURVE('',#6517,(#6521,#6528),.PCURVE_S1.);
#6517 = LINE('',#6518,#6519);
#6518 = CARTESIAN_POINT('',(300.,150.,1.555E+03));
#6519 = VECTOR('',#6520,1.);
#6520 = DIRECTION('',(-0.,1.,0.));
#6521 = PCURVE('',#4635,#6522);
#6522 = DEFINITIONAL_REPRESENTATION('',(#6523),#6527);
#6523 = LINE('',#6524,#6525);
#6524 = CARTESIAN_POINT('',(50.,0.));
#6525 = VECTOR('',#6526,1.);
#6526 = DIRECTION('',(0.,1.));
#6527 = ( GEOMETRIC_REPRESENTATION_CONTEXT(2) 
PARAMETRIC_REPRESENTATION_CONTEXT() REPRESENTATION_CONTEXT('2D SPACE',''
  ) );
#6528 = PCURVE('',#4711,#6529);
#6529 = DEFINITIONAL_REPRESENTATION('',(#6530),#6534);
#6530 = LINE('',#6531,#6532);
#6531 = CARTESIAN_POINT('',(35.,0.));
#6532 = VECTOR('',#6533,1.);
#6533 = DIRECTION('',(0.,-1.));
#6534 = ( GEOMETRIC_REPRESENTATION_CONTEXT(2) 
PARAMETRIC_REPRESENTATION_CONTEXT() REPRESENTATION_CONTEXT('2D SPACE',''
  ) );
#6535 = ORIENTED_EDGE('',*,*,#5530,.F.);
#6536 = ADVANCED_FACE('',(#6537),#4661,.T.);
#6537 = FACE_BOUND('',#6538,.T.);
#6538 = EDGE_LOOP('',(#6539,#6540,#6541,#6562));
#6539 = ORIENTED_EDGE('',*,*,#6493,.F.);
#6540 = ORIENTED_EDGE('',*,*,#4646,.T.);
#6541 = ORIENTED_EDGE('',*,*,#6542,.T.);
#6542 = EDGE_CURVE('',#4647,#5554,#6543,.T.);
#6543 = SURFACE_CURVE('',#6544,(#6548,#6555),.PCURVE_S1.);
#6544 = LINE('',#6545,#6546);
#6545 = CARTESIAN_POINT('',(250.,150.,1.52E+03));
#6546 = VECTOR('',#6547,1.);
#6547 = DIRECTION('',(-0.,1.,0.));
#6548 = PCURVE('',#4661,#6549);
#6549 = DEFINITIONAL_REPRESENTATION('',(#6550),#6554);
#6550 = LINE('',#6551,#6552);
#6551 = CARTESIAN_POINT('',(0.,0.));
#6552 = VECTOR('',#6553,1.);
#6553 = DIRECTION('',(0.,-1.));
#6554 = ( GEOMETRIC_REPRESENTATION_CONTEXT(2) 
PARAMETRIC_REPRESENTATION_CONTEXT() REPRESENTATION_CONTEXT('2D SPACE',''
  ) );
#6555 = PCURVE('',#4687,#6556);
#6556 = DEFINITIONAL_REPRESENTATION('',(#6557),#6561);
#6557 = LINE('',#6558,#6559);
#6558 = CARTESIAN_POINT('',(0.,0.));
#6559 = VECTOR('',#6560,1.);
#6560 = DIRECTION('',(0.,1.));
#6561 = ( GEOMETRIC_REPRESENTATION_CONTEXT(2) 
PARAMETRIC_REPRESENTATION_CONTEXT() REPRESENTATION_CONTEXT('2D SPACE',''
  ) );
#6562 = ORIENTED_EDGE('',*,*,#5553,.F.);
#6563 = ADVANCED_FACE('',(#6564),#4711,.F.);
#6564 = FACE_BOUND('',#6565,.F.);
#6565 = EDGE_LOOP('',(#6566,#6567,#6568,#6589));
#6566 = ORIENTED_EDGE('',*,*,#6515,.F.);
#6567 = ORIENTED_EDGE('',*,*,#4698,.T.);
#6568 = ORIENTED_EDGE('',*,*,#6569,.T.);
#6569 = EDGE_CURVE('',#4673,#5575,#6570,.T.);
#6570 = SURFACE_CURVE('',#6571,(#6575,#6582),.PCURVE_S1.);
#6571 = LINE('',#6572,#6573);
#6572 = CARTESIAN_POINT('',(300.,150.,1.52E+03));
#6573 = VECTOR('',#6574,1.);
#6574 = DIRECTION('',(-0.,1.,0.));
#6575 = PCURVE('',#4711,#6576);
#6576 = DEFINITIONAL_REPRESENTATION('',(#6577),#6581);
#6577 = LINE('',#6578,#6579);
#6578 = CARTESIAN_POINT('',(0.,0.));
#6579 = VECTOR('',#6580,1.);
#6580 = DIRECTION('',(0.,-1.));
#6581 = ( GEOMETRIC_REPRESENTATION_CONTEXT(2) 
PARAMETRIC_REPRESENTATION_CONTEXT() REPRESENTATION_CONTEXT('2D SPACE',''
  ) );
#6582 = PCURVE('',#4687,#6583);
#6583 = DEFINITIONAL_REPRESENTATION('',(#6584),#6588);
#6584 = LINE('',#6585,#6586);
#6585 = CARTESIAN_POINT('',(50.,0.));
#6586 = VECTOR('',#6587,1.);
#6587 = DIRECTION('',(0.,1.));
#6588 = ( GEOMETRIC_REPRESENTATION_CONTEXT(2) 
PARAMETRIC_REPRESENTATION_CONTEXT() REPRESENTATION_CONTEXT('2D SPACE',''
  ) );
#6589 = ORIENTED_EDGE('',*,*,#5595,.F.);
#6590 = ADVANCED_FACE('',(#6591),#4687,.T.);
#6591 = FACE_BOUND('',#6592,.T.);
#6592 = EDGE_LOOP('',(#6593,#6594,#6595,#6596));
#6593 = ORIENTED_EDGE('',*,*,#6542,.F.);
#6594 = ORIENTED_EDGE('',*,*,#4672,.T.);
#6595 = ORIENTED_EDGE('',*,*,#6569,.T.);
#6596 = ORIENTED_EDGE('',*,*,#5574,.F.);
#6597 = ADVANCED_FACE('',(#6598),#4741,.F.);
#6598 = FACE_BOUND('',#6599,.F.);
#6599 = EDGE_LOOP('',(#6600,#6621,#6622,#6643));
#6600 = ORIENTED_EDGE('',*,*,#6601,.F.);
#6601 = EDGE_CURVE('',#4725,#5617,#6602,.T.);
#6602 = SURFACE_CURVE('',#6603,(#6607,#6614),.PCURVE_S1.);
#6603 = LINE('',#6604,#6605);
#6604 = CARTESIAN_POINT('',(340.,150.,1.555E+03));
#6605 = VECTOR('',#6606,1.);
#6606 = DIRECTION('',(-0.,1.,0.));
#6607 = PCURVE('',#4741,#6608);
#6608 = DEFINITIONAL_REPRESENTATION('',(#6609),#6613);
#6609 = LINE('',#6610,#6611);
#6610 = CARTESIAN_POINT('',(0.,0.));
#6611 = VECTOR('',#6612,1.);
#6612 = DIRECTION('',(0.,1.));
#6613 = ( GEOMETRIC_REPRESENTATION_CONTEXT(2) 
PARAMETRIC_REPRESENTATION_CONTEXT() REPRESENTATION_CONTEXT('2D SPACE',''
  ) );
#6614 = PCURVE('',#4767,#6615);
#6615 = DEFINITIONAL_REPRESENTATION('',(#6616),#6620);
#6616 = LINE('',#6617,#6618);
#6617 = CARTESIAN_POINT('',(35.,0.));
#6618 = VECTOR('',#6619,1.);
#6619 = DIRECTION('',(0.,-1.));
#6620 = ( GEOMETRIC_REPRESENTATION_CONTEXT(2) 
PARAMETRIC_REPRESENTATION_CONTEXT() REPRESENTATION_CONTEXT('2D SPACE',''
  ) );
#6621 = ORIENTED_EDGE('',*,*,#4724,.T.);
#6622 = ORIENTED_EDGE('',*,*,#6623,.T.);
#6623 = EDGE_CURVE('',#4727,#5619,#6624,.T.);
#6624 = SURFACE_CURVE('',#6625,(#6629,#6636),.PCURVE_S1.);
#6625 = LINE('',#6626,#6627);
#6626 = CARTESIAN_POINT('',(390.,150.,1.555E+03));
#6627 = VECTOR('',#6628,1.);
#6628 = DIRECTION('',(-0.,1.,0.));
#6629 = PCURVE('',#4741,#6630);
#6630 = DEFINITIONAL_REPRESENTATION('',(#6631),#6635);
#6631 = LINE('',#6632,#6633);
#6632 = CARTESIAN_POINT('',(50.,0.));
#6633 = VECTOR('',#6634,1.);
#6634 = DIRECTION('',(0.,1.));
#6635 = ( GEOMETRIC_REPRESENTATION_CONTEXT(2) 
PARAMETRIC_REPRESENTATION_CONTEXT() REPRESENTATION_CONTEXT('2D SPACE',''
  ) );
#6636 = PCURVE('',#4817,#6637);
#6637 = DEFINITIONAL_REPRESENTATION('',(#6638),#6642);
#6638 = LINE('',#6639,#6640);
#6639 = CARTESIAN_POINT('',(35.,0.));
#6640 = VECTOR('',#6641,1.);
#6641 = DIRECTION('',(0.,-1.));
#6642 = ( GEOMETRIC_REPRESENTATION_CONTEXT(2) 
PARAMETRIC_REPRESENTATION_CONTEXT() REPRESENTATION_CONTEXT('2D SPACE',''
  ) );
#6643 = ORIENTED_EDGE('',*,*,#5616,.F.);
#6644 = ADVANCED_FACE('',(#6645),#4817,.F.);
#6645 = FACE_BOUND('',#6646,.F.);
#6646 = EDGE_LOOP('',(#6647,#6648,#6649,#6670));
#6647 = ORIENTED_EDGE('',*,*,#6623,.F.);
#6648 = ORIENTED_EDGE('',*,*,#4804,.T.);
#6649 = ORIENTED_EDGE('',*,*,#6650,.T.);
#6650 = EDGE_CURVE('',#4779,#5661,#6651,.T.);
#6651 = SURFACE_CURVE('',#6652,(#6656,#6663),.PCURVE_S1.);
#6652 = LINE('',#6653,#6654);
#6653 = CARTESIAN_POINT('',(390.,150.,1.52E+03));
#6654 = VECTOR('',#6655,1.);
#6655 = DIRECTION('',(-0.,1.,0.));
#6656 = PCURVE('',#4817,#6657);
#6657 = DEFINITIONAL_REPRESENTATION('',(#6658),#6662);
#6658 = LINE('',#6659,#6660);
#6659 = CARTESIAN_POINT('',(0.,0.));
#6660 = VECTOR('',#6661,1.);
#6661 = DIRECTION('',(0.,-1.));
#6662 = ( GEOMETRIC_REPRESENTATION_CONTEXT(2) 
PARAMETRIC_REPRESENTATION_CONTEXT() REPRESENTATION_CONTEXT('2D SPACE',''
  ) );
#6663 = PCURVE('',#4793,#6664);
#6664 = DEFINITIONAL_REPRESENTATION('',(#6665),#6669);
#6665 = LINE('',#6666,#6667);
#6666 = CARTESIAN_POINT('',(50.,0.));
#6667 = VECTOR('',#6668,1.);
#6668 = DIRECTION('',(0.,1.));
#6669 = ( GEOMETRIC_REPRESENTATION_CONTEXT(2) 
PARAMETRIC_REPRESENTATION_CONTEXT() REPRESENTATION_CONTEXT('2D SPACE',''
  ) );
#6670 = ORIENTED_EDGE('',*,*,#5681,.F.);
#6671 = ADVANCED_FACE('',(#6672),#4793,.T.);
#6672 = FACE_BOUND('',#6673,.T.);
#6673 = EDGE_LOOP('',(#6674,#6695,#6696,#6697));
#6674 = ORIENTED_EDGE('',*,*,#6675,.F.);
#6675 = EDGE_CURVE('',#4753,#5640,#6676,.T.);
#6676 = SURFACE_CURVE('',#6677,(#6681,#6688),.PCURVE_S1.);
#6677 = LINE('',#6678,#6679);
#6678 = CARTESIAN_POINT('',(340.,150.,1.52E+03));
#6679 = VECTOR('',#6680,1.);
#6680 = DIRECTION('',(-0.,1.,0.));
#6681 = PCURVE('',#4793,#6682);
#6682 = DEFINITIONAL_REPRESENTATION('',(#6683),#6687);
#6683 = LINE('',#6684,#6685);
#6684 = CARTESIAN_POINT('',(0.,0.));
#6685 = VECTOR('',#6686,1.);
#6686 = DIRECTION('',(0.,1.));
#6687 = ( GEOMETRIC_REPRESENTATION_CONTEXT(2) 
PARAMETRIC_REPRESENTATION_CONTEXT() REPRESENTATION_CONTEXT('2D SPACE',''
  ) );
#6688 = PCURVE('',#4767,#6689);
#6689 = DEFINITIONAL_REPRESENTATION('',(#6690),#6694);
#6690 = LINE('',#6691,#6692);
#6691 = CARTESIAN_POINT('',(0.,0.));
#6692 = VECTOR('',#6693,1.);
#6693 = DIRECTION('',(0.,-1.));
#6694 = ( GEOMETRIC_REPRESENTATION_CONTEXT(2) 
PARAMETRIC_REPRESENTATION_CONTEXT() REPRESENTATION_CONTEXT('2D SPACE',''
  ) );
#6695 = ORIENTED_EDGE('',*,*,#4778,.T.);
#6696 = ORIENTED_EDGE('',*,*,#6650,.T.);
#6697 = ORIENTED_EDGE('',*,*,#5660,.F.);
#6698 = ADVANCED_FACE('',(#6699),#4767,.T.);
#6699 = FACE_BOUND('',#6700,.T.);
#6700 = EDGE_LOOP('',(#6701,#6702,#6703,#6704));
#6701 = ORIENTED_EDGE('',*,*,#6601,.F.);
#6702 = ORIENTED_EDGE('',*,*,#4752,.T.);
#6703 = ORIENTED_EDGE('',*,*,#6675,.T.);
#6704 = ORIENTED_EDGE('',*,*,#5639,.F.);
#6705 = MANIFOLD_SOLID_BREP('',#6706);
#6706 = CLOSED_SHELL('',(#6707,#6827,#6903,#7182,#7231,#7448,#7455,#7482
    ,#7509,#7536,#7583,#7610,#7637,#7644));
#6707 = ADVANCED_FACE('',(#6708),#6722,.F.);
#6708 = FACE_BOUND('',#6709,.F.);
#6709 = EDGE_LOOP('',(#6710,#6745,#6773,#6801));
#6710 = ORIENTED_EDGE('',*,*,#6711,.F.);
#6711 = EDGE_CURVE('',#6712,#6714,#6716,.T.);
#6712 = VERTEX_POINT('',#6713);
#6713 = CARTESIAN_POINT('',(-500.,-250.,0.));
#6714 = VERTEX_POINT('',#6715);
#6715 = CARTESIAN_POINT('',(-500.,-250.,100.));
#6716 = SURFACE_CURVE('',#6717,(#6721,#6733),.PCURVE_S1.);
#6717 = LINE('',#6718,#6719);
#6718 = CARTESIAN_POINT('',(-500.,-250.,0.));
#6719 = VECTOR('',#6720,1.);
#6720 = DIRECTION('',(0.,0.,1.));
#6721 = PCURVE('',#6722,#6727);
#6722 = PLANE('',#6723);
#6723 = AXIS2_PLACEMENT_3D('',#6724,#6725,#6726);
#6724 = CARTESIAN_POINT('',(-500.,-250.,0.));
#6725 = DIRECTION('',(1.,0.,-0.));
#6726 = DIRECTION('',(0.,0.,1.));
#6727 = DEFINITIONAL_REPRESENTATION('',(#6728),#6732);
#6728 = LINE('',#6729,#6730);
#6729 = CARTESIAN_POINT('',(0.,0.));
#6730 = VECTOR('',#6731,1.);
#6731 = DIRECTION('',(1.,0.));
#6732 = ( GEOMETRIC_REPRESENTATION_CONTEXT(2) 
PARAMETRIC_REPRESENTATION_CONTEXT() REPRESENTATION_CONTEXT('2D SPACE',''
  ) );
#6733 = PCURVE('',#6734,#6739);
#6734 = PLANE('',#6735);
#6735 = AXIS2_PLACEMENT_3D('',#6736,#6737,#6738);
#6736 = CARTESIAN_POINT('',(-500.,-250.,0.));
#6737 = DIRECTION('',(-0.,1.,0.));
#6738 = DIRECTION('',(0.,0.,1.));
#6739 = DEFINITIONAL_REPRESENTATION('',(#6740),#6744);
#6740 = LINE('',#6741,#6742);
#6741 = CARTESIAN_POINT('',(0.,0.));
#6742 = VECTOR('',#6743,1.);
#6743 = DIRECTION('',(1.,0.));
#6744 = ( GEOMETRIC_REPRESENTATION_CONTEXT(2) 
PARAMETRIC_REPRESENTATION_CONTEXT() REPRESENTATION_CONTEXT('2D SPACE',''
  ) );
#6745 = ORIENTED_EDGE('',*,*,#6746,.T.);
#6746 = EDGE_CURVE('',#6712,#6747,#6749,.T.);
#6747 = VERTEX_POINT('',#6748);
#6748 = CARTESIAN_POINT('',(-500.,250.,0.));
#6749 = SURFACE_CURVE('',#6750,(#6754,#6761),.PCURVE_S1.);
#6750 = LINE('',#6751,#6752);
#6751 = CARTESIAN_POINT('',(-500.,-250.,0.));
#6752 = VECTOR('',#6753,1.);
#6753 = DIRECTION('',(-0.,1.,0.));
#6754 = PCURVE('',#6722,#6755);
#6755 = DEFINITIONAL_REPRESENTATION('',(#6756),#6760);
#6756 = LINE('',#6757,#6758);
#6757 = CARTESIAN_POINT('',(0.,0.));
#6758 = VECTOR('',#6759,1.);
#6759 = DIRECTION('',(0.,-1.));
#6760 = ( GEOMETRIC_REPRESENTATION_CONTEXT(2) 
PARAMETRIC_REPRESENTATION_CONTEXT() REPRESENTATION_CONTEXT('2D SPACE',''
  ) );
#6761 = PCURVE('',#6762,#6767);
#6762 = PLANE('',#6763);
#6763 = AXIS2_PLACEMENT_3D('',#6764,#6765,#6766);
#6764 = CARTESIAN_POINT('',(-500.,-250.,0.));
#6765 = DIRECTION('',(0.,0.,1.));
#6766 = DIRECTION('',(1.,0.,-0.));
#6767 = DEFINITIONAL_REPRESENTATION('',(#6768),#6772);
#6768 = LINE('',#6769,#6770);
#6769 = CARTESIAN_POINT('',(0.,0.));
#6770 = VECTOR('',#6771,1.);
#6771 = DIRECTION('',(0.,1.));
#6772 = ( GEOMETRIC_REPRESENTATION_CONTEXT(2) 
PARAMETRIC_REPRESENTATION_CONTEXT() REPRESENTATION_CONTEXT('2D SPACE',''
  ) );
#6773 = ORIENTED_EDGE('',*,*,#6774,.T.);
#6774 = EDGE_CURVE('',#6747,#6775,#6777,.T.);
#6775 = VERTEX_POINT('',#6776);
#6776 = CARTESIAN_POINT('',(-500.,250.,100.));
#6777 = SURFACE_CURVE('',#6778,(#6782,#6789),.PCURVE_S1.);
#6778 = LINE('',#6779,#6780);
#6779 = CARTESIAN_POINT('',(-500.,250.,0.));
#6780 = VECTOR('',#6781,1.);
#6781 = DIRECTION('',(0.,0.,1.));
#6782 = PCURVE('',#6722,#6783);
#6783 = DEFINITIONAL_REPRESENTATION('',(#6784),#6788);
#6784 = LINE('',#6785,#6786);
#6785 = CARTESIAN_POINT('',(0.,-500.));
#6786 = VECTOR('',#6787,1.);
#6787 = DIRECTION('',(1.,0.));
#6788 = ( GEOMETRIC_REPRESENTATION_CONTEXT(2) 
PARAMETRIC_REPRESENTATION_CONTEXT() REPRESENTATION_CONTEXT('2D SPACE',''
  ) );
#6789 = PCURVE('',#6790,#6795);
#6790 = PLANE('',#6791);
#6791 = AXIS2_PLACEMENT_3D('',#6792,#6793,#6794);
#6792 = CARTESIAN_POINT('',(-500.,250.,0.));
#6793 = DIRECTION('',(-0.,1.,0.));
#6794 = DIRECTION('',(0.,0.,1.));
#6795 = DEFINITIONAL_REPRESENTATION('',(#6796),#6800);
#6796 = LINE('',#6797,#6798);
#6797 = CARTESIAN_POINT('',(0.,0.));
#6798 = VECTOR('',#6799,1.);
#6799 = DIRECTION('',(1.,0.));
#6800 = ( GEOMETRIC_REPRESENTATION_CONTEXT(2) 
PARAMETRIC_REPRESENTATION_CONTEXT() REPRESENTATION_CONTEXT('2D SPACE',''
  ) );
#6801 = ORIENTED_EDGE('',*,*,#6802,.F.);
#6802 = EDGE_CURVE('',#6714,#6775,#6803,.T.);
#6803 = SURFACE_CURVE('',#6804,(#6808,#6815),.PCURVE_S1.);
#6804 = LINE('',#6805,#6806);
#6805 = CARTESIAN_POINT('',(-500.,-250.,100.));
#6806 = VECTOR('',#6807,1.);
#6807 = DIRECTION('',(-0.,1.,0.));
#6808 = PCURVE('',#6722,#6809);
#6809 = DEFINITIONAL_REPRESENTATION('',(#6810),#6814);
#6810 = LINE('',#6811,#6812);
#6811 = CARTESIAN_POINT('',(100.,0.));
#6812 = VECTOR('',#6813,1.);
#6813 = DIRECTION('',(0.,-1.));
#6814 = ( GEOMETRIC_REPRESENTATION_CONTEXT(2) 
PARAMETRIC_REPRESENTATION_CONTEXT() REPRESENTATION_CONTEXT('2D SPACE',''
  ) );
#6815 = PCURVE('',#6816,#6821);
#6816 = PLANE('',#6817);
#6817 = AXIS2_PLACEMENT_3D('',#6818,#6819,#6820);
#6818 = CARTESIAN_POINT('',(-500.,-250.,100.));
#6819 = DIRECTION('',(0.,0.,1.));
#6820 = DIRECTION('',(1.,0.,-0.));
#6821 = DEFINITIONAL_REPRESENTATION('',(#6822),#6826);
#6822 = LINE('',#6823,#6824);
#6823 = CARTESIAN_POINT('',(0.,0.));
#6824 = VECTOR('',#6825,1.);
#6825 = DIRECTION('',(0.,1.));
#6826 = ( GEOMETRIC_REPRESENTATION_CONTEXT(2) 
PARAMETRIC_REPRESENTATION_CONTEXT() REPRESENTATION_CONTEXT('2D SPACE',''
  ) );
#6827 = ADVANCED_FACE('',(#6828),#6734,.F.);
#6828 = FACE_BOUND('',#6829,.F.);
#6829 = EDGE_LOOP('',(#6830,#6853,#6854,#6877));
#6830 = ORIENTED_EDGE('',*,*,#6831,.F.);
#6831 = EDGE_CURVE('',#6712,#6832,#6834,.T.);
#6832 = VERTEX_POINT('',#6833);
#6833 = CARTESIAN_POINT('',(500.,-250.,0.));
#6834 = SURFACE_CURVE('',#6835,(#6839,#6846),.PCURVE_S1.);
#6835 = LINE('',#6836,#6837);
#6836 = CARTESIAN_POINT('',(-500.,-250.,0.));
#6837 = VECTOR('',#6838,1.);
#6838 = DIRECTION('',(1.,0.,-0.));
#6839 = PCURVE('',#6734,#6840);
#6840 = DEFINITIONAL_REPRESENTATION('',(#6841),#6845);
#6841 = LINE('',#6842,#6843);
#6842 = CARTESIAN_POINT('',(0.,0.));
#6843 = VECTOR('',#6844,1.);
#6844 = DIRECTION('',(0.,1.));
#6845 = ( GEOMETRIC_REPRESENTATION_CONTEXT(2) 
PARAMETRIC_REPRESENTATION_CONTEXT() REPRESENTATION_CONTEXT('2D SPACE',''
  ) );
#6846 = PCURVE('',#6762,#6847);
#6847 = DEFINITIONAL_REPRESENTATION('',(#6848),#6852);
#6848 = LINE('',#6849,#6850);
#6849 = CARTESIAN_POINT('',(0.,0.));
#6850 = VECTOR('',#6851,1.);
#6851 = DIRECTION('',(1.,0.));
#6852 = ( GEOMETRIC_REPRESENTATION_CONTEXT(2) 
PARAMETRIC_REPRESENTATION_CONTEXT() REPRESENTATION_CONTEXT('2D SPACE',''
  ) );
#6853 = ORIENTED_EDGE('',*,*,#6711,.T.);
#6854 = ORIENTED_EDGE('',*,*,#6855,.T.);
#6855 = EDGE_CURVE('',#6714,#6856,#6858,.T.);
#6856 = VERTEX_POINT('',#6857);
#6857 = CARTESIAN_POINT('',(500.,-250.,100.));
#6858 = SURFACE_CURVE('',#6859,(#6863,#6870),.PCURVE_S1.);
#6859 = LINE('',#6860,#6861);
#6860 = CARTESIAN_POINT('',(-500.,-250.,100.));
#6861 = VECTOR('',#6862,1.);
#6862 = DIRECTION('',(1.,0.,-0.));
#6863 = PCURVE('',#6734,#6864);
#6864 = DEFINITIONAL_REPRESENTATION('',(#6865),#6869);
#6865 = LINE('',#6866,#6867);
#6866 = CARTESIAN_POINT('',(100.,0.));
#6867 = VECTOR('',#6868,1.);
#6868 = DIRECTION('',(0.,1.));
#6869 = ( GEOMETRIC_REPRESENTATION_CONTEXT(2) 
PARAMETRIC_REPRESENTATION_CONTEXT() REPRESENTATION_CONTEXT('2D SPACE',''
  ) );
#6870 = PCURVE('',#6816,#6871);
#6871 = DEFINITIONAL_REPRESENTATION('',(#6872),#6876);
#6872 = LINE('',#6873,#6874);
#6873 = CARTESIAN_POINT('',(0.,0.));
#6874 = VECTOR('',#6875,1.);
#6875 = DIRECTION('',(1.,0.));
#6876 = ( GEOMETRIC_REPRESENTATION_CONTEXT(2) 
PARAMETRIC_REPRESENTATION_CONTEXT() REPRESENTATION_CONTEXT('2D SPACE',''
  ) );
#6877 = ORIENTED_EDGE('',*,*,#6878,.F.);
#6878 = EDGE_CURVE('',#6832,#6856,#6879,.T.);
#6879 = SURFACE_CURVE('',#6880,(#6884,#6891),.PCURVE_S1.);
#6880 = LINE('',#6881,#6882);
#6881 = CARTESIAN_POINT('',(500.,-250.,0.));
#6882 = VECTOR('',#6883,1.);
#6883 = DIRECTION('',(0.,0.,1.));
#6884 = PCURVE('',#6734,#6885);
#6885 = DEFINITIONAL_REPRESENTATION('',(#6886),#6890);
#6886 = LINE('',#6887,#6888);
#6887 = CARTESIAN_POINT('',(0.,1.E+03));
#6888 = VECTOR('',#6889,1.);
#6889 = DIRECTION('',(1.,0.));
#6890 = ( GEOMETRIC_REPRESENTATION_CONTEXT(2) 
PARAMETRIC_REPRESENTATION_CONTEXT() REPRESENTATION_CONTEXT('2D SPACE',''
  ) );
#6891 = PCURVE('',#6892,#6897);
#6892 = PLANE('',#6893);
#6893 = AXIS2_PLACEMENT_3D('',#6894,#6895,#6896);
#6894 = CARTESIAN_POINT('',(500.,-250.,0.));
#6895 = DIRECTION('',(1.,0.,-0.));
#6896 = DIRECTION('',(0.,0.,1.));
#6897 = DEFINITIONAL_REPRESENTATION('',(#6898),#6902);
#6898 = LINE('',#6899,#6900);
#6899 = CARTESIAN_POINT('',(0.,0.));
#6900 = VECTOR('',#6901,1.);
#6901 = DIRECTION('',(1.,0.));
#6902 = ( GEOMETRIC_REPRESENTATION_CONTEXT(2) 
PARAMETRIC_REPRESENTATION_CONTEXT() REPRESENTATION_CONTEXT('2D SPACE',''
  ) );
#6903 = ADVANCED_FACE('',(#6904,#6952,#6983,#7014,#7045,#7151),#6816,.T.
  );
#6904 = FACE_BOUND('',#6905,.T.);
#6905 = EDGE_LOOP('',(#6906,#6907,#6908,#6931));
#6906 = ORIENTED_EDGE('',*,*,#6802,.F.);
#6907 = ORIENTED_EDGE('',*,*,#6855,.T.);
#6908 = ORIENTED_EDGE('',*,*,#6909,.T.);
#6909 = EDGE_CURVE('',#6856,#6910,#6912,.T.);
#6910 = VERTEX_POINT('',#6911);
#6911 = CARTESIAN_POINT('',(500.,250.,100.));
#6912 = SURFACE_CURVE('',#6913,(#6917,#6924),.PCURVE_S1.);
#6913 = LINE('',#6914,#6915);
#6914 = CARTESIAN_POINT('',(500.,-250.,100.));
#6915 = VECTOR('',#6916,1.);
#6916 = DIRECTION('',(-0.,1.,0.));
#6917 = PCURVE('',#6816,#6918);
#6918 = DEFINITIONAL_REPRESENTATION('',(#6919),#6923);
#6919 = LINE('',#6920,#6921);
#6920 = CARTESIAN_POINT('',(1.E+03,0.));
#6921 = VECTOR('',#6922,1.);
#6922 = DIRECTION('',(0.,1.));
#6923 = ( GEOMETRIC_REPRESENTATION_CONTEXT(2) 
PARAMETRIC_REPRESENTATION_CONTEXT() REPRESENTATION_CONTEXT('2D SPACE',''
  ) );
#6924 = PCURVE('',#6892,#6925);
#6925 = DEFINITIONAL_REPRESENTATION('',(#6926),#6930);
#6926 = LINE('',#6927,#6928);
#6927 = CARTESIAN_POINT('',(100.,0.));
#6928 = VECTOR('',#6929,1.);
#6929 = DIRECTION('',(0.,-1.));
#6930 = ( GEOMETRIC_REPRESENTATION_CONTEXT(2) 
PARAMETRIC_REPRESENTATION_CONTEXT() REPRESENTATION_CONTEXT('2D SPACE',''
  ) );
#6931 = ORIENTED_EDGE('',*,*,#6932,.F.);
#6932 = EDGE_CURVE('',#6775,#6910,#6933,.T.);
#6933 = SURFACE_CURVE('',#6934,(#6938,#6945),.PCURVE_S1.);
#6934 = LINE('',#6935,#6936);
#6935 = CARTESIAN_POINT('',(-500.,250.,100.));
#6936 = VECTOR('',#6937,1.);
#6937 = DIRECTION('',(1.,0.,-0.));
#6938 = PCURVE('',#6816,#6939);
#6939 = DEFINITIONAL_REPRESENTATION('',(#6940),#6944);
#6940 = LINE('',#6941,#6942);
#6941 = CARTESIAN_POINT('',(0.,500.));
#6942 = VECTOR('',#6943,1.);
#6943 = DIRECTION('',(1.,0.));
#6944 = ( GEOMETRIC_REPRESENTATION_CONTEXT(2) 
PARAMETRIC_REPRESENTATION_CONTEXT() REPRESENTATION_CONTEXT('2D SPACE',''
  ) );
#6945 = PCURVE('',#6790,#6946);
#6946 = DEFINITIONAL_REPRESENTATION('',(#6947),#6951);
#6947 = LINE('',#6948,#6949);
#6948 = CARTESIAN_POINT('',(100.,0.));
#6949 = VECTOR('',#6950,1.);
#6950 = DIRECTION('',(0.,1.));
#6951 = ( GEOMETRIC_REPRESENTATION_CONTEXT(2) 
PARAMETRIC_REPRESENTATION_CONTEXT() REPRESENTATION_CONTEXT('2D SPACE',''
  ) );
#6952 = FACE_BOUND('',#6953,.T.);
#6953 = EDGE_LOOP('',(#6954));
#6954 = ORIENTED_EDGE('',*,*,#6955,.F.);
#6955 = EDGE_CURVE('',#6956,#6956,#6958,.T.);
#6956 = VERTEX_POINT('',#6957);
#6957 = CARTESIAN_POINT('',(-433.,-220.,100.));
#6958 = SURFACE_CURVE('',#6959,(#6964,#6971),.PCURVE_S1.);
#6959 = CIRCLE('',#6960,7.);
#6960 = AXIS2_PLACEMENT_3D('',#6961,#6962,#6963);
#6961 = CARTESIAN_POINT('',(-440.,-220.,100.));
#6962 = DIRECTION('',(0.,0.,1.));
#6963 = DIRECTION('',(1.,0.,-0.));
#6964 = PCURVE('',#6816,#6965);
#6965 = DEFINITIONAL_REPRESENTATION('',(#6966),#6970);
#6966 = CIRCLE('',#6967,7.);
#6967 = AXIS2_PLACEMENT_2D('',#6968,#6969);
#6968 = CARTESIAN_POINT('',(60.,30.));
#6969 = DIRECTION('',(1.,0.));
#6970 = ( GEOMETRIC_REPRESENTATION_CONTEXT(2) 
PARAMETRIC_REPRESENTATION_CONTEXT() REPRESENTATION_CONTEXT('2D SPACE',''
  ) );
#6971 = PCURVE('',#6972,#6977);
#6972 = CYLINDRICAL_SURFACE('',#6973,7.);
#6973 = AXIS2_PLACEMENT_3D('',#6974,#6975,#6976);
#6974 = CARTESIAN_POINT('',(-440.,-220.,-1.));
#6975 = DIRECTION('',(0.,0.,1.));
#6976 = DIRECTION('',(1.,0.,-0.));
#6977 = DEFINITIONAL_REPRESENTATION('',(#6978),#6982);
#6978 = LINE('',#6979,#6980);
#6979 = CARTESIAN_POINT('',(0.,101.));
#6980 = VECTOR('',#6981,1.);
#6981 = DIRECTION('',(1.,0.));
#6982 = ( GEOMETRIC_REPRESENTATION_CONTEXT(2) 
PARAMETRIC_REPRESENTATION_CONTEXT() REPRESENTATION_CONTEXT('2D SPACE',''
  ) );
#6983 = FACE_BOUND('',#6984,.T.);
#6984 = EDGE_LOOP('',(#6985));
#6985 = ORIENTED_EDGE('',*,*,#6986,.F.);
#6986 = EDGE_CURVE('',#6987,#6987,#6989,.T.);
#6987 = VERTEX_POINT('',#6988);
#6988 = CARTESIAN_POINT('',(447.,-220.,100.));
#6989 = SURFACE_CURVE('',#6990,(#6995,#7002),.PCURVE_S1.);
#6990 = CIRCLE('',#6991,7.);
#6991 = AXIS2_PLACEMENT_3D('',#6992,#6993,#6994);
#6992 = CARTESIAN_POINT('',(440.,-220.,100.));
#6993 = DIRECTION('',(0.,0.,1.));
#6994 = DIRECTION('',(1.,0.,-0.));
#6995 = PCURVE('',#6816,#6996);
#6996 = DEFINITIONAL_REPRESENTATION('',(#6997),#7001);
#6997 = CIRCLE('',#6998,7.);
#6998 = AXIS2_PLACEMENT_2D('',#6999,#7000);
#6999 = CARTESIAN_POINT('',(940.,30.));
#7000 = DIRECTION('',(1.,0.));
#7001 = ( GEOMETRIC_REPRESENTATION_CONTEXT(2) 
PARAMETRIC_REPRESENTATION_CONTEXT() REPRESENTATION_CONTEXT('2D SPACE',''
  ) );
#7002 = PCURVE('',#7003,#7008);
#7003 = CYLINDRICAL_SURFACE('',#7004,7.);
#7004 = AXIS2_PLACEMENT_3D('',#7005,#7006,#7007);
#7005 = CARTESIAN_POINT('',(440.,-220.,-1.));
#7006 = DIRECTION('',(0.,0.,1.));
#7007 = DIRECTION('',(1.,0.,-0.));
#7008 = DEFINITIONAL_REPRESENTATION('',(#7009),#7013);
#7009 = LINE('',#7010,#7011);
#7010 = CARTESIAN_POINT('',(0.,101.));
#7011 = VECTOR('',#7012,1.);
#7012 = DIRECTION('',(1.,0.));
#7013 = ( GEOMETRIC_REPRESENTATION_CONTEXT(2) 
PARAMETRIC_REPRESENTATION_CONTEXT() REPRESENTATION_CONTEXT('2D SPACE',''
  ) );
#7014 = FACE_BOUND('',#7015,.T.);
#7015 = EDGE_LOOP('',(#7016));
#7016 = ORIENTED_EDGE('',*,*,#7017,.F.);
#7017 = EDGE_CURVE('',#7018,#7018,#7020,.T.);
#7018 = VERTEX_POINT('',#7019);
#7019 = CARTESIAN_POINT('',(-433.,220.,100.));
#7020 = SURFACE_CURVE('',#7021,(#7026,#7033),.PCURVE_S1.);
#7021 = CIRCLE('',#7022,7.);
#7022 = AXIS2_PLACEMENT_3D('',#7023,#7024,#7025);
#7023 = CARTESIAN_POINT('',(-440.,220.,100.));
#7024 = DIRECTION('',(0.,0.,1.));
#7025 = DIRECTION('',(1.,0.,-0.));
#7026 = PCURVE('',#6816,#7027);
#7027 = DEFINITIONAL_REPRESENTATION('',(#7028),#7032);
#7028 = CIRCLE('',#7029,7.);
#7029 = AXIS2_PLACEMENT_2D('',#7030,#7031);
#7030 = CARTESIAN_POINT('',(60.,470.));
#7031 = DIRECTION('',(1.,0.));
#7032 = ( GEOMETRIC_REPRESENTATION_CONTEXT(2) 
PARAMETRIC_REPRESENTATION_CONTEXT() REPRESENTATION_CONTEXT('2D SPACE',''
  ) );
#7033 = PCURVE('',#7034,#7039);
#7034 = CYLINDRICAL_SURFACE('',#7035,7.);
#7035 = AXIS2_PLACEMENT_3D('',#7036,#7037,#7038);
#7036 = CARTESIAN_POINT('',(-440.,220.,-1.));
#7037 = DIRECTION('',(0.,0.,1.));
#7038 = DIRECTION('',(1.,0.,-0.));
#7039 = DEFINITIONAL_REPRESENTATION('',(#7040),#7044);
#7040 = LINE('',#7041,#7042);
#7041 = CARTESIAN_POINT('',(0.,101.));
#7042 = VECTOR('',#7043,1.);
#7043 = DIRECTION('',(1.,0.));
#7044 = ( GEOMETRIC_REPRESENTATION_CONTEXT(2) 
PARAMETRIC_REPRESENTATION_CONTEXT() REPRESENTATION_CONTEXT('2D SPACE',''
  ) );
#7045 = FACE_BOUND('',#7046,.T.);
#7046 = EDGE_LOOP('',(#7047,#7075,#7101,#7127));
#7047 = ORIENTED_EDGE('',*,*,#7048,.T.);
#7048 = EDGE_CURVE('',#7049,#7051,#7053,.T.);
#7049 = VERTEX_POINT('',#7050);
#7050 = CARTESIAN_POINT('',(440.,-190.,100.));
#7051 = VERTEX_POINT('',#7052);
#7052 = CARTESIAN_POINT('',(-440.,-190.,100.));
#7053 = SURFACE_CURVE('',#7054,(#7058,#7064),.PCURVE_S1.);
#7054 = LINE('',#7055,#7056);
#7055 = CARTESIAN_POINT('',(-470.,-190.,100.));
#7056 = VECTOR('',#7057,1.);
#7057 = DIRECTION('',(-1.,-0.,0.));
#7058 = PCURVE('',#6816,#7059);
#7059 = DEFINITIONAL_REPRESENTATION('',(#7060),#7063);
#7060 = B_SPLINE_CURVE_WITH_KNOTS('',1,(#7061,#7062),.UNSPECIFIED.,.F.,
  .F.,(2,2),(-910.,-30.),.PIECEWISE_BEZIER_KNOTS.);
#7061 = CARTESIAN_POINT('',(940.,60.));
#7062 = CARTESIAN_POINT('',(60.,60.));
#7063 = ( GEOMETRIC_REPRESENTATION_CONTEXT(2) 
PARAMETRIC_REPRESENTATION_CONTEXT() REPRESENTATION_CONTEXT('2D SPACE',''
  ) );
#7064 = PCURVE('',#7065,#7070);
#7065 = PLANE('',#7066);
#7066 = AXIS2_PLACEMENT_3D('',#7067,#7068,#7069);
#7067 = CARTESIAN_POINT('',(-440.,-190.,-1.));
#7068 = DIRECTION('',(-0.,1.,0.));
#7069 = DIRECTION('',(0.,0.,1.));
#7070 = DEFINITIONAL_REPRESENTATION('',(#7071),#7074);
#7071 = B_SPLINE_CURVE_WITH_KNOTS('',1,(#7072,#7073),.UNSPECIFIED.,.F.,
  .F.,(2,2),(-910.,-30.),.PIECEWISE_BEZIER_KNOTS.);
#7072 = CARTESIAN_POINT('',(101.,880.));
#7073 = CARTESIAN_POINT('',(101.,0.));
#7074 = ( GEOMETRIC_REPRESENTATION_CONTEXT(2) 
PARAMETRIC_REPRESENTATION_CONTEXT() REPRESENTATION_CONTEXT('2D SPACE',''
  ) );
#7075 = ORIENTED_EDGE('',*,*,#7076,.T.);
#7076 = EDGE_CURVE('',#7051,#7077,#7079,.T.);
#7077 = VERTEX_POINT('',#7078);
#7078 = CARTESIAN_POINT('',(-440.,190.,100.));
#7079 = SURFACE_CURVE('',#7080,(#7084,#7090),.PCURVE_S1.);
#7080 = LINE('',#7081,#7082);
#7081 = CARTESIAN_POINT('',(-440.,-220.,100.));
#7082 = VECTOR('',#7083,1.);
#7083 = DIRECTION('',(-0.,1.,0.));
#7084 = PCURVE('',#6816,#7085);
#7085 = DEFINITIONAL_REPRESENTATION('',(#7086),#7089);
#7086 = B_SPLINE_CURVE_WITH_KNOTS('',1,(#7087,#7088),.UNSPECIFIED.,.F.,
  .F.,(2,2),(30.,410.),.PIECEWISE_BEZIER_KNOTS.);
#7087 = CARTESIAN_POINT('',(60.,60.));
#7088 = CARTESIAN_POINT('',(60.,440.));
#7089 = ( GEOMETRIC_REPRESENTATION_CONTEXT(2) 
PARAMETRIC_REPRESENTATION_CONTEXT() REPRESENTATION_CONTEXT('2D SPACE',''
  ) );
#7090 = PCURVE('',#7091,#7096);
#7091 = PLANE('',#7092);
#7092 = AXIS2_PLACEMENT_3D('',#7093,#7094,#7095);
#7093 = CARTESIAN_POINT('',(-440.,-190.,-1.));
#7094 = DIRECTION('',(1.,0.,-0.));
#7095 = DIRECTION('',(0.,0.,1.));
#7096 = DEFINITIONAL_REPRESENTATION('',(#7097),#7100);
#7097 = B_SPLINE_CURVE_WITH_KNOTS('',1,(#7098,#7099),.UNSPECIFIED.,.F.,
  .F.,(2,2),(30.,410.),.PIECEWISE_BEZIER_KNOTS.);
#7098 = CARTESIAN_POINT('',(101.,0.));
#7099 = CARTESIAN_POINT('',(101.,-380.));
#7100 = ( GEOMETRIC_REPRESENTATION_CONTEXT(2) 
PARAMETRIC_REPRESENTATION_CONTEXT() REPRESENTATION_CONTEXT('2D SPACE',''
  ) );
#7101 = ORIENTED_EDGE('',*,*,#7102,.F.);
#7102 = EDGE_CURVE('',#7103,#7077,#7105,.T.);
#7103 = VERTEX_POINT('',#7104);
#7104 = CARTESIAN_POINT('',(440.,190.,100.));
#7105 = SURFACE_CURVE('',#7106,(#7110,#7116),.PCURVE_S1.);
#7106 = LINE('',#7107,#7108);
#7107 = CARTESIAN_POINT('',(-470.,190.,100.));
#7108 = VECTOR('',#7109,1.);
#7109 = DIRECTION('',(-1.,-0.,0.));
#7110 = PCURVE('',#6816,#7111);
#7111 = DEFINITIONAL_REPRESENTATION('',(#7112),#7115);
#7112 = B_SPLINE_CURVE_WITH_KNOTS('',1,(#7113,#7114),.UNSPECIFIED.,.F.,
  .F.,(2,2),(-910.,-30.),.PIECEWISE_BEZIER_KNOTS.);
#7113 = CARTESIAN_POINT('',(940.,440.));
#7114 = CARTESIAN_POINT('',(60.,440.));
#7115 = ( GEOMETRIC_REPRESENTATION_CONTEXT(2) 
PARAMETRIC_REPRESENTATION_CONTEXT() REPRESENTATION_CONTEXT('2D SPACE',''
  ) );
#7116 = PCURVE('',#7117,#7122);
#7117 = PLANE('',#7118);
#7118 = AXIS2_PLACEMENT_3D('',#7119,#7120,#7121);
#7119 = CARTESIAN_POINT('',(-440.,190.,-1.));
#7120 = DIRECTION('',(-0.,1.,0.));
#7121 = DIRECTION('',(0.,0.,1.));
#7122 = DEFINITIONAL_REPRESENTATION('',(#7123),#7126);
#7123 = B_SPLINE_CURVE_WITH_KNOTS('',1,(#7124,#7125),.UNSPECIFIED.,.F.,
  .F.,(2,2),(-910.,-30.),.PIECEWISE_BEZIER_KNOTS.);
#7124 = CARTESIAN_POINT('',(101.,880.));
#7125 = CARTESIAN_POINT('',(101.,0.));
#7126 = ( GEOMETRIC_REPRESENTATION_CONTEXT(2) 
PARAMETRIC_REPRESENTATION_CONTEXT() REPRESENTATION_CONTEXT('2D SPACE',''
  ) );
#7127 = ORIENTED_EDGE('',*,*,#7128,.F.);
#7128 = EDGE_CURVE('',#7049,#7103,#7129,.T.);
#7129 = SURFACE_CURVE('',#7130,(#7134,#7140),.PCURVE_S1.);
#7130 = LINE('',#7131,#7132);
#7131 = CARTESIAN_POINT('',(440.,-220.,100.));
#7132 = VECTOR('',#7133,1.);
#7133 = DIRECTION('',(-0.,1.,0.));
#7134 = PCURVE('',#6816,#7135);
#7135 = DEFINITIONAL_REPRESENTATION('',(#7136),#7139);
#7136 = B_SPLINE_CURVE_WITH_KNOTS('',1,(#7137,#7138),.UNSPECIFIED.,.F.,
  .F.,(2,2),(30.,410.),.PIECEWISE_BEZIER_KNOTS.);
#7137 = CARTESIAN_POINT('',(940.,60.));
#7138 = CARTESIAN_POINT('',(940.,440.));
#7139 = ( GEOMETRIC_REPRESENTATION_CONTEXT(2) 
PARAMETRIC_REPRESENTATION_CONTEXT() REPRESENTATION_CONTEXT('2D SPACE',''
  ) );
#7140 = PCURVE('',#7141,#7146);
#7141 = PLANE('',#7142);
#7142 = AXIS2_PLACEMENT_3D('',#7143,#7144,#7145);
#7143 = CARTESIAN_POINT('',(440.,-190.,-1.));
#7144 = DIRECTION('',(1.,0.,-0.));
#7145 = DIRECTION('',(0.,0.,1.));
#7146 = DEFINITIONAL_REPRESENTATION('',(#7147),#7150);
#7147 = B_SPLINE_CURVE_WITH_KNOTS('',1,(#7148,#7149),.UNSPECIFIED.,.F.,
  .F.,(2,2),(30.,410.),.PIECEWISE_BEZIER_KNOTS.);
#7148 = CARTESIAN_POINT('',(101.,0.));
#7149 = CARTESIAN_POINT('',(101.,-380.));
#7150 = ( GEOMETRIC_REPRESENTATION_CONTEXT(2) 
PARAMETRIC_REPRESENTATION_CONTEXT() REPRESENTATION_CONTEXT('2D SPACE',''
  ) );
#7151 = FACE_BOUND('',#7152,.T.);
#7152 = EDGE_LOOP('',(#7153));
#7153 = ORIENTED_EDGE('',*,*,#7154,.F.);
#7154 = EDGE_CURVE('',#7155,#7155,#7157,.T.);
#7155 = VERTEX_POINT('',#7156);
#7156 = CARTESIAN_POINT('',(447.,220.,100.));
#7157 = SURFACE_CURVE('',#7158,(#7163,#7170),.PCURVE_S1.);
#7158 = CIRCLE('',#7159,7.);
#7159 = AXIS2_PLACEMENT_3D('',#7160,#7161,#7162);
#7160 = CARTESIAN_POINT('',(440.,220.,100.));
#7161 = DIRECTION('',(0.,0.,1.));
#7162 = DIRECTION('',(1.,0.,-0.));
#7163 = PCURVE('',#6816,#7164);
#7164 = DEFINITIONAL_REPRESENTATION('',(#7165),#7169);
#7165 = CIRCLE('',#7166,7.);
#7166 = AXIS2_PLACEMENT_2D('',#7167,#7168);
#7167 = CARTESIAN_POINT('',(940.,470.));
#7168 = DIRECTION('',(1.,0.));
#7169 = ( GEOMETRIC_REPRESENTATION_CONTEXT(2) 
PARAMETRIC_REPRESENTATION_CONTEXT() REPRESENTATION_CONTEXT('2D SPACE',''
  ) );
#7170 = PCURVE('',#7171,#7176);
#7171 = CYLINDRICAL_SURFACE('',#7172,7.);
#7172 = AXIS2_PLACEMENT_3D('',#7173,#7174,#7175);
#7173 = CARTESIAN_POINT('',(440.,220.,-1.));
#7174 = DIRECTION('',(0.,0.,1.));
#7175 = DIRECTION('',(1.,0.,-0.));
#7176 = DEFINITIONAL_REPRESENTATION('',(#7177),#7181);
#7177 = LINE('',#7178,#7179);
#7178 = CARTESIAN_POINT('',(0.,101.));
#7179 = VECTOR('',#7180,1.);
#7180 = DIRECTION('',(1.,0.));
#7181 = ( GEOMETRIC_REPRESENTATION_CONTEXT(2) 
PARAMETRIC_REPRESENTATION_CONTEXT() REPRESENTATION_CONTEXT('2D SPACE',''
  ) );
#7182 = ADVANCED_FACE('',(#7183),#6790,.T.);
#7183 = FACE_BOUND('',#7184,.T.);
#7184 = EDGE_LOOP('',(#7185,#7208,#7209,#7210));
#7185 = ORIENTED_EDGE('',*,*,#7186,.F.);
#7186 = EDGE_CURVE('',#6747,#7187,#7189,.T.);
#7187 = VERTEX_POINT('',#7188);
#7188 = CARTESIAN_POINT('',(500.,250.,0.));
#7189 = SURFACE_CURVE('',#7190,(#7194,#7201),.PCURVE_S1.);
#7190 = LINE('',#7191,#7192);
#7191 = CARTESIAN_POINT('',(-500.,250.,0.));
#7192 = VECTOR('',#7193,1.);
#7193 = DIRECTION('',(1.,0.,-0.));
#7194 = PCURVE('',#6790,#7195);
#7195 = DEFINITIONAL_REPRESENTATION('',(#7196),#7200);
#7196 = LINE('',#7197,#7198);
#7197 = CARTESIAN_POINT('',(0.,0.));
#7198 = VECTOR('',#7199,1.);
#7199 = DIRECTION('',(0.,1.));
#7200 = ( GEOMETRIC_REPRESENTATION_CONTEXT(2) 
PARAMETRIC_REPRESENTATION_CONTEXT() REPRESENTATION_CONTEXT('2D SPACE',''
  ) );
#7201 = PCURVE('',#6762,#7202);
#7202 = DEFINITIONAL_REPRESENTATION('',(#7203),#7207);
#7203 = LINE('',#7204,#7205);
#7204 = CARTESIAN_POINT('',(0.,500.));
#7205 = VECTOR('',#7206,1.);
#7206 = DIRECTION('',(1.,0.));
#7207 = ( GEOMETRIC_REPRESENTATION_CONTEXT(2) 
PARAMETRIC_REPRESENTATION_CONTEXT() REPRESENTATION_CONTEXT('2D SPACE',''
  ) );
#7208 = ORIENTED_EDGE('',*,*,#6774,.T.);
#7209 = ORIENTED_EDGE('',*,*,#6932,.T.);
#7210 = ORIENTED_EDGE('',*,*,#7211,.F.);
#7211 = EDGE_CURVE('',#7187,#6910,#7212,.T.);
#7212 = SURFACE_CURVE('',#7213,(#7217,#7224),.PCURVE_S1.);
#7213 = LINE('',#7214,#7215);
#7214 = CARTESIAN_POINT('',(500.,250.,0.));
#7215 = VECTOR('',#7216,1.);
#7216 = DIRECTION('',(0.,0.,1.));
#7217 = PCURVE('',#6790,#7218);
#7218 = DEFINITIONAL_REPRESENTATION('',(#7219),#7223);
#7219 = LINE('',#7220,#7221);
#7220 = CARTESIAN_POINT('',(0.,1.E+03));
#7221 = VECTOR('',#7222,1.);
#7222 = DIRECTION('',(1.,0.));
#7223 = ( GEOMETRIC_REPRESENTATION_CONTEXT(2) 
PARAMETRIC_REPRESENTATION_CONTEXT() REPRESENTATION_CONTEXT('2D SPACE',''
  ) );
#7224 = PCURVE('',#6892,#7225);
#7225 = DEFINITIONAL_REPRESENTATION('',(#7226),#7230);
#7226 = LINE('',#7227,#7228);
#7227 = CARTESIAN_POINT('',(0.,-500.));
#7228 = VECTOR('',#7229,1.);
#7229 = DIRECTION('',(1.,0.));
#7230 = ( GEOMETRIC_REPRESENTATION_CONTEXT(2) 
PARAMETRIC_REPRESENTATION_CONTEXT() REPRESENTATION_CONTEXT('2D SPACE',''
  ) );
#7231 = ADVANCED_FACE('',(#7232,#7258,#7284,#7310,#7336,#7422),#6762,.F.
  );
#7232 = FACE_BOUND('',#7233,.F.);
#7233 = EDGE_LOOP('',(#7234,#7235,#7236,#7257));
#7234 = ORIENTED_EDGE('',*,*,#6746,.F.);
#7235 = ORIENTED_EDGE('',*,*,#6831,.T.);
#7236 = ORIENTED_EDGE('',*,*,#7237,.T.);
#7237 = EDGE_CURVE('',#6832,#7187,#7238,.T.);
#7238 = SURFACE_CURVE('',#7239,(#7243,#7250),.PCURVE_S1.);
#7239 = LINE('',#7240,#7241);
#7240 = CARTESIAN_POINT('',(500.,-250.,0.));
#7241 = VECTOR('',#7242,1.);
#7242 = DIRECTION('',(-0.,1.,0.));
#7243 = PCURVE('',#6762,#7244);
#7244 = DEFINITIONAL_REPRESENTATION('',(#7245),#7249);
#7245 = LINE('',#7246,#7247);
#7246 = CARTESIAN_POINT('',(1.E+03,0.));
#7247 = VECTOR('',#7248,1.);
#7248 = DIRECTION('',(0.,1.));
#7249 = ( GEOMETRIC_REPRESENTATION_CONTEXT(2) 
PARAMETRIC_REPRESENTATION_CONTEXT() REPRESENTATION_CONTEXT('2D SPACE',''
  ) );
#7250 = PCURVE('',#6892,#7251);
#7251 = DEFINITIONAL_REPRESENTATION('',(#7252),#7256);
#7252 = LINE('',#7253,#7254);
#7253 = CARTESIAN_POINT('',(0.,0.));
#7254 = VECTOR('',#7255,1.);
#7255 = DIRECTION('',(0.,-1.));
#7256 = ( GEOMETRIC_REPRESENTATION_CONTEXT(2) 
PARAMETRIC_REPRESENTATION_CONTEXT() REPRESENTATION_CONTEXT('2D SPACE',''
  ) );
#7257 = ORIENTED_EDGE('',*,*,#7186,.F.);
#7258 = FACE_BOUND('',#7259,.F.);
#7259 = EDGE_LOOP('',(#7260));
#7260 = ORIENTED_EDGE('',*,*,#7261,.F.);
#7261 = EDGE_CURVE('',#7262,#7262,#7264,.T.);
#7262 = VERTEX_POINT('',#7263);
#7263 = CARTESIAN_POINT('',(-433.,-220.,0.));
#7264 = SURFACE_CURVE('',#7265,(#7270,#7277),.PCURVE_S1.);
#7265 = CIRCLE('',#7266,7.);
#7266 = AXIS2_PLACEMENT_3D('',#7267,#7268,#7269);
#7267 = CARTESIAN_POINT('',(-440.,-220.,0.));
#7268 = DIRECTION('',(0.,0.,1.));
#7269 = DIRECTION('',(1.,0.,-0.));
#7270 = PCURVE('',#6762,#7271);
#7271 = DEFINITIONAL_REPRESENTATION('',(#7272),#7276);
#7272 = CIRCLE('',#7273,7.);
#7273 = AXIS2_PLACEMENT_2D('',#7274,#7275);
#7274 = CARTESIAN_POINT('',(60.,30.));
#7275 = DIRECTION('',(1.,0.));
#7276 = ( GEOMETRIC_REPRESENTATION_CONTEXT(2) 
PARAMETRIC_REPRESENTATION_CONTEXT() REPRESENTATION_CONTEXT('2D SPACE',''
  ) );
#7277 = PCURVE('',#6972,#7278);
#7278 = DEFINITIONAL_REPRESENTATION('',(#7279),#7283);
#7279 = LINE('',#7280,#7281);
#7280 = CARTESIAN_POINT('',(0.,1.));
#7281 = VECTOR('',#7282,1.);
#7282 = DIRECTION('',(1.,0.));
#7283 = ( GEOMETRIC_REPRESENTATION_CONTEXT(2) 
PARAMETRIC_REPRESENTATION_CONTEXT() REPRESENTATION_CONTEXT('2D SPACE',''
  ) );
#7284 = FACE_BOUND('',#7285,.F.);
#7285 = EDGE_LOOP('',(#7286));
#7286 = ORIENTED_EDGE('',*,*,#7287,.F.);
#7287 = EDGE_CURVE('',#7288,#7288,#7290,.T.);
#7288 = VERTEX_POINT('',#7289);
#7289 = CARTESIAN_POINT('',(447.,-220.,0.));
#7290 = SURFACE_CURVE('',#7291,(#7296,#7303),.PCURVE_S1.);
#7291 = CIRCLE('',#7292,7.);
#7292 = AXIS2_PLACEMENT_3D('',#7293,#7294,#7295);
#7293 = CARTESIAN_POINT('',(440.,-220.,0.));
#7294 = DIRECTION('',(0.,0.,1.));
#7295 = DIRECTION('',(1.,0.,-0.));
#7296 = PCURVE('',#6762,#7297);
#7297 = DEFINITIONAL_REPRESENTATION('',(#7298),#7302);
#7298 = CIRCLE('',#7299,7.);
#7299 = AXIS2_PLACEMENT_2D('',#7300,#7301);
#7300 = CARTESIAN_POINT('',(940.,30.));
#7301 = DIRECTION('',(1.,0.));
#7302 = ( GEOMETRIC_REPRESENTATION_CONTEXT(2) 
PARAMETRIC_REPRESENTATION_CONTEXT() REPRESENTATION_CONTEXT('2D SPACE',''
  ) );
#7303 = PCURVE('',#7003,#7304);
#7304 = DEFINITIONAL_REPRESENTATION('',(#7305),#7309);
#7305 = LINE('',#7306,#7307);
#7306 = CARTESIAN_POINT('',(0.,1.));
#7307 = VECTOR('',#7308,1.);
#7308 = DIRECTION('',(1.,0.));
#7309 = ( GEOMETRIC_REPRESENTATION_CONTEXT(2) 
PARAMETRIC_REPRESENTATION_CONTEXT() REPRESENTATION_CONTEXT('2D SPACE',''
  ) );
#7310 = FACE_BOUND('',#7311,.F.);
#7311 = EDGE_LOOP('',(#7312));
#7312 = ORIENTED_EDGE('',*,*,#7313,.F.);
#7313 = EDGE_CURVE('',#7314,#7314,#7316,.T.);
#7314 = VERTEX_POINT('',#7315);
#7315 = CARTESIAN_POINT('',(-433.,220.,0.));
#7316 = SURFACE_CURVE('',#7317,(#7322,#7329),.PCURVE_S1.);
#7317 = CIRCLE('',#7318,7.);
#7318 = AXIS2_PLACEMENT_3D('',#7319,#7320,#7321);
#7319 = CARTESIAN_POINT('',(-440.,220.,0.));
#7320 = DIRECTION('',(0.,0.,1.));
#7321 = DIRECTION('',(1.,0.,-0.));
#7322 = PCURVE('',#6762,#7323);
#7323 = DEFINITIONAL_REPRESENTATION('',(#7324),#7328);
#7324 = CIRCLE('',#7325,7.);
#7325 = AXIS2_PLACEMENT_2D('',#7326,#7327);
#7326 = CARTESIAN_POINT('',(60.,470.));
#7327 = DIRECTION('',(1.,0.));
#7328 = ( GEOMETRIC_REPRESENTATION_CONTEXT(2) 
PARAMETRIC_REPRESENTATION_CONTEXT() REPRESENTATION_CONTEXT('2D SPACE',''
  ) );
#7329 = PCURVE('',#7034,#7330);
#7330 = DEFINITIONAL_REPRESENTATION('',(#7331),#7335);
#7331 = LINE('',#7332,#7333);
#7332 = CARTESIAN_POINT('',(0.,1.));
#7333 = VECTOR('',#7334,1.);
#7334 = DIRECTION('',(1.,0.));
#7335 = ( GEOMETRIC_REPRESENTATION_CONTEXT(2) 
PARAMETRIC_REPRESENTATION_CONTEXT() REPRESENTATION_CONTEXT('2D SPACE',''
  ) );
#7336 = FACE_BOUND('',#7337,.F.);
#7337 = EDGE_LOOP('',(#7338,#7361,#7382,#7403));
#7338 = ORIENTED_EDGE('',*,*,#7339,.T.);
#7339 = EDGE_CURVE('',#7340,#7342,#7344,.T.);
#7340 = VERTEX_POINT('',#7341);
#7341 = CARTESIAN_POINT('',(440.,-190.,0.));
#7342 = VERTEX_POINT('',#7343);
#7343 = CARTESIAN_POINT('',(-440.,-190.,0.));
#7344 = SURFACE_CURVE('',#7345,(#7349,#7355),.PCURVE_S1.);
#7345 = LINE('',#7346,#7347);
#7346 = CARTESIAN_POINT('',(-470.,-190.,0.));
#7347 = VECTOR('',#7348,1.);
#7348 = DIRECTION('',(-1.,-0.,0.));
#7349 = PCURVE('',#6762,#7350);
#7350 = DEFINITIONAL_REPRESENTATION('',(#7351),#7354);
#7351 = B_SPLINE_CURVE_WITH_KNOTS('',1,(#7352,#7353),.UNSPECIFIED.,.F.,
  .F.,(2,2),(-910.,-30.),.PIECEWISE_BEZIER_KNOTS.);
#7352 = CARTESIAN_POINT('',(940.,60.));
#7353 = CARTESIAN_POINT('',(60.,60.));
#7354 = ( GEOMETRIC_REPRESENTATION_CONTEXT(2) 
PARAMETRIC_REPRESENTATION_CONTEXT() REPRESENTATION_CONTEXT('2D SPACE',''
  ) );
#7355 = PCURVE('',#7065,#7356);
#7356 = DEFINITIONAL_REPRESENTATION('',(#7357),#7360);
#7357 = B_SPLINE_CURVE_WITH_KNOTS('',1,(#7358,#7359),.UNSPECIFIED.,.F.,
  .F.,(2,2),(-910.,-30.),.PIECEWISE_BEZIER_KNOTS.);
#7358 = CARTESIAN_POINT('',(1.,880.));
#7359 = CARTESIAN_POINT('',(1.,0.));
#7360 = ( GEOMETRIC_REPRESENTATION_CONTEXT(2) 
PARAMETRIC_REPRESENTATION_CONTEXT() REPRESENTATION_CONTEXT('2D SPACE',''
  ) );
#7361 = ORIENTED_EDGE('',*,*,#7362,.T.);
#7362 = EDGE_CURVE('',#7342,#7363,#7365,.T.);
#7363 = VERTEX_POINT('',#7364);
#7364 = CARTESIAN_POINT('',(-440.,190.,0.));
#7365 = SURFACE_CURVE('',#7366,(#7370,#7376),.PCURVE_S1.);
#7366 = LINE('',#7367,#7368);
#7367 = CARTESIAN_POINT('',(-440.,-220.,0.));
#7368 = VECTOR('',#7369,1.);
#7369 = DIRECTION('',(-0.,1.,0.));
#7370 = PCURVE('',#6762,#7371);
#7371 = DEFINITIONAL_REPRESENTATION('',(#7372),#7375);
#7372 = B_SPLINE_CURVE_WITH_KNOTS('',1,(#7373,#7374),.UNSPECIFIED.,.F.,
  .F.,(2,2),(30.,410.),.PIECEWISE_BEZIER_KNOTS.);
#7373 = CARTESIAN_POINT('',(60.,60.));
#7374 = CARTESIAN_POINT('',(60.,440.));
#7375 = ( GEOMETRIC_REPRESENTATION_CONTEXT(2) 
PARAMETRIC_REPRESENTATION_CONTEXT() REPRESENTATION_CONTEXT('2D SPACE',''
  ) );
#7376 = PCURVE('',#7091,#7377);
#7377 = DEFINITIONAL_REPRESENTATION('',(#7378),#7381);
#7378 = B_SPLINE_CURVE_WITH_KNOTS('',1,(#7379,#7380),.UNSPECIFIED.,.F.,
  .F.,(2,2),(30.,410.),.PIECEWISE_BEZIER_KNOTS.);
#7379 = CARTESIAN_POINT('',(1.,0.));
#7380 = CARTESIAN_POINT('',(1.,-380.));
#7381 = ( GEOMETRIC_REPRESENTATION_CONTEXT(2) 
PARAMETRIC_REPRESENTATION_CONTEXT() REPRESENTATION_CONTEXT('2D SPACE',''
  ) );
#7382 = ORIENTED_EDGE('',*,*,#7383,.F.);
#7383 = EDGE_CURVE('',#7384,#7363,#7386,.T.);
#7384 = VERTEX_POINT('',#7385);
#7385 = CARTESIAN_POINT('',(440.,190.,0.));
#7386 = SURFACE_CURVE('',#7387,(#7391,#7397),.PCURVE_S1.);
#7387 = LINE('',#7388,#7389);
#7388 = CARTESIAN_POINT('',(-470.,190.,0.));
#7389 = VECTOR('',#7390,1.);
#7390 = DIRECTION('',(-1.,-0.,0.));
#7391 = PCURVE('',#6762,#7392);
#7392 = DEFINITIONAL_REPRESENTATION('',(#7393),#7396);
#7393 = B_SPLINE_CURVE_WITH_KNOTS('',1,(#7394,#7395),.UNSPECIFIED.,.F.,
  .F.,(2,2),(-910.,-30.),.PIECEWISE_BEZIER_KNOTS.);
#7394 = CARTESIAN_POINT('',(940.,440.));
#7395 = CARTESIAN_POINT('',(60.,440.));
#7396 = ( GEOMETRIC_REPRESENTATION_CONTEXT(2) 
PARAMETRIC_REPRESENTATION_CONTEXT() REPRESENTATION_CONTEXT('2D SPACE',''
  ) );
#7397 = PCURVE('',#7117,#7398);
#7398 = DEFINITIONAL_REPRESENTATION('',(#7399),#7402);
#7399 = B_SPLINE_CURVE_WITH_KNOTS('',1,(#7400,#7401),.UNSPECIFIED.,.F.,
  .F.,(2,2),(-910.,-30.),.PIECEWISE_BEZIER_KNOTS.);
#7400 = CARTESIAN_POINT('',(1.,880.));
#7401 = CARTESIAN_POINT('',(1.,0.));
#7402 = ( GEOMETRIC_REPRESENTATION_CONTEXT(2) 
PARAMETRIC_REPRESENTATION_CONTEXT() REPRESENTATION_CONTEXT('2D SPACE',''
  ) );
#7403 = ORIENTED_EDGE('',*,*,#7404,.F.);
#7404 = EDGE_CURVE('',#7340,#7384,#7405,.T.);
#7405 = SURFACE_CURVE('',#7406,(#7410,#7416),.PCURVE_S1.);
#7406 = LINE('',#7407,#7408);
#7407 = CARTESIAN_POINT('',(440.,-220.,0.));
#7408 = VECTOR('',#7409,1.);
#7409 = DIRECTION('',(-0.,1.,0.));
#7410 = PCURVE('',#6762,#7411);
#7411 = DEFINITIONAL_REPRESENTATION('',(#7412),#7415);
#7412 = B_SPLINE_CURVE_WITH_KNOTS('',1,(#7413,#7414),.UNSPECIFIED.,.F.,
  .F.,(2,2),(30.,410.),.PIECEWISE_BEZIER_KNOTS.);
#7413 = CARTESIAN_POINT('',(940.,60.));
#7414 = CARTESIAN_POINT('',(940.,440.));
#7415 = ( GEOMETRIC_REPRESENTATION_CONTEXT(2) 
PARAMETRIC_REPRESENTATION_CONTEXT() REPRESENTATION_CONTEXT('2D SPACE',''
  ) );
#7416 = PCURVE('',#7141,#7417);
#7417 = DEFINITIONAL_REPRESENTATION('',(#7418),#7421);
#7418 = B_SPLINE_CURVE_WITH_KNOTS('',1,(#7419,#7420),.UNSPECIFIED.,.F.,
  .F.,(2,2),(30.,410.),.PIECEWISE_BEZIER_KNOTS.);
#7419 = CARTESIAN_POINT('',(1.,0.));
#7420 = CARTESIAN_POINT('',(1.,-380.));
#7421 = ( GEOMETRIC_REPRESENTATION_CONTEXT(2) 
PARAMETRIC_REPRESENTATION_CONTEXT() REPRESENTATION_CONTEXT('2D SPACE',''
  ) );
#7422 = FACE_BOUND('',#7423,.F.);
#7423 = EDGE_LOOP('',(#7424));
#7424 = ORIENTED_EDGE('',*,*,#7425,.F.);
#7425 = EDGE_CURVE('',#7426,#7426,#7428,.T.);
#7426 = VERTEX_POINT('',#7427);
#7427 = CARTESIAN_POINT('',(447.,220.,0.));
#7428 = SURFACE_CURVE('',#7429,(#7434,#7441),.PCURVE_S1.);
#7429 = CIRCLE('',#7430,7.);
#7430 = AXIS2_PLACEMENT_3D('',#7431,#7432,#7433);
#7431 = CARTESIAN_POINT('',(440.,220.,0.));
#7432 = DIRECTION('',(0.,0.,1.));
#7433 = DIRECTION('',(1.,0.,-0.));
#7434 = PCURVE('',#6762,#7435);
#7435 = DEFINITIONAL_REPRESENTATION('',(#7436),#7440);
#7436 = CIRCLE('',#7437,7.);
#7437 = AXIS2_PLACEMENT_2D('',#7438,#7439);
#7438 = CARTESIAN_POINT('',(940.,470.));
#7439 = DIRECTION('',(1.,0.));
#7440 = ( GEOMETRIC_REPRESENTATION_CONTEXT(2) 
PARAMETRIC_REPRESENTATION_CONTEXT() REPRESENTATION_CONTEXT('2D SPACE',''
  ) );
#7441 = PCURVE('',#7171,#7442);
#7442 = DEFINITIONAL_REPRESENTATION('',(#7443),#7447);
#7443 = LINE('',#7444,#7445);
#7444 = CARTESIAN_POINT('',(0.,1.));
#7445 = VECTOR('',#7446,1.);
#7446 = DIRECTION('',(1.,0.));
#7447 = ( GEOMETRIC_REPRESENTATION_CONTEXT(2) 
PARAMETRIC_REPRESENTATION_CONTEXT() REPRESENTATION_CONTEXT('2D SPACE',''
  ) );
#7448 = ADVANCED_FACE('',(#7449),#6892,.T.);
#7449 = FACE_BOUND('',#7450,.T.);
#7450 = EDGE_LOOP('',(#7451,#7452,#7453,#7454));
#7451 = ORIENTED_EDGE('',*,*,#6878,.F.);
#7452 = ORIENTED_EDGE('',*,*,#7237,.T.);
#7453 = ORIENTED_EDGE('',*,*,#7211,.T.);
#7454 = ORIENTED_EDGE('',*,*,#6909,.F.);
#7455 = ADVANCED_FACE('',(#7456),#6972,.F.);
#7456 = FACE_BOUND('',#7457,.F.);
#7457 = EDGE_LOOP('',(#7458,#7459,#7480,#7481));
#7458 = ORIENTED_EDGE('',*,*,#6955,.F.);
#7459 = ORIENTED_EDGE('',*,*,#7460,.F.);
#7460 = EDGE_CURVE('',#7262,#6956,#7461,.T.);
#7461 = SEAM_CURVE('',#7462,(#7466,#7473),.PCURVE_S1.);
#7462 = LINE('',#7463,#7464);
#7463 = CARTESIAN_POINT('',(-433.,-220.,-1.));
#7464 = VECTOR('',#7465,1.);
#7465 = DIRECTION('',(0.,0.,1.));
#7466 = PCURVE('',#6972,#7467);
#7467 = DEFINITIONAL_REPRESENTATION('',(#7468),#7472);
#7468 = LINE('',#7469,#7470);
#7469 = CARTESIAN_POINT('',(6.28318530718,-0.));
#7470 = VECTOR('',#7471,1.);
#7471 = DIRECTION('',(0.,1.));
#7472 = ( GEOMETRIC_REPRESENTATION_CONTEXT(2) 
PARAMETRIC_REPRESENTATION_CONTEXT() REPRESENTATION_CONTEXT('2D SPACE',''
  ) );
#7473 = PCURVE('',#6972,#7474);
#7474 = DEFINITIONAL_REPRESENTATION('',(#7475),#7479);
#7475 = LINE('',#7476,#7477);
#7476 = CARTESIAN_POINT('',(0.,-0.));
#7477 = VECTOR('',#7478,1.);
#7478 = DIRECTION('',(0.,1.));
#7479 = ( GEOMETRIC_REPRESENTATION_CONTEXT(2) 
PARAMETRIC_REPRESENTATION_CONTEXT() REPRESENTATION_CONTEXT('2D SPACE',''
  ) );
#7480 = ORIENTED_EDGE('',*,*,#7261,.T.);
#7481 = ORIENTED_EDGE('',*,*,#7460,.T.);
#7482 = ADVANCED_FACE('',(#7483),#7003,.F.);
#7483 = FACE_BOUND('',#7484,.F.);
#7484 = EDGE_LOOP('',(#7485,#7486,#7507,#7508));
#7485 = ORIENTED_EDGE('',*,*,#6986,.F.);
#7486 = ORIENTED_EDGE('',*,*,#7487,.F.);
#7487 = EDGE_CURVE('',#7288,#6987,#7488,.T.);
#7488 = SEAM_CURVE('',#7489,(#7493,#7500),.PCURVE_S1.);
#7489 = LINE('',#7490,#7491);
#7490 = CARTESIAN_POINT('',(447.,-220.,-1.));
#7491 = VECTOR('',#7492,1.);
#7492 = DIRECTION('',(0.,0.,1.));
#7493 = PCURVE('',#7003,#7494);
#7494 = DEFINITIONAL_REPRESENTATION('',(#7495),#7499);
#7495 = LINE('',#7496,#7497);
#7496 = CARTESIAN_POINT('',(6.28318530718,-0.));
#7497 = VECTOR('',#7498,1.);
#7498 = DIRECTION('',(0.,1.));
#7499 = ( GEOMETRIC_REPRESENTATION_CONTEXT(2) 
PARAMETRIC_REPRESENTATION_CONTEXT() REPRESENTATION_CONTEXT('2D SPACE',''
  ) );
#7500 = PCURVE('',#7003,#7501);
#7501 = DEFINITIONAL_REPRESENTATION('',(#7502),#7506);
#7502 = LINE('',#7503,#7504);
#7503 = CARTESIAN_POINT('',(0.,-0.));
#7504 = VECTOR('',#7505,1.);
#7505 = DIRECTION('',(0.,1.));
#7506 = ( GEOMETRIC_REPRESENTATION_CONTEXT(2) 
PARAMETRIC_REPRESENTATION_CONTEXT() REPRESENTATION_CONTEXT('2D SPACE',''
  ) );
#7507 = ORIENTED_EDGE('',*,*,#7287,.T.);
#7508 = ORIENTED_EDGE('',*,*,#7487,.T.);
#7509 = ADVANCED_FACE('',(#7510),#7034,.F.);
#7510 = FACE_BOUND('',#7511,.F.);
#7511 = EDGE_LOOP('',(#7512,#7513,#7534,#7535));
#7512 = ORIENTED_EDGE('',*,*,#7017,.F.);
#7513 = ORIENTED_EDGE('',*,*,#7514,.F.);
#7514 = EDGE_CURVE('',#7314,#7018,#7515,.T.);
#7515 = SEAM_CURVE('',#7516,(#7520,#7527),.PCURVE_S1.);
#7516 = LINE('',#7517,#7518);
#7517 = CARTESIAN_POINT('',(-433.,220.,-1.));
#7518 = VECTOR('',#7519,1.);
#7519 = DIRECTION('',(0.,0.,1.));
#7520 = PCURVE('',#7034,#7521);
#7521 = DEFINITIONAL_REPRESENTATION('',(#7522),#7526);
#7522 = LINE('',#7523,#7524);
#7523 = CARTESIAN_POINT('',(6.28318530718,-0.));
#7524 = VECTOR('',#7525,1.);
#7525 = DIRECTION('',(0.,1.));
#7526 = ( GEOMETRIC_REPRESENTATION_CONTEXT(2) 
PARAMETRIC_REPRESENTATION_CONTEXT() REPRESENTATION_CONTEXT('2D SPACE',''
  ) );
#7527 = PCURVE('',#7034,#7528);
#7528 = DEFINITIONAL_REPRESENTATION('',(#7529),#7533);
#7529 = LINE('',#7530,#7531);
#7530 = CARTESIAN_POINT('',(0.,-0.));
#7531 = VECTOR('',#7532,1.);
#7532 = DIRECTION('',(0.,1.));
#7533 = ( GEOMETRIC_REPRESENTATION_CONTEXT(2) 
PARAMETRIC_REPRESENTATION_CONTEXT() REPRESENTATION_CONTEXT('2D SPACE',''
  ) );
#7534 = ORIENTED_EDGE('',*,*,#7313,.T.);
#7535 = ORIENTED_EDGE('',*,*,#7514,.T.);
#7536 = ADVANCED_FACE('',(#7537),#7065,.T.);
#7537 = FACE_BOUND('',#7538,.T.);
#7538 = EDGE_LOOP('',(#7539,#7560,#7561,#7582));
#7539 = ORIENTED_EDGE('',*,*,#7540,.F.);
#7540 = EDGE_CURVE('',#7340,#7049,#7541,.T.);
#7541 = SURFACE_CURVE('',#7542,(#7546,#7553),.PCURVE_S1.);
#7542 = LINE('',#7543,#7544);
#7543 = CARTESIAN_POINT('',(440.,-190.,-1.));
#7544 = VECTOR('',#7545,1.);
#7545 = DIRECTION('',(0.,0.,1.));
#7546 = PCURVE('',#7065,#7547);
#7547 = DEFINITIONAL_REPRESENTATION('',(#7548),#7552);
#7548 = LINE('',#7549,#7550);
#7549 = CARTESIAN_POINT('',(0.,880.));
#7550 = VECTOR('',#7551,1.);
#7551 = DIRECTION('',(1.,0.));
#7552 = ( GEOMETRIC_REPRESENTATION_CONTEXT(2) 
PARAMETRIC_REPRESENTATION_CONTEXT() REPRESENTATION_CONTEXT('2D SPACE',''
  ) );
#7553 = PCURVE('',#7141,#7554);
#7554 = DEFINITIONAL_REPRESENTATION('',(#7555),#7559);
#7555 = LINE('',#7556,#7557);
#7556 = CARTESIAN_POINT('',(0.,0.));
#7557 = VECTOR('',#7558,1.);
#7558 = DIRECTION('',(1.,0.));
#7559 = ( GEOMETRIC_REPRESENTATION_CONTEXT(2) 
PARAMETRIC_REPRESENTATION_CONTEXT() REPRESENTATION_CONTEXT('2D SPACE',''
  ) );
#7560 = ORIENTED_EDGE('',*,*,#7339,.T.);
#7561 = ORIENTED_EDGE('',*,*,#7562,.T.);
#7562 = EDGE_CURVE('',#7342,#7051,#7563,.T.);
#7563 = SURFACE_CURVE('',#7564,(#7568,#7575),.PCURVE_S1.);
#7564 = LINE('',#7565,#7566);
#7565 = CARTESIAN_POINT('',(-440.,-190.,-1.));
#7566 = VECTOR('',#7567,1.);
#7567 = DIRECTION('',(0.,0.,1.));
#7568 = PCURVE('',#7065,#7569);
#7569 = DEFINITIONAL_REPRESENTATION('',(#7570),#7574);
#7570 = LINE('',#7571,#7572);
#7571 = CARTESIAN_POINT('',(0.,0.));
#7572 = VECTOR('',#7573,1.);
#7573 = DIRECTION('',(1.,0.));
#7574 = ( GEOMETRIC_REPRESENTATION_CONTEXT(2) 
PARAMETRIC_REPRESENTATION_CONTEXT() REPRESENTATION_CONTEXT('2D SPACE',''
  ) );
#7575 = PCURVE('',#7091,#7576);
#7576 = DEFINITIONAL_REPRESENTATION('',(#7577),#7581);
#7577 = LINE('',#7578,#7579);
#7578 = CARTESIAN_POINT('',(0.,0.));
#7579 = VECTOR('',#7580,1.);
#7580 = DIRECTION('',(1.,0.));
#7581 = ( GEOMETRIC_REPRESENTATION_CONTEXT(2) 
PARAMETRIC_REPRESENTATION_CONTEXT() REPRESENTATION_CONTEXT('2D SPACE',''
  ) );
#7582 = ORIENTED_EDGE('',*,*,#7048,.F.);
#7583 = ADVANCED_FACE('',(#7584),#7141,.F.);
#7584 = FACE_BOUND('',#7585,.F.);
#7585 = EDGE_LOOP('',(#7586,#7587,#7588,#7609));
#7586 = ORIENTED_EDGE('',*,*,#7540,.F.);
#7587 = ORIENTED_EDGE('',*,*,#7404,.T.);
#7588 = ORIENTED_EDGE('',*,*,#7589,.T.);
#7589 = EDGE_CURVE('',#7384,#7103,#7590,.T.);
#7590 = SURFACE_CURVE('',#7591,(#7595,#7602),.PCURVE_S1.);
#7591 = LINE('',#7592,#7593);
#7592 = CARTESIAN_POINT('',(440.,190.,-1.));
#7593 = VECTOR('',#7594,1.);
#7594 = DIRECTION('',(0.,0.,1.));
#7595 = PCURVE('',#7141,#7596);
#7596 = DEFINITIONAL_REPRESENTATION('',(#7597),#7601);
#7597 = LINE('',#7598,#7599);
#7598 = CARTESIAN_POINT('',(0.,-380.));
#7599 = VECTOR('',#7600,1.);
#7600 = DIRECTION('',(1.,0.));
#7601 = ( GEOMETRIC_REPRESENTATION_CONTEXT(2) 
PARAMETRIC_REPRESENTATION_CONTEXT() REPRESENTATION_CONTEXT('2D SPACE',''
  ) );
#7602 = PCURVE('',#7117,#7603);
#7603 = DEFINITIONAL_REPRESENTATION('',(#7604),#7608);
#7604 = LINE('',#7605,#7606);
#7605 = CARTESIAN_POINT('',(0.,880.));
#7606 = VECTOR('',#7607,1.);
#7607 = DIRECTION('',(1.,0.));
#7608 = ( GEOMETRIC_REPRESENTATION_CONTEXT(2) 
PARAMETRIC_REPRESENTATION_CONTEXT() REPRESENTATION_CONTEXT('2D SPACE',''
  ) );
#7609 = ORIENTED_EDGE('',*,*,#7128,.F.);
#7610 = ADVANCED_FACE('',(#7611),#7091,.T.);
#7611 = FACE_BOUND('',#7612,.T.);
#7612 = EDGE_LOOP('',(#7613,#7614,#7615,#7636));
#7613 = ORIENTED_EDGE('',*,*,#7562,.F.);
#7614 = ORIENTED_EDGE('',*,*,#7362,.T.);
#7615 = ORIENTED_EDGE('',*,*,#7616,.T.);
#7616 = EDGE_CURVE('',#7363,#7077,#7617,.T.);
#7617 = SURFACE_CURVE('',#7618,(#7622,#7629),.PCURVE_S1.);
#7618 = LINE('',#7619,#7620);
#7619 = CARTESIAN_POINT('',(-440.,190.,-1.));
#7620 = VECTOR('',#7621,1.);
#7621 = DIRECTION('',(0.,0.,1.));
#7622 = PCURVE('',#7091,#7623);
#7623 = DEFINITIONAL_REPRESENTATION('',(#7624),#7628);
#7624 = LINE('',#7625,#7626);
#7625 = CARTESIAN_POINT('',(0.,-380.));
#7626 = VECTOR('',#7627,1.);
#7627 = DIRECTION('',(1.,0.));
#7628 = ( GEOMETRIC_REPRESENTATION_CONTEXT(2) 
PARAMETRIC_REPRESENTATION_CONTEXT() REPRESENTATION_CONTEXT('2D SPACE',''
  ) );
#7629 = PCURVE('',#7117,#7630);
#7630 = DEFINITIONAL_REPRESENTATION('',(#7631),#7635);
#7631 = LINE('',#7632,#7633);
#7632 = CARTESIAN_POINT('',(0.,0.));
#7633 = VECTOR('',#7634,1.);
#7634 = DIRECTION('',(1.,0.));
#7635 = ( GEOMETRIC_REPRESENTATION_CONTEXT(2) 
PARAMETRIC_REPRESENTATION_CONTEXT() REPRESENTATION_CONTEXT('2D SPACE',''
  ) );
#7636 = ORIENTED_EDGE('',*,*,#7076,.F.);
#7637 = ADVANCED_FACE('',(#7638),#7117,.F.);
#7638 = FACE_BOUND('',#7639,.F.);
#7639 = EDGE_LOOP('',(#7640,#7641,#7642,#7643));
#7640 = ORIENTED_EDGE('',*,*,#7589,.F.);
#7641 = ORIENTED_EDGE('',*,*,#7383,.T.);
#7642 = ORIENTED_EDGE('',*,*,#7616,.T.);
#7643 = ORIENTED_EDGE('',*,*,#7102,.F.);
#7644 = ADVANCED_FACE('',(#7645),#7171,.F.);
#7645 = FACE_BOUND('',#7646,.F.);
#7646 = EDGE_LOOP('',(#7647,#7648,#7669,#7670));
#7647 = ORIENTED_EDGE('',*,*,#7154,.F.);
#7648 = ORIENTED_EDGE('',*,*,#7649,.F.);
#7649 = EDGE_CURVE('',#7426,#7155,#7650,.T.);
#7650 = SEAM_CURVE('',#7651,(#7655,#7662),.PCURVE_S1.);
#7651 = LINE('',#7652,#7653);
#7652 = CARTESIAN_POINT('',(447.,220.,-1.));
#7653 = VECTOR('',#7654,1.);
#7654 = DIRECTION('',(0.,0.,1.));
#7655 = PCURVE('',#7171,#7656);
#7656 = DEFINITIONAL_REPRESENTATION('',(#7657),#7661);
#7657 = LINE('',#7658,#7659);
#7658 = CARTESIAN_POINT('',(6.28318530718,-0.));
#7659 = VECTOR('',#7660,1.);
#7660 = DIRECTION('',(0.,1.));
#7661 = ( GEOMETRIC_REPRESENTATION_CONTEXT(2) 
PARAMETRIC_REPRESENTATION_CONTEXT() REPRESENTATION_CONTEXT('2D SPACE',''
  ) );
#7662 = PCURVE('',#7171,#7663);
#7663 = DEFINITIONAL_REPRESENTATION('',(#7664),#7668);
#7664 = LINE('',#7665,#7666);
#7665 = CARTESIAN_POINT('',(0.,-0.));
#7666 = VECTOR('',#7667,1.);
#7667 = DIRECTION('',(0.,1.));
#7668 = ( GEOMETRIC_REPRESENTATION_CONTEXT(2) 
PARAMETRIC_REPRESENTATION_CONTEXT() REPRESENTATION_CONTEXT('2D SPACE',''
  ) );
#7669 = ORIENTED_EDGE('',*,*,#7425,.T.);
#7670 = ORIENTED_EDGE('',*,*,#7649,.T.);
#7671 = MANIFOLD_SOLID_BREP('',#7672);
#7672 = CLOSED_SHELL('',(#7673,#7793,#7983,#8032,#8081,#8108,#8115,#8191
    ,#8240,#8289,#8316));
#7673 = ADVANCED_FACE('',(#7674),#7688,.F.);
#7674 = FACE_BOUND('',#7675,.F.);
#7675 = EDGE_LOOP('',(#7676,#7711,#7739,#7767));
#7676 = ORIENTED_EDGE('',*,*,#7677,.F.);
#7677 = EDGE_CURVE('',#7678,#7680,#7682,.T.);
#7678 = VERTEX_POINT('',#7679);
#7679 = CARTESIAN_POINT('',(-480.,-256.,140.));
#7680 = VERTEX_POINT('',#7681);
#7681 = CARTESIAN_POINT('',(-480.,-256.,660.));
#7682 = SURFACE_CURVE('',#7683,(#7687,#7699),.PCURVE_S1.);
#7683 = LINE('',#7684,#7685);
#7684 = CARTESIAN_POINT('',(-480.,-256.,140.));
#7685 = VECTOR('',#7686,1.);
#7686 = DIRECTION('',(0.,0.,1.));
#7687 = PCURVE('',#7688,#7693);
#7688 = PLANE('',#7689);
#7689 = AXIS2_PLACEMENT_3D('',#7690,#7691,#7692);
#7690 = CARTESIAN_POINT('',(-480.,-256.,140.));
#7691 = DIRECTION('',(1.,0.,-0.));
#7692 = DIRECTION('',(0.,0.,1.));
#7693 = DEFINITIONAL_REPRESENTATION('',(#7694),#7698);
#7694 = LINE('',#7695,#7696);
#7695 = CARTESIAN_POINT('',(0.,0.));
#7696 = VECTOR('',#7697,1.);
#7697 = DIRECTION('',(1.,0.));
#7698 = ( GEOMETRIC_REPRESENTATION_CONTEXT(2) 
PARAMETRIC_REPRESENTATION_CONTEXT() REPRESENTATION_CONTEXT('2D SPACE',''
  ) );
#7699 = PCURVE('',#7700,#7705);
#7700 = PLANE('',#7701);
#7701 = AXIS2_PLACEMENT_3D('',#7702,#7703,#7704);
#7702 = CARTESIAN_POINT('',(-480.,-256.,140.));
#7703 = DIRECTION('',(-0.,1.,0.));
#7704 = DIRECTION('',(0.,0.,1.));
#7705 = DEFINITIONAL_REPRESENTATION('',(#7706),#7710);
#7706 = LINE('',#7707,#7708);
#7707 = CARTESIAN_POINT('',(0.,0.));
#7708 = VECTOR('',#7709,1.);
#7709 = DIRECTION('',(1.,0.));
#7710 = ( GEOMETRIC_REPRESENTATION_CONTEXT(2) 
PARAMETRIC_REPRESENTATION_CONTEXT() REPRESENTATION_CONTEXT('2D SPACE',''
  ) );
#7711 = ORIENTED_EDGE('',*,*,#7712,.T.);
#7712 = EDGE_CURVE('',#7678,#7713,#7715,.T.);
#7713 = VERTEX_POINT('',#7714);
#7714 = CARTESIAN_POINT('',(-480.,-252.,140.));
#7715 = SURFACE_CURVE('',#7716,(#7720,#7727),.PCURVE_S1.);
#7716 = LINE('',#7717,#7718);
#7717 = CARTESIAN_POINT('',(-480.,-256.,140.));
#7718 = VECTOR('',#7719,1.);
#7719 = DIRECTION('',(-0.,1.,0.));
#7720 = PCURVE('',#7688,#7721);
#7721 = DEFINITIONAL_REPRESENTATION('',(#7722),#7726);
#7722 = LINE('',#7723,#7724);
#7723 = CARTESIAN_POINT('',(0.,0.));
#7724 = VECTOR('',#7725,1.);
#7725 = DIRECTION('',(0.,-1.));
#7726 = ( GEOMETRIC_REPRESENTATION_CONTEXT(2) 
PARAMETRIC_REPRESENTATION_CONTEXT() REPRESENTATION_CONTEXT('2D SPACE',''
  ) );
#7727 = PCURVE('',#7728,#7733);
#7728 = PLANE('',#7729);
#7729 = AXIS2_PLACEMENT_3D('',#7730,#7731,#7732);
#7730 = CARTESIAN_POINT('',(-480.,-256.,140.));
#7731 = DIRECTION('',(0.,0.,1.));
#7732 = DIRECTION('',(1.,0.,-0.));
#7733 = DEFINITIONAL_REPRESENTATION('',(#7734),#7738);
#7734 = LINE('',#7735,#7736);
#7735 = CARTESIAN_POINT('',(0.,0.));
#7736 = VECTOR('',#7737,1.);
#7737 = DIRECTION('',(0.,1.));
#7738 = ( GEOMETRIC_REPRESENTATION_CONTEXT(2) 
PARAMETRIC_REPRESENTATION_CONTEXT() REPRESENTATION_CONTEXT('2D SPACE',''
  ) );
#7739 = ORIENTED_EDGE('',*,*,#7740,.T.);
#7740 = EDGE_CURVE('',#7713,#7741,#7743,.T.);
#7741 = VERTEX_POINT('',#7742);
#7742 = CARTESIAN_POINT('',(-480.,-252.,660.));
#7743 = SURFACE_CURVE('',#7744,(#7748,#7755),.PCURVE_S1.);
#7744 = LINE('',#7745,#7746);
#7745 = CARTESIAN_POINT('',(-480.,-252.,140.));
#7746 = VECTOR('',#7747,1.);
#7747 = DIRECTION('',(0.,0.,1.));
#7748 = PCURVE('',#7688,#7749);
#7749 = DEFINITIONAL_REPRESENTATION('',(#7750),#7754);
#7750 = LINE('',#7751,#7752);
#7751 = CARTESIAN_POINT('',(0.,-4.));
#7752 = VECTOR('',#7753,1.);
#7753 = DIRECTION('',(1.,0.));
#7754 = ( GEOMETRIC_REPRESENTATION_CONTEXT(2) 
PARAMETRIC_REPRESENTATION_CONTEXT() REPRESENTATION_CONTEXT('2D SPACE',''
  ) );
#7755 = PCURVE('',#7756,#7761);
#7756 = PLANE('',#7757);
#7757 = AXIS2_PLACEMENT_3D('',#7758,#7759,#7760);
#7758 = CARTESIAN_POINT('',(-480.,-252.,140.));
#7759 = DIRECTION('',(-0.,1.,0.));
#7760 = DIRECTION('',(0.,0.,1.));
#7761 = DEFINITIONAL_REPRESENTATION('',(#7762),#7766);
#7762 = LINE('',#7763,#7764);
#7763 = CARTESIAN_POINT('',(0.,0.));
#7764 = VECTOR('',#7765,1.);
#7765 = DIRECTION('',(1.,0.));
#7766 = ( GEOMETRIC_REPRESENTATION_CONTEXT(2) 
PARAMETRIC_REPRESENTATION_CONTEXT() REPRESENTATION_CONTEXT('2D SPACE',''
  ) );
#7767 = ORIENTED_EDGE('',*,*,#7768,.F.);
#7768 = EDGE_CURVE('',#7680,#7741,#7769,.T.);
#7769 = SURFACE_CURVE('',#7770,(#7774,#7781),.PCURVE_S1.);
#7770 = LINE('',#7771,#7772);
#7771 = CARTESIAN_POINT('',(-480.,-256.,660.));
#7772 = VECTOR('',#7773,1.);
#7773 = DIRECTION('',(-0.,1.,0.));
#7774 = PCURVE('',#7688,#7775);
#7775 = DEFINITIONAL_REPRESENTATION('',(#7776),#7780);
#7776 = LINE('',#7777,#7778);
#7777 = CARTESIAN_POINT('',(520.,0.));
#7778 = VECTOR('',#7779,1.);
#7779 = DIRECTION('',(0.,-1.));
#7780 = ( GEOMETRIC_REPRESENTATION_CONTEXT(2) 
PARAMETRIC_REPRESENTATION_CONTEXT() REPRESENTATION_CONTEXT('2D SPACE',''
  ) );
#7781 = PCURVE('',#7782,#7787);
#7782 = PLANE('',#7783);
#7783 = AXIS2_PLACEMENT_3D('',#7784,#7785,#7786);
#7784 = CARTESIAN_POINT('',(-480.,-256.,660.));
#7785 = DIRECTION('',(0.,0.,1.));
#7786 = DIRECTION('',(1.,0.,-0.));
#7787 = DEFINITIONAL_REPRESENTATION('',(#7788),#7792);
#7788 = LINE('',#7789,#7790);
#7789 = CARTESIAN_POINT('',(0.,0.));
#7790 = VECTOR('',#7791,1.);
#7791 = DIRECTION('',(0.,1.));
#7792 = ( GEOMETRIC_REPRESENTATION_CONTEXT(2) 
PARAMETRIC_REPRESENTATION_CONTEXT() REPRESENTATION_CONTEXT('2D SPACE',''
  ) );
#7793 = ADVANCED_FACE('',(#7794,#7869),#7700,.F.);
#7794 = FACE_BOUND('',#7795,.F.);
#7795 = EDGE_LOOP('',(#7796,#7819,#7820,#7843));
#7796 = ORIENTED_EDGE('',*,*,#7797,.F.);
#7797 = EDGE_CURVE('',#7678,#7798,#7800,.T.);
#7798 = VERTEX_POINT('',#7799);
#7799 = CARTESIAN_POINT('',(480.,-256.,140.));
#7800 = SURFACE_CURVE('',#7801,(#7805,#7812),.PCURVE_S1.);
#7801 = LINE('',#7802,#7803);
#7802 = CARTESIAN_POINT('',(-480.,-256.,140.));
#7803 = VECTOR('',#7804,1.);
#7804 = DIRECTION('',(1.,0.,-0.));
#7805 = PCURVE('',#7700,#7806);
#7806 = DEFINITIONAL_REPRESENTATION('',(#7807),#7811);
#7807 = LINE('',#7808,#7809);
#7808 = CARTESIAN_POINT('',(0.,0.));
#7809 = VECTOR('',#7810,1.);
#7810 = DIRECTION('',(0.,1.));
#7811 = ( GEOMETRIC_REPRESENTATION_CONTEXT(2) 
PARAMETRIC_REPRESENTATION_CONTEXT() REPRESENTATION_CONTEXT('2D SPACE',''
  ) );
#7812 = PCURVE('',#7728,#7813);
#7813 = DEFINITIONAL_REPRESENTATION('',(#7814),#7818);
#7814 = LINE('',#7815,#7816);
#7815 = CARTESIAN_POINT('',(0.,0.));
#7816 = VECTOR('',#7817,1.);
#7817 = DIRECTION('',(1.,0.));
#7818 = ( GEOMETRIC_REPRESENTATION_CONTEXT(2) 
PARAMETRIC_REPRESENTATION_CONTEXT() REPRESENTATION_CONTEXT('2D SPACE',''
  ) );
#7819 = ORIENTED_EDGE('',*,*,#7677,.T.);
#7820 = ORIENTED_EDGE('',*,*,#7821,.T.);
#7821 = EDGE_CURVE('',#7680,#7822,#7824,.T.);
#7822 = VERTEX_POINT('',#7823);
#7823 = CARTESIAN_POINT('',(480.,-256.,660.));
#7824 = SURFACE_CURVE('',#7825,(#7829,#7836),.PCURVE_S1.);
#7825 = LINE('',#7826,#7827);
#7826 = CARTESIAN_POINT('',(-480.,-256.,660.));
#7827 = VECTOR('',#7828,1.);
#7828 = DIRECTION('',(1.,0.,-0.));
#7829 = PCURVE('',#7700,#7830);
#7830 = DEFINITIONAL_REPRESENTATION('',(#7831),#7835);
#7831 = LINE('',#7832,#7833);
#7832 = CARTESIAN_POINT('',(520.,0.));
#7833 = VECTOR('',#7834,1.);
#7834 = DIRECTION('',(0.,1.));
#7835 = ( GEOMETRIC_REPRESENTATION_CONTEXT(2) 
PARAMETRIC_REPRESENTATION_CONTEXT() REPRESENTATION_CONTEXT('2D SPACE',''
  ) );
#7836 = PCURVE('',#7782,#7837);
#7837 = DEFINITIONAL_REPRESENTATION('',(#7838),#7842);
#7838 = LINE('',#7839,#7840);
#7839 = CARTESIAN_POINT('',(0.,0.));
#7840 = VECTOR('',#7841,1.);
#7841 = DIRECTION('',(1.,0.));
#7842 = ( GEOMETRIC_REPRESENTATION_CONTEXT(2) 
PARAMETRIC_REPRESENTATION_CONTEXT() REPRESENTATION_CONTEXT('2D SPACE',''
  ) );
#7843 = ORIENTED_EDGE('',*,*,#7844,.F.);
#7844 = EDGE_CURVE('',#7798,#7822,#7845,.T.);
#7845 = SURFACE_CURVE('',#7846,(#7850,#7857),.PCURVE_S1.);
#7846 = LINE('',#7847,#7848);
#7847 = CARTESIAN_POINT('',(480.,-256.,140.));
#7848 = VECTOR('',#7849,1.);
#7849 = DIRECTION('',(0.,0.,1.));
#7850 = PCURVE('',#7700,#7851);
#7851 = DEFINITIONAL_REPRESENTATION('',(#7852),#7856);
#7852 = LINE('',#7853,#7854);
#7853 = CARTESIAN_POINT('',(0.,960.));
#7854 = VECTOR('',#7855,1.);
#7855 = DIRECTION('',(1.,0.));
#7856 = ( GEOMETRIC_REPRESENTATION_CONTEXT(2) 
PARAMETRIC_REPRESENTATION_CONTEXT() REPRESENTATION_CONTEXT('2D SPACE',''
  ) );
#7857 = PCURVE('',#7858,#7863);
#7858 = PLANE('',#7859);
#7859 = AXIS2_PLACEMENT_3D('',#7860,#7861,#7862);
#7860 = CARTESIAN_POINT('',(480.,-256.,140.));
#7861 = DIRECTION('',(1.,0.,-0.));
#7862 = DIRECTION('',(0.,0.,1.));
#7863 = DEFINITIONAL_REPRESENTATION('',(#7864),#7868);
#7864 = LINE('',#7865,#7866);
#7865 = CARTESIAN_POINT('',(0.,0.));
#7866 = VECTOR('',#7867,1.);
#7867 = DIRECTION('',(1.,0.));
#7868 = ( GEOMETRIC_REPRESENTATION_CONTEXT(2) 
PARAMETRIC_REPRESENTATION_CONTEXT() REPRESENTATION_CONTEXT('2D SPACE',''
  ) );
#7869 = FACE_BOUND('',#7870,.F.);
#7870 = EDGE_LOOP('',(#7871,#7901,#7929,#7957));
#7871 = ORIENTED_EDGE('',*,*,#7872,.F.);
#7872 = EDGE_CURVE('',#7873,#7875,#7877,.T.);
#7873 = VERTEX_POINT('',#7874);
#7874 = CARTESIAN_POINT('',(380.,-256.,420.));
#7875 = VERTEX_POINT('',#7876);
#7876 = CARTESIAN_POINT('',(420.,-256.,420.));
#7877 = SURFACE_CURVE('',#7878,(#7882,#7889),.PCURVE_S1.);
#7878 = LINE('',#7879,#7880);
#7879 = CARTESIAN_POINT('',(380.,-256.,420.));
#7880 = VECTOR('',#7881,1.);
#7881 = DIRECTION('',(1.,0.,-0.));
#7882 = PCURVE('',#7700,#7883);
#7883 = DEFINITIONAL_REPRESENTATION('',(#7884),#7888);
#7884 = LINE('',#7885,#7886);
#7885 = CARTESIAN_POINT('',(280.,860.));
#7886 = VECTOR('',#7887,1.);
#7887 = DIRECTION('',(0.,1.));
#7888 = ( GEOMETRIC_REPRESENTATION_CONTEXT(2) 
PARAMETRIC_REPRESENTATION_CONTEXT() REPRESENTATION_CONTEXT('2D SPACE',''
  ) );
#7889 = PCURVE('',#7890,#7895);
#7890 = PLANE('',#7891);
#7891 = AXIS2_PLACEMENT_3D('',#7892,#7893,#7894);
#7892 = CARTESIAN_POINT('',(380.,-272.,420.));
#7893 = DIRECTION('',(0.,0.,1.));
#7894 = DIRECTION('',(1.,0.,-0.));
#7895 = DEFINITIONAL_REPRESENTATION('',(#7896),#7900);
#7896 = LINE('',#7897,#7898);
#7897 = CARTESIAN_POINT('',(0.,16.));
#7898 = VECTOR('',#7899,1.);
#7899 = DIRECTION('',(1.,0.));
#7900 = ( GEOMETRIC_REPRESENTATION_CONTEXT(2) 
PARAMETRIC_REPRESENTATION_CONTEXT() REPRESENTATION_CONTEXT('2D SPACE',''
  ) );
#7901 = ORIENTED_EDGE('',*,*,#7902,.F.);
#7902 = EDGE_CURVE('',#7903,#7873,#7905,.T.);
#7903 = VERTEX_POINT('',#7904);
#7904 = CARTESIAN_POINT('',(380.,-256.,380.));
#7905 = SURFACE_CURVE('',#7906,(#7910,#7917),.PCURVE_S1.);
#7906 = LINE('',#7907,#7908);
#7907 = CARTESIAN_POINT('',(380.,-256.,380.));
#7908 = VECTOR('',#7909,1.);
#7909 = DIRECTION('',(0.,0.,1.));
#7910 = PCURVE('',#7700,#7911);
#7911 = DEFINITIONAL_REPRESENTATION('',(#7912),#7916);
#7912 = LINE('',#7913,#7914);
#7913 = CARTESIAN_POINT('',(240.,860.));
#7914 = VECTOR('',#7915,1.);
#7915 = DIRECTION('',(1.,0.));
#7916 = ( GEOMETRIC_REPRESENTATION_CONTEXT(2) 
PARAMETRIC_REPRESENTATION_CONTEXT() REPRESENTATION_CONTEXT('2D SPACE',''
  ) );
#7917 = PCURVE('',#7918,#7923);
#7918 = PLANE('',#7919);
#7919 = AXIS2_PLACEMENT_3D('',#7920,#7921,#7922);
#7920 = CARTESIAN_POINT('',(380.,-272.,380.));
#7921 = DIRECTION('',(1.,0.,-0.));
#7922 = DIRECTION('',(0.,0.,1.));
#7923 = DEFINITIONAL_REPRESENTATION('',(#7924),#7928);
#7924 = LINE('',#7925,#7926);
#7925 = CARTESIAN_POINT('',(0.,-16.));
#7926 = VECTOR('',#7927,1.);
#7927 = DIRECTION('',(1.,0.));
#7928 = ( GEOMETRIC_REPRESENTATION_CONTEXT(2) 
PARAMETRIC_REPRESENTATION_CONTEXT() REPRESENTATION_CONTEXT('2D SPACE',''
  ) );
#7929 = ORIENTED_EDGE('',*,*,#7930,.T.);
#7930 = EDGE_CURVE('',#7903,#7931,#7933,.T.);
#7931 = VERTEX_POINT('',#7932);
#7932 = CARTESIAN_POINT('',(420.,-256.,380.));
#7933 = SURFACE_CURVE('',#7934,(#7938,#7945),.PCURVE_S1.);
#7934 = LINE('',#7935,#7936);
#7935 = CARTESIAN_POINT('',(380.,-256.,380.));
#7936 = VECTOR('',#7937,1.);
#7937 = DIRECTION('',(1.,0.,-0.));
#7938 = PCURVE('',#7700,#7939);
#7939 = DEFINITIONAL_REPRESENTATION('',(#7940),#7944);
#7940 = LINE('',#7941,#7942);
#7941 = CARTESIAN_POINT('',(240.,860.));
#7942 = VECTOR('',#7943,1.);
#7943 = DIRECTION('',(0.,1.));
#7944 = ( GEOMETRIC_REPRESENTATION_CONTEXT(2) 
PARAMETRIC_REPRESENTATION_CONTEXT() REPRESENTATION_CONTEXT('2D SPACE',''
  ) );
#7945 = PCURVE('',#7946,#7951);
#7946 = PLANE('',#7947);
#7947 = AXIS2_PLACEMENT_3D('',#7948,#7949,#7950);
#7948 = CARTESIAN_POINT('',(380.,-272.,380.));
#7949 = DIRECTION('',(0.,0.,1.));
#7950 = DIRECTION('',(1.,0.,-0.));
#7951 = DEFINITIONAL_REPRESENTATION('',(#7952),#7956);
#7952 = LINE('',#7953,#7954);
#7953 = CARTESIAN_POINT('',(0.,16.));
#7954 = VECTOR('',#7955,1.);
#7955 = DIRECTION('',(1.,0.));
#7956 = ( GEOMETRIC_REPRESENTATION_CONTEXT(2) 
PARAMETRIC_REPRESENTATION_CONTEXT() REPRESENTATION_CONTEXT('2D SPACE',''
  ) );
#7957 = ORIENTED_EDGE('',*,*,#7958,.T.);
#7958 = EDGE_CURVE('',#7931,#7875,#7959,.T.);
#7959 = SURFACE_CURVE('',#7960,(#7964,#7971),.PCURVE_S1.);
#7960 = LINE('',#7961,#7962);
#7961 = CARTESIAN_POINT('',(420.,-256.,380.));
#7962 = VECTOR('',#7963,1.);
#7963 = DIRECTION('',(0.,0.,1.));
#7964 = PCURVE('',#7700,#7965);
#7965 = DEFINITIONAL_REPRESENTATION('',(#7966),#7970);
#7966 = LINE('',#7967,#7968);
#7967 = CARTESIAN_POINT('',(240.,900.));
#7968 = VECTOR('',#7969,1.);
#7969 = DIRECTION('',(1.,0.));
#7970 = ( GEOMETRIC_REPRESENTATION_CONTEXT(2) 
PARAMETRIC_REPRESENTATION_CONTEXT() REPRESENTATION_CONTEXT('2D SPACE',''
  ) );
#7971 = PCURVE('',#7972,#7977);
#7972 = PLANE('',#7973);
#7973 = AXIS2_PLACEMENT_3D('',#7974,#7975,#7976);
#7974 = CARTESIAN_POINT('',(420.,-272.,380.));
#7975 = DIRECTION('',(1.,0.,-0.));
#7976 = DIRECTION('',(0.,0.,1.));
#7977 = DEFINITIONAL_REPRESENTATION('',(#7978),#7982);
#7978 = LINE('',#7979,#7980);
#7979 = CARTESIAN_POINT('',(0.,-16.));
#7980 = VECTOR('',#7981,1.);
#7981 = DIRECTION('',(1.,0.));
#7982 = ( GEOMETRIC_REPRESENTATION_CONTEXT(2) 
PARAMETRIC_REPRESENTATION_CONTEXT() REPRESENTATION_CONTEXT('2D SPACE',''
  ) );
#7983 = ADVANCED_FACE('',(#7984),#7782,.T.);
#7984 = FACE_BOUND('',#7985,.T.);
#7985 = EDGE_LOOP('',(#7986,#7987,#7988,#8011));
#7986 = ORIENTED_EDGE('',*,*,#7768,.F.);
#7987 = ORIENTED_EDGE('',*,*,#7821,.T.);
#7988 = ORIENTED_EDGE('',*,*,#7989,.T.);
#7989 = EDGE_CURVE('',#7822,#7990,#7992,.T.);
#7990 = VERTEX_POINT('',#7991);
#7991 = CARTESIAN_POINT('',(480.,-252.,660.));
#7992 = SURFACE_CURVE('',#7993,(#7997,#8004),.PCURVE_S1.);
#7993 = LINE('',#7994,#7995);
#7994 = CARTESIAN_POINT('',(480.,-256.,660.));
#7995 = VECTOR('',#7996,1.);
#7996 = DIRECTION('',(-0.,1.,0.));
#7997 = PCURVE('',#7782,#7998);
#7998 = DEFINITIONAL_REPRESENTATION('',(#7999),#8003);
#7999 = LINE('',#8000,#8001);
#8000 = CARTESIAN_POINT('',(960.,0.));
#8001 = VECTOR('',#8002,1.);
#8002 = DIRECTION('',(0.,1.));
#8003 = ( GEOMETRIC_REPRESENTATION_CONTEXT(2) 
PARAMETRIC_REPRESENTATION_CONTEXT() REPRESENTATION_CONTEXT('2D SPACE',''
  ) );
#8004 = PCURVE('',#7858,#8005);
#8005 = DEFINITIONAL_REPRESENTATION('',(#8006),#8010);
#8006 = LINE('',#8007,#8008);
#8007 = CARTESIAN_POINT('',(520.,0.));
#8008 = VECTOR('',#8009,1.);
#8009 = DIRECTION('',(0.,-1.));
#8010 = ( GEOMETRIC_REPRESENTATION_CONTEXT(2) 
PARAMETRIC_REPRESENTATION_CONTEXT() REPRESENTATION_CONTEXT('2D SPACE',''
  ) );
#8011 = ORIENTED_EDGE('',*,*,#8012,.F.);
#8012 = EDGE_CURVE('',#7741,#7990,#8013,.T.);
#8013 = SURFACE_CURVE('',#8014,(#8018,#8025),.PCURVE_S1.);
#8014 = LINE('',#8015,#8016);
#8015 = CARTESIAN_POINT('',(-480.,-252.,660.));
#8016 = VECTOR('',#8017,1.);
#8017 = DIRECTION('',(1.,0.,-0.));
#8018 = PCURVE('',#7782,#8019);
#8019 = DEFINITIONAL_REPRESENTATION('',(#8020),#8024);
#8020 = LINE('',#8021,#8022);
#8021 = CARTESIAN_POINT('',(0.,4.));
#8022 = VECTOR('',#8023,1.);
#8023 = DIRECTION('',(1.,0.));
#8024 = ( GEOMETRIC_REPRESENTATION_CONTEXT(2) 
PARAMETRIC_REPRESENTATION_CONTEXT() REPRESENTATION_CONTEXT('2D SPACE',''
  ) );
#8025 = PCURVE('',#7756,#8026);
#8026 = DEFINITIONAL_REPRESENTATION('',(#8027),#8031);
#8027 = LINE('',#8028,#8029);
#8028 = CARTESIAN_POINT('',(520.,0.));
#8029 = VECTOR('',#8030,1.);
#8030 = DIRECTION('',(0.,1.));
#8031 = ( GEOMETRIC_REPRESENTATION_CONTEXT(2) 
PARAMETRIC_REPRESENTATION_CONTEXT() REPRESENTATION_CONTEXT('2D SPACE',''
  ) );
#8032 = ADVANCED_FACE('',(#8033),#7756,.T.);
#8033 = FACE_BOUND('',#8034,.T.);
#8034 = EDGE_LOOP('',(#8035,#8058,#8059,#8060));
#8035 = ORIENTED_EDGE('',*,*,#8036,.F.);
#8036 = EDGE_CURVE('',#7713,#8037,#8039,.T.);
#8037 = VERTEX_POINT('',#8038);
#8038 = CARTESIAN_POINT('',(480.,-252.,140.));
#8039 = SURFACE_CURVE('',#8040,(#8044,#8051),.PCURVE_S1.);
#8040 = LINE('',#8041,#8042);
#8041 = CARTESIAN_POINT('',(-480.,-252.,140.));
#8042 = VECTOR('',#8043,1.);
#8043 = DIRECTION('',(1.,0.,-0.));
#8044 = PCURVE('',#7756,#8045);
#8045 = DEFINITIONAL_REPRESENTATION('',(#8046),#8050);
#8046 = LINE('',#8047,#8048);
#8047 = CARTESIAN_POINT('',(0.,0.));
#8048 = VECTOR('',#8049,1.);
#8049 = DIRECTION('',(0.,1.));
#8050 = ( GEOMETRIC_REPRESENTATION_CONTEXT(2) 
PARAMETRIC_REPRESENTATION_CONTEXT() REPRESENTATION_CONTEXT('2D SPACE',''
  ) );
#8051 = PCURVE('',#7728,#8052);
#8052 = DEFINITIONAL_REPRESENTATION('',(#8053),#8057);
#8053 = LINE('',#8054,#8055);
#8054 = CARTESIAN_POINT('',(0.,4.));
#8055 = VECTOR('',#8056,1.);
#8056 = DIRECTION('',(1.,0.));
#8057 = ( GEOMETRIC_REPRESENTATION_CONTEXT(2) 
PARAMETRIC_REPRESENTATION_CONTEXT() REPRESENTATION_CONTEXT('2D SPACE',''
  ) );
#8058 = ORIENTED_EDGE('',*,*,#7740,.T.);
#8059 = ORIENTED_EDGE('',*,*,#8012,.T.);
#8060 = ORIENTED_EDGE('',*,*,#8061,.F.);
#8061 = EDGE_CURVE('',#8037,#7990,#8062,.T.);
#8062 = SURFACE_CURVE('',#8063,(#8067,#8074),.PCURVE_S1.);
#8063 = LINE('',#8064,#8065);
#8064 = CARTESIAN_POINT('',(480.,-252.,140.));
#8065 = VECTOR('',#8066,1.);
#8066 = DIRECTION('',(0.,0.,1.));
#8067 = PCURVE('',#7756,#8068);
#8068 = DEFINITIONAL_REPRESENTATION('',(#8069),#8073);
#8069 = LINE('',#8070,#8071);
#8070 = CARTESIAN_POINT('',(0.,960.));
#8071 = VECTOR('',#8072,1.);
#8072 = DIRECTION('',(1.,0.));
#8073 = ( GEOMETRIC_REPRESENTATION_CONTEXT(2) 
PARAMETRIC_REPRESENTATION_CONTEXT() REPRESENTATION_CONTEXT('2D SPACE',''
  ) );
#8074 = PCURVE('',#7858,#8075);
#8075 = DEFINITIONAL_REPRESENTATION('',(#8076),#8080);
#8076 = LINE('',#8077,#8078);
#8077 = CARTESIAN_POINT('',(0.,-4.));
#8078 = VECTOR('',#8079,1.);
#8079 = DIRECTION('',(1.,0.));
#8080 = ( GEOMETRIC_REPRESENTATION_CONTEXT(2) 
PARAMETRIC_REPRESENTATION_CONTEXT() REPRESENTATION_CONTEXT('2D SPACE',''
  ) );
#8081 = ADVANCED_FACE('',(#8082),#7728,.F.);
#8082 = FACE_BOUND('',#8083,.F.);
#8083 = EDGE_LOOP('',(#8084,#8085,#8086,#8107));
#8084 = ORIENTED_EDGE('',*,*,#7712,.F.);
#8085 = ORIENTED_EDGE('',*,*,#7797,.T.);
#8086 = ORIENTED_EDGE('',*,*,#8087,.T.);
#8087 = EDGE_CURVE('',#7798,#8037,#8088,.T.);
#8088 = SURFACE_CURVE('',#8089,(#8093,#8100),.PCURVE_S1.);
#8089 = LINE('',#8090,#8091);
#8090 = CARTESIAN_POINT('',(480.,-256.,140.));
#8091 = VECTOR('',#8092,1.);
#8092 = DIRECTION('',(-0.,1.,0.));
#8093 = PCURVE('',#7728,#8094);
#8094 = DEFINITIONAL_REPRESENTATION('',(#8095),#8099);
#8095 = LINE('',#8096,#8097);
#8096 = CARTESIAN_POINT('',(960.,0.));
#8097 = VECTOR('',#8098,1.);
#8098 = DIRECTION('',(0.,1.));
#8099 = ( GEOMETRIC_REPRESENTATION_CONTEXT(2) 
PARAMETRIC_REPRESENTATION_CONTEXT() REPRESENTATION_CONTEXT('2D SPACE',''
  ) );
#8100 = PCURVE('',#7858,#8101);
#8101 = DEFINITIONAL_REPRESENTATION('',(#8102),#8106);
#8102 = LINE('',#8103,#8104);
#8103 = CARTESIAN_POINT('',(0.,0.));
#8104 = VECTOR('',#8105,1.);
#8105 = DIRECTION('',(0.,-1.));
#8106 = ( GEOMETRIC_REPRESENTATION_CONTEXT(2) 
PARAMETRIC_REPRESENTATION_CONTEXT() REPRESENTATION_CONTEXT('2D SPACE',''
  ) );
#8107 = ORIENTED_EDGE('',*,*,#8036,.F.);
#8108 = ADVANCED_FACE('',(#8109),#7858,.T.);
#8109 = FACE_BOUND('',#8110,.T.);
#8110 = EDGE_LOOP('',(#8111,#8112,#8113,#8114));
#8111 = ORIENTED_EDGE('',*,*,#7844,.F.);
#8112 = ORIENTED_EDGE('',*,*,#8087,.T.);
#8113 = ORIENTED_EDGE('',*,*,#8061,.T.);
#8114 = ORIENTED_EDGE('',*,*,#7989,.F.);
#8115 = ADVANCED_FACE('',(#8116),#7890,.T.);
#8116 = FACE_BOUND('',#8117,.T.);
#8117 = EDGE_LOOP('',(#8118,#8141,#8169,#8190));
#8118 = ORIENTED_EDGE('',*,*,#8119,.F.);
#8119 = EDGE_CURVE('',#8120,#7873,#8122,.T.);
#8120 = VERTEX_POINT('',#8121);
#8121 = CARTESIAN_POINT('',(380.,-272.,420.));
#8122 = SURFACE_CURVE('',#8123,(#8127,#8134),.PCURVE_S1.);
#8123 = LINE('',#8124,#8125);
#8124 = CARTESIAN_POINT('',(380.,-272.,420.));
#8125 = VECTOR('',#8126,1.);
#8126 = DIRECTION('',(-0.,1.,0.));
#8127 = PCURVE('',#7890,#8128);
#8128 = DEFINITIONAL_REPRESENTATION('',(#8129),#8133);
#8129 = LINE('',#8130,#8131);
#8130 = CARTESIAN_POINT('',(0.,0.));
#8131 = VECTOR('',#8132,1.);
#8132 = DIRECTION('',(0.,1.));
#8133 = ( GEOMETRIC_REPRESENTATION_CONTEXT(2) 
PARAMETRIC_REPRESENTATION_CONTEXT() REPRESENTATION_CONTEXT('2D SPACE',''
  ) );
#8134 = PCURVE('',#7918,#8135);
#8135 = DEFINITIONAL_REPRESENTATION('',(#8136),#8140);
#8136 = LINE('',#8137,#8138);
#8137 = CARTESIAN_POINT('',(40.,0.));
#8138 = VECTOR('',#8139,1.);
#8139 = DIRECTION('',(0.,-1.));
#8140 = ( GEOMETRIC_REPRESENTATION_CONTEXT(2) 
PARAMETRIC_REPRESENTATION_CONTEXT() REPRESENTATION_CONTEXT('2D SPACE',''
  ) );
#8141 = ORIENTED_EDGE('',*,*,#8142,.T.);
#8142 = EDGE_CURVE('',#8120,#8143,#8145,.T.);
#8143 = VERTEX_POINT('',#8144);
#8144 = CARTESIAN_POINT('',(420.,-272.,420.));
#8145 = SURFACE_CURVE('',#8146,(#8150,#8157),.PCURVE_S1.);
#8146 = LINE('',#8147,#8148);
#8147 = CARTESIAN_POINT('',(380.,-272.,420.));
#8148 = VECTOR('',#8149,1.);
#8149 = DIRECTION('',(1.,0.,-0.));
#8150 = PCURVE('',#7890,#8151);
#8151 = DEFINITIONAL_REPRESENTATION('',(#8152),#8156);
#8152 = LINE('',#8153,#8154);
#8153 = CARTESIAN_POINT('',(0.,0.));
#8154 = VECTOR('',#8155,1.);
#8155 = DIRECTION('',(1.,0.));
#8156 = ( GEOMETRIC_REPRESENTATION_CONTEXT(2) 
PARAMETRIC_REPRESENTATION_CONTEXT() REPRESENTATION_CONTEXT('2D SPACE',''
  ) );
#8157 = PCURVE('',#8158,#8163);
#8158 = PLANE('',#8159);
#8159 = AXIS2_PLACEMENT_3D('',#8160,#8161,#8162);
#8160 = CARTESIAN_POINT('',(380.,-272.,380.));
#8161 = DIRECTION('',(-0.,1.,0.));
#8162 = DIRECTION('',(0.,0.,1.));
#8163 = DEFINITIONAL_REPRESENTATION('',(#8164),#8168);
#8164 = LINE('',#8165,#8166);
#8165 = CARTESIAN_POINT('',(40.,0.));
#8166 = VECTOR('',#8167,1.);
#8167 = DIRECTION('',(0.,1.));
#8168 = ( GEOMETRIC_REPRESENTATION_CONTEXT(2) 
PARAMETRIC_REPRESENTATION_CONTEXT() REPRESENTATION_CONTEXT('2D SPACE',''
  ) );
#8169 = ORIENTED_EDGE('',*,*,#8170,.T.);
#8170 = EDGE_CURVE('',#8143,#7875,#8171,.T.);
#8171 = SURFACE_CURVE('',#8172,(#8176,#8183),.PCURVE_S1.);
#8172 = LINE('',#8173,#8174);
#8173 = CARTESIAN_POINT('',(420.,-272.,420.));
#8174 = VECTOR('',#8175,1.);
#8175 = DIRECTION('',(-0.,1.,0.));
#8176 = PCURVE('',#7890,#8177);
#8177 = DEFINITIONAL_REPRESENTATION('',(#8178),#8182);
#8178 = LINE('',#8179,#8180);
#8179 = CARTESIAN_POINT('',(40.,0.));
#8180 = VECTOR('',#8181,1.);
#8181 = DIRECTION('',(0.,1.));
#8182 = ( GEOMETRIC_REPRESENTATION_CONTEXT(2) 
PARAMETRIC_REPRESENTATION_CONTEXT() REPRESENTATION_CONTEXT('2D SPACE',''
  ) );
#8183 = PCURVE('',#7972,#8184);
#8184 = DEFINITIONAL_REPRESENTATION('',(#8185),#8189);
#8185 = LINE('',#8186,#8187);
#8186 = CARTESIAN_POINT('',(40.,0.));
#8187 = VECTOR('',#8188,1.);
#8188 = DIRECTION('',(0.,-1.));
#8189 = ( GEOMETRIC_REPRESENTATION_CONTEXT(2) 
PARAMETRIC_REPRESENTATION_CONTEXT() REPRESENTATION_CONTEXT('2D SPACE',''
  ) );
#8190 = ORIENTED_EDGE('',*,*,#7872,.F.);
#8191 = ADVANCED_FACE('',(#8192),#7972,.T.);
#8192 = FACE_BOUND('',#8193,.T.);
#8193 = EDGE_LOOP('',(#8194,#8217,#8238,#8239));
#8194 = ORIENTED_EDGE('',*,*,#8195,.F.);
#8195 = EDGE_CURVE('',#8196,#8143,#8198,.T.);
#8196 = VERTEX_POINT('',#8197);
#8197 = CARTESIAN_POINT('',(420.,-272.,380.));
#8198 = SURFACE_CURVE('',#8199,(#8203,#8210),.PCURVE_S1.);
#8199 = LINE('',#8200,#8201);
#8200 = CARTESIAN_POINT('',(420.,-272.,380.));
#8201 = VECTOR('',#8202,1.);
#8202 = DIRECTION('',(0.,0.,1.));
#8203 = PCURVE('',#7972,#8204);
#8204 = DEFINITIONAL_REPRESENTATION('',(#8205),#8209);
#8205 = LINE('',#8206,#8207);
#8206 = CARTESIAN_POINT('',(0.,0.));
#8207 = VECTOR('',#8208,1.);
#8208 = DIRECTION('',(1.,0.));
#8209 = ( GEOMETRIC_REPRESENTATION_CONTEXT(2) 
PARAMETRIC_REPRESENTATION_CONTEXT() REPRESENTATION_CONTEXT('2D SPACE',''
  ) );
#8210 = PCURVE('',#8158,#8211);
#8211 = DEFINITIONAL_REPRESENTATION('',(#8212),#8216);
#8212 = LINE('',#8213,#8214);
#8213 = CARTESIAN_POINT('',(0.,40.));
#8214 = VECTOR('',#8215,1.);
#8215 = DIRECTION('',(1.,0.));
#8216 = ( GEOMETRIC_REPRESENTATION_CONTEXT(2) 
PARAMETRIC_REPRESENTATION_CONTEXT() REPRESENTATION_CONTEXT('2D SPACE',''
  ) );
#8217 = ORIENTED_EDGE('',*,*,#8218,.T.);
#8218 = EDGE_CURVE('',#8196,#7931,#8219,.T.);
#8219 = SURFACE_CURVE('',#8220,(#8224,#8231),.PCURVE_S1.);
#8220 = LINE('',#8221,#8222);
#8221 = CARTESIAN_POINT('',(420.,-272.,380.));
#8222 = VECTOR('',#8223,1.);
#8223 = DIRECTION('',(-0.,1.,0.));
#8224 = PCURVE('',#7972,#8225);
#8225 = DEFINITIONAL_REPRESENTATION('',(#8226),#8230);
#8226 = LINE('',#8227,#8228);
#8227 = CARTESIAN_POINT('',(0.,0.));
#8228 = VECTOR('',#8229,1.);
#8229 = DIRECTION('',(0.,-1.));
#8230 = ( GEOMETRIC_REPRESENTATION_CONTEXT(2) 
PARAMETRIC_REPRESENTATION_CONTEXT() REPRESENTATION_CONTEXT('2D SPACE',''
  ) );
#8231 = PCURVE('',#7946,#8232);
#8232 = DEFINITIONAL_REPRESENTATION('',(#8233),#8237);
#8233 = LINE('',#8234,#8235);
#8234 = CARTESIAN_POINT('',(40.,0.));
#8235 = VECTOR('',#8236,1.);
#8236 = DIRECTION('',(0.,1.));
#8237 = ( GEOMETRIC_REPRESENTATION_CONTEXT(2) 
PARAMETRIC_REPRESENTATION_CONTEXT() REPRESENTATION_CONTEXT('2D SPACE',''
  ) );
#8238 = ORIENTED_EDGE('',*,*,#7958,.T.);
#8239 = ORIENTED_EDGE('',*,*,#8170,.F.);
#8240 = ADVANCED_FACE('',(#8241),#7946,.F.);
#8241 = FACE_BOUND('',#8242,.F.);
#8242 = EDGE_LOOP('',(#8243,#8266,#8287,#8288));
#8243 = ORIENTED_EDGE('',*,*,#8244,.F.);
#8244 = EDGE_CURVE('',#8245,#7903,#8247,.T.);
#8245 = VERTEX_POINT('',#8246);
#8246 = CARTESIAN_POINT('',(380.,-272.,380.));
#8247 = SURFACE_CURVE('',#8248,(#8252,#8259),.PCURVE_S1.);
#8248 = LINE('',#8249,#8250);
#8249 = CARTESIAN_POINT('',(380.,-272.,380.));
#8250 = VECTOR('',#8251,1.);
#8251 = DIRECTION('',(-0.,1.,0.));
#8252 = PCURVE('',#7946,#8253);
#8253 = DEFINITIONAL_REPRESENTATION('',(#8254),#8258);
#8254 = LINE('',#8255,#8256);
#8255 = CARTESIAN_POINT('',(0.,0.));
#8256 = VECTOR('',#8257,1.);
#8257 = DIRECTION('',(0.,1.));
#8258 = ( GEOMETRIC_REPRESENTATION_CONTEXT(2) 
PARAMETRIC_REPRESENTATION_CONTEXT() REPRESENTATION_CONTEXT('2D SPACE',''
  ) );
#8259 = PCURVE('',#7918,#8260);
#8260 = DEFINITIONAL_REPRESENTATION('',(#8261),#8265);
#8261 = LINE('',#8262,#8263);
#8262 = CARTESIAN_POINT('',(0.,0.));
#8263 = VECTOR('',#8264,1.);
#8264 = DIRECTION('',(0.,-1.));
#8265 = ( GEOMETRIC_REPRESENTATION_CONTEXT(2) 
PARAMETRIC_REPRESENTATION_CONTEXT() REPRESENTATION_CONTEXT('2D SPACE',''
  ) );
#8266 = ORIENTED_EDGE('',*,*,#8267,.T.);
#8267 = EDGE_CURVE('',#8245,#8196,#8268,.T.);
#8268 = SURFACE_CURVE('',#8269,(#8273,#8280),.PCURVE_S1.);
#8269 = LINE('',#8270,#8271);
#8270 = CARTESIAN_POINT('',(380.,-272.,380.));
#8271 = VECTOR('',#8272,1.);
#8272 = DIRECTION('',(1.,0.,-0.));
#8273 = PCURVE('',#7946,#8274);
#8274 = DEFINITIONAL_REPRESENTATION('',(#8275),#8279);
#8275 = LINE('',#8276,#8277);
#8276 = CARTESIAN_POINT('',(0.,0.));
#8277 = VECTOR('',#8278,1.);
#8278 = DIRECTION('',(1.,0.));
#8279 = ( GEOMETRIC_REPRESENTATION_CONTEXT(2) 
PARAMETRIC_REPRESENTATION_CONTEXT() REPRESENTATION_CONTEXT('2D SPACE',''
  ) );
#8280 = PCURVE('',#8158,#8281);
#8281 = DEFINITIONAL_REPRESENTATION('',(#8282),#8286);
#8282 = LINE('',#8283,#8284);
#8283 = CARTESIAN_POINT('',(0.,0.));
#8284 = VECTOR('',#8285,1.);
#8285 = DIRECTION('',(0.,1.));
#8286 = ( GEOMETRIC_REPRESENTATION_CONTEXT(2) 
PARAMETRIC_REPRESENTATION_CONTEXT() REPRESENTATION_CONTEXT('2D SPACE',''
  ) );
#8287 = ORIENTED_EDGE('',*,*,#8218,.T.);
#8288 = ORIENTED_EDGE('',*,*,#7930,.F.);
#8289 = ADVANCED_FACE('',(#8290),#7918,.F.);
#8290 = FACE_BOUND('',#8291,.F.);
#8291 = EDGE_LOOP('',(#8292,#8313,#8314,#8315));
#8292 = ORIENTED_EDGE('',*,*,#8293,.F.);
#8293 = EDGE_CURVE('',#8245,#8120,#8294,.T.);
#8294 = SURFACE_CURVE('',#8295,(#8299,#8306),.PCURVE_S1.);
#8295 = LINE('',#8296,#8297);
#8296 = CARTESIAN_POINT('',(380.,-272.,380.));
#8297 = VECTOR('',#8298,1.);
#8298 = DIRECTION('',(0.,0.,1.));
#8299 = PCURVE('',#7918,#8300);
#8300 = DEFINITIONAL_REPRESENTATION('',(#8301),#8305);
#8301 = LINE('',#8302,#8303);
#8302 = CARTESIAN_POINT('',(0.,0.));
#8303 = VECTOR('',#8304,1.);
#8304 = DIRECTION('',(1.,0.));
#8305 = ( GEOMETRIC_REPRESENTATION_CONTEXT(2) 
PARAMETRIC_REPRESENTATION_CONTEXT() REPRESENTATION_CONTEXT('2D SPACE',''
  ) );
#8306 = PCURVE('',#8158,#8307);
#8307 = DEFINITIONAL_REPRESENTATION('',(#8308),#8312);
#8308 = LINE('',#8309,#8310);
#8309 = CARTESIAN_POINT('',(0.,0.));
#8310 = VECTOR('',#8311,1.);
#8311 = DIRECTION('',(1.,0.));
#8312 = ( GEOMETRIC_REPRESENTATION_CONTEXT(2) 
PARAMETRIC_REPRESENTATION_CONTEXT() REPRESENTATION_CONTEXT('2D SPACE',''
  ) );
#8313 = ORIENTED_EDGE('',*,*,#8244,.T.);
#8314 = ORIENTED_EDGE('',*,*,#7902,.T.);
#8315 = ORIENTED_EDGE('',*,*,#8119,.F.);
#8316 = ADVANCED_FACE('',(#8317),#8158,.F.);
#8317 = FACE_BOUND('',#8318,.F.);
#8318 = EDGE_LOOP('',(#8319,#8320,#8321,#8322));
#8319 = ORIENTED_EDGE('',*,*,#8267,.F.);
#8320 = ORIENTED_EDGE('',*,*,#8293,.T.);
#8321 = ORIENTED_EDGE('',*,*,#8142,.T.);
#8322 = ORIENTED_EDGE('',*,*,#8195,.F.);
#8323 = ( GEOMETRIC_REPRESENTATION_CONTEXT(3) 
GLOBAL_UNCERTAINTY_ASSIGNED_CONTEXT((#8327)) 
GLOBAL_UNIT_ASSIGNED_CONTEXT((#8324,#8325,#8326)) REPRESENTATION_CONTEXT
('Context #1','3D Context with UNIT and UNCERTAINTY') );
#8324 = ( LENGTH_UNIT() NAMED_UNIT(*) SI_UNIT(.MILLI.,.METRE.) );
#8325 = ( NAMED_UNIT(*) PLANE_ANGLE_UNIT() SI_UNIT($,.RADIAN.) );
#8326 = ( NAMED_UNIT(*) SI_UNIT($,.STERADIAN.) SOLID_ANGLE_UNIT() );
#8327 = UNCERTAINTY_MEASURE_WITH_UNIT(LENGTH_MEASURE(1.E-07),#8324,
  'distance_accuracy_value','confusion accuracy');
#8328 = PRODUCT_RELATED_PRODUCT_CATEGORY('part',$,(#7));
ENDSEC;
END-ISO-10303-21;
