ISO-10303-21;
HEADER;
FILE_DESCRIPTION(('Open CASCADE Model'),'2;1');
FILE_NAME('Open CASCADE Shape Model','2026-10-02T11:56:52',('Author'),(
    'Open CASCADE'),'Open CASCADE STEP processor 8.0','build123d',
  'Unknown');
FILE_SCHEMA(('AUTOMOTIVE_DESIGN { 1 0 10303 214 1 1 1 1 }'));
ENDSEC;
DATA;
#1 = APPLICATION_PROTOCOL_DEFINITION('international standard',
  'automotive_design',2000,#2);
#2 = APPLICATION_CONTEXT(
  'core data for automotive mechanical design processes');
#3 = SHAPE_DEFINITION_REPRESENTATION(#4,#10);
#4 = PRODUCT_DEFINITION_SHAPE('','',#5);
#5 = PRODUCT_DEFINITION('design','',#6,#9);
#6 = PRODUCT_DEFINITION_FORMATION('','',#7);
#7 = PRODUCT('COMPOUND','COMPOUND','',(#8));
#8 = PRODUCT_CONTEXT('',#2,'mechanical');
#9 = PRODUCT_DEFINITION_CONTEXT('part definition',#2,'design');
#10 = SHAPE_REPRESENTATION('',(#11,#15,#2617,#3307,#3675,#4043,#4411),
  #4779);
#11 = AXIS2_PLACEMENT_3D('',#12,#13,#14);
#12 = CARTESIAN_POINT('',(0.,0.,0.));
#13 = DIRECTION('',(0.,0.,1.));
#14 = DIRECTION('',(1.,0.,-0.));
#15 = MANIFOLD_SOLID_BREP('',#16);
#16 = CLOSED_SHELL('',(#17,#137,#213,#740,#789,#1046,#1053,#1108,#1158,
    #1208,#1258,#1308,#1358,#1408,#1477,#1524,#1571,#1596,#1646,#1696,
    #1746,#1796,#1846,#1901,#1951,#2001,#2070,#2117,#2164,#2189,#2239,
    #2396,#2509,#2556,#2583,#2610));
#17 = ADVANCED_FACE('',(#18),#32,.F.);
#18 = FACE_BOUND('',#19,.F.);
#19 = EDGE_LOOP('',(#20,#55,#83,#111));
#20 = ORIENTED_EDGE('',*,*,#21,.F.);
#21 = EDGE_CURVE('',#22,#24,#26,.T.);
#22 = VERTEX_POINT('',#23);
#23 = CARTESIAN_POINT('',(-500.,-250.,0.));
#24 = VERTEX_POINT('',#25);
#25 = CARTESIAN_POINT('',(-500.,-250.,100.));
#26 = SURFACE_CURVE('',#27,(#31,#43),.PCURVE_S1.);
#27 = LINE('',#28,#29);
#28 = CARTESIAN_POINT('',(-500.,-250.,0.));
#29 = VECTOR('',#30,1.);
#30 = DIRECTION('',(0.,0.,1.));
#31 = PCURVE('',#32,#37);
#32 = PLANE('',#33);
#33 = AXIS2_PLACEMENT_3D('',#34,#35,#36);
#34 = CARTESIAN_POINT('',(-500.,-250.,0.));
#35 = DIRECTION('',(1.,0.,-0.));
#36 = DIRECTION('',(0.,0.,1.));
#37 = DEFINITIONAL_REPRESENTATION('',(#38),#42);
#38 = LINE('',#39,#40);
#39 = CARTESIAN_POINT('',(0.,0.));
#40 = VECTOR('',#41,1.);
#41 = DIRECTION('',(1.,0.));
#42 = ( GEOMETRIC_REPRESENTATION_CONTEXT(2) 
PARAMETRIC_REPRESENTATION_CONTEXT() REPRESENTATION_CONTEXT('2D SPACE',''
  ) );
#43 = PCURVE('',#44,#49);
#44 = PLANE('',#45);
#45 = AXIS2_PLACEMENT_3D('',#46,#47,#48);
#46 = CARTESIAN_POINT('',(-500.,-250.,0.));
#47 = DIRECTION('',(-0.,1.,0.));
#48 = DIRECTION('',(0.,0.,1.));
#49 = DEFINITIONAL_REPRESENTATION('',(#50),#54);
#50 = LINE('',#51,#52);
#51 = CARTESIAN_POINT('',(0.,0.));
#52 = VECTOR('',#53,1.);
#53 = DIRECTION('',(1.,0.));
#54 = ( GEOMETRIC_REPRESENTATION_CONTEXT(2) 
PARAMETRIC_REPRESENTATION_CONTEXT() REPRESENTATION_CONTEXT('2D SPACE',''
  ) );
#55 = ORIENTED_EDGE('',*,*,#56,.T.);
#56 = EDGE_CURVE('',#22,#57,#59,.T.);
#57 = VERTEX_POINT('',#58);
#58 = CARTESIAN_POINT('',(-500.,250.,0.));
#59 = SURFACE_CURVE('',#60,(#64,#71),.PCURVE_S1.);
#60 = LINE('',#61,#62);
#61 = CARTESIAN_POINT('',(-500.,-250.,0.));
#62 = VECTOR('',#63,1.);
#63 = DIRECTION('',(-0.,1.,0.));
#64 = PCURVE('',#32,#65);
#65 = DEFINITIONAL_REPRESENTATION('',(#66),#70);
#66 = LINE('',#67,#68);
#67 = CARTESIAN_POINT('',(0.,0.));
#68 = VECTOR('',#69,1.);
#69 = DIRECTION('',(0.,-1.));
#70 = ( GEOMETRIC_REPRESENTATION_CONTEXT(2) 
PARAMETRIC_REPRESENTATION_CONTEXT() REPRESENTATION_CONTEXT('2D SPACE',''
  ) );
#71 = PCURVE('',#72,#77);
#72 = PLANE('',#73);
#73 = AXIS2_PLACEMENT_3D('',#74,#75,#76);
#74 = CARTESIAN_POINT('',(-500.,-250.,0.));
#75 = DIRECTION('',(0.,0.,1.));
#76 = DIRECTION('',(1.,0.,-0.));
#77 = DEFINITIONAL_REPRESENTATION('',(#78),#82);
#78 = LINE('',#79,#80);
#79 = CARTESIAN_POINT('',(0.,0.));
#80 = VECTOR('',#81,1.);
#81 = DIRECTION('',(0.,1.));
#82 = ( GEOMETRIC_REPRESENTATION_CONTEXT(2) 
PARAMETRIC_REPRESENTATION_CONTEXT() REPRESENTATION_CONTEXT('2D SPACE',''
  ) );
#83 = ORIENTED_EDGE('',*,*,#84,.T.);
#84 = EDGE_CURVE('',#57,#85,#87,.T.);
#85 = VERTEX_POINT('',#86);
#86 = CARTESIAN_POINT('',(-500.,250.,100.));
#87 = SURFACE_CURVE('',#88,(#92,#99),.PCURVE_S1.);
#88 = LINE('',#89,#90);
#89 = CARTESIAN_POINT('',(-500.,250.,0.));
#90 = VECTOR('',#91,1.);
#91 = DIRECTION('',(0.,0.,1.));
#92 = PCURVE('',#32,#93);
#93 = DEFINITIONAL_REPRESENTATION('',(#94),#98);
#94 = LINE('',#95,#96);
#95 = CARTESIAN_POINT('',(0.,-500.));
#96 = VECTOR('',#97,1.);
#97 = DIRECTION('',(1.,0.));
#98 = ( GEOMETRIC_REPRESENTATION_CONTEXT(2) 
PARAMETRIC_REPRESENTATION_CONTEXT() REPRESENTATION_CONTEXT('2D SPACE',''
  ) );
#99 = PCURVE('',#100,#105);
#100 = PLANE('',#101);
#101 = AXIS2_PLACEMENT_3D('',#102,#103,#104);
#102 = CARTESIAN_POINT('',(-500.,250.,0.));
#103 = DIRECTION('',(-0.,1.,0.));
#104 = DIRECTION('',(0.,0.,1.));
#105 = DEFINITIONAL_REPRESENTATION('',(#106),#110);
#106 = LINE('',#107,#108);
#107 = CARTESIAN_POINT('',(0.,0.));
#108 = VECTOR('',#109,1.);
#109 = DIRECTION('',(1.,0.));
#110 = ( GEOMETRIC_REPRESENTATION_CONTEXT(2) 
PARAMETRIC_REPRESENTATION_CONTEXT() REPRESENTATION_CONTEXT('2D SPACE',''
  ) );
#111 = ORIENTED_EDGE('',*,*,#112,.F.);
#112 = EDGE_CURVE('',#24,#85,#113,.T.);
#113 = SURFACE_CURVE('',#114,(#118,#125),.PCURVE_S1.);
#114 = LINE('',#115,#116);
#115 = CARTESIAN_POINT('',(-500.,-250.,100.));
#116 = VECTOR('',#117,1.);
#117 = DIRECTION('',(-0.,1.,0.));
#118 = PCURVE('',#32,#119);
#119 = DEFINITIONAL_REPRESENTATION('',(#120),#124);
#120 = LINE('',#121,#122);
#121 = CARTESIAN_POINT('',(100.,0.));
#122 = VECTOR('',#123,1.);
#123 = DIRECTION('',(0.,-1.));
#124 = ( GEOMETRIC_REPRESENTATION_CONTEXT(2) 
PARAMETRIC_REPRESENTATION_CONTEXT() REPRESENTATION_CONTEXT('2D SPACE',''
  ) );
#125 = PCURVE('',#126,#131);
#126 = PLANE('',#127);
#127 = AXIS2_PLACEMENT_3D('',#128,#129,#130);
#128 = CARTESIAN_POINT('',(-500.,-250.,100.));
#129 = DIRECTION('',(0.,0.,1.));
#130 = DIRECTION('',(1.,0.,-0.));
#131 = DEFINITIONAL_REPRESENTATION('',(#132),#136);
#132 = LINE('',#133,#134);
#133 = CARTESIAN_POINT('',(0.,0.));
#134 = VECTOR('',#135,1.);
#135 = DIRECTION('',(0.,1.));
#136 = ( GEOMETRIC_REPRESENTATION_CONTEXT(2) 
PARAMETRIC_REPRESENTATION_CONTEXT() REPRESENTATION_CONTEXT('2D SPACE',''
  ) );
#137 = ADVANCED_FACE('',(#138),#44,.F.);
#138 = FACE_BOUND('',#139,.F.);
#139 = EDGE_LOOP('',(#140,#163,#164,#187));
#140 = ORIENTED_EDGE('',*,*,#141,.F.);
#141 = EDGE_CURVE('',#22,#142,#144,.T.);
#142 = VERTEX_POINT('',#143);
#143 = CARTESIAN_POINT('',(500.,-250.,0.));
#144 = SURFACE_CURVE('',#145,(#149,#156),.PCURVE_S1.);
#145 = LINE('',#146,#147);
#146 = CARTESIAN_POINT('',(-500.,-250.,0.));
#147 = VECTOR('',#148,1.);
#148 = DIRECTION('',(1.,0.,-0.));
#149 = PCURVE('',#44,#150);
#150 = DEFINITIONAL_REPRESENTATION('',(#151),#155);
#151 = LINE('',#152,#153);
#152 = CARTESIAN_POINT('',(0.,0.));
#153 = VECTOR('',#154,1.);
#154 = DIRECTION('',(0.,1.));
#155 = ( GEOMETRIC_REPRESENTATION_CONTEXT(2) 
PARAMETRIC_REPRESENTATION_CONTEXT() REPRESENTATION_CONTEXT('2D SPACE',''
  ) );
#156 = PCURVE('',#72,#157);
#157 = DEFINITIONAL_REPRESENTATION('',(#158),#162);
#158 = LINE('',#159,#160);
#159 = CARTESIAN_POINT('',(0.,0.));
#160 = VECTOR('',#161,1.);
#161 = DIRECTION('',(1.,0.));
#162 = ( GEOMETRIC_REPRESENTATION_CONTEXT(2) 
PARAMETRIC_REPRESENTATION_CONTEXT() REPRESENTATION_CONTEXT('2D SPACE',''
  ) );
#163 = ORIENTED_EDGE('',*,*,#21,.T.);
#164 = ORIENTED_EDGE('',*,*,#165,.T.);
#165 = EDGE_CURVE('',#24,#166,#168,.T.);
#166 = VERTEX_POINT('',#167);
#167 = CARTESIAN_POINT('',(500.,-250.,100.));
#168 = SURFACE_CURVE('',#169,(#173,#180),.PCURVE_S1.);
#169 = LINE('',#170,#171);
#170 = CARTESIAN_POINT('',(-500.,-250.,100.));
#171 = VECTOR('',#172,1.);
#172 = DIRECTION('',(1.,0.,-0.));
#173 = PCURVE('',#44,#174);
#174 = DEFINITIONAL_REPRESENTATION('',(#175),#179);
#175 = LINE('',#176,#177);
#176 = CARTESIAN_POINT('',(100.,0.));
#177 = VECTOR('',#178,1.);
#178 = DIRECTION('',(0.,1.));
#179 = ( GEOMETRIC_REPRESENTATION_CONTEXT(2) 
PARAMETRIC_REPRESENTATION_CONTEXT() REPRESENTATION_CONTEXT('2D SPACE',''
  ) );
#180 = PCURVE('',#126,#181);
#181 = DEFINITIONAL_REPRESENTATION('',(#182),#186);
#182 = LINE('',#183,#184);
#183 = CARTESIAN_POINT('',(0.,0.));
#184 = VECTOR('',#185,1.);
#185 = DIRECTION('',(1.,0.));
#186 = ( GEOMETRIC_REPRESENTATION_CONTEXT(2) 
PARAMETRIC_REPRESENTATION_CONTEXT() REPRESENTATION_CONTEXT('2D SPACE',''
  ) );
#187 = ORIENTED_EDGE('',*,*,#188,.F.);
#188 = EDGE_CURVE('',#142,#166,#189,.T.);
#189 = SURFACE_CURVE('',#190,(#194,#201),.PCURVE_S1.);
#190 = LINE('',#191,#192);
#191 = CARTESIAN_POINT('',(500.,-250.,0.));
#192 = VECTOR('',#193,1.);
#193 = DIRECTION('',(0.,0.,1.));
#194 = PCURVE('',#44,#195);
#195 = DEFINITIONAL_REPRESENTATION('',(#196),#200);
#196 = LINE('',#197,#198);
#197 = CARTESIAN_POINT('',(0.,1.E+03));
#198 = VECTOR('',#199,1.);
#199 = DIRECTION('',(1.,0.));
#200 = ( GEOMETRIC_REPRESENTATION_CONTEXT(2) 
PARAMETRIC_REPRESENTATION_CONTEXT() REPRESENTATION_CONTEXT('2D SPACE',''
  ) );
#201 = PCURVE('',#202,#207);
#202 = PLANE('',#203);
#203 = AXIS2_PLACEMENT_3D('',#204,#205,#206);
#204 = CARTESIAN_POINT('',(500.,-250.,0.));
#205 = DIRECTION('',(1.,0.,-0.));
#206 = DIRECTION('',(0.,0.,1.));
#207 = DEFINITIONAL_REPRESENTATION('',(#208),#212);
#208 = LINE('',#209,#210);
#209 = CARTESIAN_POINT('',(0.,0.));
#210 = VECTOR('',#211,1.);
#211 = DIRECTION('',(1.,0.));
#212 = ( GEOMETRIC_REPRESENTATION_CONTEXT(2) 
PARAMETRIC_REPRESENTATION_CONTEXT() REPRESENTATION_CONTEXT('2D SPACE',''
  ) );
#213 = ADVANCED_FACE('',(#214,#262,#293,#324,#355,#386,#417,#448,#479,
    #585,#616,#647,#678,#709),#126,.T.);
#214 = FACE_BOUND('',#215,.T.);
#215 = EDGE_LOOP('',(#216,#217,#218,#241));
#216 = ORIENTED_EDGE('',*,*,#112,.F.);
#217 = ORIENTED_EDGE('',*,*,#165,.T.);
#218 = ORIENTED_EDGE('',*,*,#219,.T.);
#219 = EDGE_CURVE('',#166,#220,#222,.T.);
#220 = VERTEX_POINT('',#221);
#221 = CARTESIAN_POINT('',(500.,250.,100.));
#222 = SURFACE_CURVE('',#223,(#227,#234),.PCURVE_S1.);
#223 = LINE('',#224,#225);
#224 = CARTESIAN_POINT('',(500.,-250.,100.));
#225 = VECTOR('',#226,1.);
#226 = DIRECTION('',(-0.,1.,0.));
#227 = PCURVE('',#126,#228);
#228 = DEFINITIONAL_REPRESENTATION('',(#229),#233);
#229 = LINE('',#230,#231);
#230 = CARTESIAN_POINT('',(1.E+03,0.));
#231 = VECTOR('',#232,1.);
#232 = DIRECTION('',(0.,1.));
#233 = ( GEOMETRIC_REPRESENTATION_CONTEXT(2) 
PARAMETRIC_REPRESENTATION_CONTEXT() REPRESENTATION_CONTEXT('2D SPACE',''
  ) );
#234 = PCURVE('',#202,#235);
#235 = DEFINITIONAL_REPRESENTATION('',(#236),#240);
#236 = LINE('',#237,#238);
#237 = CARTESIAN_POINT('',(100.,0.));
#238 = VECTOR('',#239,1.);
#239 = DIRECTION('',(0.,-1.));
#240 = ( GEOMETRIC_REPRESENTATION_CONTEXT(2) 
PARAMETRIC_REPRESENTATION_CONTEXT() REPRESENTATION_CONTEXT('2D SPACE',''
  ) );
#241 = ORIENTED_EDGE('',*,*,#242,.F.);
#242 = EDGE_CURVE('',#85,#220,#243,.T.);
#243 = SURFACE_CURVE('',#244,(#248,#255),.PCURVE_S1.);
#244 = LINE('',#245,#246);
#245 = CARTESIAN_POINT('',(-500.,250.,100.));
#246 = VECTOR('',#247,1.);
#247 = DIRECTION('',(1.,0.,-0.));
#248 = PCURVE('',#126,#249);
#249 = DEFINITIONAL_REPRESENTATION('',(#250),#254);
#250 = LINE('',#251,#252);
#251 = CARTESIAN_POINT('',(0.,500.));
#252 = VECTOR('',#253,1.);
#253 = DIRECTION('',(1.,0.));
#254 = ( GEOMETRIC_REPRESENTATION_CONTEXT(2) 
PARAMETRIC_REPRESENTATION_CONTEXT() REPRESENTATION_CONTEXT('2D SPACE',''
  ) );
#255 = PCURVE('',#100,#256);
#256 = DEFINITIONAL_REPRESENTATION('',(#257),#261);
#257 = LINE('',#258,#259);
#258 = CARTESIAN_POINT('',(100.,0.));
#259 = VECTOR('',#260,1.);
#260 = DIRECTION('',(0.,1.));
#261 = ( GEOMETRIC_REPRESENTATION_CONTEXT(2) 
PARAMETRIC_REPRESENTATION_CONTEXT() REPRESENTATION_CONTEXT('2D SPACE',''
  ) );
#262 = FACE_BOUND('',#263,.T.);
#263 = EDGE_LOOP('',(#264));
#264 = ORIENTED_EDGE('',*,*,#265,.F.);
#265 = EDGE_CURVE('',#266,#266,#268,.T.);
#266 = VERTEX_POINT('',#267);
#267 = CARTESIAN_POINT('',(-459.,-220.,100.));
#268 = SURFACE_CURVE('',#269,(#274,#281),.PCURVE_S1.);
#269 = CIRCLE('',#270,16.);
#270 = AXIS2_PLACEMENT_3D('',#271,#272,#273);
#271 = CARTESIAN_POINT('',(-475.,-220.,100.));
#272 = DIRECTION('',(0.,0.,1.));
#273 = DIRECTION('',(1.,0.,-0.));
#274 = PCURVE('',#126,#275);
#275 = DEFINITIONAL_REPRESENTATION('',(#276),#280);
#276 = CIRCLE('',#277,16.);
#277 = AXIS2_PLACEMENT_2D('',#278,#279);
#278 = CARTESIAN_POINT('',(25.,30.));
#279 = DIRECTION('',(1.,0.));
#280 = ( GEOMETRIC_REPRESENTATION_CONTEXT(2) 
PARAMETRIC_REPRESENTATION_CONTEXT() REPRESENTATION_CONTEXT('2D SPACE',''
  ) );
#281 = PCURVE('',#282,#287);
#282 = CYLINDRICAL_SURFACE('',#283,16.);
#283 = AXIS2_PLACEMENT_3D('',#284,#285,#286);
#284 = CARTESIAN_POINT('',(-475.,-220.,94.));
#285 = DIRECTION('',(0.,0.,1.));
#286 = DIRECTION('',(1.,0.,-0.));
#287 = DEFINITIONAL_REPRESENTATION('',(#288),#292);
#288 = LINE('',#289,#290);
#289 = CARTESIAN_POINT('',(0.,6.));
#290 = VECTOR('',#291,1.);
#291 = DIRECTION('',(1.,0.));
#292 = ( GEOMETRIC_REPRESENTATION_CONTEXT(2) 
PARAMETRIC_REPRESENTATION_CONTEXT() REPRESENTATION_CONTEXT('2D SPACE',''
  ) );
#293 = FACE_BOUND('',#294,.T.);
#294 = EDGE_LOOP('',(#295));
#295 = ORIENTED_EDGE('',*,*,#296,.F.);
#296 = EDGE_CURVE('',#297,#297,#299,.T.);
#297 = VERTEX_POINT('',#298);
#298 = CARTESIAN_POINT('',(-394.5,-225.,100.));
#299 = SURFACE_CURVE('',#300,(#305,#312),.PCURVE_S1.);
#300 = CIRCLE('',#301,5.5);
#301 = AXIS2_PLACEMENT_3D('',#302,#303,#304);
#302 = CARTESIAN_POINT('',(-400.,-225.,100.));
#303 = DIRECTION('',(0.,0.,1.));
#304 = DIRECTION('',(1.,0.,-0.));
#305 = PCURVE('',#126,#306);
#306 = DEFINITIONAL_REPRESENTATION('',(#307),#311);
#307 = CIRCLE('',#308,5.5);
#308 = AXIS2_PLACEMENT_2D('',#309,#310);
#309 = CARTESIAN_POINT('',(100.,25.));
#310 = DIRECTION('',(1.,0.));
#311 = ( GEOMETRIC_REPRESENTATION_CONTEXT(2) 
PARAMETRIC_REPRESENTATION_CONTEXT() REPRESENTATION_CONTEXT('2D SPACE',''
  ) );
#312 = PCURVE('',#313,#318);
#313 = CYLINDRICAL_SURFACE('',#314,5.5);
#314 = AXIS2_PLACEMENT_3D('',#315,#316,#317);
#315 = CARTESIAN_POINT('',(-400.,-225.,94.));
#316 = DIRECTION('',(0.,0.,1.));
#317 = DIRECTION('',(1.,0.,-0.));
#318 = DEFINITIONAL_REPRESENTATION('',(#319),#323);
#319 = LINE('',#320,#321);
#320 = CARTESIAN_POINT('',(0.,6.));
#321 = VECTOR('',#322,1.);
#322 = DIRECTION('',(1.,0.));
#323 = ( GEOMETRIC_REPRESENTATION_CONTEXT(2) 
PARAMETRIC_REPRESENTATION_CONTEXT() REPRESENTATION_CONTEXT('2D SPACE',''
  ) );
#324 = FACE_BOUND('',#325,.T.);
#325 = EDGE_LOOP('',(#326));
#326 = ORIENTED_EDGE('',*,*,#327,.F.);
#327 = EDGE_CURVE('',#328,#328,#330,.T.);
#328 = VERTEX_POINT('',#329);
#329 = CARTESIAN_POINT('',(-144.5,-225.,100.));
#330 = SURFACE_CURVE('',#331,(#336,#343),.PCURVE_S1.);
#331 = CIRCLE('',#332,5.5);
#332 = AXIS2_PLACEMENT_3D('',#333,#334,#335);
#333 = CARTESIAN_POINT('',(-150.,-225.,100.));
#334 = DIRECTION('',(0.,0.,1.));
#335 = DIRECTION('',(1.,0.,-0.));
#336 = PCURVE('',#126,#337);
#337 = DEFINITIONAL_REPRESENTATION('',(#338),#342);
#338 = CIRCLE('',#339,5.5);
#339 = AXIS2_PLACEMENT_2D('',#340,#341);
#340 = CARTESIAN_POINT('',(350.,25.));
#341 = DIRECTION('',(1.,0.));
#342 = ( GEOMETRIC_REPRESENTATION_CONTEXT(2) 
PARAMETRIC_REPRESENTATION_CONTEXT() REPRESENTATION_CONTEXT('2D SPACE',''
  ) );
#343 = PCURVE('',#344,#349);
#344 = CYLINDRICAL_SURFACE('',#345,5.5);
#345 = AXIS2_PLACEMENT_3D('',#346,#347,#348);
#346 = CARTESIAN_POINT('',(-150.,-225.,94.));
#347 = DIRECTION('',(0.,0.,1.));
#348 = DIRECTION('',(1.,0.,-0.));
#349 = DEFINITIONAL_REPRESENTATION('',(#350),#354);
#350 = LINE('',#351,#352);
#351 = CARTESIAN_POINT('',(0.,6.));
#352 = VECTOR('',#353,1.);
#353 = DIRECTION('',(1.,0.));
#354 = ( GEOMETRIC_REPRESENTATION_CONTEXT(2) 
PARAMETRIC_REPRESENTATION_CONTEXT() REPRESENTATION_CONTEXT('2D SPACE',''
  ) );
#355 = FACE_BOUND('',#356,.T.);
#356 = EDGE_LOOP('',(#357));
#357 = ORIENTED_EDGE('',*,*,#358,.F.);
#358 = EDGE_CURVE('',#359,#359,#361,.T.);
#359 = VERTEX_POINT('',#360);
#360 = CARTESIAN_POINT('',(155.5,-225.,100.));
#361 = SURFACE_CURVE('',#362,(#367,#374),.PCURVE_S1.);
#362 = CIRCLE('',#363,5.5);
#363 = AXIS2_PLACEMENT_3D('',#364,#365,#366);
#364 = CARTESIAN_POINT('',(150.,-225.,100.));
#365 = DIRECTION('',(0.,0.,1.));
#366 = DIRECTION('',(1.,0.,-0.));
#367 = PCURVE('',#126,#368);
#368 = DEFINITIONAL_REPRESENTATION('',(#369),#373);
#369 = CIRCLE('',#370,5.5);
#370 = AXIS2_PLACEMENT_2D('',#371,#372);
#371 = CARTESIAN_POINT('',(650.,25.));
#372 = DIRECTION('',(1.,0.));
#373 = ( GEOMETRIC_REPRESENTATION_CONTEXT(2) 
PARAMETRIC_REPRESENTATION_CONTEXT() REPRESENTATION_CONTEXT('2D SPACE',''
  ) );
#374 = PCURVE('',#375,#380);
#375 = CYLINDRICAL_SURFACE('',#376,5.5);
#376 = AXIS2_PLACEMENT_3D('',#377,#378,#379);
#377 = CARTESIAN_POINT('',(150.,-225.,94.));
#378 = DIRECTION('',(0.,0.,1.));
#379 = DIRECTION('',(1.,0.,-0.));
#380 = DEFINITIONAL_REPRESENTATION('',(#381),#385);
#381 = LINE('',#382,#383);
#382 = CARTESIAN_POINT('',(0.,6.));
#383 = VECTOR('',#384,1.);
#384 = DIRECTION('',(1.,0.));
#385 = ( GEOMETRIC_REPRESENTATION_CONTEXT(2) 
PARAMETRIC_REPRESENTATION_CONTEXT() REPRESENTATION_CONTEXT('2D SPACE',''
  ) );
#386 = FACE_BOUND('',#387,.T.);
#387 = EDGE_LOOP('',(#388));
#388 = ORIENTED_EDGE('',*,*,#389,.F.);
#389 = EDGE_CURVE('',#390,#390,#392,.T.);
#390 = VERTEX_POINT('',#391);
#391 = CARTESIAN_POINT('',(405.5,-225.,100.));
#392 = SURFACE_CURVE('',#393,(#398,#405),.PCURVE_S1.);
#393 = CIRCLE('',#394,5.5);
#394 = AXIS2_PLACEMENT_3D('',#395,#396,#397);
#395 = CARTESIAN_POINT('',(400.,-225.,100.));
#396 = DIRECTION('',(0.,0.,1.));
#397 = DIRECTION('',(1.,0.,-0.));
#398 = PCURVE('',#126,#399);
#399 = DEFINITIONAL_REPRESENTATION('',(#400),#404);
#400 = CIRCLE('',#401,5.5);
#401 = AXIS2_PLACEMENT_2D('',#402,#403);
#402 = CARTESIAN_POINT('',(900.,25.));
#403 = DIRECTION('',(1.,0.));
#404 = ( GEOMETRIC_REPRESENTATION_CONTEXT(2) 
PARAMETRIC_REPRESENTATION_CONTEXT() REPRESENTATION_CONTEXT('2D SPACE',''
  ) );
#405 = PCURVE('',#406,#411);
#406 = CYLINDRICAL_SURFACE('',#407,5.5);
#407 = AXIS2_PLACEMENT_3D('',#408,#409,#410);
#408 = CARTESIAN_POINT('',(400.,-225.,94.));
#409 = DIRECTION('',(0.,0.,1.));
#410 = DIRECTION('',(1.,0.,-0.));
#411 = DEFINITIONAL_REPRESENTATION('',(#412),#416);
#412 = LINE('',#413,#414);
#413 = CARTESIAN_POINT('',(0.,6.));
#414 = VECTOR('',#415,1.);
#415 = DIRECTION('',(1.,0.));
#416 = ( GEOMETRIC_REPRESENTATION_CONTEXT(2) 
PARAMETRIC_REPRESENTATION_CONTEXT() REPRESENTATION_CONTEXT('2D SPACE',''
  ) );
#417 = FACE_BOUND('',#418,.T.);
#418 = EDGE_LOOP('',(#419));
#419 = ORIENTED_EDGE('',*,*,#420,.F.);
#420 = EDGE_CURVE('',#421,#421,#423,.T.);
#421 = VERTEX_POINT('',#422);
#422 = CARTESIAN_POINT('',(491.,-220.,100.));
#423 = SURFACE_CURVE('',#424,(#429,#436),.PCURVE_S1.);
#424 = CIRCLE('',#425,16.);
#425 = AXIS2_PLACEMENT_3D('',#426,#427,#428);
#426 = CARTESIAN_POINT('',(475.,-220.,100.));
#427 = DIRECTION('',(0.,0.,1.));
#428 = DIRECTION('',(1.,0.,-0.));
#429 = PCURVE('',#126,#430);
#430 = DEFINITIONAL_REPRESENTATION('',(#431),#435);
#431 = CIRCLE('',#432,16.);
#432 = AXIS2_PLACEMENT_2D('',#433,#434);
#433 = CARTESIAN_POINT('',(975.,30.));
#434 = DIRECTION('',(1.,0.));
#435 = ( GEOMETRIC_REPRESENTATION_CONTEXT(2) 
PARAMETRIC_REPRESENTATION_CONTEXT() REPRESENTATION_CONTEXT('2D SPACE',''
  ) );
#436 = PCURVE('',#437,#442);
#437 = CYLINDRICAL_SURFACE('',#438,16.);
#438 = AXIS2_PLACEMENT_3D('',#439,#440,#441);
#439 = CARTESIAN_POINT('',(475.,-220.,94.));
#440 = DIRECTION('',(0.,0.,1.));
#441 = DIRECTION('',(1.,0.,-0.));
#442 = DEFINITIONAL_REPRESENTATION('',(#443),#447);
#443 = LINE('',#444,#445);
#444 = CARTESIAN_POINT('',(0.,6.));
#445 = VECTOR('',#446,1.);
#446 = DIRECTION('',(1.,0.));
#447 = ( GEOMETRIC_REPRESENTATION_CONTEXT(2) 
PARAMETRIC_REPRESENTATION_CONTEXT() REPRESENTATION_CONTEXT('2D SPACE',''
  ) );
#448 = FACE_BOUND('',#449,.T.);
#449 = EDGE_LOOP('',(#450));
#450 = ORIENTED_EDGE('',*,*,#451,.F.);
#451 = EDGE_CURVE('',#452,#452,#454,.T.);
#452 = VERTEX_POINT('',#453);
#453 = CARTESIAN_POINT('',(-469.5,-1.347111479062E-15,100.));
#454 = SURFACE_CURVE('',#455,(#460,#467),.PCURVE_S1.);
#455 = CIRCLE('',#456,5.5);
#456 = AXIS2_PLACEMENT_3D('',#457,#458,#459);
#457 = CARTESIAN_POINT('',(-475.,0.,100.));
#458 = DIRECTION('',(0.,0.,1.));
#459 = DIRECTION('',(1.,0.,-0.));
#460 = PCURVE('',#126,#461);
#461 = DEFINITIONAL_REPRESENTATION('',(#462),#466);
#462 = CIRCLE('',#463,5.5);
#463 = AXIS2_PLACEMENT_2D('',#464,#465);
#464 = CARTESIAN_POINT('',(25.,250.));
#465 = DIRECTION('',(1.,0.));
#466 = ( GEOMETRIC_REPRESENTATION_CONTEXT(2) 
PARAMETRIC_REPRESENTATION_CONTEXT() REPRESENTATION_CONTEXT('2D SPACE',''
  ) );
#467 = PCURVE('',#468,#473);
#468 = CYLINDRICAL_SURFACE('',#469,5.5);
#469 = AXIS2_PLACEMENT_3D('',#470,#471,#472);
#470 = CARTESIAN_POINT('',(-475.,0.,94.));
#471 = DIRECTION('',(0.,0.,1.));
#472 = DIRECTION('',(1.,0.,-0.));
#473 = DEFINITIONAL_REPRESENTATION('',(#474),#478);
#474 = LINE('',#475,#476);
#475 = CARTESIAN_POINT('',(0.,6.));
#476 = VECTOR('',#477,1.);
#477 = DIRECTION('',(1.,0.));
#478 = ( GEOMETRIC_REPRESENTATION_CONTEXT(2) 
PARAMETRIC_REPRESENTATION_CONTEXT() REPRESENTATION_CONTEXT('2D SPACE',''
  ) );
#479 = FACE_BOUND('',#480,.T.);
#480 = EDGE_LOOP('',(#481,#509,#535,#561));
#481 = ORIENTED_EDGE('',*,*,#482,.T.);
#482 = EDGE_CURVE('',#483,#485,#487,.T.);
#483 = VERTEX_POINT('',#484);
#484 = CARTESIAN_POINT('',(450.,-200.,100.));
#485 = VERTEX_POINT('',#486);
#486 = CARTESIAN_POINT('',(-450.,-200.,100.));
#487 = SURFACE_CURVE('',#488,(#492,#498),.PCURVE_S1.);
#488 = LINE('',#489,#490);
#489 = CARTESIAN_POINT('',(-475.,-200.,100.));
#490 = VECTOR('',#491,1.);
#491 = DIRECTION('',(-1.,-0.,0.));
#492 = PCURVE('',#126,#493);
#493 = DEFINITIONAL_REPRESENTATION('',(#494),#497);
#494 = B_SPLINE_CURVE_WITH_KNOTS('',1,(#495,#496),.UNSPECIFIED.,.F.,.F.,
  (2,2),(-925.,-25.),.PIECEWISE_BEZIER_KNOTS.);
#495 = CARTESIAN_POINT('',(950.,50.));
#496 = CARTESIAN_POINT('',(50.,50.));
#497 = ( GEOMETRIC_REPRESENTATION_CONTEXT(2) 
PARAMETRIC_REPRESENTATION_CONTEXT() REPRESENTATION_CONTEXT('2D SPACE',''
  ) );
#498 = PCURVE('',#499,#504);
#499 = PLANE('',#500);
#500 = AXIS2_PLACEMENT_3D('',#501,#502,#503);
#501 = CARTESIAN_POINT('',(-450.,-200.,-1.));
#502 = DIRECTION('',(-0.,1.,0.));
#503 = DIRECTION('',(0.,0.,1.));
#504 = DEFINITIONAL_REPRESENTATION('',(#505),#508);
#505 = B_SPLINE_CURVE_WITH_KNOTS('',1,(#506,#507),.UNSPECIFIED.,.F.,.F.,
  (2,2),(-925.,-25.),.PIECEWISE_BEZIER_KNOTS.);
#506 = CARTESIAN_POINT('',(101.,900.));
#507 = CARTESIAN_POINT('',(101.,0.));
#508 = ( GEOMETRIC_REPRESENTATION_CONTEXT(2) 
PARAMETRIC_REPRESENTATION_CONTEXT() REPRESENTATION_CONTEXT('2D SPACE',''
  ) );
#509 = ORIENTED_EDGE('',*,*,#510,.T.);
#510 = EDGE_CURVE('',#485,#511,#513,.T.);
#511 = VERTEX_POINT('',#512);
#512 = CARTESIAN_POINT('',(-450.,200.,100.));
#513 = SURFACE_CURVE('',#514,(#518,#524),.PCURVE_S1.);
#514 = LINE('',#515,#516);
#515 = CARTESIAN_POINT('',(-450.,-225.,100.));
#516 = VECTOR('',#517,1.);
#517 = DIRECTION('',(-0.,1.,0.));
#518 = PCURVE('',#126,#519);
#519 = DEFINITIONAL_REPRESENTATION('',(#520),#523);
#520 = B_SPLINE_CURVE_WITH_KNOTS('',1,(#521,#522),.UNSPECIFIED.,.F.,.F.,
  (2,2),(25.,425.),.PIECEWISE_BEZIER_KNOTS.);
#521 = CARTESIAN_POINT('',(50.,50.));
#522 = CARTESIAN_POINT('',(50.,450.));
#523 = ( GEOMETRIC_REPRESENTATION_CONTEXT(2) 
PARAMETRIC_REPRESENTATION_CONTEXT() REPRESENTATION_CONTEXT('2D SPACE',''
  ) );
#524 = PCURVE('',#525,#530);
#525 = PLANE('',#526);
#526 = AXIS2_PLACEMENT_3D('',#527,#528,#529);
#527 = CARTESIAN_POINT('',(-450.,-200.,-1.));
#528 = DIRECTION('',(1.,0.,-0.));
#529 = DIRECTION('',(0.,0.,1.));
#530 = DEFINITIONAL_REPRESENTATION('',(#531),#534);
#531 = B_SPLINE_CURVE_WITH_KNOTS('',1,(#532,#533),.UNSPECIFIED.,.F.,.F.,
  (2,2),(25.,425.),.PIECEWISE_BEZIER_KNOTS.);
#532 = CARTESIAN_POINT('',(101.,0.));
#533 = CARTESIAN_POINT('',(101.,-400.));
#534 = ( GEOMETRIC_REPRESENTATION_CONTEXT(2) 
PARAMETRIC_REPRESENTATION_CONTEXT() REPRESENTATION_CONTEXT('2D SPACE',''
  ) );
#535 = ORIENTED_EDGE('',*,*,#536,.F.);
#536 = EDGE_CURVE('',#537,#511,#539,.T.);
#537 = VERTEX_POINT('',#538);
#538 = CARTESIAN_POINT('',(450.,200.,100.));
#539 = SURFACE_CURVE('',#540,(#544,#550),.PCURVE_S1.);
#540 = LINE('',#541,#542);
#541 = CARTESIAN_POINT('',(-475.,200.,100.));
#542 = VECTOR('',#543,1.);
#543 = DIRECTION('',(-1.,-0.,0.));
#544 = PCURVE('',#126,#545);
#545 = DEFINITIONAL_REPRESENTATION('',(#546),#549);
#546 = B_SPLINE_CURVE_WITH_KNOTS('',1,(#547,#548),.UNSPECIFIED.,.F.,.F.,
  (2,2),(-925.,-25.),.PIECEWISE_BEZIER_KNOTS.);
#547 = CARTESIAN_POINT('',(950.,450.));
#548 = CARTESIAN_POINT('',(50.,450.));
#549 = ( GEOMETRIC_REPRESENTATION_CONTEXT(2) 
PARAMETRIC_REPRESENTATION_CONTEXT() REPRESENTATION_CONTEXT('2D SPACE',''
  ) );
#550 = PCURVE('',#551,#556);
#551 = PLANE('',#552);
#552 = AXIS2_PLACEMENT_3D('',#553,#554,#555);
#553 = CARTESIAN_POINT('',(-450.,200.,-1.));
#554 = DIRECTION('',(-0.,1.,0.));
#555 = DIRECTION('',(0.,0.,1.));
#556 = DEFINITIONAL_REPRESENTATION('',(#557),#560);
#557 = B_SPLINE_CURVE_WITH_KNOTS('',1,(#558,#559),.UNSPECIFIED.,.F.,.F.,
  (2,2),(-925.,-25.),.PIECEWISE_BEZIER_KNOTS.);
#558 = CARTESIAN_POINT('',(101.,900.));
#559 = CARTESIAN_POINT('',(101.,0.));
#560 = ( GEOMETRIC_REPRESENTATION_CONTEXT(2) 
PARAMETRIC_REPRESENTATION_CONTEXT() REPRESENTATION_CONTEXT('2D SPACE',''
  ) );
#561 = ORIENTED_EDGE('',*,*,#562,.F.);
#562 = EDGE_CURVE('',#483,#537,#563,.T.);
#563 = SURFACE_CURVE('',#564,(#568,#574),.PCURVE_S1.);
#564 = LINE('',#565,#566);
#565 = CARTESIAN_POINT('',(450.,-225.,100.));
#566 = VECTOR('',#567,1.);
#567 = DIRECTION('',(-0.,1.,0.));
#568 = PCURVE('',#126,#569);
#569 = DEFINITIONAL_REPRESENTATION('',(#570),#573);
#570 = B_SPLINE_CURVE_WITH_KNOTS('',1,(#571,#572),.UNSPECIFIED.,.F.,.F.,
  (2,2),(25.,425.),.PIECEWISE_BEZIER_KNOTS.);
#571 = CARTESIAN_POINT('',(950.,50.));
#572 = CARTESIAN_POINT('',(950.,450.));
#573 = ( GEOMETRIC_REPRESENTATION_CONTEXT(2) 
PARAMETRIC_REPRESENTATION_CONTEXT() REPRESENTATION_CONTEXT('2D SPACE',''
  ) );
#574 = PCURVE('',#575,#580);
#575 = PLANE('',#576);
#576 = AXIS2_PLACEMENT_3D('',#577,#578,#579);
#577 = CARTESIAN_POINT('',(450.,-200.,-1.));
#578 = DIRECTION('',(1.,0.,-0.));
#579 = DIRECTION('',(0.,0.,1.));
#580 = DEFINITIONAL_REPRESENTATION('',(#581),#584);
#581 = B_SPLINE_CURVE_WITH_KNOTS('',1,(#582,#583),.UNSPECIFIED.,.F.,.F.,
  (2,2),(25.,425.),.PIECEWISE_BEZIER_KNOTS.);
#582 = CARTESIAN_POINT('',(101.,0.));
#583 = CARTESIAN_POINT('',(101.,-400.));
#584 = ( GEOMETRIC_REPRESENTATION_CONTEXT(2) 
PARAMETRIC_REPRESENTATION_CONTEXT() REPRESENTATION_CONTEXT('2D SPACE',''
  ) );
#585 = FACE_BOUND('',#586,.T.);
#586 = EDGE_LOOP('',(#587));
#587 = ORIENTED_EDGE('',*,*,#588,.F.);
#588 = EDGE_CURVE('',#589,#589,#591,.T.);
#589 = VERTEX_POINT('',#590);
#590 = CARTESIAN_POINT('',(-459.,220.,100.));
#591 = SURFACE_CURVE('',#592,(#597,#604),.PCURVE_S1.);
#592 = CIRCLE('',#593,16.);
#593 = AXIS2_PLACEMENT_3D('',#594,#595,#596);
#594 = CARTESIAN_POINT('',(-475.,220.,100.));
#595 = DIRECTION('',(0.,0.,1.));
#596 = DIRECTION('',(1.,0.,-0.));
#597 = PCURVE('',#126,#598);
#598 = DEFINITIONAL_REPRESENTATION('',(#599),#603);
#599 = CIRCLE('',#600,16.);
#600 = AXIS2_PLACEMENT_2D('',#601,#602);
#601 = CARTESIAN_POINT('',(25.,470.));
#602 = DIRECTION('',(1.,0.));
#603 = ( GEOMETRIC_REPRESENTATION_CONTEXT(2) 
PARAMETRIC_REPRESENTATION_CONTEXT() REPRESENTATION_CONTEXT('2D SPACE',''
  ) );
#604 = PCURVE('',#605,#610);
#605 = CYLINDRICAL_SURFACE('',#606,16.);
#606 = AXIS2_PLACEMENT_3D('',#607,#608,#609);
#607 = CARTESIAN_POINT('',(-475.,220.,94.));
#608 = DIRECTION('',(0.,0.,1.));
#609 = DIRECTION('',(1.,0.,-0.));
#610 = DEFINITIONAL_REPRESENTATION('',(#611),#615);
#611 = LINE('',#612,#613);
#612 = CARTESIAN_POINT('',(0.,6.));
#613 = VECTOR('',#614,1.);
#614 = DIRECTION('',(1.,0.));
#615 = ( GEOMETRIC_REPRESENTATION_CONTEXT(2) 
PARAMETRIC_REPRESENTATION_CONTEXT() REPRESENTATION_CONTEXT('2D SPACE',''
  ) );
#616 = FACE_BOUND('',#617,.T.);
#617 = EDGE_LOOP('',(#618));
#618 = ORIENTED_EDGE('',*,*,#619,.F.);
#619 = EDGE_CURVE('',#620,#620,#622,.T.);
#620 = VERTEX_POINT('',#621);
#621 = CARTESIAN_POINT('',(480.5,-1.347111479062E-15,100.));
#622 = SURFACE_CURVE('',#623,(#628,#635),.PCURVE_S1.);
#623 = CIRCLE('',#624,5.5);
#624 = AXIS2_PLACEMENT_3D('',#625,#626,#627);
#625 = CARTESIAN_POINT('',(475.,0.,100.));
#626 = DIRECTION('',(0.,0.,1.));
#627 = DIRECTION('',(1.,0.,-0.));
#628 = PCURVE('',#126,#629);
#629 = DEFINITIONAL_REPRESENTATION('',(#630),#634);
#630 = CIRCLE('',#631,5.5);
#631 = AXIS2_PLACEMENT_2D('',#632,#633);
#632 = CARTESIAN_POINT('',(975.,250.));
#633 = DIRECTION('',(1.,0.));
#634 = ( GEOMETRIC_REPRESENTATION_CONTEXT(2) 
PARAMETRIC_REPRESENTATION_CONTEXT() REPRESENTATION_CONTEXT('2D SPACE',''
  ) );
#635 = PCURVE('',#636,#641);
#636 = CYLINDRICAL_SURFACE('',#637,5.5);
#637 = AXIS2_PLACEMENT_3D('',#638,#639,#640);
#638 = CARTESIAN_POINT('',(475.,0.,94.));
#639 = DIRECTION('',(0.,0.,1.));
#640 = DIRECTION('',(1.,0.,-0.));
#641 = DEFINITIONAL_REPRESENTATION('',(#642),#646);
#642 = LINE('',#643,#644);
#643 = CARTESIAN_POINT('',(0.,6.));
#644 = VECTOR('',#645,1.);
#645 = DIRECTION('',(1.,0.));
#646 = ( GEOMETRIC_REPRESENTATION_CONTEXT(2) 
PARAMETRIC_REPRESENTATION_CONTEXT() REPRESENTATION_CONTEXT('2D SPACE',''
  ) );
#647 = FACE_BOUND('',#648,.T.);
#648 = EDGE_LOOP('',(#649));
#649 = ORIENTED_EDGE('',*,*,#650,.F.);
#650 = EDGE_CURVE('',#651,#651,#653,.T.);
#651 = VERTEX_POINT('',#652);
#652 = CARTESIAN_POINT('',(25.5,225.,100.));
#653 = SURFACE_CURVE('',#654,(#659,#666),.PCURVE_S1.);
#654 = CIRCLE('',#655,5.5);
#655 = AXIS2_PLACEMENT_3D('',#656,#657,#658);
#656 = CARTESIAN_POINT('',(20.,225.,100.));
#657 = DIRECTION('',(0.,0.,1.));
#658 = DIRECTION('',(1.,0.,-0.));
#659 = PCURVE('',#126,#660);
#660 = DEFINITIONAL_REPRESENTATION('',(#661),#665);
#661 = CIRCLE('',#662,5.5);
#662 = AXIS2_PLACEMENT_2D('',#663,#664);
#663 = CARTESIAN_POINT('',(520.,475.));
#664 = DIRECTION('',(1.,0.));
#665 = ( GEOMETRIC_REPRESENTATION_CONTEXT(2) 
PARAMETRIC_REPRESENTATION_CONTEXT() REPRESENTATION_CONTEXT('2D SPACE',''
  ) );
#666 = PCURVE('',#667,#672);
#667 = CYLINDRICAL_SURFACE('',#668,5.5);
#668 = AXIS2_PLACEMENT_3D('',#669,#670,#671);
#669 = CARTESIAN_POINT('',(20.,225.,94.));
#670 = DIRECTION('',(0.,0.,1.));
#671 = DIRECTION('',(1.,0.,-0.));
#672 = DEFINITIONAL_REPRESENTATION('',(#673),#677);
#673 = LINE('',#674,#675);
#674 = CARTESIAN_POINT('',(0.,6.));
#675 = VECTOR('',#676,1.);
#676 = DIRECTION('',(1.,0.));
#677 = ( GEOMETRIC_REPRESENTATION_CONTEXT(2) 
PARAMETRIC_REPRESENTATION_CONTEXT() REPRESENTATION_CONTEXT('2D SPACE',''
  ) );
#678 = FACE_BOUND('',#679,.T.);
#679 = EDGE_LOOP('',(#680));
#680 = ORIENTED_EDGE('',*,*,#681,.F.);
#681 = EDGE_CURVE('',#682,#682,#684,.T.);
#682 = VERTEX_POINT('',#683);
#683 = CARTESIAN_POINT('',(185.5,225.,100.));
#684 = SURFACE_CURVE('',#685,(#690,#697),.PCURVE_S1.);
#685 = CIRCLE('',#686,5.5);
#686 = AXIS2_PLACEMENT_3D('',#687,#688,#689);
#687 = CARTESIAN_POINT('',(180.,225.,100.));
#688 = DIRECTION('',(0.,0.,1.));
#689 = DIRECTION('',(1.,0.,-0.));
#690 = PCURVE('',#126,#691);
#691 = DEFINITIONAL_REPRESENTATION('',(#692),#696);
#692 = CIRCLE('',#693,5.5);
#693 = AXIS2_PLACEMENT_2D('',#694,#695);
#694 = CARTESIAN_POINT('',(680.,475.));
#695 = DIRECTION('',(1.,0.));
#696 = ( GEOMETRIC_REPRESENTATION_CONTEXT(2) 
PARAMETRIC_REPRESENTATION_CONTEXT() REPRESENTATION_CONTEXT('2D SPACE',''
  ) );
#697 = PCURVE('',#698,#703);
#698 = CYLINDRICAL_SURFACE('',#699,5.5);
#699 = AXIS2_PLACEMENT_3D('',#700,#701,#702);
#700 = CARTESIAN_POINT('',(180.,225.,94.));
#701 = DIRECTION('',(0.,0.,1.));
#702 = DIRECTION('',(1.,0.,-0.));
#703 = DEFINITIONAL_REPRESENTATION('',(#704),#708);
#704 = LINE('',#705,#706);
#705 = CARTESIAN_POINT('',(0.,6.));
#706 = VECTOR('',#707,1.);
#707 = DIRECTION('',(1.,0.));
#708 = ( GEOMETRIC_REPRESENTATION_CONTEXT(2) 
PARAMETRIC_REPRESENTATION_CONTEXT() REPRESENTATION_CONTEXT('2D SPACE',''
  ) );
#709 = FACE_BOUND('',#710,.T.);
#710 = EDGE_LOOP('',(#711));
#711 = ORIENTED_EDGE('',*,*,#712,.F.);
#712 = EDGE_CURVE('',#713,#713,#715,.T.);
#713 = VERTEX_POINT('',#714);
#714 = CARTESIAN_POINT('',(491.,220.,100.));
#715 = SURFACE_CURVE('',#716,(#721,#728),.PCURVE_S1.);
#716 = CIRCLE('',#717,16.);
#717 = AXIS2_PLACEMENT_3D('',#718,#719,#720);
#718 = CARTESIAN_POINT('',(475.,220.,100.));
#719 = DIRECTION('',(0.,0.,1.));
#720 = DIRECTION('',(1.,0.,-0.));
#721 = PCURVE('',#126,#722);
#722 = DEFINITIONAL_REPRESENTATION('',(#723),#727);
#723 = CIRCLE('',#724,16.);
#724 = AXIS2_PLACEMENT_2D('',#725,#726);
#725 = CARTESIAN_POINT('',(975.,470.));
#726 = DIRECTION('',(1.,0.));
#727 = ( GEOMETRIC_REPRESENTATION_CONTEXT(2) 
PARAMETRIC_REPRESENTATION_CONTEXT() REPRESENTATION_CONTEXT('2D SPACE',''
  ) );
#728 = PCURVE('',#729,#734);
#729 = CYLINDRICAL_SURFACE('',#730,16.);
#730 = AXIS2_PLACEMENT_3D('',#731,#732,#733);
#731 = CARTESIAN_POINT('',(475.,220.,94.));
#732 = DIRECTION('',(0.,0.,1.));
#733 = DIRECTION('',(1.,0.,-0.));
#734 = DEFINITIONAL_REPRESENTATION('',(#735),#739);
#735 = LINE('',#736,#737);
#736 = CARTESIAN_POINT('',(0.,6.));
#737 = VECTOR('',#738,1.);
#738 = DIRECTION('',(1.,0.));
#739 = ( GEOMETRIC_REPRESENTATION_CONTEXT(2) 
PARAMETRIC_REPRESENTATION_CONTEXT() REPRESENTATION_CONTEXT('2D SPACE',''
  ) );
#740 = ADVANCED_FACE('',(#741),#100,.T.);
#741 = FACE_BOUND('',#742,.T.);
#742 = EDGE_LOOP('',(#743,#766,#767,#768));
#743 = ORIENTED_EDGE('',*,*,#744,.F.);
#744 = EDGE_CURVE('',#57,#745,#747,.T.);
#745 = VERTEX_POINT('',#746);
#746 = CARTESIAN_POINT('',(500.,250.,0.));
#747 = SURFACE_CURVE('',#748,(#752,#759),.PCURVE_S1.);
#748 = LINE('',#749,#750);
#749 = CARTESIAN_POINT('',(-500.,250.,0.));
#750 = VECTOR('',#751,1.);
#751 = DIRECTION('',(1.,0.,-0.));
#752 = PCURVE('',#100,#753);
#753 = DEFINITIONAL_REPRESENTATION('',(#754),#758);
#754 = LINE('',#755,#756);
#755 = CARTESIAN_POINT('',(0.,0.));
#756 = VECTOR('',#757,1.);
#757 = DIRECTION('',(0.,1.));
#758 = ( GEOMETRIC_REPRESENTATION_CONTEXT(2) 
PARAMETRIC_REPRESENTATION_CONTEXT() REPRESENTATION_CONTEXT('2D SPACE',''
  ) );
#759 = PCURVE('',#72,#760);
#760 = DEFINITIONAL_REPRESENTATION('',(#761),#765);
#761 = LINE('',#762,#763);
#762 = CARTESIAN_POINT('',(0.,500.));
#763 = VECTOR('',#764,1.);
#764 = DIRECTION('',(1.,0.));
#765 = ( GEOMETRIC_REPRESENTATION_CONTEXT(2) 
PARAMETRIC_REPRESENTATION_CONTEXT() REPRESENTATION_CONTEXT('2D SPACE',''
  ) );
#766 = ORIENTED_EDGE('',*,*,#84,.T.);
#767 = ORIENTED_EDGE('',*,*,#242,.T.);
#768 = ORIENTED_EDGE('',*,*,#769,.F.);
#769 = EDGE_CURVE('',#745,#220,#770,.T.);
#770 = SURFACE_CURVE('',#771,(#775,#782),.PCURVE_S1.);
#771 = LINE('',#772,#773);
#772 = CARTESIAN_POINT('',(500.,250.,0.));
#773 = VECTOR('',#774,1.);
#774 = DIRECTION('',(0.,0.,1.));
#775 = PCURVE('',#100,#776);
#776 = DEFINITIONAL_REPRESENTATION('',(#777),#781);
#777 = LINE('',#778,#779);
#778 = CARTESIAN_POINT('',(0.,1.E+03));
#779 = VECTOR('',#780,1.);
#780 = DIRECTION('',(1.,0.));
#781 = ( GEOMETRIC_REPRESENTATION_CONTEXT(2) 
PARAMETRIC_REPRESENTATION_CONTEXT() REPRESENTATION_CONTEXT('2D SPACE',''
  ) );
#782 = PCURVE('',#202,#783);
#783 = DEFINITIONAL_REPRESENTATION('',(#784),#788);
#784 = LINE('',#785,#786);
#785 = CARTESIAN_POINT('',(0.,-500.));
#786 = VECTOR('',#787,1.);
#787 = DIRECTION('',(1.,0.));
#788 = ( GEOMETRIC_REPRESENTATION_CONTEXT(2) 
PARAMETRIC_REPRESENTATION_CONTEXT() REPRESENTATION_CONTEXT('2D SPACE',''
  ) );
#789 = ADVANCED_FACE('',(#790,#816,#847,#878,#909,#1015),#72,.F.);
#790 = FACE_BOUND('',#791,.F.);
#791 = EDGE_LOOP('',(#792,#793,#794,#815));
#792 = ORIENTED_EDGE('',*,*,#56,.F.);
#793 = ORIENTED_EDGE('',*,*,#141,.T.);
#794 = ORIENTED_EDGE('',*,*,#795,.T.);
#795 = EDGE_CURVE('',#142,#745,#796,.T.);
#796 = SURFACE_CURVE('',#797,(#801,#808),.PCURVE_S1.);
#797 = LINE('',#798,#799);
#798 = CARTESIAN_POINT('',(500.,-250.,0.));
#799 = VECTOR('',#800,1.);
#800 = DIRECTION('',(-0.,1.,0.));
#801 = PCURVE('',#72,#802);
#802 = DEFINITIONAL_REPRESENTATION('',(#803),#807);
#803 = LINE('',#804,#805);
#804 = CARTESIAN_POINT('',(1.E+03,0.));
#805 = VECTOR('',#806,1.);
#806 = DIRECTION('',(0.,1.));
#807 = ( GEOMETRIC_REPRESENTATION_CONTEXT(2) 
PARAMETRIC_REPRESENTATION_CONTEXT() REPRESENTATION_CONTEXT('2D SPACE',''
  ) );
#808 = PCURVE('',#202,#809);
#809 = DEFINITIONAL_REPRESENTATION('',(#810),#814);
#810 = LINE('',#811,#812);
#811 = CARTESIAN_POINT('',(0.,0.));
#812 = VECTOR('',#813,1.);
#813 = DIRECTION('',(0.,-1.));
#814 = ( GEOMETRIC_REPRESENTATION_CONTEXT(2) 
PARAMETRIC_REPRESENTATION_CONTEXT() REPRESENTATION_CONTEXT('2D SPACE',''
  ) );
#815 = ORIENTED_EDGE('',*,*,#744,.F.);
#816 = FACE_BOUND('',#817,.F.);
#817 = EDGE_LOOP('',(#818));
#818 = ORIENTED_EDGE('',*,*,#819,.F.);
#819 = EDGE_CURVE('',#820,#820,#822,.T.);
#820 = VERTEX_POINT('',#821);
#821 = CARTESIAN_POINT('',(-468.,-220.,0.));
#822 = SURFACE_CURVE('',#823,(#828,#835),.PCURVE_S1.);
#823 = CIRCLE('',#824,7.);
#824 = AXIS2_PLACEMENT_3D('',#825,#826,#827);
#825 = CARTESIAN_POINT('',(-475.,-220.,0.));
#826 = DIRECTION('',(0.,0.,1.));
#827 = DIRECTION('',(1.,0.,-0.));
#828 = PCURVE('',#72,#829);
#829 = DEFINITIONAL_REPRESENTATION('',(#830),#834);
#830 = CIRCLE('',#831,7.);
#831 = AXIS2_PLACEMENT_2D('',#832,#833);
#832 = CARTESIAN_POINT('',(25.,30.));
#833 = DIRECTION('',(1.,0.));
#834 = ( GEOMETRIC_REPRESENTATION_CONTEXT(2) 
PARAMETRIC_REPRESENTATION_CONTEXT() REPRESENTATION_CONTEXT('2D SPACE',''
  ) );
#835 = PCURVE('',#836,#841);
#836 = CYLINDRICAL_SURFACE('',#837,7.);
#837 = AXIS2_PLACEMENT_3D('',#838,#839,#840);
#838 = CARTESIAN_POINT('',(-475.,-220.,-1.));
#839 = DIRECTION('',(0.,0.,1.));
#840 = DIRECTION('',(1.,0.,-0.));
#841 = DEFINITIONAL_REPRESENTATION('',(#842),#846);
#842 = LINE('',#843,#844);
#843 = CARTESIAN_POINT('',(0.,1.));
#844 = VECTOR('',#845,1.);
#845 = DIRECTION('',(1.,0.));
#846 = ( GEOMETRIC_REPRESENTATION_CONTEXT(2) 
PARAMETRIC_REPRESENTATION_CONTEXT() REPRESENTATION_CONTEXT('2D SPACE',''
  ) );
#847 = FACE_BOUND('',#848,.F.);
#848 = EDGE_LOOP('',(#849));
#849 = ORIENTED_EDGE('',*,*,#850,.F.);
#850 = EDGE_CURVE('',#851,#851,#853,.T.);
#851 = VERTEX_POINT('',#852);
#852 = CARTESIAN_POINT('',(482.,-220.,0.));
#853 = SURFACE_CURVE('',#854,(#859,#866),.PCURVE_S1.);
#854 = CIRCLE('',#855,7.);
#855 = AXIS2_PLACEMENT_3D('',#856,#857,#858);
#856 = CARTESIAN_POINT('',(475.,-220.,0.));
#857 = DIRECTION('',(0.,0.,1.));
#858 = DIRECTION('',(1.,0.,-0.));
#859 = PCURVE('',#72,#860);
#860 = DEFINITIONAL_REPRESENTATION('',(#861),#865);
#861 = CIRCLE('',#862,7.);
#862 = AXIS2_PLACEMENT_2D('',#863,#864);
#863 = CARTESIAN_POINT('',(975.,30.));
#864 = DIRECTION('',(1.,0.));
#865 = ( GEOMETRIC_REPRESENTATION_CONTEXT(2) 
PARAMETRIC_REPRESENTATION_CONTEXT() REPRESENTATION_CONTEXT('2D SPACE',''
  ) );
#866 = PCURVE('',#867,#872);
#867 = CYLINDRICAL_SURFACE('',#868,7.);
#868 = AXIS2_PLACEMENT_3D('',#869,#870,#871);
#869 = CARTESIAN_POINT('',(475.,-220.,-1.));
#870 = DIRECTION('',(0.,0.,1.));
#871 = DIRECTION('',(1.,0.,-0.));
#872 = DEFINITIONAL_REPRESENTATION('',(#873),#877);
#873 = LINE('',#874,#875);
#874 = CARTESIAN_POINT('',(0.,1.));
#875 = VECTOR('',#876,1.);
#876 = DIRECTION('',(1.,0.));
#877 = ( GEOMETRIC_REPRESENTATION_CONTEXT(2) 
PARAMETRIC_REPRESENTATION_CONTEXT() REPRESENTATION_CONTEXT('2D SPACE',''
  ) );
#878 = FACE_BOUND('',#879,.F.);
#879 = EDGE_LOOP('',(#880));
#880 = ORIENTED_EDGE('',*,*,#881,.F.);
#881 = EDGE_CURVE('',#882,#882,#884,.T.);
#882 = VERTEX_POINT('',#883);
#883 = CARTESIAN_POINT('',(-468.,220.,0.));
#884 = SURFACE_CURVE('',#885,(#890,#897),.PCURVE_S1.);
#885 = CIRCLE('',#886,7.);
#886 = AXIS2_PLACEMENT_3D('',#887,#888,#889);
#887 = CARTESIAN_POINT('',(-475.,220.,0.));
#888 = DIRECTION('',(0.,0.,1.));
#889 = DIRECTION('',(1.,0.,-0.));
#890 = PCURVE('',#72,#891);
#891 = DEFINITIONAL_REPRESENTATION('',(#892),#896);
#892 = CIRCLE('',#893,7.);
#893 = AXIS2_PLACEMENT_2D('',#894,#895);
#894 = CARTESIAN_POINT('',(25.,470.));
#895 = DIRECTION('',(1.,0.));
#896 = ( GEOMETRIC_REPRESENTATION_CONTEXT(2) 
PARAMETRIC_REPRESENTATION_CONTEXT() REPRESENTATION_CONTEXT('2D SPACE',''
  ) );
#897 = PCURVE('',#898,#903);
#898 = CYLINDRICAL_SURFACE('',#899,7.);
#899 = AXIS2_PLACEMENT_3D('',#900,#901,#902);
#900 = CARTESIAN_POINT('',(-475.,220.,-1.));
#901 = DIRECTION('',(0.,0.,1.));
#902 = DIRECTION('',(1.,0.,-0.));
#903 = DEFINITIONAL_REPRESENTATION('',(#904),#908);
#904 = LINE('',#905,#906);
#905 = CARTESIAN_POINT('',(0.,1.));
#906 = VECTOR('',#907,1.);
#907 = DIRECTION('',(1.,0.));
#908 = ( GEOMETRIC_REPRESENTATION_CONTEXT(2) 
PARAMETRIC_REPRESENTATION_CONTEXT() REPRESENTATION_CONTEXT('2D SPACE',''
  ) );
#909 = FACE_BOUND('',#910,.F.);
#910 = EDGE_LOOP('',(#911,#939,#965,#991));
#911 = ORIENTED_EDGE('',*,*,#912,.T.);
#912 = EDGE_CURVE('',#913,#915,#917,.T.);
#913 = VERTEX_POINT('',#914);
#914 = CARTESIAN_POINT('',(450.,-200.,0.));
#915 = VERTEX_POINT('',#916);
#916 = CARTESIAN_POINT('',(-450.,-200.,0.));
#917 = SURFACE_CURVE('',#918,(#922,#928),.PCURVE_S1.);
#918 = LINE('',#919,#920);
#919 = CARTESIAN_POINT('',(-475.,-200.,0.));
#920 = VECTOR('',#921,1.);
#921 = DIRECTION('',(-1.,-0.,0.));
#922 = PCURVE('',#72,#923);
#923 = DEFINITIONAL_REPRESENTATION('',(#924),#927);
#924 = B_SPLINE_CURVE_WITH_KNOTS('',1,(#925,#926),.UNSPECIFIED.,.F.,.F.,
  (2,2),(-925.,-25.),.PIECEWISE_BEZIER_KNOTS.);
#925 = CARTESIAN_POINT('',(950.,50.));
#926 = CARTESIAN_POINT('',(50.,50.));
#927 = ( GEOMETRIC_REPRESENTATION_CONTEXT(2) 
PARAMETRIC_REPRESENTATION_CONTEXT() REPRESENTATION_CONTEXT('2D SPACE',''
  ) );
#928 = PCURVE('',#929,#934);
#929 = PLANE('',#930);
#930 = AXIS2_PLACEMENT_3D('',#931,#932,#933);
#931 = CARTESIAN_POINT('',(-450.,-200.,-1.));
#932 = DIRECTION('',(-0.,1.,0.));
#933 = DIRECTION('',(0.,0.,1.));
#934 = DEFINITIONAL_REPRESENTATION('',(#935),#938);
#935 = B_SPLINE_CURVE_WITH_KNOTS('',1,(#936,#937),.UNSPECIFIED.,.F.,.F.,
  (2,2),(-925.,-25.),.PIECEWISE_BEZIER_KNOTS.);
#936 = CARTESIAN_POINT('',(1.,900.));
#937 = CARTESIAN_POINT('',(1.,0.));
#938 = ( GEOMETRIC_REPRESENTATION_CONTEXT(2) 
PARAMETRIC_REPRESENTATION_CONTEXT() REPRESENTATION_CONTEXT('2D SPACE',''
  ) );
#939 = ORIENTED_EDGE('',*,*,#940,.T.);
#940 = EDGE_CURVE('',#915,#941,#943,.T.);
#941 = VERTEX_POINT('',#942);
#942 = CARTESIAN_POINT('',(-450.,200.,0.));
#943 = SURFACE_CURVE('',#944,(#948,#954),.PCURVE_S1.);
#944 = LINE('',#945,#946);
#945 = CARTESIAN_POINT('',(-450.,-225.,0.));
#946 = VECTOR('',#947,1.);
#947 = DIRECTION('',(-0.,1.,0.));
#948 = PCURVE('',#72,#949);
#949 = DEFINITIONAL_REPRESENTATION('',(#950),#953);
#950 = B_SPLINE_CURVE_WITH_KNOTS('',1,(#951,#952),.UNSPECIFIED.,.F.,.F.,
  (2,2),(25.,425.),.PIECEWISE_BEZIER_KNOTS.);
#951 = CARTESIAN_POINT('',(50.,50.));
#952 = CARTESIAN_POINT('',(50.,450.));
#953 = ( GEOMETRIC_REPRESENTATION_CONTEXT(2) 
PARAMETRIC_REPRESENTATION_CONTEXT() REPRESENTATION_CONTEXT('2D SPACE',''
  ) );
#954 = PCURVE('',#955,#960);
#955 = PLANE('',#956);
#956 = AXIS2_PLACEMENT_3D('',#957,#958,#959);
#957 = CARTESIAN_POINT('',(-450.,-200.,-1.));
#958 = DIRECTION('',(1.,0.,-0.));
#959 = DIRECTION('',(0.,0.,1.));
#960 = DEFINITIONAL_REPRESENTATION('',(#961),#964);
#961 = B_SPLINE_CURVE_WITH_KNOTS('',1,(#962,#963),.UNSPECIFIED.,.F.,.F.,
  (2,2),(25.,425.),.PIECEWISE_BEZIER_KNOTS.);
#962 = CARTESIAN_POINT('',(1.,0.));
#963 = CARTESIAN_POINT('',(1.,-400.));
#964 = ( GEOMETRIC_REPRESENTATION_CONTEXT(2) 
PARAMETRIC_REPRESENTATION_CONTEXT() REPRESENTATION_CONTEXT('2D SPACE',''
  ) );
#965 = ORIENTED_EDGE('',*,*,#966,.F.);
#966 = EDGE_CURVE('',#967,#941,#969,.T.);
#967 = VERTEX_POINT('',#968);
#968 = CARTESIAN_POINT('',(450.,200.,0.));
#969 = SURFACE_CURVE('',#970,(#974,#980),.PCURVE_S1.);
#970 = LINE('',#971,#972);
#971 = CARTESIAN_POINT('',(-475.,200.,0.));
#972 = VECTOR('',#973,1.);
#973 = DIRECTION('',(-1.,-0.,0.));
#974 = PCURVE('',#72,#975);
#975 = DEFINITIONAL_REPRESENTATION('',(#976),#979);
#976 = B_SPLINE_CURVE_WITH_KNOTS('',1,(#977,#978),.UNSPECIFIED.,.F.,.F.,
  (2,2),(-925.,-25.),.PIECEWISE_BEZIER_KNOTS.);
#977 = CARTESIAN_POINT('',(950.,450.));
#978 = CARTESIAN_POINT('',(50.,450.));
#979 = ( GEOMETRIC_REPRESENTATION_CONTEXT(2) 
PARAMETRIC_REPRESENTATION_CONTEXT() REPRESENTATION_CONTEXT('2D SPACE',''
  ) );
#980 = PCURVE('',#981,#986);
#981 = PLANE('',#982);
#982 = AXIS2_PLACEMENT_3D('',#983,#984,#985);
#983 = CARTESIAN_POINT('',(-450.,200.,-1.));
#984 = DIRECTION('',(-0.,1.,0.));
#985 = DIRECTION('',(0.,0.,1.));
#986 = DEFINITIONAL_REPRESENTATION('',(#987),#990);
#987 = B_SPLINE_CURVE_WITH_KNOTS('',1,(#988,#989),.UNSPECIFIED.,.F.,.F.,
  (2,2),(-925.,-25.),.PIECEWISE_BEZIER_KNOTS.);
#988 = CARTESIAN_POINT('',(1.,900.));
#989 = CARTESIAN_POINT('',(1.,0.));
#990 = ( GEOMETRIC_REPRESENTATION_CONTEXT(2) 
PARAMETRIC_REPRESENTATION_CONTEXT() REPRESENTATION_CONTEXT('2D SPACE',''
  ) );
#991 = ORIENTED_EDGE('',*,*,#992,.F.);
#992 = EDGE_CURVE('',#913,#967,#993,.T.);
#993 = SURFACE_CURVE('',#994,(#998,#1004),.PCURVE_S1.);
#994 = LINE('',#995,#996);
#995 = CARTESIAN_POINT('',(450.,-225.,0.));
#996 = VECTOR('',#997,1.);
#997 = DIRECTION('',(-0.,1.,0.));
#998 = PCURVE('',#72,#999);
#999 = DEFINITIONAL_REPRESENTATION('',(#1000),#1003);
#1000 = B_SPLINE_CURVE_WITH_KNOTS('',1,(#1001,#1002),.UNSPECIFIED.,.F.,
  .F.,(2,2),(25.,425.),.PIECEWISE_BEZIER_KNOTS.);
#1001 = CARTESIAN_POINT('',(950.,50.));
#1002 = CARTESIAN_POINT('',(950.,450.));
#1003 = ( GEOMETRIC_REPRESENTATION_CONTEXT(2) 
PARAMETRIC_REPRESENTATION_CONTEXT() REPRESENTATION_CONTEXT('2D SPACE',''
  ) );
#1004 = PCURVE('',#1005,#1010);
#1005 = PLANE('',#1006);
#1006 = AXIS2_PLACEMENT_3D('',#1007,#1008,#1009);
#1007 = CARTESIAN_POINT('',(450.,-200.,-1.));
#1008 = DIRECTION('',(1.,0.,-0.));
#1009 = DIRECTION('',(0.,0.,1.));
#1010 = DEFINITIONAL_REPRESENTATION('',(#1011),#1014);
#1011 = B_SPLINE_CURVE_WITH_KNOTS('',1,(#1012,#1013),.UNSPECIFIED.,.F.,
  .F.,(2,2),(25.,425.),.PIECEWISE_BEZIER_KNOTS.);
#1012 = CARTESIAN_POINT('',(1.,0.));
#1013 = CARTESIAN_POINT('',(1.,-400.));
#1014 = ( GEOMETRIC_REPRESENTATION_CONTEXT(2) 
PARAMETRIC_REPRESENTATION_CONTEXT() REPRESENTATION_CONTEXT('2D SPACE',''
  ) );
#1015 = FACE_BOUND('',#1016,.F.);
#1016 = EDGE_LOOP('',(#1017));
#1017 = ORIENTED_EDGE('',*,*,#1018,.F.);
#1018 = EDGE_CURVE('',#1019,#1019,#1021,.T.);
#1019 = VERTEX_POINT('',#1020);
#1020 = CARTESIAN_POINT('',(482.,220.,0.));
#1021 = SURFACE_CURVE('',#1022,(#1027,#1034),.PCURVE_S1.);
#1022 = CIRCLE('',#1023,7.);
#1023 = AXIS2_PLACEMENT_3D('',#1024,#1025,#1026);
#1024 = CARTESIAN_POINT('',(475.,220.,0.));
#1025 = DIRECTION('',(0.,0.,1.));
#1026 = DIRECTION('',(1.,0.,-0.));
#1027 = PCURVE('',#72,#1028);
#1028 = DEFINITIONAL_REPRESENTATION('',(#1029),#1033);
#1029 = CIRCLE('',#1030,7.);
#1030 = AXIS2_PLACEMENT_2D('',#1031,#1032);
#1031 = CARTESIAN_POINT('',(975.,470.));
#1032 = DIRECTION('',(1.,0.));
#1033 = ( GEOMETRIC_REPRESENTATION_CONTEXT(2) 
PARAMETRIC_REPRESENTATION_CONTEXT() REPRESENTATION_CONTEXT('2D SPACE',''
  ) );
#1034 = PCURVE('',#1035,#1040);
#1035 = CYLINDRICAL_SURFACE('',#1036,7.);
#1036 = AXIS2_PLACEMENT_3D('',#1037,#1038,#1039);
#1037 = CARTESIAN_POINT('',(475.,220.,-1.));
#1038 = DIRECTION('',(0.,0.,1.));
#1039 = DIRECTION('',(1.,0.,-0.));
#1040 = DEFINITIONAL_REPRESENTATION('',(#1041),#1045);
#1041 = LINE('',#1042,#1043);
#1042 = CARTESIAN_POINT('',(0.,1.));
#1043 = VECTOR('',#1044,1.);
#1044 = DIRECTION('',(1.,0.));
#1045 = ( GEOMETRIC_REPRESENTATION_CONTEXT(2) 
PARAMETRIC_REPRESENTATION_CONTEXT() REPRESENTATION_CONTEXT('2D SPACE',''
  ) );
#1046 = ADVANCED_FACE('',(#1047),#202,.T.);
#1047 = FACE_BOUND('',#1048,.T.);
#1048 = EDGE_LOOP('',(#1049,#1050,#1051,#1052));
#1049 = ORIENTED_EDGE('',*,*,#188,.F.);
#1050 = ORIENTED_EDGE('',*,*,#795,.T.);
#1051 = ORIENTED_EDGE('',*,*,#769,.T.);
#1052 = ORIENTED_EDGE('',*,*,#219,.F.);
#1053 = ADVANCED_FACE('',(#1054),#282,.F.);
#1054 = FACE_BOUND('',#1055,.F.);
#1055 = EDGE_LOOP('',(#1056,#1057,#1080,#1107));
#1056 = ORIENTED_EDGE('',*,*,#265,.F.);
#1057 = ORIENTED_EDGE('',*,*,#1058,.F.);
#1058 = EDGE_CURVE('',#1059,#266,#1061,.T.);
#1059 = VERTEX_POINT('',#1060);
#1060 = CARTESIAN_POINT('',(-459.,-220.,95.));
#1061 = SEAM_CURVE('',#1062,(#1066,#1073),.PCURVE_S1.);
#1062 = LINE('',#1063,#1064);
#1063 = CARTESIAN_POINT('',(-459.,-220.,94.));
#1064 = VECTOR('',#1065,1.);
#1065 = DIRECTION('',(0.,0.,1.));
#1066 = PCURVE('',#282,#1067);
#1067 = DEFINITIONAL_REPRESENTATION('',(#1068),#1072);
#1068 = LINE('',#1069,#1070);
#1069 = CARTESIAN_POINT('',(6.28318530718,-0.));
#1070 = VECTOR('',#1071,1.);
#1071 = DIRECTION('',(0.,1.));
#1072 = ( GEOMETRIC_REPRESENTATION_CONTEXT(2) 
PARAMETRIC_REPRESENTATION_CONTEXT() REPRESENTATION_CONTEXT('2D SPACE',''
  ) );
#1073 = PCURVE('',#282,#1074);
#1074 = DEFINITIONAL_REPRESENTATION('',(#1075),#1079);
#1075 = LINE('',#1076,#1077);
#1076 = CARTESIAN_POINT('',(0.,-0.));
#1077 = VECTOR('',#1078,1.);
#1078 = DIRECTION('',(0.,1.));
#1079 = ( GEOMETRIC_REPRESENTATION_CONTEXT(2) 
PARAMETRIC_REPRESENTATION_CONTEXT() REPRESENTATION_CONTEXT('2D SPACE',''
  ) );
#1080 = ORIENTED_EDGE('',*,*,#1081,.T.);
#1081 = EDGE_CURVE('',#1059,#1059,#1082,.T.);
#1082 = SURFACE_CURVE('',#1083,(#1088,#1095),.PCURVE_S1.);
#1083 = CIRCLE('',#1084,16.);
#1084 = AXIS2_PLACEMENT_3D('',#1085,#1086,#1087);
#1085 = CARTESIAN_POINT('',(-475.,-220.,95.));
#1086 = DIRECTION('',(0.,0.,1.));
#1087 = DIRECTION('',(1.,0.,-0.));
#1088 = PCURVE('',#282,#1089);
#1089 = DEFINITIONAL_REPRESENTATION('',(#1090),#1094);
#1090 = LINE('',#1091,#1092);
#1091 = CARTESIAN_POINT('',(0.,1.));
#1092 = VECTOR('',#1093,1.);
#1093 = DIRECTION('',(1.,0.));
#1094 = ( GEOMETRIC_REPRESENTATION_CONTEXT(2) 
PARAMETRIC_REPRESENTATION_CONTEXT() REPRESENTATION_CONTEXT('2D SPACE',''
  ) );
#1095 = PCURVE('',#1096,#1101);
#1096 = PLANE('',#1097);
#1097 = AXIS2_PLACEMENT_3D('',#1098,#1099,#1100);
#1098 = CARTESIAN_POINT('',(-495.,-245.,95.));
#1099 = DIRECTION('',(0.,0.,1.));
#1100 = DIRECTION('',(1.,0.,-0.));
#1101 = DEFINITIONAL_REPRESENTATION('',(#1102),#1106);
#1102 = CIRCLE('',#1103,16.);
#1103 = AXIS2_PLACEMENT_2D('',#1104,#1105);
#1104 = CARTESIAN_POINT('',(20.,25.));
#1105 = DIRECTION('',(1.,0.));
#1106 = ( GEOMETRIC_REPRESENTATION_CONTEXT(2) 
PARAMETRIC_REPRESENTATION_CONTEXT() REPRESENTATION_CONTEXT('2D SPACE',''
  ) );
#1107 = ORIENTED_EDGE('',*,*,#1058,.T.);
#1108 = ADVANCED_FACE('',(#1109),#313,.F.);
#1109 = FACE_BOUND('',#1110,.F.);
#1110 = EDGE_LOOP('',(#1111,#1112,#1135,#1157));
#1111 = ORIENTED_EDGE('',*,*,#296,.F.);
#1112 = ORIENTED_EDGE('',*,*,#1113,.F.);
#1113 = EDGE_CURVE('',#1114,#297,#1116,.T.);
#1114 = VERTEX_POINT('',#1115);
#1115 = CARTESIAN_POINT('',(-394.5,-225.,95.));
#1116 = SEAM_CURVE('',#1117,(#1121,#1128),.PCURVE_S1.);
#1117 = LINE('',#1118,#1119);
#1118 = CARTESIAN_POINT('',(-394.5,-225.,94.));
#1119 = VECTOR('',#1120,1.);
#1120 = DIRECTION('',(0.,0.,1.));
#1121 = PCURVE('',#313,#1122);
#1122 = DEFINITIONAL_REPRESENTATION('',(#1123),#1127);
#1123 = LINE('',#1124,#1125);
#1124 = CARTESIAN_POINT('',(6.28318530718,-0.));
#1125 = VECTOR('',#1126,1.);
#1126 = DIRECTION('',(0.,1.));
#1127 = ( GEOMETRIC_REPRESENTATION_CONTEXT(2) 
PARAMETRIC_REPRESENTATION_CONTEXT() REPRESENTATION_CONTEXT('2D SPACE',''
  ) );
#1128 = PCURVE('',#313,#1129);
#1129 = DEFINITIONAL_REPRESENTATION('',(#1130),#1134);
#1130 = LINE('',#1131,#1132);
#1131 = CARTESIAN_POINT('',(0.,-0.));
#1132 = VECTOR('',#1133,1.);
#1133 = DIRECTION('',(0.,1.));
#1134 = ( GEOMETRIC_REPRESENTATION_CONTEXT(2) 
PARAMETRIC_REPRESENTATION_CONTEXT() REPRESENTATION_CONTEXT('2D SPACE',''
  ) );
#1135 = ORIENTED_EDGE('',*,*,#1136,.T.);
#1136 = EDGE_CURVE('',#1114,#1114,#1137,.T.);
#1137 = SURFACE_CURVE('',#1138,(#1143,#1150),.PCURVE_S1.);
#1138 = CIRCLE('',#1139,5.5);
#1139 = AXIS2_PLACEMENT_3D('',#1140,#1141,#1142);
#1140 = CARTESIAN_POINT('',(-400.,-225.,95.));
#1141 = DIRECTION('',(0.,0.,1.));
#1142 = DIRECTION('',(1.,0.,-0.));
#1143 = PCURVE('',#313,#1144);
#1144 = DEFINITIONAL_REPRESENTATION('',(#1145),#1149);
#1145 = LINE('',#1146,#1147);
#1146 = CARTESIAN_POINT('',(0.,1.));
#1147 = VECTOR('',#1148,1.);
#1148 = DIRECTION('',(1.,0.));
#1149 = ( GEOMETRIC_REPRESENTATION_CONTEXT(2) 
PARAMETRIC_REPRESENTATION_CONTEXT() REPRESENTATION_CONTEXT('2D SPACE',''
  ) );
#1150 = PCURVE('',#1096,#1151);
#1151 = DEFINITIONAL_REPRESENTATION('',(#1152),#1156);
#1152 = CIRCLE('',#1153,5.5);
#1153 = AXIS2_PLACEMENT_2D('',#1154,#1155);
#1154 = CARTESIAN_POINT('',(95.,20.));
#1155 = DIRECTION('',(1.,0.));
#1156 = ( GEOMETRIC_REPRESENTATION_CONTEXT(2) 
PARAMETRIC_REPRESENTATION_CONTEXT() REPRESENTATION_CONTEXT('2D SPACE',''
  ) );
#1157 = ORIENTED_EDGE('',*,*,#1113,.T.);
#1158 = ADVANCED_FACE('',(#1159),#344,.F.);
#1159 = FACE_BOUND('',#1160,.F.);
#1160 = EDGE_LOOP('',(#1161,#1162,#1185,#1207));
#1161 = ORIENTED_EDGE('',*,*,#327,.F.);
#1162 = ORIENTED_EDGE('',*,*,#1163,.F.);
#1163 = EDGE_CURVE('',#1164,#328,#1166,.T.);
#1164 = VERTEX_POINT('',#1165);
#1165 = CARTESIAN_POINT('',(-144.5,-225.,95.));
#1166 = SEAM_CURVE('',#1167,(#1171,#1178),.PCURVE_S1.);
#1167 = LINE('',#1168,#1169);
#1168 = CARTESIAN_POINT('',(-144.5,-225.,94.));
#1169 = VECTOR('',#1170,1.);
#1170 = DIRECTION('',(0.,0.,1.));
#1171 = PCURVE('',#344,#1172);
#1172 = DEFINITIONAL_REPRESENTATION('',(#1173),#1177);
#1173 = LINE('',#1174,#1175);
#1174 = CARTESIAN_POINT('',(6.28318530718,-0.));
#1175 = VECTOR('',#1176,1.);
#1176 = DIRECTION('',(0.,1.));
#1177 = ( GEOMETRIC_REPRESENTATION_CONTEXT(2) 
PARAMETRIC_REPRESENTATION_CONTEXT() REPRESENTATION_CONTEXT('2D SPACE',''
  ) );
#1178 = PCURVE('',#344,#1179);
#1179 = DEFINITIONAL_REPRESENTATION('',(#1180),#1184);
#1180 = LINE('',#1181,#1182);
#1181 = CARTESIAN_POINT('',(0.,-0.));
#1182 = VECTOR('',#1183,1.);
#1183 = DIRECTION('',(0.,1.));
#1184 = ( GEOMETRIC_REPRESENTATION_CONTEXT(2) 
PARAMETRIC_REPRESENTATION_CONTEXT() REPRESENTATION_CONTEXT('2D SPACE',''
  ) );
#1185 = ORIENTED_EDGE('',*,*,#1186,.T.);
#1186 = EDGE_CURVE('',#1164,#1164,#1187,.T.);
#1187 = SURFACE_CURVE('',#1188,(#1193,#1200),.PCURVE_S1.);
#1188 = CIRCLE('',#1189,5.5);
#1189 = AXIS2_PLACEMENT_3D('',#1190,#1191,#1192);
#1190 = CARTESIAN_POINT('',(-150.,-225.,95.));
#1191 = DIRECTION('',(0.,0.,1.));
#1192 = DIRECTION('',(1.,0.,-0.));
#1193 = PCURVE('',#344,#1194);
#1194 = DEFINITIONAL_REPRESENTATION('',(#1195),#1199);
#1195 = LINE('',#1196,#1197);
#1196 = CARTESIAN_POINT('',(0.,1.));
#1197 = VECTOR('',#1198,1.);
#1198 = DIRECTION('',(1.,0.));
#1199 = ( GEOMETRIC_REPRESENTATION_CONTEXT(2) 
PARAMETRIC_REPRESENTATION_CONTEXT() REPRESENTATION_CONTEXT('2D SPACE',''
  ) );
#1200 = PCURVE('',#1096,#1201);
#1201 = DEFINITIONAL_REPRESENTATION('',(#1202),#1206);
#1202 = CIRCLE('',#1203,5.5);
#1203 = AXIS2_PLACEMENT_2D('',#1204,#1205);
#1204 = CARTESIAN_POINT('',(345.,20.));
#1205 = DIRECTION('',(1.,0.));
#1206 = ( GEOMETRIC_REPRESENTATION_CONTEXT(2) 
PARAMETRIC_REPRESENTATION_CONTEXT() REPRESENTATION_CONTEXT('2D SPACE',''
  ) );
#1207 = ORIENTED_EDGE('',*,*,#1163,.T.);
#1208 = ADVANCED_FACE('',(#1209),#375,.F.);
#1209 = FACE_BOUND('',#1210,.F.);
#1210 = EDGE_LOOP('',(#1211,#1212,#1235,#1257));
#1211 = ORIENTED_EDGE('',*,*,#358,.F.);
#1212 = ORIENTED_EDGE('',*,*,#1213,.F.);
#1213 = EDGE_CURVE('',#1214,#359,#1216,.T.);
#1214 = VERTEX_POINT('',#1215);
#1215 = CARTESIAN_POINT('',(155.5,-225.,95.));
#1216 = SEAM_CURVE('',#1217,(#1221,#1228),.PCURVE_S1.);
#1217 = LINE('',#1218,#1219);
#1218 = CARTESIAN_POINT('',(155.5,-225.,94.));
#1219 = VECTOR('',#1220,1.);
#1220 = DIRECTION('',(0.,0.,1.));
#1221 = PCURVE('',#375,#1222);
#1222 = DEFINITIONAL_REPRESENTATION('',(#1223),#1227);
#1223 = LINE('',#1224,#1225);
#1224 = CARTESIAN_POINT('',(6.28318530718,-0.));
#1225 = VECTOR('',#1226,1.);
#1226 = DIRECTION('',(0.,1.));
#1227 = ( GEOMETRIC_REPRESENTATION_CONTEXT(2) 
PARAMETRIC_REPRESENTATION_CONTEXT() REPRESENTATION_CONTEXT('2D SPACE',''
  ) );
#1228 = PCURVE('',#375,#1229);
#1229 = DEFINITIONAL_REPRESENTATION('',(#1230),#1234);
#1230 = LINE('',#1231,#1232);
#1231 = CARTESIAN_POINT('',(0.,-0.));
#1232 = VECTOR('',#1233,1.);
#1233 = DIRECTION('',(0.,1.));
#1234 = ( GEOMETRIC_REPRESENTATION_CONTEXT(2) 
PARAMETRIC_REPRESENTATION_CONTEXT() REPRESENTATION_CONTEXT('2D SPACE',''
  ) );
#1235 = ORIENTED_EDGE('',*,*,#1236,.T.);
#1236 = EDGE_CURVE('',#1214,#1214,#1237,.T.);
#1237 = SURFACE_CURVE('',#1238,(#1243,#1250),.PCURVE_S1.);
#1238 = CIRCLE('',#1239,5.5);
#1239 = AXIS2_PLACEMENT_3D('',#1240,#1241,#1242);
#1240 = CARTESIAN_POINT('',(150.,-225.,95.));
#1241 = DIRECTION('',(0.,0.,1.));
#1242 = DIRECTION('',(1.,0.,-0.));
#1243 = PCURVE('',#375,#1244);
#1244 = DEFINITIONAL_REPRESENTATION('',(#1245),#1249);
#1245 = LINE('',#1246,#1247);
#1246 = CARTESIAN_POINT('',(0.,1.));
#1247 = VECTOR('',#1248,1.);
#1248 = DIRECTION('',(1.,0.));
#1249 = ( GEOMETRIC_REPRESENTATION_CONTEXT(2) 
PARAMETRIC_REPRESENTATION_CONTEXT() REPRESENTATION_CONTEXT('2D SPACE',''
  ) );
#1250 = PCURVE('',#1096,#1251);
#1251 = DEFINITIONAL_REPRESENTATION('',(#1252),#1256);
#1252 = CIRCLE('',#1253,5.5);
#1253 = AXIS2_PLACEMENT_2D('',#1254,#1255);
#1254 = CARTESIAN_POINT('',(645.,20.));
#1255 = DIRECTION('',(1.,0.));
#1256 = ( GEOMETRIC_REPRESENTATION_CONTEXT(2) 
PARAMETRIC_REPRESENTATION_CONTEXT() REPRESENTATION_CONTEXT('2D SPACE',''
  ) );
#1257 = ORIENTED_EDGE('',*,*,#1213,.T.);
#1258 = ADVANCED_FACE('',(#1259),#406,.F.);
#1259 = FACE_BOUND('',#1260,.F.);
#1260 = EDGE_LOOP('',(#1261,#1262,#1285,#1307));
#1261 = ORIENTED_EDGE('',*,*,#389,.F.);
#1262 = ORIENTED_EDGE('',*,*,#1263,.F.);
#1263 = EDGE_CURVE('',#1264,#390,#1266,.T.);
#1264 = VERTEX_POINT('',#1265);
#1265 = CARTESIAN_POINT('',(405.5,-225.,95.));
#1266 = SEAM_CURVE('',#1267,(#1271,#1278),.PCURVE_S1.);
#1267 = LINE('',#1268,#1269);
#1268 = CARTESIAN_POINT('',(405.5,-225.,94.));
#1269 = VECTOR('',#1270,1.);
#1270 = DIRECTION('',(0.,0.,1.));
#1271 = PCURVE('',#406,#1272);
#1272 = DEFINITIONAL_REPRESENTATION('',(#1273),#1277);
#1273 = LINE('',#1274,#1275);
#1274 = CARTESIAN_POINT('',(6.28318530718,-0.));
#1275 = VECTOR('',#1276,1.);
#1276 = DIRECTION('',(0.,1.));
#1277 = ( GEOMETRIC_REPRESENTATION_CONTEXT(2) 
PARAMETRIC_REPRESENTATION_CONTEXT() REPRESENTATION_CONTEXT('2D SPACE',''
  ) );
#1278 = PCURVE('',#406,#1279);
#1279 = DEFINITIONAL_REPRESENTATION('',(#1280),#1284);
#1280 = LINE('',#1281,#1282);
#1281 = CARTESIAN_POINT('',(0.,-0.));
#1282 = VECTOR('',#1283,1.);
#1283 = DIRECTION('',(0.,1.));
#1284 = ( GEOMETRIC_REPRESENTATION_CONTEXT(2) 
PARAMETRIC_REPRESENTATION_CONTEXT() REPRESENTATION_CONTEXT('2D SPACE',''
  ) );
#1285 = ORIENTED_EDGE('',*,*,#1286,.T.);
#1286 = EDGE_CURVE('',#1264,#1264,#1287,.T.);
#1287 = SURFACE_CURVE('',#1288,(#1293,#1300),.PCURVE_S1.);
#1288 = CIRCLE('',#1289,5.5);
#1289 = AXIS2_PLACEMENT_3D('',#1290,#1291,#1292);
#1290 = CARTESIAN_POINT('',(400.,-225.,95.));
#1291 = DIRECTION('',(0.,0.,1.));
#1292 = DIRECTION('',(1.,0.,-0.));
#1293 = PCURVE('',#406,#1294);
#1294 = DEFINITIONAL_REPRESENTATION('',(#1295),#1299);
#1295 = LINE('',#1296,#1297);
#1296 = CARTESIAN_POINT('',(0.,1.));
#1297 = VECTOR('',#1298,1.);
#1298 = DIRECTION('',(1.,0.));
#1299 = ( GEOMETRIC_REPRESENTATION_CONTEXT(2) 
PARAMETRIC_REPRESENTATION_CONTEXT() REPRESENTATION_CONTEXT('2D SPACE',''
  ) );
#1300 = PCURVE('',#1096,#1301);
#1301 = DEFINITIONAL_REPRESENTATION('',(#1302),#1306);
#1302 = CIRCLE('',#1303,5.5);
#1303 = AXIS2_PLACEMENT_2D('',#1304,#1305);
#1304 = CARTESIAN_POINT('',(895.,20.));
#1305 = DIRECTION('',(1.,0.));
#1306 = ( GEOMETRIC_REPRESENTATION_CONTEXT(2) 
PARAMETRIC_REPRESENTATION_CONTEXT() REPRESENTATION_CONTEXT('2D SPACE',''
  ) );
#1307 = ORIENTED_EDGE('',*,*,#1263,.T.);
#1308 = ADVANCED_FACE('',(#1309),#437,.F.);
#1309 = FACE_BOUND('',#1310,.F.);
#1310 = EDGE_LOOP('',(#1311,#1312,#1335,#1357));
#1311 = ORIENTED_EDGE('',*,*,#420,.F.);
#1312 = ORIENTED_EDGE('',*,*,#1313,.F.);
#1313 = EDGE_CURVE('',#1314,#421,#1316,.T.);
#1314 = VERTEX_POINT('',#1315);
#1315 = CARTESIAN_POINT('',(491.,-220.,95.));
#1316 = SEAM_CURVE('',#1317,(#1321,#1328),.PCURVE_S1.);
#1317 = LINE('',#1318,#1319);
#1318 = CARTESIAN_POINT('',(491.,-220.,94.));
#1319 = VECTOR('',#1320,1.);
#1320 = DIRECTION('',(0.,0.,1.));
#1321 = PCURVE('',#437,#1322);
#1322 = DEFINITIONAL_REPRESENTATION('',(#1323),#1327);
#1323 = LINE('',#1324,#1325);
#1324 = CARTESIAN_POINT('',(6.28318530718,-0.));
#1325 = VECTOR('',#1326,1.);
#1326 = DIRECTION('',(0.,1.));
#1327 = ( GEOMETRIC_REPRESENTATION_CONTEXT(2) 
PARAMETRIC_REPRESENTATION_CONTEXT() REPRESENTATION_CONTEXT('2D SPACE',''
  ) );
#1328 = PCURVE('',#437,#1329);
#1329 = DEFINITIONAL_REPRESENTATION('',(#1330),#1334);
#1330 = LINE('',#1331,#1332);
#1331 = CARTESIAN_POINT('',(0.,-0.));
#1332 = VECTOR('',#1333,1.);
#1333 = DIRECTION('',(0.,1.));
#1334 = ( GEOMETRIC_REPRESENTATION_CONTEXT(2) 
PARAMETRIC_REPRESENTATION_CONTEXT() REPRESENTATION_CONTEXT('2D SPACE',''
  ) );
#1335 = ORIENTED_EDGE('',*,*,#1336,.T.);
#1336 = EDGE_CURVE('',#1314,#1314,#1337,.T.);
#1337 = SURFACE_CURVE('',#1338,(#1343,#1350),.PCURVE_S1.);
#1338 = CIRCLE('',#1339,16.);
#1339 = AXIS2_PLACEMENT_3D('',#1340,#1341,#1342);
#1340 = CARTESIAN_POINT('',(475.,-220.,95.));
#1341 = DIRECTION('',(0.,0.,1.));
#1342 = DIRECTION('',(1.,0.,-0.));
#1343 = PCURVE('',#437,#1344);
#1344 = DEFINITIONAL_REPRESENTATION('',(#1345),#1349);
#1345 = LINE('',#1346,#1347);
#1346 = CARTESIAN_POINT('',(0.,1.));
#1347 = VECTOR('',#1348,1.);
#1348 = DIRECTION('',(1.,0.));
#1349 = ( GEOMETRIC_REPRESENTATION_CONTEXT(2) 
PARAMETRIC_REPRESENTATION_CONTEXT() REPRESENTATION_CONTEXT('2D SPACE',''
  ) );
#1350 = PCURVE('',#1096,#1351);
#1351 = DEFINITIONAL_REPRESENTATION('',(#1352),#1356);
#1352 = CIRCLE('',#1353,16.);
#1353 = AXIS2_PLACEMENT_2D('',#1354,#1355);
#1354 = CARTESIAN_POINT('',(970.,25.));
#1355 = DIRECTION('',(1.,0.));
#1356 = ( GEOMETRIC_REPRESENTATION_CONTEXT(2) 
PARAMETRIC_REPRESENTATION_CONTEXT() REPRESENTATION_CONTEXT('2D SPACE',''
  ) );
#1357 = ORIENTED_EDGE('',*,*,#1313,.T.);
#1358 = ADVANCED_FACE('',(#1359),#468,.F.);
#1359 = FACE_BOUND('',#1360,.F.);
#1360 = EDGE_LOOP('',(#1361,#1362,#1385,#1407));
#1361 = ORIENTED_EDGE('',*,*,#451,.F.);
#1362 = ORIENTED_EDGE('',*,*,#1363,.F.);
#1363 = EDGE_CURVE('',#1364,#452,#1366,.T.);
#1364 = VERTEX_POINT('',#1365);
#1365 = CARTESIAN_POINT('',(-469.5,-1.347111479062E-15,95.));
#1366 = SEAM_CURVE('',#1367,(#1371,#1378),.PCURVE_S1.);
#1367 = LINE('',#1368,#1369);
#1368 = CARTESIAN_POINT('',(-469.5,-1.347111479062E-15,94.));
#1369 = VECTOR('',#1370,1.);
#1370 = DIRECTION('',(0.,0.,1.));
#1371 = PCURVE('',#468,#1372);
#1372 = DEFINITIONAL_REPRESENTATION('',(#1373),#1377);
#1373 = LINE('',#1374,#1375);
#1374 = CARTESIAN_POINT('',(6.28318530718,-0.));
#1375 = VECTOR('',#1376,1.);
#1376 = DIRECTION('',(0.,1.));
#1377 = ( GEOMETRIC_REPRESENTATION_CONTEXT(2) 
PARAMETRIC_REPRESENTATION_CONTEXT() REPRESENTATION_CONTEXT('2D SPACE',''
  ) );
#1378 = PCURVE('',#468,#1379);
#1379 = DEFINITIONAL_REPRESENTATION('',(#1380),#1384);
#1380 = LINE('',#1381,#1382);
#1381 = CARTESIAN_POINT('',(0.,-0.));
#1382 = VECTOR('',#1383,1.);
#1383 = DIRECTION('',(0.,1.));
#1384 = ( GEOMETRIC_REPRESENTATION_CONTEXT(2) 
PARAMETRIC_REPRESENTATION_CONTEXT() REPRESENTATION_CONTEXT('2D SPACE',''
  ) );
#1385 = ORIENTED_EDGE('',*,*,#1386,.T.);
#1386 = EDGE_CURVE('',#1364,#1364,#1387,.T.);
#1387 = SURFACE_CURVE('',#1388,(#1393,#1400),.PCURVE_S1.);
#1388 = CIRCLE('',#1389,5.5);
#1389 = AXIS2_PLACEMENT_3D('',#1390,#1391,#1392);
#1390 = CARTESIAN_POINT('',(-475.,0.,95.));
#1391 = DIRECTION('',(0.,0.,1.));
#1392 = DIRECTION('',(1.,0.,-0.));
#1393 = PCURVE('',#468,#1394);
#1394 = DEFINITIONAL_REPRESENTATION('',(#1395),#1399);
#1395 = LINE('',#1396,#1397);
#1396 = CARTESIAN_POINT('',(0.,1.));
#1397 = VECTOR('',#1398,1.);
#1398 = DIRECTION('',(1.,0.));
#1399 = ( GEOMETRIC_REPRESENTATION_CONTEXT(2) 
PARAMETRIC_REPRESENTATION_CONTEXT() REPRESENTATION_CONTEXT('2D SPACE',''
  ) );
#1400 = PCURVE('',#1096,#1401);
#1401 = DEFINITIONAL_REPRESENTATION('',(#1402),#1406);
#1402 = CIRCLE('',#1403,5.5);
#1403 = AXIS2_PLACEMENT_2D('',#1404,#1405);
#1404 = CARTESIAN_POINT('',(20.,245.));
#1405 = DIRECTION('',(1.,0.));
#1406 = ( GEOMETRIC_REPRESENTATION_CONTEXT(2) 
PARAMETRIC_REPRESENTATION_CONTEXT() REPRESENTATION_CONTEXT('2D SPACE',''
  ) );
#1407 = ORIENTED_EDGE('',*,*,#1363,.T.);
#1408 = ADVANCED_FACE('',(#1409),#499,.T.);
#1409 = FACE_BOUND('',#1410,.T.);
#1410 = EDGE_LOOP('',(#1411,#1434,#1455,#1476));
#1411 = ORIENTED_EDGE('',*,*,#1412,.F.);
#1412 = EDGE_CURVE('',#1413,#483,#1415,.T.);
#1413 = VERTEX_POINT('',#1414);
#1414 = CARTESIAN_POINT('',(450.,-200.,95.));
#1415 = SURFACE_CURVE('',#1416,(#1420,#1427),.PCURVE_S1.);
#1416 = LINE('',#1417,#1418);
#1417 = CARTESIAN_POINT('',(450.,-200.,-1.));
#1418 = VECTOR('',#1419,1.);
#1419 = DIRECTION('',(0.,0.,1.));
#1420 = PCURVE('',#499,#1421);
#1421 = DEFINITIONAL_REPRESENTATION('',(#1422),#1426);
#1422 = LINE('',#1423,#1424);
#1423 = CARTESIAN_POINT('',(0.,900.));
#1424 = VECTOR('',#1425,1.);
#1425 = DIRECTION('',(1.,0.));
#1426 = ( GEOMETRIC_REPRESENTATION_CONTEXT(2) 
PARAMETRIC_REPRESENTATION_CONTEXT() REPRESENTATION_CONTEXT('2D SPACE',''
  ) );
#1427 = PCURVE('',#575,#1428);
#1428 = DEFINITIONAL_REPRESENTATION('',(#1429),#1433);
#1429 = LINE('',#1430,#1431);
#1430 = CARTESIAN_POINT('',(0.,0.));
#1431 = VECTOR('',#1432,1.);
#1432 = DIRECTION('',(1.,0.));
#1433 = ( GEOMETRIC_REPRESENTATION_CONTEXT(2) 
PARAMETRIC_REPRESENTATION_CONTEXT() REPRESENTATION_CONTEXT('2D SPACE',''
  ) );
#1434 = ORIENTED_EDGE('',*,*,#1435,.T.);
#1435 = EDGE_CURVE('',#1413,#1436,#1438,.T.);
#1436 = VERTEX_POINT('',#1437);
#1437 = CARTESIAN_POINT('',(-450.,-200.,95.));
#1438 = SURFACE_CURVE('',#1439,(#1443,#1449),.PCURVE_S1.);
#1439 = LINE('',#1440,#1441);
#1440 = CARTESIAN_POINT('',(-472.5,-200.,95.));
#1441 = VECTOR('',#1442,1.);
#1442 = DIRECTION('',(-1.,-0.,0.));
#1443 = PCURVE('',#499,#1444);
#1444 = DEFINITIONAL_REPRESENTATION('',(#1445),#1448);
#1445 = B_SPLINE_CURVE_WITH_KNOTS('',1,(#1446,#1447),.UNSPECIFIED.,.F.,
  .F.,(2,2),(-922.5,-22.5),.PIECEWISE_BEZIER_KNOTS.);
#1446 = CARTESIAN_POINT('',(96.,900.));
#1447 = CARTESIAN_POINT('',(96.,0.));
#1448 = ( GEOMETRIC_REPRESENTATION_CONTEXT(2) 
PARAMETRIC_REPRESENTATION_CONTEXT() REPRESENTATION_CONTEXT('2D SPACE',''
  ) );
#1449 = PCURVE('',#1096,#1450);
#1450 = DEFINITIONAL_REPRESENTATION('',(#1451),#1454);
#1451 = B_SPLINE_CURVE_WITH_KNOTS('',1,(#1452,#1453),.UNSPECIFIED.,.F.,
  .F.,(2,2),(-922.5,-22.5),.PIECEWISE_BEZIER_KNOTS.);
#1452 = CARTESIAN_POINT('',(945.,45.));
#1453 = CARTESIAN_POINT('',(45.,45.));
#1454 = ( GEOMETRIC_REPRESENTATION_CONTEXT(2) 
PARAMETRIC_REPRESENTATION_CONTEXT() REPRESENTATION_CONTEXT('2D SPACE',''
  ) );
#1455 = ORIENTED_EDGE('',*,*,#1456,.T.);
#1456 = EDGE_CURVE('',#1436,#485,#1457,.T.);
#1457 = SURFACE_CURVE('',#1458,(#1462,#1469),.PCURVE_S1.);
#1458 = LINE('',#1459,#1460);
#1459 = CARTESIAN_POINT('',(-450.,-200.,-1.));
#1460 = VECTOR('',#1461,1.);
#1461 = DIRECTION('',(0.,0.,1.));
#1462 = PCURVE('',#499,#1463);
#1463 = DEFINITIONAL_REPRESENTATION('',(#1464),#1468);
#1464 = LINE('',#1465,#1466);
#1465 = CARTESIAN_POINT('',(0.,0.));
#1466 = VECTOR('',#1467,1.);
#1467 = DIRECTION('',(1.,0.));
#1468 = ( GEOMETRIC_REPRESENTATION_CONTEXT(2) 
PARAMETRIC_REPRESENTATION_CONTEXT() REPRESENTATION_CONTEXT('2D SPACE',''
  ) );
#1469 = PCURVE('',#525,#1470);
#1470 = DEFINITIONAL_REPRESENTATION('',(#1471),#1475);
#1471 = LINE('',#1472,#1473);
#1472 = CARTESIAN_POINT('',(0.,0.));
#1473 = VECTOR('',#1474,1.);
#1474 = DIRECTION('',(1.,0.));
#1475 = ( GEOMETRIC_REPRESENTATION_CONTEXT(2) 
PARAMETRIC_REPRESENTATION_CONTEXT() REPRESENTATION_CONTEXT('2D SPACE',''
  ) );
#1476 = ORIENTED_EDGE('',*,*,#482,.F.);
#1477 = ADVANCED_FACE('',(#1478),#575,.F.);
#1478 = FACE_BOUND('',#1479,.F.);
#1479 = EDGE_LOOP('',(#1480,#1481,#1502,#1523));
#1480 = ORIENTED_EDGE('',*,*,#1412,.F.);
#1481 = ORIENTED_EDGE('',*,*,#1482,.T.);
#1482 = EDGE_CURVE('',#1413,#1483,#1485,.T.);
#1483 = VERTEX_POINT('',#1484);
#1484 = CARTESIAN_POINT('',(450.,200.,95.));
#1485 = SURFACE_CURVE('',#1486,(#1490,#1496),.PCURVE_S1.);
#1486 = LINE('',#1487,#1488);
#1487 = CARTESIAN_POINT('',(450.,-222.5,95.));
#1488 = VECTOR('',#1489,1.);
#1489 = DIRECTION('',(-0.,1.,0.));
#1490 = PCURVE('',#575,#1491);
#1491 = DEFINITIONAL_REPRESENTATION('',(#1492),#1495);
#1492 = B_SPLINE_CURVE_WITH_KNOTS('',1,(#1493,#1494),.UNSPECIFIED.,.F.,
  .F.,(2,2),(22.5,422.5),.PIECEWISE_BEZIER_KNOTS.);
#1493 = CARTESIAN_POINT('',(96.,0.));
#1494 = CARTESIAN_POINT('',(96.,-400.));
#1495 = ( GEOMETRIC_REPRESENTATION_CONTEXT(2) 
PARAMETRIC_REPRESENTATION_CONTEXT() REPRESENTATION_CONTEXT('2D SPACE',''
  ) );
#1496 = PCURVE('',#1096,#1497);
#1497 = DEFINITIONAL_REPRESENTATION('',(#1498),#1501);
#1498 = B_SPLINE_CURVE_WITH_KNOTS('',1,(#1499,#1500),.UNSPECIFIED.,.F.,
  .F.,(2,2),(22.5,422.5),.PIECEWISE_BEZIER_KNOTS.);
#1499 = CARTESIAN_POINT('',(945.,45.));
#1500 = CARTESIAN_POINT('',(945.,445.));
#1501 = ( GEOMETRIC_REPRESENTATION_CONTEXT(2) 
PARAMETRIC_REPRESENTATION_CONTEXT() REPRESENTATION_CONTEXT('2D SPACE',''
  ) );
#1502 = ORIENTED_EDGE('',*,*,#1503,.T.);
#1503 = EDGE_CURVE('',#1483,#537,#1504,.T.);
#1504 = SURFACE_CURVE('',#1505,(#1509,#1516),.PCURVE_S1.);
#1505 = LINE('',#1506,#1507);
#1506 = CARTESIAN_POINT('',(450.,200.,-1.));
#1507 = VECTOR('',#1508,1.);
#1508 = DIRECTION('',(0.,0.,1.));
#1509 = PCURVE('',#575,#1510);
#1510 = DEFINITIONAL_REPRESENTATION('',(#1511),#1515);
#1511 = LINE('',#1512,#1513);
#1512 = CARTESIAN_POINT('',(0.,-400.));
#1513 = VECTOR('',#1514,1.);
#1514 = DIRECTION('',(1.,0.));
#1515 = ( GEOMETRIC_REPRESENTATION_CONTEXT(2) 
PARAMETRIC_REPRESENTATION_CONTEXT() REPRESENTATION_CONTEXT('2D SPACE',''
  ) );
#1516 = PCURVE('',#551,#1517);
#1517 = DEFINITIONAL_REPRESENTATION('',(#1518),#1522);
#1518 = LINE('',#1519,#1520);
#1519 = CARTESIAN_POINT('',(0.,900.));
#1520 = VECTOR('',#1521,1.);
#1521 = DIRECTION('',(1.,0.));
#1522 = ( GEOMETRIC_REPRESENTATION_CONTEXT(2) 
PARAMETRIC_REPRESENTATION_CONTEXT() REPRESENTATION_CONTEXT('2D SPACE',''
  ) );
#1523 = ORIENTED_EDGE('',*,*,#562,.F.);
#1524 = ADVANCED_FACE('',(#1525),#525,.T.);
#1525 = FACE_BOUND('',#1526,.T.);
#1526 = EDGE_LOOP('',(#1527,#1528,#1549,#1570));
#1527 = ORIENTED_EDGE('',*,*,#1456,.F.);
#1528 = ORIENTED_EDGE('',*,*,#1529,.T.);
#1529 = EDGE_CURVE('',#1436,#1530,#1532,.T.);
#1530 = VERTEX_POINT('',#1531);
#1531 = CARTESIAN_POINT('',(-450.,200.,95.));
#1532 = SURFACE_CURVE('',#1533,(#1537,#1543),.PCURVE_S1.);
#1533 = LINE('',#1534,#1535);
#1534 = CARTESIAN_POINT('',(-450.,-222.5,95.));
#1535 = VECTOR('',#1536,1.);
#1536 = DIRECTION('',(-0.,1.,0.));
#1537 = PCURVE('',#525,#1538);
#1538 = DEFINITIONAL_REPRESENTATION('',(#1539),#1542);
#1539 = B_SPLINE_CURVE_WITH_KNOTS('',1,(#1540,#1541),.UNSPECIFIED.,.F.,
  .F.,(2,2),(22.5,422.5),.PIECEWISE_BEZIER_KNOTS.);
#1540 = CARTESIAN_POINT('',(96.,0.));
#1541 = CARTESIAN_POINT('',(96.,-400.));
#1542 = ( GEOMETRIC_REPRESENTATION_CONTEXT(2) 
PARAMETRIC_REPRESENTATION_CONTEXT() REPRESENTATION_CONTEXT('2D SPACE',''
  ) );
#1543 = PCURVE('',#1096,#1544);
#1544 = DEFINITIONAL_REPRESENTATION('',(#1545),#1548);
#1545 = B_SPLINE_CURVE_WITH_KNOTS('',1,(#1546,#1547),.UNSPECIFIED.,.F.,
  .F.,(2,2),(22.5,422.5),.PIECEWISE_BEZIER_KNOTS.);
#1546 = CARTESIAN_POINT('',(45.,45.));
#1547 = CARTESIAN_POINT('',(45.,445.));
#1548 = ( GEOMETRIC_REPRESENTATION_CONTEXT(2) 
PARAMETRIC_REPRESENTATION_CONTEXT() REPRESENTATION_CONTEXT('2D SPACE',''
  ) );
#1549 = ORIENTED_EDGE('',*,*,#1550,.T.);
#1550 = EDGE_CURVE('',#1530,#511,#1551,.T.);
#1551 = SURFACE_CURVE('',#1552,(#1556,#1563),.PCURVE_S1.);
#1552 = LINE('',#1553,#1554);
#1553 = CARTESIAN_POINT('',(-450.,200.,-1.));
#1554 = VECTOR('',#1555,1.);
#1555 = DIRECTION('',(0.,0.,1.));
#1556 = PCURVE('',#525,#1557);
#1557 = DEFINITIONAL_REPRESENTATION('',(#1558),#1562);
#1558 = LINE('',#1559,#1560);
#1559 = CARTESIAN_POINT('',(0.,-400.));
#1560 = VECTOR('',#1561,1.);
#1561 = DIRECTION('',(1.,0.));
#1562 = ( GEOMETRIC_REPRESENTATION_CONTEXT(2) 
PARAMETRIC_REPRESENTATION_CONTEXT() REPRESENTATION_CONTEXT('2D SPACE',''
  ) );
#1563 = PCURVE('',#551,#1564);
#1564 = DEFINITIONAL_REPRESENTATION('',(#1565),#1569);
#1565 = LINE('',#1566,#1567);
#1566 = CARTESIAN_POINT('',(0.,0.));
#1567 = VECTOR('',#1568,1.);
#1568 = DIRECTION('',(1.,0.));
#1569 = ( GEOMETRIC_REPRESENTATION_CONTEXT(2) 
PARAMETRIC_REPRESENTATION_CONTEXT() REPRESENTATION_CONTEXT('2D SPACE',''
  ) );
#1570 = ORIENTED_EDGE('',*,*,#510,.F.);
#1571 = ADVANCED_FACE('',(#1572),#551,.F.);
#1572 = FACE_BOUND('',#1573,.F.);
#1573 = EDGE_LOOP('',(#1574,#1575,#1594,#1595));
#1574 = ORIENTED_EDGE('',*,*,#1503,.F.);
#1575 = ORIENTED_EDGE('',*,*,#1576,.T.);
#1576 = EDGE_CURVE('',#1483,#1530,#1577,.T.);
#1577 = SURFACE_CURVE('',#1578,(#1582,#1588),.PCURVE_S1.);
#1578 = LINE('',#1579,#1580);
#1579 = CARTESIAN_POINT('',(-472.5,200.,95.));
#1580 = VECTOR('',#1581,1.);
#1581 = DIRECTION('',(-1.,-0.,0.));
#1582 = PCURVE('',#551,#1583);
#1583 = DEFINITIONAL_REPRESENTATION('',(#1584),#1587);
#1584 = B_SPLINE_CURVE_WITH_KNOTS('',1,(#1585,#1586),.UNSPECIFIED.,.F.,
  .F.,(2,2),(-922.5,-22.5),.PIECEWISE_BEZIER_KNOTS.);
#1585 = CARTESIAN_POINT('',(96.,900.));
#1586 = CARTESIAN_POINT('',(96.,0.));
#1587 = ( GEOMETRIC_REPRESENTATION_CONTEXT(2) 
PARAMETRIC_REPRESENTATION_CONTEXT() REPRESENTATION_CONTEXT('2D SPACE',''
  ) );
#1588 = PCURVE('',#1096,#1589);
#1589 = DEFINITIONAL_REPRESENTATION('',(#1590),#1593);
#1590 = B_SPLINE_CURVE_WITH_KNOTS('',1,(#1591,#1592),.UNSPECIFIED.,.F.,
  .F.,(2,2),(-922.5,-22.5),.PIECEWISE_BEZIER_KNOTS.);
#1591 = CARTESIAN_POINT('',(945.,445.));
#1592 = CARTESIAN_POINT('',(45.,445.));
#1593 = ( GEOMETRIC_REPRESENTATION_CONTEXT(2) 
PARAMETRIC_REPRESENTATION_CONTEXT() REPRESENTATION_CONTEXT('2D SPACE',''
  ) );
#1594 = ORIENTED_EDGE('',*,*,#1550,.T.);
#1595 = ORIENTED_EDGE('',*,*,#536,.F.);
#1596 = ADVANCED_FACE('',(#1597),#605,.F.);
#1597 = FACE_BOUND('',#1598,.F.);
#1598 = EDGE_LOOP('',(#1599,#1600,#1623,#1645));
#1599 = ORIENTED_EDGE('',*,*,#588,.F.);
#1600 = ORIENTED_EDGE('',*,*,#1601,.F.);
#1601 = EDGE_CURVE('',#1602,#589,#1604,.T.);
#1602 = VERTEX_POINT('',#1603);
#1603 = CARTESIAN_POINT('',(-459.,220.,95.));
#1604 = SEAM_CURVE('',#1605,(#1609,#1616),.PCURVE_S1.);
#1605 = LINE('',#1606,#1607);
#1606 = CARTESIAN_POINT('',(-459.,220.,94.));
#1607 = VECTOR('',#1608,1.);
#1608 = DIRECTION('',(0.,0.,1.));
#1609 = PCURVE('',#605,#1610);
#1610 = DEFINITIONAL_REPRESENTATION('',(#1611),#1615);
#1611 = LINE('',#1612,#1613);
#1612 = CARTESIAN_POINT('',(6.28318530718,-0.));
#1613 = VECTOR('',#1614,1.);
#1614 = DIRECTION('',(0.,1.));
#1615 = ( GEOMETRIC_REPRESENTATION_CONTEXT(2) 
PARAMETRIC_REPRESENTATION_CONTEXT() REPRESENTATION_CONTEXT('2D SPACE',''
  ) );
#1616 = PCURVE('',#605,#1617);
#1617 = DEFINITIONAL_REPRESENTATION('',(#1618),#1622);
#1618 = LINE('',#1619,#1620);
#1619 = CARTESIAN_POINT('',(0.,-0.));
#1620 = VECTOR('',#1621,1.);
#1621 = DIRECTION('',(0.,1.));
#1622 = ( GEOMETRIC_REPRESENTATION_CONTEXT(2) 
PARAMETRIC_REPRESENTATION_CONTEXT() REPRESENTATION_CONTEXT('2D SPACE',''
  ) );
#1623 = ORIENTED_EDGE('',*,*,#1624,.T.);
#1624 = EDGE_CURVE('',#1602,#1602,#1625,.T.);
#1625 = SURFACE_CURVE('',#1626,(#1631,#1638),.PCURVE_S1.);
#1626 = CIRCLE('',#1627,16.);
#1627 = AXIS2_PLACEMENT_3D('',#1628,#1629,#1630);
#1628 = CARTESIAN_POINT('',(-475.,220.,95.));
#1629 = DIRECTION('',(0.,0.,1.));
#1630 = DIRECTION('',(1.,0.,-0.));
#1631 = PCURVE('',#605,#1632);
#1632 = DEFINITIONAL_REPRESENTATION('',(#1633),#1637);
#1633 = LINE('',#1634,#1635);
#1634 = CARTESIAN_POINT('',(0.,1.));
#1635 = VECTOR('',#1636,1.);
#1636 = DIRECTION('',(1.,0.));
#1637 = ( GEOMETRIC_REPRESENTATION_CONTEXT(2) 
PARAMETRIC_REPRESENTATION_CONTEXT() REPRESENTATION_CONTEXT('2D SPACE',''
  ) );
#1638 = PCURVE('',#1096,#1639);
#1639 = DEFINITIONAL_REPRESENTATION('',(#1640),#1644);
#1640 = CIRCLE('',#1641,16.);
#1641 = AXIS2_PLACEMENT_2D('',#1642,#1643);
#1642 = CARTESIAN_POINT('',(20.,465.));
#1643 = DIRECTION('',(1.,0.));
#1644 = ( GEOMETRIC_REPRESENTATION_CONTEXT(2) 
PARAMETRIC_REPRESENTATION_CONTEXT() REPRESENTATION_CONTEXT('2D SPACE',''
  ) );
#1645 = ORIENTED_EDGE('',*,*,#1601,.T.);
#1646 = ADVANCED_FACE('',(#1647),#636,.F.);
#1647 = FACE_BOUND('',#1648,.F.);
#1648 = EDGE_LOOP('',(#1649,#1650,#1673,#1695));
#1649 = ORIENTED_EDGE('',*,*,#619,.F.);
#1650 = ORIENTED_EDGE('',*,*,#1651,.F.);
#1651 = EDGE_CURVE('',#1652,#620,#1654,.T.);
#1652 = VERTEX_POINT('',#1653);
#1653 = CARTESIAN_POINT('',(480.5,-1.347111479062E-15,95.));
#1654 = SEAM_CURVE('',#1655,(#1659,#1666),.PCURVE_S1.);
#1655 = LINE('',#1656,#1657);
#1656 = CARTESIAN_POINT('',(480.5,-1.347111479062E-15,94.));
#1657 = VECTOR('',#1658,1.);
#1658 = DIRECTION('',(0.,0.,1.));
#1659 = PCURVE('',#636,#1660);
#1660 = DEFINITIONAL_REPRESENTATION('',(#1661),#1665);
#1661 = LINE('',#1662,#1663);
#1662 = CARTESIAN_POINT('',(6.28318530718,-0.));
#1663 = VECTOR('',#1664,1.);
#1664 = DIRECTION('',(0.,1.));
#1665 = ( GEOMETRIC_REPRESENTATION_CONTEXT(2) 
PARAMETRIC_REPRESENTATION_CONTEXT() REPRESENTATION_CONTEXT('2D SPACE',''
  ) );
#1666 = PCURVE('',#636,#1667);
#1667 = DEFINITIONAL_REPRESENTATION('',(#1668),#1672);
#1668 = LINE('',#1669,#1670);
#1669 = CARTESIAN_POINT('',(0.,-0.));
#1670 = VECTOR('',#1671,1.);
#1671 = DIRECTION('',(0.,1.));
#1672 = ( GEOMETRIC_REPRESENTATION_CONTEXT(2) 
PARAMETRIC_REPRESENTATION_CONTEXT() REPRESENTATION_CONTEXT('2D SPACE',''
  ) );
#1673 = ORIENTED_EDGE('',*,*,#1674,.T.);
#1674 = EDGE_CURVE('',#1652,#1652,#1675,.T.);
#1675 = SURFACE_CURVE('',#1676,(#1681,#1688),.PCURVE_S1.);
#1676 = CIRCLE('',#1677,5.5);
#1677 = AXIS2_PLACEMENT_3D('',#1678,#1679,#1680);
#1678 = CARTESIAN_POINT('',(475.,0.,95.));
#1679 = DIRECTION('',(0.,0.,1.));
#1680 = DIRECTION('',(1.,0.,-0.));
#1681 = PCURVE('',#636,#1682);
#1682 = DEFINITIONAL_REPRESENTATION('',(#1683),#1687);
#1683 = LINE('',#1684,#1685);
#1684 = CARTESIAN_POINT('',(0.,1.));
#1685 = VECTOR('',#1686,1.);
#1686 = DIRECTION('',(1.,0.));
#1687 = ( GEOMETRIC_REPRESENTATION_CONTEXT(2) 
PARAMETRIC_REPRESENTATION_CONTEXT() REPRESENTATION_CONTEXT('2D SPACE',''
  ) );
#1688 = PCURVE('',#1096,#1689);
#1689 = DEFINITIONAL_REPRESENTATION('',(#1690),#1694);
#1690 = CIRCLE('',#1691,5.5);
#1691 = AXIS2_PLACEMENT_2D('',#1692,#1693);
#1692 = CARTESIAN_POINT('',(970.,245.));
#1693 = DIRECTION('',(1.,0.));
#1694 = ( GEOMETRIC_REPRESENTATION_CONTEXT(2) 
PARAMETRIC_REPRESENTATION_CONTEXT() REPRESENTATION_CONTEXT('2D SPACE',''
  ) );
#1695 = ORIENTED_EDGE('',*,*,#1651,.T.);
#1696 = ADVANCED_FACE('',(#1697),#667,.F.);
#1697 = FACE_BOUND('',#1698,.F.);
#1698 = EDGE_LOOP('',(#1699,#1700,#1723,#1745));
#1699 = ORIENTED_EDGE('',*,*,#650,.F.);
#1700 = ORIENTED_EDGE('',*,*,#1701,.F.);
#1701 = EDGE_CURVE('',#1702,#651,#1704,.T.);
#1702 = VERTEX_POINT('',#1703);
#1703 = CARTESIAN_POINT('',(25.5,225.,95.));
#1704 = SEAM_CURVE('',#1705,(#1709,#1716),.PCURVE_S1.);
#1705 = LINE('',#1706,#1707);
#1706 = CARTESIAN_POINT('',(25.5,225.,94.));
#1707 = VECTOR('',#1708,1.);
#1708 = DIRECTION('',(0.,0.,1.));
#1709 = PCURVE('',#667,#1710);
#1710 = DEFINITIONAL_REPRESENTATION('',(#1711),#1715);
#1711 = LINE('',#1712,#1713);
#1712 = CARTESIAN_POINT('',(6.28318530718,-0.));
#1713 = VECTOR('',#1714,1.);
#1714 = DIRECTION('',(0.,1.));
#1715 = ( GEOMETRIC_REPRESENTATION_CONTEXT(2) 
PARAMETRIC_REPRESENTATION_CONTEXT() REPRESENTATION_CONTEXT('2D SPACE',''
  ) );
#1716 = PCURVE('',#667,#1717);
#1717 = DEFINITIONAL_REPRESENTATION('',(#1718),#1722);
#1718 = LINE('',#1719,#1720);
#1719 = CARTESIAN_POINT('',(0.,-0.));
#1720 = VECTOR('',#1721,1.);
#1721 = DIRECTION('',(0.,1.));
#1722 = ( GEOMETRIC_REPRESENTATION_CONTEXT(2) 
PARAMETRIC_REPRESENTATION_CONTEXT() REPRESENTATION_CONTEXT('2D SPACE',''
  ) );
#1723 = ORIENTED_EDGE('',*,*,#1724,.T.);
#1724 = EDGE_CURVE('',#1702,#1702,#1725,.T.);
#1725 = SURFACE_CURVE('',#1726,(#1731,#1738),.PCURVE_S1.);
#1726 = CIRCLE('',#1727,5.5);
#1727 = AXIS2_PLACEMENT_3D('',#1728,#1729,#1730);
#1728 = CARTESIAN_POINT('',(20.,225.,95.));
#1729 = DIRECTION('',(0.,0.,1.));
#1730 = DIRECTION('',(1.,0.,-0.));
#1731 = PCURVE('',#667,#1732);
#1732 = DEFINITIONAL_REPRESENTATION('',(#1733),#1737);
#1733 = LINE('',#1734,#1735);
#1734 = CARTESIAN_POINT('',(0.,1.));
#1735 = VECTOR('',#1736,1.);
#1736 = DIRECTION('',(1.,0.));
#1737 = ( GEOMETRIC_REPRESENTATION_CONTEXT(2) 
PARAMETRIC_REPRESENTATION_CONTEXT() REPRESENTATION_CONTEXT('2D SPACE',''
  ) );
#1738 = PCURVE('',#1096,#1739);
#1739 = DEFINITIONAL_REPRESENTATION('',(#1740),#1744);
#1740 = CIRCLE('',#1741,5.5);
#1741 = AXIS2_PLACEMENT_2D('',#1742,#1743);
#1742 = CARTESIAN_POINT('',(515.,470.));
#1743 = DIRECTION('',(1.,0.));
#1744 = ( GEOMETRIC_REPRESENTATION_CONTEXT(2) 
PARAMETRIC_REPRESENTATION_CONTEXT() REPRESENTATION_CONTEXT('2D SPACE',''
  ) );
#1745 = ORIENTED_EDGE('',*,*,#1701,.T.);
#1746 = ADVANCED_FACE('',(#1747),#698,.F.);
#1747 = FACE_BOUND('',#1748,.F.);
#1748 = EDGE_LOOP('',(#1749,#1750,#1773,#1795));
#1749 = ORIENTED_EDGE('',*,*,#681,.F.);
#1750 = ORIENTED_EDGE('',*,*,#1751,.F.);
#1751 = EDGE_CURVE('',#1752,#682,#1754,.T.);
#1752 = VERTEX_POINT('',#1753);
#1753 = CARTESIAN_POINT('',(185.5,225.,95.));
#1754 = SEAM_CURVE('',#1755,(#1759,#1766),.PCURVE_S1.);
#1755 = LINE('',#1756,#1757);
#1756 = CARTESIAN_POINT('',(185.5,225.,94.));
#1757 = VECTOR('',#1758,1.);
#1758 = DIRECTION('',(0.,0.,1.));
#1759 = PCURVE('',#698,#1760);
#1760 = DEFINITIONAL_REPRESENTATION('',(#1761),#1765);
#1761 = LINE('',#1762,#1763);
#1762 = CARTESIAN_POINT('',(6.28318530718,-0.));
#1763 = VECTOR('',#1764,1.);
#1764 = DIRECTION('',(0.,1.));
#1765 = ( GEOMETRIC_REPRESENTATION_CONTEXT(2) 
PARAMETRIC_REPRESENTATION_CONTEXT() REPRESENTATION_CONTEXT('2D SPACE',''
  ) );
#1766 = PCURVE('',#698,#1767);
#1767 = DEFINITIONAL_REPRESENTATION('',(#1768),#1772);
#1768 = LINE('',#1769,#1770);
#1769 = CARTESIAN_POINT('',(0.,-0.));
#1770 = VECTOR('',#1771,1.);
#1771 = DIRECTION('',(0.,1.));
#1772 = ( GEOMETRIC_REPRESENTATION_CONTEXT(2) 
PARAMETRIC_REPRESENTATION_CONTEXT() REPRESENTATION_CONTEXT('2D SPACE',''
  ) );
#1773 = ORIENTED_EDGE('',*,*,#1774,.T.);
#1774 = EDGE_CURVE('',#1752,#1752,#1775,.T.);
#1775 = SURFACE_CURVE('',#1776,(#1781,#1788),.PCURVE_S1.);
#1776 = CIRCLE('',#1777,5.5);
#1777 = AXIS2_PLACEMENT_3D('',#1778,#1779,#1780);
#1778 = CARTESIAN_POINT('',(180.,225.,95.));
#1779 = DIRECTION('',(0.,0.,1.));
#1780 = DIRECTION('',(1.,0.,-0.));
#1781 = PCURVE('',#698,#1782);
#1782 = DEFINITIONAL_REPRESENTATION('',(#1783),#1787);
#1783 = LINE('',#1784,#1785);
#1784 = CARTESIAN_POINT('',(0.,1.));
#1785 = VECTOR('',#1786,1.);
#1786 = DIRECTION('',(1.,0.));
#1787 = ( GEOMETRIC_REPRESENTATION_CONTEXT(2) 
PARAMETRIC_REPRESENTATION_CONTEXT() REPRESENTATION_CONTEXT('2D SPACE',''
  ) );
#1788 = PCURVE('',#1096,#1789);
#1789 = DEFINITIONAL_REPRESENTATION('',(#1790),#1794);
#1790 = CIRCLE('',#1791,5.5);
#1791 = AXIS2_PLACEMENT_2D('',#1792,#1793);
#1792 = CARTESIAN_POINT('',(675.,470.));
#1793 = DIRECTION('',(1.,0.));
#1794 = ( GEOMETRIC_REPRESENTATION_CONTEXT(2) 
PARAMETRIC_REPRESENTATION_CONTEXT() REPRESENTATION_CONTEXT('2D SPACE',''
  ) );
#1795 = ORIENTED_EDGE('',*,*,#1751,.T.);
#1796 = ADVANCED_FACE('',(#1797),#729,.F.);
#1797 = FACE_BOUND('',#1798,.F.);
#1798 = EDGE_LOOP('',(#1799,#1800,#1823,#1845));
#1799 = ORIENTED_EDGE('',*,*,#712,.F.);
#1800 = ORIENTED_EDGE('',*,*,#1801,.F.);
#1801 = EDGE_CURVE('',#1802,#713,#1804,.T.);
#1802 = VERTEX_POINT('',#1803);
#1803 = CARTESIAN_POINT('',(491.,220.,95.));
#1804 = SEAM_CURVE('',#1805,(#1809,#1816),.PCURVE_S1.);
#1805 = LINE('',#1806,#1807);
#1806 = CARTESIAN_POINT('',(491.,220.,94.));
#1807 = VECTOR('',#1808,1.);
#1808 = DIRECTION('',(0.,0.,1.));
#1809 = PCURVE('',#729,#1810);
#1810 = DEFINITIONAL_REPRESENTATION('',(#1811),#1815);
#1811 = LINE('',#1812,#1813);
#1812 = CARTESIAN_POINT('',(6.28318530718,-0.));
#1813 = VECTOR('',#1814,1.);
#1814 = DIRECTION('',(0.,1.));
#1815 = ( GEOMETRIC_REPRESENTATION_CONTEXT(2) 
PARAMETRIC_REPRESENTATION_CONTEXT() REPRESENTATION_CONTEXT('2D SPACE',''
  ) );
#1816 = PCURVE('',#729,#1817);
#1817 = DEFINITIONAL_REPRESENTATION('',(#1818),#1822);
#1818 = LINE('',#1819,#1820);
#1819 = CARTESIAN_POINT('',(0.,-0.));
#1820 = VECTOR('',#1821,1.);
#1821 = DIRECTION('',(0.,1.));
#1822 = ( GEOMETRIC_REPRESENTATION_CONTEXT(2) 
PARAMETRIC_REPRESENTATION_CONTEXT() REPRESENTATION_CONTEXT('2D SPACE',''
  ) );
#1823 = ORIENTED_EDGE('',*,*,#1824,.T.);
#1824 = EDGE_CURVE('',#1802,#1802,#1825,.T.);
#1825 = SURFACE_CURVE('',#1826,(#1831,#1838),.PCURVE_S1.);
#1826 = CIRCLE('',#1827,16.);
#1827 = AXIS2_PLACEMENT_3D('',#1828,#1829,#1830);
#1828 = CARTESIAN_POINT('',(475.,220.,95.));
#1829 = DIRECTION('',(0.,0.,1.));
#1830 = DIRECTION('',(1.,0.,-0.));
#1831 = PCURVE('',#729,#1832);
#1832 = DEFINITIONAL_REPRESENTATION('',(#1833),#1837);
#1833 = LINE('',#1834,#1835);
#1834 = CARTESIAN_POINT('',(0.,1.));
#1835 = VECTOR('',#1836,1.);
#1836 = DIRECTION('',(1.,0.));
#1837 = ( GEOMETRIC_REPRESENTATION_CONTEXT(2) 
PARAMETRIC_REPRESENTATION_CONTEXT() REPRESENTATION_CONTEXT('2D SPACE',''
  ) );
#1838 = PCURVE('',#1096,#1839);
#1839 = DEFINITIONAL_REPRESENTATION('',(#1840),#1844);
#1840 = CIRCLE('',#1841,16.);
#1841 = AXIS2_PLACEMENT_2D('',#1842,#1843);
#1842 = CARTESIAN_POINT('',(970.,465.));
#1843 = DIRECTION('',(1.,0.));
#1844 = ( GEOMETRIC_REPRESENTATION_CONTEXT(2) 
PARAMETRIC_REPRESENTATION_CONTEXT() REPRESENTATION_CONTEXT('2D SPACE',''
  ) );
#1845 = ORIENTED_EDGE('',*,*,#1801,.T.);
#1846 = ADVANCED_FACE('',(#1847),#836,.F.);
#1847 = FACE_BOUND('',#1848,.F.);
#1848 = EDGE_LOOP('',(#1849,#1878,#1899,#1900));
#1849 = ORIENTED_EDGE('',*,*,#1850,.F.);
#1850 = EDGE_CURVE('',#1851,#1851,#1853,.T.);
#1851 = VERTEX_POINT('',#1852);
#1852 = CARTESIAN_POINT('',(-468.,-220.,5.));
#1853 = SURFACE_CURVE('',#1854,(#1859,#1866),.PCURVE_S1.);
#1854 = CIRCLE('',#1855,7.);
#1855 = AXIS2_PLACEMENT_3D('',#1856,#1857,#1858);
#1856 = CARTESIAN_POINT('',(-475.,-220.,5.));
#1857 = DIRECTION('',(0.,0.,1.));
#1858 = DIRECTION('',(1.,0.,-0.));
#1859 = PCURVE('',#836,#1860);
#1860 = DEFINITIONAL_REPRESENTATION('',(#1861),#1865);
#1861 = LINE('',#1862,#1863);
#1862 = CARTESIAN_POINT('',(0.,6.));
#1863 = VECTOR('',#1864,1.);
#1864 = DIRECTION('',(1.,0.));
#1865 = ( GEOMETRIC_REPRESENTATION_CONTEXT(2) 
PARAMETRIC_REPRESENTATION_CONTEXT() REPRESENTATION_CONTEXT('2D SPACE',''
  ) );
#1866 = PCURVE('',#1867,#1872);
#1867 = PLANE('',#1868);
#1868 = AXIS2_PLACEMENT_3D('',#1869,#1870,#1871);
#1869 = CARTESIAN_POINT('',(-495.,-245.,5.));
#1870 = DIRECTION('',(0.,0.,1.));
#1871 = DIRECTION('',(1.,0.,-0.));
#1872 = DEFINITIONAL_REPRESENTATION('',(#1873),#1877);
#1873 = CIRCLE('',#1874,7.);
#1874 = AXIS2_PLACEMENT_2D('',#1875,#1876);
#1875 = CARTESIAN_POINT('',(20.,25.));
#1876 = DIRECTION('',(1.,0.));
#1877 = ( GEOMETRIC_REPRESENTATION_CONTEXT(2) 
PARAMETRIC_REPRESENTATION_CONTEXT() REPRESENTATION_CONTEXT('2D SPACE',''
  ) );
#1878 = ORIENTED_EDGE('',*,*,#1879,.F.);
#1879 = EDGE_CURVE('',#820,#1851,#1880,.T.);
#1880 = SEAM_CURVE('',#1881,(#1885,#1892),.PCURVE_S1.);
#1881 = LINE('',#1882,#1883);
#1882 = CARTESIAN_POINT('',(-468.,-220.,-1.));
#1883 = VECTOR('',#1884,1.);
#1884 = DIRECTION('',(0.,0.,1.));
#1885 = PCURVE('',#836,#1886);
#1886 = DEFINITIONAL_REPRESENTATION('',(#1887),#1891);
#1887 = LINE('',#1888,#1889);
#1888 = CARTESIAN_POINT('',(6.28318530718,-0.));
#1889 = VECTOR('',#1890,1.);
#1890 = DIRECTION('',(0.,1.));
#1891 = ( GEOMETRIC_REPRESENTATION_CONTEXT(2) 
PARAMETRIC_REPRESENTATION_CONTEXT() REPRESENTATION_CONTEXT('2D SPACE',''
  ) );
#1892 = PCURVE('',#836,#1893);
#1893 = DEFINITIONAL_REPRESENTATION('',(#1894),#1898);
#1894 = LINE('',#1895,#1896);
#1895 = CARTESIAN_POINT('',(0.,-0.));
#1896 = VECTOR('',#1897,1.);
#1897 = DIRECTION('',(0.,1.));
#1898 = ( GEOMETRIC_REPRESENTATION_CONTEXT(2) 
PARAMETRIC_REPRESENTATION_CONTEXT() REPRESENTATION_CONTEXT('2D SPACE',''
  ) );
#1899 = ORIENTED_EDGE('',*,*,#819,.T.);
#1900 = ORIENTED_EDGE('',*,*,#1879,.T.);
#1901 = ADVANCED_FACE('',(#1902),#867,.F.);
#1902 = FACE_BOUND('',#1903,.F.);
#1903 = EDGE_LOOP('',(#1904,#1928,#1949,#1950));
#1904 = ORIENTED_EDGE('',*,*,#1905,.F.);
#1905 = EDGE_CURVE('',#1906,#1906,#1908,.T.);
#1906 = VERTEX_POINT('',#1907);
#1907 = CARTESIAN_POINT('',(482.,-220.,5.));
#1908 = SURFACE_CURVE('',#1909,(#1914,#1921),.PCURVE_S1.);
#1909 = CIRCLE('',#1910,7.);
#1910 = AXIS2_PLACEMENT_3D('',#1911,#1912,#1913);
#1911 = CARTESIAN_POINT('',(475.,-220.,5.));
#1912 = DIRECTION('',(0.,0.,1.));
#1913 = DIRECTION('',(1.,0.,-0.));
#1914 = PCURVE('',#867,#1915);
#1915 = DEFINITIONAL_REPRESENTATION('',(#1916),#1920);
#1916 = LINE('',#1917,#1918);
#1917 = CARTESIAN_POINT('',(0.,6.));
#1918 = VECTOR('',#1919,1.);
#1919 = DIRECTION('',(1.,0.));
#1920 = ( GEOMETRIC_REPRESENTATION_CONTEXT(2) 
PARAMETRIC_REPRESENTATION_CONTEXT() REPRESENTATION_CONTEXT('2D SPACE',''
  ) );
#1921 = PCURVE('',#1867,#1922);
#1922 = DEFINITIONAL_REPRESENTATION('',(#1923),#1927);
#1923 = CIRCLE('',#1924,7.);
#1924 = AXIS2_PLACEMENT_2D('',#1925,#1926);
#1925 = CARTESIAN_POINT('',(970.,25.));
#1926 = DIRECTION('',(1.,0.));
#1927 = ( GEOMETRIC_REPRESENTATION_CONTEXT(2) 
PARAMETRIC_REPRESENTATION_CONTEXT() REPRESENTATION_CONTEXT('2D SPACE',''
  ) );
#1928 = ORIENTED_EDGE('',*,*,#1929,.F.);
#1929 = EDGE_CURVE('',#851,#1906,#1930,.T.);
#1930 = SEAM_CURVE('',#1931,(#1935,#1942),.PCURVE_S1.);
#1931 = LINE('',#1932,#1933);
#1932 = CARTESIAN_POINT('',(482.,-220.,-1.));
#1933 = VECTOR('',#1934,1.);
#1934 = DIRECTION('',(0.,0.,1.));
#1935 = PCURVE('',#867,#1936);
#1936 = DEFINITIONAL_REPRESENTATION('',(#1937),#1941);
#1937 = LINE('',#1938,#1939);
#1938 = CARTESIAN_POINT('',(6.28318530718,-0.));
#1939 = VECTOR('',#1940,1.);
#1940 = DIRECTION('',(0.,1.));
#1941 = ( GEOMETRIC_REPRESENTATION_CONTEXT(2) 
PARAMETRIC_REPRESENTATION_CONTEXT() REPRESENTATION_CONTEXT('2D SPACE',''
  ) );
#1942 = PCURVE('',#867,#1943);
#1943 = DEFINITIONAL_REPRESENTATION('',(#1944),#1948);
#1944 = LINE('',#1945,#1946);
#1945 = CARTESIAN_POINT('',(0.,-0.));
#1946 = VECTOR('',#1947,1.);
#1947 = DIRECTION('',(0.,1.));
#1948 = ( GEOMETRIC_REPRESENTATION_CONTEXT(2) 
PARAMETRIC_REPRESENTATION_CONTEXT() REPRESENTATION_CONTEXT('2D SPACE',''
  ) );
#1949 = ORIENTED_EDGE('',*,*,#850,.T.);
#1950 = ORIENTED_EDGE('',*,*,#1929,.T.);
#1951 = ADVANCED_FACE('',(#1952),#898,.F.);
#1952 = FACE_BOUND('',#1953,.F.);
#1953 = EDGE_LOOP('',(#1954,#1978,#1999,#2000));
#1954 = ORIENTED_EDGE('',*,*,#1955,.F.);
#1955 = EDGE_CURVE('',#1956,#1956,#1958,.T.);
#1956 = VERTEX_POINT('',#1957);
#1957 = CARTESIAN_POINT('',(-468.,220.,5.));
#1958 = SURFACE_CURVE('',#1959,(#1964,#1971),.PCURVE_S1.);
#1959 = CIRCLE('',#1960,7.);
#1960 = AXIS2_PLACEMENT_3D('',#1961,#1962,#1963);
#1961 = CARTESIAN_POINT('',(-475.,220.,5.));
#1962 = DIRECTION('',(0.,0.,1.));
#1963 = DIRECTION('',(1.,0.,-0.));
#1964 = PCURVE('',#898,#1965);
#1965 = DEFINITIONAL_REPRESENTATION('',(#1966),#1970);
#1966 = LINE('',#1967,#1968);
#1967 = CARTESIAN_POINT('',(0.,6.));
#1968 = VECTOR('',#1969,1.);
#1969 = DIRECTION('',(1.,0.));
#1970 = ( GEOMETRIC_REPRESENTATION_CONTEXT(2) 
PARAMETRIC_REPRESENTATION_CONTEXT() REPRESENTATION_CONTEXT('2D SPACE',''
  ) );
#1971 = PCURVE('',#1867,#1972);
#1972 = DEFINITIONAL_REPRESENTATION('',(#1973),#1977);
#1973 = CIRCLE('',#1974,7.);
#1974 = AXIS2_PLACEMENT_2D('',#1975,#1976);
#1975 = CARTESIAN_POINT('',(20.,465.));
#1976 = DIRECTION('',(1.,0.));
#1977 = ( GEOMETRIC_REPRESENTATION_CONTEXT(2) 
PARAMETRIC_REPRESENTATION_CONTEXT() REPRESENTATION_CONTEXT('2D SPACE',''
  ) );
#1978 = ORIENTED_EDGE('',*,*,#1979,.F.);
#1979 = EDGE_CURVE('',#882,#1956,#1980,.T.);
#1980 = SEAM_CURVE('',#1981,(#1985,#1992),.PCURVE_S1.);
#1981 = LINE('',#1982,#1983);
#1982 = CARTESIAN_POINT('',(-468.,220.,-1.));
#1983 = VECTOR('',#1984,1.);
#1984 = DIRECTION('',(0.,0.,1.));
#1985 = PCURVE('',#898,#1986);
#1986 = DEFINITIONAL_REPRESENTATION('',(#1987),#1991);
#1987 = LINE('',#1988,#1989);
#1988 = CARTESIAN_POINT('',(6.28318530718,-0.));
#1989 = VECTOR('',#1990,1.);
#1990 = DIRECTION('',(0.,1.));
#1991 = ( GEOMETRIC_REPRESENTATION_CONTEXT(2) 
PARAMETRIC_REPRESENTATION_CONTEXT() REPRESENTATION_CONTEXT('2D SPACE',''
  ) );
#1992 = PCURVE('',#898,#1993);
#1993 = DEFINITIONAL_REPRESENTATION('',(#1994),#1998);
#1994 = LINE('',#1995,#1996);
#1995 = CARTESIAN_POINT('',(0.,-0.));
#1996 = VECTOR('',#1997,1.);
#1997 = DIRECTION('',(0.,1.));
#1998 = ( GEOMETRIC_REPRESENTATION_CONTEXT(2) 
PARAMETRIC_REPRESENTATION_CONTEXT() REPRESENTATION_CONTEXT('2D SPACE',''
  ) );
#1999 = ORIENTED_EDGE('',*,*,#881,.T.);
#2000 = ORIENTED_EDGE('',*,*,#1979,.T.);
#2001 = ADVANCED_FACE('',(#2002),#929,.T.);
#2002 = FACE_BOUND('',#2003,.T.);
#2003 = EDGE_LOOP('',(#2004,#2027,#2028,#2051));
#2004 = ORIENTED_EDGE('',*,*,#2005,.F.);
#2005 = EDGE_CURVE('',#913,#2006,#2008,.T.);
#2006 = VERTEX_POINT('',#2007);
#2007 = CARTESIAN_POINT('',(450.,-200.,5.));
#2008 = SURFACE_CURVE('',#2009,(#2013,#2020),.PCURVE_S1.);
#2009 = LINE('',#2010,#2011);
#2010 = CARTESIAN_POINT('',(450.,-200.,-1.));
#2011 = VECTOR('',#2012,1.);
#2012 = DIRECTION('',(0.,0.,1.));
#2013 = PCURVE('',#929,#2014);
#2014 = DEFINITIONAL_REPRESENTATION('',(#2015),#2019);
#2015 = LINE('',#2016,#2017);
#2016 = CARTESIAN_POINT('',(0.,900.));
#2017 = VECTOR('',#2018,1.);
#2018 = DIRECTION('',(1.,0.));
#2019 = ( GEOMETRIC_REPRESENTATION_CONTEXT(2) 
PARAMETRIC_REPRESENTATION_CONTEXT() REPRESENTATION_CONTEXT('2D SPACE',''
  ) );
#2020 = PCURVE('',#1005,#2021);
#2021 = DEFINITIONAL_REPRESENTATION('',(#2022),#2026);
#2022 = LINE('',#2023,#2024);
#2023 = CARTESIAN_POINT('',(0.,0.));
#2024 = VECTOR('',#2025,1.);
#2025 = DIRECTION('',(1.,0.));
#2026 = ( GEOMETRIC_REPRESENTATION_CONTEXT(2) 
PARAMETRIC_REPRESENTATION_CONTEXT() REPRESENTATION_CONTEXT('2D SPACE',''
  ) );
#2027 = ORIENTED_EDGE('',*,*,#912,.T.);
#2028 = ORIENTED_EDGE('',*,*,#2029,.T.);
#2029 = EDGE_CURVE('',#915,#2030,#2032,.T.);
#2030 = VERTEX_POINT('',#2031);
#2031 = CARTESIAN_POINT('',(-450.,-200.,5.));
#2032 = SURFACE_CURVE('',#2033,(#2037,#2044),.PCURVE_S1.);
#2033 = LINE('',#2034,#2035);
#2034 = CARTESIAN_POINT('',(-450.,-200.,-1.));
#2035 = VECTOR('',#2036,1.);
#2036 = DIRECTION('',(0.,0.,1.));
#2037 = PCURVE('',#929,#2038);
#2038 = DEFINITIONAL_REPRESENTATION('',(#2039),#2043);
#2039 = LINE('',#2040,#2041);
#2040 = CARTESIAN_POINT('',(0.,0.));
#2041 = VECTOR('',#2042,1.);
#2042 = DIRECTION('',(1.,0.));
#2043 = ( GEOMETRIC_REPRESENTATION_CONTEXT(2) 
PARAMETRIC_REPRESENTATION_CONTEXT() REPRESENTATION_CONTEXT('2D SPACE',''
  ) );
#2044 = PCURVE('',#955,#2045);
#2045 = DEFINITIONAL_REPRESENTATION('',(#2046),#2050);
#2046 = LINE('',#2047,#2048);
#2047 = CARTESIAN_POINT('',(0.,0.));
#2048 = VECTOR('',#2049,1.);
#2049 = DIRECTION('',(1.,0.));
#2050 = ( GEOMETRIC_REPRESENTATION_CONTEXT(2) 
PARAMETRIC_REPRESENTATION_CONTEXT() REPRESENTATION_CONTEXT('2D SPACE',''
  ) );
#2051 = ORIENTED_EDGE('',*,*,#2052,.F.);
#2052 = EDGE_CURVE('',#2006,#2030,#2053,.T.);
#2053 = SURFACE_CURVE('',#2054,(#2058,#2064),.PCURVE_S1.);
#2054 = LINE('',#2055,#2056);
#2055 = CARTESIAN_POINT('',(-472.5,-200.,5.));
#2056 = VECTOR('',#2057,1.);
#2057 = DIRECTION('',(-1.,-0.,0.));
#2058 = PCURVE('',#929,#2059);
#2059 = DEFINITIONAL_REPRESENTATION('',(#2060),#2063);
#2060 = B_SPLINE_CURVE_WITH_KNOTS('',1,(#2061,#2062),.UNSPECIFIED.,.F.,
  .F.,(2,2),(-922.5,-22.5),.PIECEWISE_BEZIER_KNOTS.);
#2061 = CARTESIAN_POINT('',(6.,900.));
#2062 = CARTESIAN_POINT('',(6.,0.));
#2063 = ( GEOMETRIC_REPRESENTATION_CONTEXT(2) 
PARAMETRIC_REPRESENTATION_CONTEXT() REPRESENTATION_CONTEXT('2D SPACE',''
  ) );
#2064 = PCURVE('',#1867,#2065);
#2065 = DEFINITIONAL_REPRESENTATION('',(#2066),#2069);
#2066 = B_SPLINE_CURVE_WITH_KNOTS('',1,(#2067,#2068),.UNSPECIFIED.,.F.,
  .F.,(2,2),(-922.5,-22.5),.PIECEWISE_BEZIER_KNOTS.);
#2067 = CARTESIAN_POINT('',(945.,45.));
#2068 = CARTESIAN_POINT('',(45.,45.));
#2069 = ( GEOMETRIC_REPRESENTATION_CONTEXT(2) 
PARAMETRIC_REPRESENTATION_CONTEXT() REPRESENTATION_CONTEXT('2D SPACE',''
  ) );
#2070 = ADVANCED_FACE('',(#2071),#1005,.F.);
#2071 = FACE_BOUND('',#2072,.F.);
#2072 = EDGE_LOOP('',(#2073,#2074,#2075,#2098));
#2073 = ORIENTED_EDGE('',*,*,#2005,.F.);
#2074 = ORIENTED_EDGE('',*,*,#992,.T.);
#2075 = ORIENTED_EDGE('',*,*,#2076,.T.);
#2076 = EDGE_CURVE('',#967,#2077,#2079,.T.);
#2077 = VERTEX_POINT('',#2078);
#2078 = CARTESIAN_POINT('',(450.,200.,5.));
#2079 = SURFACE_CURVE('',#2080,(#2084,#2091),.PCURVE_S1.);
#2080 = LINE('',#2081,#2082);
#2081 = CARTESIAN_POINT('',(450.,200.,-1.));
#2082 = VECTOR('',#2083,1.);
#2083 = DIRECTION('',(0.,0.,1.));
#2084 = PCURVE('',#1005,#2085);
#2085 = DEFINITIONAL_REPRESENTATION('',(#2086),#2090);
#2086 = LINE('',#2087,#2088);
#2087 = CARTESIAN_POINT('',(0.,-400.));
#2088 = VECTOR('',#2089,1.);
#2089 = DIRECTION('',(1.,0.));
#2090 = ( GEOMETRIC_REPRESENTATION_CONTEXT(2) 
PARAMETRIC_REPRESENTATION_CONTEXT() REPRESENTATION_CONTEXT('2D SPACE',''
  ) );
#2091 = PCURVE('',#981,#2092);
#2092 = DEFINITIONAL_REPRESENTATION('',(#2093),#2097);
#2093 = LINE('',#2094,#2095);
#2094 = CARTESIAN_POINT('',(0.,900.));
#2095 = VECTOR('',#2096,1.);
#2096 = DIRECTION('',(1.,0.));
#2097 = ( GEOMETRIC_REPRESENTATION_CONTEXT(2) 
PARAMETRIC_REPRESENTATION_CONTEXT() REPRESENTATION_CONTEXT('2D SPACE',''
  ) );
#2098 = ORIENTED_EDGE('',*,*,#2099,.F.);
#2099 = EDGE_CURVE('',#2006,#2077,#2100,.T.);
#2100 = SURFACE_CURVE('',#2101,(#2105,#2111),.PCURVE_S1.);
#2101 = LINE('',#2102,#2103);
#2102 = CARTESIAN_POINT('',(450.,-222.5,5.));
#2103 = VECTOR('',#2104,1.);
#2104 = DIRECTION('',(-0.,1.,0.));
#2105 = PCURVE('',#1005,#2106);
#2106 = DEFINITIONAL_REPRESENTATION('',(#2107),#2110);
#2107 = B_SPLINE_CURVE_WITH_KNOTS('',1,(#2108,#2109),.UNSPECIFIED.,.F.,
  .F.,(2,2),(22.5,422.5),.PIECEWISE_BEZIER_KNOTS.);
#2108 = CARTESIAN_POINT('',(6.,0.));
#2109 = CARTESIAN_POINT('',(6.,-400.));
#2110 = ( GEOMETRIC_REPRESENTATION_CONTEXT(2) 
PARAMETRIC_REPRESENTATION_CONTEXT() REPRESENTATION_CONTEXT('2D SPACE',''
  ) );
#2111 = PCURVE('',#1867,#2112);
#2112 = DEFINITIONAL_REPRESENTATION('',(#2113),#2116);
#2113 = B_SPLINE_CURVE_WITH_KNOTS('',1,(#2114,#2115),.UNSPECIFIED.,.F.,
  .F.,(2,2),(22.5,422.5),.PIECEWISE_BEZIER_KNOTS.);
#2114 = CARTESIAN_POINT('',(945.,45.));
#2115 = CARTESIAN_POINT('',(945.,445.));
#2116 = ( GEOMETRIC_REPRESENTATION_CONTEXT(2) 
PARAMETRIC_REPRESENTATION_CONTEXT() REPRESENTATION_CONTEXT('2D SPACE',''
  ) );
#2117 = ADVANCED_FACE('',(#2118),#955,.T.);
#2118 = FACE_BOUND('',#2119,.T.);
#2119 = EDGE_LOOP('',(#2120,#2121,#2122,#2145));
#2120 = ORIENTED_EDGE('',*,*,#2029,.F.);
#2121 = ORIENTED_EDGE('',*,*,#940,.T.);
#2122 = ORIENTED_EDGE('',*,*,#2123,.T.);
#2123 = EDGE_CURVE('',#941,#2124,#2126,.T.);
#2124 = VERTEX_POINT('',#2125);
#2125 = CARTESIAN_POINT('',(-450.,200.,5.));
#2126 = SURFACE_CURVE('',#2127,(#2131,#2138),.PCURVE_S1.);
#2127 = LINE('',#2128,#2129);
#2128 = CARTESIAN_POINT('',(-450.,200.,-1.));
#2129 = VECTOR('',#2130,1.);
#2130 = DIRECTION('',(0.,0.,1.));
#2131 = PCURVE('',#955,#2132);
#2132 = DEFINITIONAL_REPRESENTATION('',(#2133),#2137);
#2133 = LINE('',#2134,#2135);
#2134 = CARTESIAN_POINT('',(0.,-400.));
#2135 = VECTOR('',#2136,1.);
#2136 = DIRECTION('',(1.,0.));
#2137 = ( GEOMETRIC_REPRESENTATION_CONTEXT(2) 
PARAMETRIC_REPRESENTATION_CONTEXT() REPRESENTATION_CONTEXT('2D SPACE',''
  ) );
#2138 = PCURVE('',#981,#2139);
#2139 = DEFINITIONAL_REPRESENTATION('',(#2140),#2144);
#2140 = LINE('',#2141,#2142);
#2141 = CARTESIAN_POINT('',(0.,0.));
#2142 = VECTOR('',#2143,1.);
#2143 = DIRECTION('',(1.,0.));
#2144 = ( GEOMETRIC_REPRESENTATION_CONTEXT(2) 
PARAMETRIC_REPRESENTATION_CONTEXT() REPRESENTATION_CONTEXT('2D SPACE',''
  ) );
#2145 = ORIENTED_EDGE('',*,*,#2146,.F.);
#2146 = EDGE_CURVE('',#2030,#2124,#2147,.T.);
#2147 = SURFACE_CURVE('',#2148,(#2152,#2158),.PCURVE_S1.);
#2148 = LINE('',#2149,#2150);
#2149 = CARTESIAN_POINT('',(-450.,-222.5,5.));
#2150 = VECTOR('',#2151,1.);
#2151 = DIRECTION('',(-0.,1.,0.));
#2152 = PCURVE('',#955,#2153);
#2153 = DEFINITIONAL_REPRESENTATION('',(#2154),#2157);
#2154 = B_SPLINE_CURVE_WITH_KNOTS('',1,(#2155,#2156),.UNSPECIFIED.,.F.,
  .F.,(2,2),(22.5,422.5),.PIECEWISE_BEZIER_KNOTS.);
#2155 = CARTESIAN_POINT('',(6.,0.));
#2156 = CARTESIAN_POINT('',(6.,-400.));
#2157 = ( GEOMETRIC_REPRESENTATION_CONTEXT(2) 
PARAMETRIC_REPRESENTATION_CONTEXT() REPRESENTATION_CONTEXT('2D SPACE',''
  ) );
#2158 = PCURVE('',#1867,#2159);
#2159 = DEFINITIONAL_REPRESENTATION('',(#2160),#2163);
#2160 = B_SPLINE_CURVE_WITH_KNOTS('',1,(#2161,#2162),.UNSPECIFIED.,.F.,
  .F.,(2,2),(22.5,422.5),.PIECEWISE_BEZIER_KNOTS.);
#2161 = CARTESIAN_POINT('',(45.,45.));
#2162 = CARTESIAN_POINT('',(45.,445.));
#2163 = ( GEOMETRIC_REPRESENTATION_CONTEXT(2) 
PARAMETRIC_REPRESENTATION_CONTEXT() REPRESENTATION_CONTEXT('2D SPACE',''
  ) );
#2164 = ADVANCED_FACE('',(#2165),#981,.F.);
#2165 = FACE_BOUND('',#2166,.F.);
#2166 = EDGE_LOOP('',(#2167,#2168,#2169,#2170));
#2167 = ORIENTED_EDGE('',*,*,#2076,.F.);
#2168 = ORIENTED_EDGE('',*,*,#966,.T.);
#2169 = ORIENTED_EDGE('',*,*,#2123,.T.);
#2170 = ORIENTED_EDGE('',*,*,#2171,.F.);
#2171 = EDGE_CURVE('',#2077,#2124,#2172,.T.);
#2172 = SURFACE_CURVE('',#2173,(#2177,#2183),.PCURVE_S1.);
#2173 = LINE('',#2174,#2175);
#2174 = CARTESIAN_POINT('',(-472.5,200.,5.));
#2175 = VECTOR('',#2176,1.);
#2176 = DIRECTION('',(-1.,-0.,0.));
#2177 = PCURVE('',#981,#2178);
#2178 = DEFINITIONAL_REPRESENTATION('',(#2179),#2182);
#2179 = B_SPLINE_CURVE_WITH_KNOTS('',1,(#2180,#2181),.UNSPECIFIED.,.F.,
  .F.,(2,2),(-922.5,-22.5),.PIECEWISE_BEZIER_KNOTS.);
#2180 = CARTESIAN_POINT('',(6.,900.));
#2181 = CARTESIAN_POINT('',(6.,0.));
#2182 = ( GEOMETRIC_REPRESENTATION_CONTEXT(2) 
PARAMETRIC_REPRESENTATION_CONTEXT() REPRESENTATION_CONTEXT('2D SPACE',''
  ) );
#2183 = PCURVE('',#1867,#2184);
#2184 = DEFINITIONAL_REPRESENTATION('',(#2185),#2188);
#2185 = B_SPLINE_CURVE_WITH_KNOTS('',1,(#2186,#2187),.UNSPECIFIED.,.F.,
  .F.,(2,2),(-922.5,-22.5),.PIECEWISE_BEZIER_KNOTS.);
#2186 = CARTESIAN_POINT('',(945.,445.));
#2187 = CARTESIAN_POINT('',(45.,445.));
#2188 = ( GEOMETRIC_REPRESENTATION_CONTEXT(2) 
PARAMETRIC_REPRESENTATION_CONTEXT() REPRESENTATION_CONTEXT('2D SPACE',''
  ) );
#2189 = ADVANCED_FACE('',(#2190),#1035,.F.);
#2190 = FACE_BOUND('',#2191,.F.);
#2191 = EDGE_LOOP('',(#2192,#2216,#2237,#2238));
#2192 = ORIENTED_EDGE('',*,*,#2193,.F.);
#2193 = EDGE_CURVE('',#2194,#2194,#2196,.T.);
#2194 = VERTEX_POINT('',#2195);
#2195 = CARTESIAN_POINT('',(482.,220.,5.));
#2196 = SURFACE_CURVE('',#2197,(#2202,#2209),.PCURVE_S1.);
#2197 = CIRCLE('',#2198,7.);
#2198 = AXIS2_PLACEMENT_3D('',#2199,#2200,#2201);
#2199 = CARTESIAN_POINT('',(475.,220.,5.));
#2200 = DIRECTION('',(0.,0.,1.));
#2201 = DIRECTION('',(1.,0.,-0.));
#2202 = PCURVE('',#1035,#2203);
#2203 = DEFINITIONAL_REPRESENTATION('',(#2204),#2208);
#2204 = LINE('',#2205,#2206);
#2205 = CARTESIAN_POINT('',(0.,6.));
#2206 = VECTOR('',#2207,1.);
#2207 = DIRECTION('',(1.,0.));
#2208 = ( GEOMETRIC_REPRESENTATION_CONTEXT(2) 
PARAMETRIC_REPRESENTATION_CONTEXT() REPRESENTATION_CONTEXT('2D SPACE',''
  ) );
#2209 = PCURVE('',#1867,#2210);
#2210 = DEFINITIONAL_REPRESENTATION('',(#2211),#2215);
#2211 = CIRCLE('',#2212,7.);
#2212 = AXIS2_PLACEMENT_2D('',#2213,#2214);
#2213 = CARTESIAN_POINT('',(970.,465.));
#2214 = DIRECTION('',(1.,0.));
#2215 = ( GEOMETRIC_REPRESENTATION_CONTEXT(2) 
PARAMETRIC_REPRESENTATION_CONTEXT() REPRESENTATION_CONTEXT('2D SPACE',''
  ) );
#2216 = ORIENTED_EDGE('',*,*,#2217,.F.);
#2217 = EDGE_CURVE('',#1019,#2194,#2218,.T.);
#2218 = SEAM_CURVE('',#2219,(#2223,#2230),.PCURVE_S1.);
#2219 = LINE('',#2220,#2221);
#2220 = CARTESIAN_POINT('',(482.,220.,-1.));
#2221 = VECTOR('',#2222,1.);
#2222 = DIRECTION('',(0.,0.,1.));
#2223 = PCURVE('',#1035,#2224);
#2224 = DEFINITIONAL_REPRESENTATION('',(#2225),#2229);
#2225 = LINE('',#2226,#2227);
#2226 = CARTESIAN_POINT('',(6.28318530718,-0.));
#2227 = VECTOR('',#2228,1.);
#2228 = DIRECTION('',(0.,1.));
#2229 = ( GEOMETRIC_REPRESENTATION_CONTEXT(2) 
PARAMETRIC_REPRESENTATION_CONTEXT() REPRESENTATION_CONTEXT('2D SPACE',''
  ) );
#2230 = PCURVE('',#1035,#2231);
#2231 = DEFINITIONAL_REPRESENTATION('',(#2232),#2236);
#2232 = LINE('',#2233,#2234);
#2233 = CARTESIAN_POINT('',(0.,-0.));
#2234 = VECTOR('',#2235,1.);
#2235 = DIRECTION('',(0.,1.));
#2236 = ( GEOMETRIC_REPRESENTATION_CONTEXT(2) 
PARAMETRIC_REPRESENTATION_CONTEXT() REPRESENTATION_CONTEXT('2D SPACE',''
  ) );
#2237 = ORIENTED_EDGE('',*,*,#1018,.T.);
#2238 = ORIENTED_EDGE('',*,*,#2217,.T.);
#2239 = ADVANCED_FACE('',(#2240,#2354,#2357,#2360,#2363,#2366,#2369,
    #2372,#2375,#2381,#2384,#2387,#2390,#2393),#1096,.F.);
#2240 = FACE_BOUND('',#2241,.F.);
#2241 = EDGE_LOOP('',(#2242,#2272,#2300,#2328));
#2242 = ORIENTED_EDGE('',*,*,#2243,.F.);
#2243 = EDGE_CURVE('',#2244,#2246,#2248,.T.);
#2244 = VERTEX_POINT('',#2245);
#2245 = CARTESIAN_POINT('',(-495.,-245.,95.));
#2246 = VERTEX_POINT('',#2247);
#2247 = CARTESIAN_POINT('',(-495.,245.,95.));
#2248 = SURFACE_CURVE('',#2249,(#2253,#2260),.PCURVE_S1.);
#2249 = LINE('',#2250,#2251);
#2250 = CARTESIAN_POINT('',(-495.,-245.,95.));
#2251 = VECTOR('',#2252,1.);
#2252 = DIRECTION('',(-0.,1.,0.));
#2253 = PCURVE('',#1096,#2254);
#2254 = DEFINITIONAL_REPRESENTATION('',(#2255),#2259);
#2255 = LINE('',#2256,#2257);
#2256 = CARTESIAN_POINT('',(0.,0.));
#2257 = VECTOR('',#2258,1.);
#2258 = DIRECTION('',(0.,1.));
#2259 = ( GEOMETRIC_REPRESENTATION_CONTEXT(2) 
PARAMETRIC_REPRESENTATION_CONTEXT() REPRESENTATION_CONTEXT('2D SPACE',''
  ) );
#2260 = PCURVE('',#2261,#2266);
#2261 = PLANE('',#2262);
#2262 = AXIS2_PLACEMENT_3D('',#2263,#2264,#2265);
#2263 = CARTESIAN_POINT('',(-495.,-245.,5.));
#2264 = DIRECTION('',(1.,0.,-0.));
#2265 = DIRECTION('',(0.,0.,1.));
#2266 = DEFINITIONAL_REPRESENTATION('',(#2267),#2271);
#2267 = LINE('',#2268,#2269);
#2268 = CARTESIAN_POINT('',(90.,0.));
#2269 = VECTOR('',#2270,1.);
#2270 = DIRECTION('',(0.,-1.));
#2271 = ( GEOMETRIC_REPRESENTATION_CONTEXT(2) 
PARAMETRIC_REPRESENTATION_CONTEXT() REPRESENTATION_CONTEXT('2D SPACE',''
  ) );
#2272 = ORIENTED_EDGE('',*,*,#2273,.T.);
#2273 = EDGE_CURVE('',#2244,#2274,#2276,.T.);
#2274 = VERTEX_POINT('',#2275);
#2275 = CARTESIAN_POINT('',(495.,-245.,95.));
#2276 = SURFACE_CURVE('',#2277,(#2281,#2288),.PCURVE_S1.);
#2277 = LINE('',#2278,#2279);
#2278 = CARTESIAN_POINT('',(-495.,-245.,95.));
#2279 = VECTOR('',#2280,1.);
#2280 = DIRECTION('',(1.,0.,-0.));
#2281 = PCURVE('',#1096,#2282);
#2282 = DEFINITIONAL_REPRESENTATION('',(#2283),#2287);
#2283 = LINE('',#2284,#2285);
#2284 = CARTESIAN_POINT('',(0.,0.));
#2285 = VECTOR('',#2286,1.);
#2286 = DIRECTION('',(1.,0.));
#2287 = ( GEOMETRIC_REPRESENTATION_CONTEXT(2) 
PARAMETRIC_REPRESENTATION_CONTEXT() REPRESENTATION_CONTEXT('2D SPACE',''
  ) );
#2288 = PCURVE('',#2289,#2294);
#2289 = PLANE('',#2290);
#2290 = AXIS2_PLACEMENT_3D('',#2291,#2292,#2293);
#2291 = CARTESIAN_POINT('',(-495.,-245.,5.));
#2292 = DIRECTION('',(-0.,1.,0.));
#2293 = DIRECTION('',(0.,0.,1.));
#2294 = DEFINITIONAL_REPRESENTATION('',(#2295),#2299);
#2295 = LINE('',#2296,#2297);
#2296 = CARTESIAN_POINT('',(90.,0.));
#2297 = VECTOR('',#2298,1.);
#2298 = DIRECTION('',(0.,1.));
#2299 = ( GEOMETRIC_REPRESENTATION_CONTEXT(2) 
PARAMETRIC_REPRESENTATION_CONTEXT() REPRESENTATION_CONTEXT('2D SPACE',''
  ) );
#2300 = ORIENTED_EDGE('',*,*,#2301,.T.);
#2301 = EDGE_CURVE('',#2274,#2302,#2304,.T.);
#2302 = VERTEX_POINT('',#2303);
#2303 = CARTESIAN_POINT('',(495.,245.,95.));
#2304 = SURFACE_CURVE('',#2305,(#2309,#2316),.PCURVE_S1.);
#2305 = LINE('',#2306,#2307);
#2306 = CARTESIAN_POINT('',(495.,-245.,95.));
#2307 = VECTOR('',#2308,1.);
#2308 = DIRECTION('',(-0.,1.,0.));
#2309 = PCURVE('',#1096,#2310);
#2310 = DEFINITIONAL_REPRESENTATION('',(#2311),#2315);
#2311 = LINE('',#2312,#2313);
#2312 = CARTESIAN_POINT('',(990.,0.));
#2313 = VECTOR('',#2314,1.);
#2314 = DIRECTION('',(0.,1.));
#2315 = ( GEOMETRIC_REPRESENTATION_CONTEXT(2) 
PARAMETRIC_REPRESENTATION_CONTEXT() REPRESENTATION_CONTEXT('2D SPACE',''
  ) );
#2316 = PCURVE('',#2317,#2322);
#2317 = PLANE('',#2318);
#2318 = AXIS2_PLACEMENT_3D('',#2319,#2320,#2321);
#2319 = CARTESIAN_POINT('',(495.,-245.,5.));
#2320 = DIRECTION('',(1.,0.,-0.));
#2321 = DIRECTION('',(0.,0.,1.));
#2322 = DEFINITIONAL_REPRESENTATION('',(#2323),#2327);
#2323 = LINE('',#2324,#2325);
#2324 = CARTESIAN_POINT('',(90.,0.));
#2325 = VECTOR('',#2326,1.);
#2326 = DIRECTION('',(0.,-1.));
#2327 = ( GEOMETRIC_REPRESENTATION_CONTEXT(2) 
PARAMETRIC_REPRESENTATION_CONTEXT() REPRESENTATION_CONTEXT('2D SPACE',''
  ) );
#2328 = ORIENTED_EDGE('',*,*,#2329,.F.);
#2329 = EDGE_CURVE('',#2246,#2302,#2330,.T.);
#2330 = SURFACE_CURVE('',#2331,(#2335,#2342),.PCURVE_S1.);
#2331 = LINE('',#2332,#2333);
#2332 = CARTESIAN_POINT('',(-495.,245.,95.));
#2333 = VECTOR('',#2334,1.);
#2334 = DIRECTION('',(1.,0.,-0.));
#2335 = PCURVE('',#1096,#2336);
#2336 = DEFINITIONAL_REPRESENTATION('',(#2337),#2341);
#2337 = LINE('',#2338,#2339);
#2338 = CARTESIAN_POINT('',(0.,490.));
#2339 = VECTOR('',#2340,1.);
#2340 = DIRECTION('',(1.,0.));
#2341 = ( GEOMETRIC_REPRESENTATION_CONTEXT(2) 
PARAMETRIC_REPRESENTATION_CONTEXT() REPRESENTATION_CONTEXT('2D SPACE',''
  ) );
#2342 = PCURVE('',#2343,#2348);
#2343 = PLANE('',#2344);
#2344 = AXIS2_PLACEMENT_3D('',#2345,#2346,#2347);
#2345 = CARTESIAN_POINT('',(-495.,245.,5.));
#2346 = DIRECTION('',(-0.,1.,0.));
#2347 = DIRECTION('',(0.,0.,1.));
#2348 = DEFINITIONAL_REPRESENTATION('',(#2349),#2353);
#2349 = LINE('',#2350,#2351);
#2350 = CARTESIAN_POINT('',(90.,0.));
#2351 = VECTOR('',#2352,1.);
#2352 = DIRECTION('',(0.,1.));
#2353 = ( GEOMETRIC_REPRESENTATION_CONTEXT(2) 
PARAMETRIC_REPRESENTATION_CONTEXT() REPRESENTATION_CONTEXT('2D SPACE',''
  ) );
#2354 = FACE_BOUND('',#2355,.F.);
#2355 = EDGE_LOOP('',(#2356));
#2356 = ORIENTED_EDGE('',*,*,#1081,.F.);
#2357 = FACE_BOUND('',#2358,.F.);
#2358 = EDGE_LOOP('',(#2359));
#2359 = ORIENTED_EDGE('',*,*,#1136,.F.);
#2360 = FACE_BOUND('',#2361,.F.);
#2361 = EDGE_LOOP('',(#2362));
#2362 = ORIENTED_EDGE('',*,*,#1186,.F.);
#2363 = FACE_BOUND('',#2364,.F.);
#2364 = EDGE_LOOP('',(#2365));
#2365 = ORIENTED_EDGE('',*,*,#1236,.F.);
#2366 = FACE_BOUND('',#2367,.F.);
#2367 = EDGE_LOOP('',(#2368));
#2368 = ORIENTED_EDGE('',*,*,#1286,.F.);
#2369 = FACE_BOUND('',#2370,.F.);
#2370 = EDGE_LOOP('',(#2371));
#2371 = ORIENTED_EDGE('',*,*,#1336,.F.);
#2372 = FACE_BOUND('',#2373,.F.);
#2373 = EDGE_LOOP('',(#2374));
#2374 = ORIENTED_EDGE('',*,*,#1386,.F.);
#2375 = FACE_BOUND('',#2376,.F.);
#2376 = EDGE_LOOP('',(#2377,#2378,#2379,#2380));
#2377 = ORIENTED_EDGE('',*,*,#1435,.T.);
#2378 = ORIENTED_EDGE('',*,*,#1529,.T.);
#2379 = ORIENTED_EDGE('',*,*,#1576,.F.);
#2380 = ORIENTED_EDGE('',*,*,#1482,.F.);
#2381 = FACE_BOUND('',#2382,.F.);
#2382 = EDGE_LOOP('',(#2383));
#2383 = ORIENTED_EDGE('',*,*,#1624,.F.);
#2384 = FACE_BOUND('',#2385,.F.);
#2385 = EDGE_LOOP('',(#2386));
#2386 = ORIENTED_EDGE('',*,*,#1674,.F.);
#2387 = FACE_BOUND('',#2388,.F.);
#2388 = EDGE_LOOP('',(#2389));
#2389 = ORIENTED_EDGE('',*,*,#1724,.F.);
#2390 = FACE_BOUND('',#2391,.F.);
#2391 = EDGE_LOOP('',(#2392));
#2392 = ORIENTED_EDGE('',*,*,#1774,.F.);
#2393 = FACE_BOUND('',#2394,.F.);
#2394 = EDGE_LOOP('',(#2395));
#2395 = ORIENTED_EDGE('',*,*,#1824,.F.);
#2396 = ADVANCED_FACE('',(#2397,#2491,#2494,#2497,#2500,#2506),#1867,.T.
  );
#2397 = FACE_BOUND('',#2398,.T.);
#2398 = EDGE_LOOP('',(#2399,#2424,#2447,#2470));
#2399 = ORIENTED_EDGE('',*,*,#2400,.F.);
#2400 = EDGE_CURVE('',#2401,#2403,#2405,.T.);
#2401 = VERTEX_POINT('',#2402);
#2402 = CARTESIAN_POINT('',(-495.,-245.,5.));
#2403 = VERTEX_POINT('',#2404);
#2404 = CARTESIAN_POINT('',(-495.,245.,5.));
#2405 = SURFACE_CURVE('',#2406,(#2410,#2417),.PCURVE_S1.);
#2406 = LINE('',#2407,#2408);
#2407 = CARTESIAN_POINT('',(-495.,-245.,5.));
#2408 = VECTOR('',#2409,1.);
#2409 = DIRECTION('',(-0.,1.,0.));
#2410 = PCURVE('',#1867,#2411);
#2411 = DEFINITIONAL_REPRESENTATION('',(#2412),#2416);
#2412 = LINE('',#2413,#2414);
#2413 = CARTESIAN_POINT('',(0.,0.));
#2414 = VECTOR('',#2415,1.);
#2415 = DIRECTION('',(0.,1.));
#2416 = ( GEOMETRIC_REPRESENTATION_CONTEXT(2) 
PARAMETRIC_REPRESENTATION_CONTEXT() REPRESENTATION_CONTEXT('2D SPACE',''
  ) );
#2417 = PCURVE('',#2261,#2418);
#2418 = DEFINITIONAL_REPRESENTATION('',(#2419),#2423);
#2419 = LINE('',#2420,#2421);
#2420 = CARTESIAN_POINT('',(0.,0.));
#2421 = VECTOR('',#2422,1.);
#2422 = DIRECTION('',(0.,-1.));
#2423 = ( GEOMETRIC_REPRESENTATION_CONTEXT(2) 
PARAMETRIC_REPRESENTATION_CONTEXT() REPRESENTATION_CONTEXT('2D SPACE',''
  ) );
#2424 = ORIENTED_EDGE('',*,*,#2425,.T.);
#2425 = EDGE_CURVE('',#2401,#2426,#2428,.T.);
#2426 = VERTEX_POINT('',#2427);
#2427 = CARTESIAN_POINT('',(495.,-245.,5.));
#2428 = SURFACE_CURVE('',#2429,(#2433,#2440),.PCURVE_S1.);
#2429 = LINE('',#2430,#2431);
#2430 = CARTESIAN_POINT('',(-495.,-245.,5.));
#2431 = VECTOR('',#2432,1.);
#2432 = DIRECTION('',(1.,0.,-0.));
#2433 = PCURVE('',#1867,#2434);
#2434 = DEFINITIONAL_REPRESENTATION('',(#2435),#2439);
#2435 = LINE('',#2436,#2437);
#2436 = CARTESIAN_POINT('',(0.,0.));
#2437 = VECTOR('',#2438,1.);
#2438 = DIRECTION('',(1.,0.));
#2439 = ( GEOMETRIC_REPRESENTATION_CONTEXT(2) 
PARAMETRIC_REPRESENTATION_CONTEXT() REPRESENTATION_CONTEXT('2D SPACE',''
  ) );
#2440 = PCURVE('',#2289,#2441);
#2441 = DEFINITIONAL_REPRESENTATION('',(#2442),#2446);
#2442 = LINE('',#2443,#2444);
#2443 = CARTESIAN_POINT('',(0.,0.));
#2444 = VECTOR('',#2445,1.);
#2445 = DIRECTION('',(0.,1.));
#2446 = ( GEOMETRIC_REPRESENTATION_CONTEXT(2) 
PARAMETRIC_REPRESENTATION_CONTEXT() REPRESENTATION_CONTEXT('2D SPACE',''
  ) );
#2447 = ORIENTED_EDGE('',*,*,#2448,.T.);
#2448 = EDGE_CURVE('',#2426,#2449,#2451,.T.);
#2449 = VERTEX_POINT('',#2450);
#2450 = CARTESIAN_POINT('',(495.,245.,5.));
#2451 = SURFACE_CURVE('',#2452,(#2456,#2463),.PCURVE_S1.);
#2452 = LINE('',#2453,#2454);
#2453 = CARTESIAN_POINT('',(495.,-245.,5.));
#2454 = VECTOR('',#2455,1.);
#2455 = DIRECTION('',(-0.,1.,0.));
#2456 = PCURVE('',#1867,#2457);
#2457 = DEFINITIONAL_REPRESENTATION('',(#2458),#2462);
#2458 = LINE('',#2459,#2460);
#2459 = CARTESIAN_POINT('',(990.,0.));
#2460 = VECTOR('',#2461,1.);
#2461 = DIRECTION('',(0.,1.));
#2462 = ( GEOMETRIC_REPRESENTATION_CONTEXT(2) 
PARAMETRIC_REPRESENTATION_CONTEXT() REPRESENTATION_CONTEXT('2D SPACE',''
  ) );
#2463 = PCURVE('',#2317,#2464);
#2464 = DEFINITIONAL_REPRESENTATION('',(#2465),#2469);
#2465 = LINE('',#2466,#2467);
#2466 = CARTESIAN_POINT('',(0.,0.));
#2467 = VECTOR('',#2468,1.);
#2468 = DIRECTION('',(0.,-1.));
#2469 = ( GEOMETRIC_REPRESENTATION_CONTEXT(2) 
PARAMETRIC_REPRESENTATION_CONTEXT() REPRESENTATION_CONTEXT('2D SPACE',''
  ) );
#2470 = ORIENTED_EDGE('',*,*,#2471,.F.);
#2471 = EDGE_CURVE('',#2403,#2449,#2472,.T.);
#2472 = SURFACE_CURVE('',#2473,(#2477,#2484),.PCURVE_S1.);
#2473 = LINE('',#2474,#2475);
#2474 = CARTESIAN_POINT('',(-495.,245.,5.));
#2475 = VECTOR('',#2476,1.);
#2476 = DIRECTION('',(1.,0.,-0.));
#2477 = PCURVE('',#1867,#2478);
#2478 = DEFINITIONAL_REPRESENTATION('',(#2479),#2483);
#2479 = LINE('',#2480,#2481);
#2480 = CARTESIAN_POINT('',(0.,490.));
#2481 = VECTOR('',#2482,1.);
#2482 = DIRECTION('',(1.,0.));
#2483 = ( GEOMETRIC_REPRESENTATION_CONTEXT(2) 
PARAMETRIC_REPRESENTATION_CONTEXT() REPRESENTATION_CONTEXT('2D SPACE',''
  ) );
#2484 = PCURVE('',#2343,#2485);
#2485 = DEFINITIONAL_REPRESENTATION('',(#2486),#2490);
#2486 = LINE('',#2487,#2488);
#2487 = CARTESIAN_POINT('',(0.,0.));
#2488 = VECTOR('',#2489,1.);
#2489 = DIRECTION('',(0.,1.));
#2490 = ( GEOMETRIC_REPRESENTATION_CONTEXT(2) 
PARAMETRIC_REPRESENTATION_CONTEXT() REPRESENTATION_CONTEXT('2D SPACE',''
  ) );
#2491 = FACE_BOUND('',#2492,.T.);
#2492 = EDGE_LOOP('',(#2493));
#2493 = ORIENTED_EDGE('',*,*,#1850,.F.);
#2494 = FACE_BOUND('',#2495,.T.);
#2495 = EDGE_LOOP('',(#2496));
#2496 = ORIENTED_EDGE('',*,*,#1905,.F.);
#2497 = FACE_BOUND('',#2498,.T.);
#2498 = EDGE_LOOP('',(#2499));
#2499 = ORIENTED_EDGE('',*,*,#1955,.F.);
#2500 = FACE_BOUND('',#2501,.T.);
#2501 = EDGE_LOOP('',(#2502,#2503,#2504,#2505));
#2502 = ORIENTED_EDGE('',*,*,#2052,.T.);
#2503 = ORIENTED_EDGE('',*,*,#2146,.T.);
#2504 = ORIENTED_EDGE('',*,*,#2171,.F.);
#2505 = ORIENTED_EDGE('',*,*,#2099,.F.);
#2506 = FACE_BOUND('',#2507,.T.);
#2507 = EDGE_LOOP('',(#2508));
#2508 = ORIENTED_EDGE('',*,*,#2193,.F.);
#2509 = ADVANCED_FACE('',(#2510),#2261,.T.);
#2510 = FACE_BOUND('',#2511,.T.);
#2511 = EDGE_LOOP('',(#2512,#2533,#2534,#2555));
#2512 = ORIENTED_EDGE('',*,*,#2513,.F.);
#2513 = EDGE_CURVE('',#2401,#2244,#2514,.T.);
#2514 = SURFACE_CURVE('',#2515,(#2519,#2526),.PCURVE_S1.);
#2515 = LINE('',#2516,#2517);
#2516 = CARTESIAN_POINT('',(-495.,-245.,5.));
#2517 = VECTOR('',#2518,1.);
#2518 = DIRECTION('',(0.,0.,1.));
#2519 = PCURVE('',#2261,#2520);
#2520 = DEFINITIONAL_REPRESENTATION('',(#2521),#2525);
#2521 = LINE('',#2522,#2523);
#2522 = CARTESIAN_POINT('',(0.,0.));
#2523 = VECTOR('',#2524,1.);
#2524 = DIRECTION('',(1.,0.));
#2525 = ( GEOMETRIC_REPRESENTATION_CONTEXT(2) 
PARAMETRIC_REPRESENTATION_CONTEXT() REPRESENTATION_CONTEXT('2D SPACE',''
  ) );
#2526 = PCURVE('',#2289,#2527);
#2527 = DEFINITIONAL_REPRESENTATION('',(#2528),#2532);
#2528 = LINE('',#2529,#2530);
#2529 = CARTESIAN_POINT('',(0.,0.));
#2530 = VECTOR('',#2531,1.);
#2531 = DIRECTION('',(1.,0.));
#2532 = ( GEOMETRIC_REPRESENTATION_CONTEXT(2) 
PARAMETRIC_REPRESENTATION_CONTEXT() REPRESENTATION_CONTEXT('2D SPACE',''
  ) );
#2533 = ORIENTED_EDGE('',*,*,#2400,.T.);
#2534 = ORIENTED_EDGE('',*,*,#2535,.T.);
#2535 = EDGE_CURVE('',#2403,#2246,#2536,.T.);
#2536 = SURFACE_CURVE('',#2537,(#2541,#2548),.PCURVE_S1.);
#2537 = LINE('',#2538,#2539);
#2538 = CARTESIAN_POINT('',(-495.,245.,5.));
#2539 = VECTOR('',#2540,1.);
#2540 = DIRECTION('',(0.,0.,1.));
#2541 = PCURVE('',#2261,#2542);
#2542 = DEFINITIONAL_REPRESENTATION('',(#2543),#2547);
#2543 = LINE('',#2544,#2545);
#2544 = CARTESIAN_POINT('',(0.,-490.));
#2545 = VECTOR('',#2546,1.);
#2546 = DIRECTION('',(1.,0.));
#2547 = ( GEOMETRIC_REPRESENTATION_CONTEXT(2) 
PARAMETRIC_REPRESENTATION_CONTEXT() REPRESENTATION_CONTEXT('2D SPACE',''
  ) );
#2548 = PCURVE('',#2343,#2549);
#2549 = DEFINITIONAL_REPRESENTATION('',(#2550),#2554);
#2550 = LINE('',#2551,#2552);
#2551 = CARTESIAN_POINT('',(0.,0.));
#2552 = VECTOR('',#2553,1.);
#2553 = DIRECTION('',(1.,0.));
#2554 = ( GEOMETRIC_REPRESENTATION_CONTEXT(2) 
PARAMETRIC_REPRESENTATION_CONTEXT() REPRESENTATION_CONTEXT('2D SPACE',''
  ) );
#2555 = ORIENTED_EDGE('',*,*,#2243,.F.);
#2556 = ADVANCED_FACE('',(#2557),#2343,.F.);
#2557 = FACE_BOUND('',#2558,.F.);
#2558 = EDGE_LOOP('',(#2559,#2560,#2561,#2562));
#2559 = ORIENTED_EDGE('',*,*,#2471,.F.);
#2560 = ORIENTED_EDGE('',*,*,#2535,.T.);
#2561 = ORIENTED_EDGE('',*,*,#2329,.T.);
#2562 = ORIENTED_EDGE('',*,*,#2563,.F.);
#2563 = EDGE_CURVE('',#2449,#2302,#2564,.T.);
#2564 = SURFACE_CURVE('',#2565,(#2569,#2576),.PCURVE_S1.);
#2565 = LINE('',#2566,#2567);
#2566 = CARTESIAN_POINT('',(495.,245.,5.));
#2567 = VECTOR('',#2568,1.);
#2568 = DIRECTION('',(0.,0.,1.));
#2569 = PCURVE('',#2343,#2570);
#2570 = DEFINITIONAL_REPRESENTATION('',(#2571),#2575);
#2571 = LINE('',#2572,#2573);
#2572 = CARTESIAN_POINT('',(0.,990.));
#2573 = VECTOR('',#2574,1.);
#2574 = DIRECTION('',(1.,0.));
#2575 = ( GEOMETRIC_REPRESENTATION_CONTEXT(2) 
PARAMETRIC_REPRESENTATION_CONTEXT() REPRESENTATION_CONTEXT('2D SPACE',''
  ) );
#2576 = PCURVE('',#2317,#2577);
#2577 = DEFINITIONAL_REPRESENTATION('',(#2578),#2582);
#2578 = LINE('',#2579,#2580);
#2579 = CARTESIAN_POINT('',(0.,-490.));
#2580 = VECTOR('',#2581,1.);
#2581 = DIRECTION('',(1.,0.));
#2582 = ( GEOMETRIC_REPRESENTATION_CONTEXT(2) 
PARAMETRIC_REPRESENTATION_CONTEXT() REPRESENTATION_CONTEXT('2D SPACE',''
  ) );
#2583 = ADVANCED_FACE('',(#2584),#2289,.T.);
#2584 = FACE_BOUND('',#2585,.T.);
#2585 = EDGE_LOOP('',(#2586,#2587,#2588,#2589));
#2586 = ORIENTED_EDGE('',*,*,#2425,.F.);
#2587 = ORIENTED_EDGE('',*,*,#2513,.T.);
#2588 = ORIENTED_EDGE('',*,*,#2273,.T.);
#2589 = ORIENTED_EDGE('',*,*,#2590,.F.);
#2590 = EDGE_CURVE('',#2426,#2274,#2591,.T.);
#2591 = SURFACE_CURVE('',#2592,(#2596,#2603),.PCURVE_S1.);
#2592 = LINE('',#2593,#2594);
#2593 = CARTESIAN_POINT('',(495.,-245.,5.));
#2594 = VECTOR('',#2595,1.);
#2595 = DIRECTION('',(0.,0.,1.));
#2596 = PCURVE('',#2289,#2597);
#2597 = DEFINITIONAL_REPRESENTATION('',(#2598),#2602);
#2598 = LINE('',#2599,#2600);
#2599 = CARTESIAN_POINT('',(0.,990.));
#2600 = VECTOR('',#2601,1.);
#2601 = DIRECTION('',(1.,0.));
#2602 = ( GEOMETRIC_REPRESENTATION_CONTEXT(2) 
PARAMETRIC_REPRESENTATION_CONTEXT() REPRESENTATION_CONTEXT('2D SPACE',''
  ) );
#2603 = PCURVE('',#2317,#2604);
#2604 = DEFINITIONAL_REPRESENTATION('',(#2605),#2609);
#2605 = LINE('',#2606,#2607);
#2606 = CARTESIAN_POINT('',(0.,0.));
#2607 = VECTOR('',#2608,1.);
#2608 = DIRECTION('',(1.,0.));
#2609 = ( GEOMETRIC_REPRESENTATION_CONTEXT(2) 
PARAMETRIC_REPRESENTATION_CONTEXT() REPRESENTATION_CONTEXT('2D SPACE',''
  ) );
#2610 = ADVANCED_FACE('',(#2611),#2317,.F.);
#2611 = FACE_BOUND('',#2612,.F.);
#2612 = EDGE_LOOP('',(#2613,#2614,#2615,#2616));
#2613 = ORIENTED_EDGE('',*,*,#2590,.F.);
#2614 = ORIENTED_EDGE('',*,*,#2448,.T.);
#2615 = ORIENTED_EDGE('',*,*,#2563,.T.);
#2616 = ORIENTED_EDGE('',*,*,#2301,.F.);
#2617 = MANIFOLD_SOLID_BREP('',#2618);
#2618 = CLOSED_SHELL('',(#2619,#2739,#2815,#2988,#3037,#3064,#3071,#3126
    ,#3181,#3236,#3291,#3295,#3299,#3303));
#2619 = ADVANCED_FACE('',(#2620),#2634,.F.);
#2620 = FACE_BOUND('',#2621,.F.);
#2621 = EDGE_LOOP('',(#2622,#2657,#2685,#2713));
#2622 = ORIENTED_EDGE('',*,*,#2623,.F.);
#2623 = EDGE_CURVE('',#2624,#2626,#2628,.T.);
#2624 = VERTEX_POINT('',#2625);
#2625 = CARTESIAN_POINT('',(-700.,-550.,-300.));
#2626 = VERTEX_POINT('',#2627);
#2627 = CARTESIAN_POINT('',(-700.,-550.,0.));
#2628 = SURFACE_CURVE('',#2629,(#2633,#2645),.PCURVE_S1.);
#2629 = LINE('',#2630,#2631);
#2630 = CARTESIAN_POINT('',(-700.,-550.,-300.));
#2631 = VECTOR('',#2632,1.);
#2632 = DIRECTION('',(0.,0.,1.));
#2633 = PCURVE('',#2634,#2639);
#2634 = PLANE('',#2635);
#2635 = AXIS2_PLACEMENT_3D('',#2636,#2637,#2638);
#2636 = CARTESIAN_POINT('',(-700.,-550.,-300.));
#2637 = DIRECTION('',(1.,0.,-0.));
#2638 = DIRECTION('',(0.,0.,1.));
#2639 = DEFINITIONAL_REPRESENTATION('',(#2640),#2644);
#2640 = LINE('',#2641,#2642);
#2641 = CARTESIAN_POINT('',(0.,0.));
#2642 = VECTOR('',#2643,1.);
#2643 = DIRECTION('',(1.,0.));
#2644 = ( GEOMETRIC_REPRESENTATION_CONTEXT(2) 
PARAMETRIC_REPRESENTATION_CONTEXT() REPRESENTATION_CONTEXT('2D SPACE',''
  ) );
#2645 = PCURVE('',#2646,#2651);
#2646 = PLANE('',#2647);
#2647 = AXIS2_PLACEMENT_3D('',#2648,#2649,#2650);
#2648 = CARTESIAN_POINT('',(-700.,-550.,-300.));
#2649 = DIRECTION('',(-0.,1.,0.));
#2650 = DIRECTION('',(0.,0.,1.));
#2651 = DEFINITIONAL_REPRESENTATION('',(#2652),#2656);
#2652 = LINE('',#2653,#2654);
#2653 = CARTESIAN_POINT('',(0.,0.));
#2654 = VECTOR('',#2655,1.);
#2655 = DIRECTION('',(1.,0.));
#2656 = ( GEOMETRIC_REPRESENTATION_CONTEXT(2) 
PARAMETRIC_REPRESENTATION_CONTEXT() REPRESENTATION_CONTEXT('2D SPACE',''
  ) );
#2657 = ORIENTED_EDGE('',*,*,#2658,.T.);
#2658 = EDGE_CURVE('',#2624,#2659,#2661,.T.);
#2659 = VERTEX_POINT('',#2660);
#2660 = CARTESIAN_POINT('',(-700.,550.,-300.));
#2661 = SURFACE_CURVE('',#2662,(#2666,#2673),.PCURVE_S1.);
#2662 = LINE('',#2663,#2664);
#2663 = CARTESIAN_POINT('',(-700.,-550.,-300.));
#2664 = VECTOR('',#2665,1.);
#2665 = DIRECTION('',(-0.,1.,0.));
#2666 = PCURVE('',#2634,#2667);
#2667 = DEFINITIONAL_REPRESENTATION('',(#2668),#2672);
#2668 = LINE('',#2669,#2670);
#2669 = CARTESIAN_POINT('',(0.,0.));
#2670 = VECTOR('',#2671,1.);
#2671 = DIRECTION('',(0.,-1.));
#2672 = ( GEOMETRIC_REPRESENTATION_CONTEXT(2) 
PARAMETRIC_REPRESENTATION_CONTEXT() REPRESENTATION_CONTEXT('2D SPACE',''
  ) );
#2673 = PCURVE('',#2674,#2679);
#2674 = PLANE('',#2675);
#2675 = AXIS2_PLACEMENT_3D('',#2676,#2677,#2678);
#2676 = CARTESIAN_POINT('',(-700.,-550.,-300.));
#2677 = DIRECTION('',(0.,0.,1.));
#2678 = DIRECTION('',(1.,0.,-0.));
#2679 = DEFINITIONAL_REPRESENTATION('',(#2680),#2684);
#2680 = LINE('',#2681,#2682);
#2681 = CARTESIAN_POINT('',(0.,0.));
#2682 = VECTOR('',#2683,1.);
#2683 = DIRECTION('',(0.,1.));
#2684 = ( GEOMETRIC_REPRESENTATION_CONTEXT(2) 
PARAMETRIC_REPRESENTATION_CONTEXT() REPRESENTATION_CONTEXT('2D SPACE',''
  ) );
#2685 = ORIENTED_EDGE('',*,*,#2686,.T.);
#2686 = EDGE_CURVE('',#2659,#2687,#2689,.T.);
#2687 = VERTEX_POINT('',#2688);
#2688 = CARTESIAN_POINT('',(-700.,550.,0.));
#2689 = SURFACE_CURVE('',#2690,(#2694,#2701),.PCURVE_S1.);
#2690 = LINE('',#2691,#2692);
#2691 = CARTESIAN_POINT('',(-700.,550.,-300.));
#2692 = VECTOR('',#2693,1.);
#2693 = DIRECTION('',(0.,0.,1.));
#2694 = PCURVE('',#2634,#2695);
#2695 = DEFINITIONAL_REPRESENTATION('',(#2696),#2700);
#2696 = LINE('',#2697,#2698);
#2697 = CARTESIAN_POINT('',(0.,-1.1E+03));
#2698 = VECTOR('',#2699,1.);
#2699 = DIRECTION('',(1.,0.));
#2700 = ( GEOMETRIC_REPRESENTATION_CONTEXT(2) 
PARAMETRIC_REPRESENTATION_CONTEXT() REPRESENTATION_CONTEXT('2D SPACE',''
  ) );
#2701 = PCURVE('',#2702,#2707);
#2702 = PLANE('',#2703);
#2703 = AXIS2_PLACEMENT_3D('',#2704,#2705,#2706);
#2704 = CARTESIAN_POINT('',(-700.,550.,-300.));
#2705 = DIRECTION('',(-0.,1.,0.));
#2706 = DIRECTION('',(0.,0.,1.));
#2707 = DEFINITIONAL_REPRESENTATION('',(#2708),#2712);
#2708 = LINE('',#2709,#2710);
#2709 = CARTESIAN_POINT('',(0.,0.));
#2710 = VECTOR('',#2711,1.);
#2711 = DIRECTION('',(1.,0.));
#2712 = ( GEOMETRIC_REPRESENTATION_CONTEXT(2) 
PARAMETRIC_REPRESENTATION_CONTEXT() REPRESENTATION_CONTEXT('2D SPACE',''
  ) );
#2713 = ORIENTED_EDGE('',*,*,#2714,.F.);
#2714 = EDGE_CURVE('',#2626,#2687,#2715,.T.);
#2715 = SURFACE_CURVE('',#2716,(#2720,#2727),.PCURVE_S1.);
#2716 = LINE('',#2717,#2718);
#2717 = CARTESIAN_POINT('',(-700.,-550.,0.));
#2718 = VECTOR('',#2719,1.);
#2719 = DIRECTION('',(-0.,1.,0.));
#2720 = PCURVE('',#2634,#2721);
#2721 = DEFINITIONAL_REPRESENTATION('',(#2722),#2726);
#2722 = LINE('',#2723,#2724);
#2723 = CARTESIAN_POINT('',(300.,0.));
#2724 = VECTOR('',#2725,1.);
#2725 = DIRECTION('',(0.,-1.));
#2726 = ( GEOMETRIC_REPRESENTATION_CONTEXT(2) 
PARAMETRIC_REPRESENTATION_CONTEXT() REPRESENTATION_CONTEXT('2D SPACE',''
  ) );
#2727 = PCURVE('',#2728,#2733);
#2728 = PLANE('',#2729);
#2729 = AXIS2_PLACEMENT_3D('',#2730,#2731,#2732);
#2730 = CARTESIAN_POINT('',(-700.,-550.,0.));
#2731 = DIRECTION('',(0.,0.,1.));
#2732 = DIRECTION('',(1.,0.,-0.));
#2733 = DEFINITIONAL_REPRESENTATION('',(#2734),#2738);
#2734 = LINE('',#2735,#2736);
#2735 = CARTESIAN_POINT('',(0.,0.));
#2736 = VECTOR('',#2737,1.);
#2737 = DIRECTION('',(0.,1.));
#2738 = ( GEOMETRIC_REPRESENTATION_CONTEXT(2) 
PARAMETRIC_REPRESENTATION_CONTEXT() REPRESENTATION_CONTEXT('2D SPACE',''
  ) );
#2739 = ADVANCED_FACE('',(#2740),#2646,.F.);
#2740 = FACE_BOUND('',#2741,.F.);
#2741 = EDGE_LOOP('',(#2742,#2765,#2766,#2789));
#2742 = ORIENTED_EDGE('',*,*,#2743,.F.);
#2743 = EDGE_CURVE('',#2624,#2744,#2746,.T.);
#2744 = VERTEX_POINT('',#2745);
#2745 = CARTESIAN_POINT('',(700.,-550.,-300.));
#2746 = SURFACE_CURVE('',#2747,(#2751,#2758),.PCURVE_S1.);
#2747 = LINE('',#2748,#2749);
#2748 = CARTESIAN_POINT('',(-700.,-550.,-300.));
#2749 = VECTOR('',#2750,1.);
#2750 = DIRECTION('',(1.,0.,-0.));
#2751 = PCURVE('',#2646,#2752);
#2752 = DEFINITIONAL_REPRESENTATION('',(#2753),#2757);
#2753 = LINE('',#2754,#2755);
#2754 = CARTESIAN_POINT('',(0.,0.));
#2755 = VECTOR('',#2756,1.);
#2756 = DIRECTION('',(0.,1.));
#2757 = ( GEOMETRIC_REPRESENTATION_CONTEXT(2) 
PARAMETRIC_REPRESENTATION_CONTEXT() REPRESENTATION_CONTEXT('2D SPACE',''
  ) );
#2758 = PCURVE('',#2674,#2759);
#2759 = DEFINITIONAL_REPRESENTATION('',(#2760),#2764);
#2760 = LINE('',#2761,#2762);
#2761 = CARTESIAN_POINT('',(0.,0.));
#2762 = VECTOR('',#2763,1.);
#2763 = DIRECTION('',(1.,0.));
#2764 = ( GEOMETRIC_REPRESENTATION_CONTEXT(2) 
PARAMETRIC_REPRESENTATION_CONTEXT() REPRESENTATION_CONTEXT('2D SPACE',''
  ) );
#2765 = ORIENTED_EDGE('',*,*,#2623,.T.);
#2766 = ORIENTED_EDGE('',*,*,#2767,.T.);
#2767 = EDGE_CURVE('',#2626,#2768,#2770,.T.);
#2768 = VERTEX_POINT('',#2769);
#2769 = CARTESIAN_POINT('',(700.,-550.,0.));
#2770 = SURFACE_CURVE('',#2771,(#2775,#2782),.PCURVE_S1.);
#2771 = LINE('',#2772,#2773);
#2772 = CARTESIAN_POINT('',(-700.,-550.,0.));
#2773 = VECTOR('',#2774,1.);
#2774 = DIRECTION('',(1.,0.,-0.));
#2775 = PCURVE('',#2646,#2776);
#2776 = DEFINITIONAL_REPRESENTATION('',(#2777),#2781);
#2777 = LINE('',#2778,#2779);
#2778 = CARTESIAN_POINT('',(300.,0.));
#2779 = VECTOR('',#2780,1.);
#2780 = DIRECTION('',(0.,1.));
#2781 = ( GEOMETRIC_REPRESENTATION_CONTEXT(2) 
PARAMETRIC_REPRESENTATION_CONTEXT() REPRESENTATION_CONTEXT('2D SPACE',''
  ) );
#2782 = PCURVE('',#2728,#2783);
#2783 = DEFINITIONAL_REPRESENTATION('',(#2784),#2788);
#2784 = LINE('',#2785,#2786);
#2785 = CARTESIAN_POINT('',(0.,0.));
#2786 = VECTOR('',#2787,1.);
#2787 = DIRECTION('',(1.,0.));
#2788 = ( GEOMETRIC_REPRESENTATION_CONTEXT(2) 
PARAMETRIC_REPRESENTATION_CONTEXT() REPRESENTATION_CONTEXT('2D SPACE',''
  ) );
#2789 = ORIENTED_EDGE('',*,*,#2790,.F.);
#2790 = EDGE_CURVE('',#2744,#2768,#2791,.T.);
#2791 = SURFACE_CURVE('',#2792,(#2796,#2803),.PCURVE_S1.);
#2792 = LINE('',#2793,#2794);
#2793 = CARTESIAN_POINT('',(700.,-550.,-300.));
#2794 = VECTOR('',#2795,1.);
#2795 = DIRECTION('',(0.,0.,1.));
#2796 = PCURVE('',#2646,#2797);
#2797 = DEFINITIONAL_REPRESENTATION('',(#2798),#2802);
#2798 = LINE('',#2799,#2800);
#2799 = CARTESIAN_POINT('',(0.,1.4E+03));
#2800 = VECTOR('',#2801,1.);
#2801 = DIRECTION('',(1.,0.));
#2802 = ( GEOMETRIC_REPRESENTATION_CONTEXT(2) 
PARAMETRIC_REPRESENTATION_CONTEXT() REPRESENTATION_CONTEXT('2D SPACE',''
  ) );
#2803 = PCURVE('',#2804,#2809);
#2804 = PLANE('',#2805);
#2805 = AXIS2_PLACEMENT_3D('',#2806,#2807,#2808);
#2806 = CARTESIAN_POINT('',(700.,-550.,-300.));
#2807 = DIRECTION('',(1.,0.,-0.));
#2808 = DIRECTION('',(0.,0.,1.));
#2809 = DEFINITIONAL_REPRESENTATION('',(#2810),#2814);
#2810 = LINE('',#2811,#2812);
#2811 = CARTESIAN_POINT('',(0.,0.));
#2812 = VECTOR('',#2813,1.);
#2813 = DIRECTION('',(1.,0.));
#2814 = ( GEOMETRIC_REPRESENTATION_CONTEXT(2) 
PARAMETRIC_REPRESENTATION_CONTEXT() REPRESENTATION_CONTEXT('2D SPACE',''
  ) );
#2815 = ADVANCED_FACE('',(#2816,#2864,#2895,#2926,#2957),#2728,.T.);
#2816 = FACE_BOUND('',#2817,.T.);
#2817 = EDGE_LOOP('',(#2818,#2819,#2820,#2843));
#2818 = ORIENTED_EDGE('',*,*,#2714,.F.);
#2819 = ORIENTED_EDGE('',*,*,#2767,.T.);
#2820 = ORIENTED_EDGE('',*,*,#2821,.T.);
#2821 = EDGE_CURVE('',#2768,#2822,#2824,.T.);
#2822 = VERTEX_POINT('',#2823);
#2823 = CARTESIAN_POINT('',(700.,550.,0.));
#2824 = SURFACE_CURVE('',#2825,(#2829,#2836),.PCURVE_S1.);
#2825 = LINE('',#2826,#2827);
#2826 = CARTESIAN_POINT('',(700.,-550.,0.));
#2827 = VECTOR('',#2828,1.);
#2828 = DIRECTION('',(-0.,1.,0.));
#2829 = PCURVE('',#2728,#2830);
#2830 = DEFINITIONAL_REPRESENTATION('',(#2831),#2835);
#2831 = LINE('',#2832,#2833);
#2832 = CARTESIAN_POINT('',(1.4E+03,0.));
#2833 = VECTOR('',#2834,1.);
#2834 = DIRECTION('',(0.,1.));
#2835 = ( GEOMETRIC_REPRESENTATION_CONTEXT(2) 
PARAMETRIC_REPRESENTATION_CONTEXT() REPRESENTATION_CONTEXT('2D SPACE',''
  ) );
#2836 = PCURVE('',#2804,#2837);
#2837 = DEFINITIONAL_REPRESENTATION('',(#2838),#2842);
#2838 = LINE('',#2839,#2840);
#2839 = CARTESIAN_POINT('',(300.,0.));
#2840 = VECTOR('',#2841,1.);
#2841 = DIRECTION('',(0.,-1.));
#2842 = ( GEOMETRIC_REPRESENTATION_CONTEXT(2) 
PARAMETRIC_REPRESENTATION_CONTEXT() REPRESENTATION_CONTEXT('2D SPACE',''
  ) );
#2843 = ORIENTED_EDGE('',*,*,#2844,.F.);
#2844 = EDGE_CURVE('',#2687,#2822,#2845,.T.);
#2845 = SURFACE_CURVE('',#2846,(#2850,#2857),.PCURVE_S1.);
#2846 = LINE('',#2847,#2848);
#2847 = CARTESIAN_POINT('',(-700.,550.,0.));
#2848 = VECTOR('',#2849,1.);
#2849 = DIRECTION('',(1.,0.,-0.));
#2850 = PCURVE('',#2728,#2851);
#2851 = DEFINITIONAL_REPRESENTATION('',(#2852),#2856);
#2852 = LINE('',#2853,#2854);
#2853 = CARTESIAN_POINT('',(0.,1.1E+03));
#2854 = VECTOR('',#2855,1.);
#2855 = DIRECTION('',(1.,0.));
#2856 = ( GEOMETRIC_REPRESENTATION_CONTEXT(2) 
PARAMETRIC_REPRESENTATION_CONTEXT() REPRESENTATION_CONTEXT('2D SPACE',''
  ) );
#2857 = PCURVE('',#2702,#2858);
#2858 = DEFINITIONAL_REPRESENTATION('',(#2859),#2863);
#2859 = LINE('',#2860,#2861);
#2860 = CARTESIAN_POINT('',(300.,0.));
#2861 = VECTOR('',#2862,1.);
#2862 = DIRECTION('',(0.,1.));
#2863 = ( GEOMETRIC_REPRESENTATION_CONTEXT(2) 
PARAMETRIC_REPRESENTATION_CONTEXT() REPRESENTATION_CONTEXT('2D SPACE',''
  ) );
#2864 = FACE_BOUND('',#2865,.T.);
#2865 = EDGE_LOOP('',(#2866));
#2866 = ORIENTED_EDGE('',*,*,#2867,.F.);
#2867 = EDGE_CURVE('',#2868,#2868,#2870,.T.);
#2868 = VERTEX_POINT('',#2869);
#2869 = CARTESIAN_POINT('',(-469.,-220.,0.));
#2870 = SURFACE_CURVE('',#2871,(#2876,#2883),.PCURVE_S1.);
#2871 = CIRCLE('',#2872,6.);
#2872 = AXIS2_PLACEMENT_3D('',#2873,#2874,#2875);
#2873 = CARTESIAN_POINT('',(-475.,-220.,0.));
#2874 = DIRECTION('',(0.,0.,1.));
#2875 = DIRECTION('',(1.,0.,-0.));
#2876 = PCURVE('',#2728,#2877);
#2877 = DEFINITIONAL_REPRESENTATION('',(#2878),#2882);
#2878 = CIRCLE('',#2879,6.);
#2879 = AXIS2_PLACEMENT_2D('',#2880,#2881);
#2880 = CARTESIAN_POINT('',(225.,330.));
#2881 = DIRECTION('',(1.,0.));
#2882 = ( GEOMETRIC_REPRESENTATION_CONTEXT(2) 
PARAMETRIC_REPRESENTATION_CONTEXT() REPRESENTATION_CONTEXT('2D SPACE',''
  ) );
#2883 = PCURVE('',#2884,#2889);
#2884 = CYLINDRICAL_SURFACE('',#2885,6.);
#2885 = AXIS2_PLACEMENT_3D('',#2886,#2887,#2888);
#2886 = CARTESIAN_POINT('',(-475.,-220.,-100.));
#2887 = DIRECTION('',(0.,0.,1.));
#2888 = DIRECTION('',(1.,0.,-0.));
#2889 = DEFINITIONAL_REPRESENTATION('',(#2890),#2894);
#2890 = LINE('',#2891,#2892);
#2891 = CARTESIAN_POINT('',(0.,100.));
#2892 = VECTOR('',#2893,1.);
#2893 = DIRECTION('',(1.,0.));
#2894 = ( GEOMETRIC_REPRESENTATION_CONTEXT(2) 
PARAMETRIC_REPRESENTATION_CONTEXT() REPRESENTATION_CONTEXT('2D SPACE',''
  ) );
#2895 = FACE_BOUND('',#2896,.T.);
#2896 = EDGE_LOOP('',(#2897));
#2897 = ORIENTED_EDGE('',*,*,#2898,.F.);
#2898 = EDGE_CURVE('',#2899,#2899,#2901,.T.);
#2899 = VERTEX_POINT('',#2900);
#2900 = CARTESIAN_POINT('',(481.,-220.,0.));
#2901 = SURFACE_CURVE('',#2902,(#2907,#2914),.PCURVE_S1.);
#2902 = CIRCLE('',#2903,6.);
#2903 = AXIS2_PLACEMENT_3D('',#2904,#2905,#2906);
#2904 = CARTESIAN_POINT('',(475.,-220.,0.));
#2905 = DIRECTION('',(0.,0.,1.));
#2906 = DIRECTION('',(1.,0.,-0.));
#2907 = PCURVE('',#2728,#2908);
#2908 = DEFINITIONAL_REPRESENTATION('',(#2909),#2913);
#2909 = CIRCLE('',#2910,6.);
#2910 = AXIS2_PLACEMENT_2D('',#2911,#2912);
#2911 = CARTESIAN_POINT('',(1.175E+03,330.));
#2912 = DIRECTION('',(1.,0.));
#2913 = ( GEOMETRIC_REPRESENTATION_CONTEXT(2) 
PARAMETRIC_REPRESENTATION_CONTEXT() REPRESENTATION_CONTEXT('2D SPACE',''
  ) );
#2914 = PCURVE('',#2915,#2920);
#2915 = CYLINDRICAL_SURFACE('',#2916,6.);
#2916 = AXIS2_PLACEMENT_3D('',#2917,#2918,#2919);
#2917 = CARTESIAN_POINT('',(475.,-220.,-100.));
#2918 = DIRECTION('',(0.,0.,1.));
#2919 = DIRECTION('',(1.,0.,-0.));
#2920 = DEFINITIONAL_REPRESENTATION('',(#2921),#2925);
#2921 = LINE('',#2922,#2923);
#2922 = CARTESIAN_POINT('',(0.,100.));
#2923 = VECTOR('',#2924,1.);
#2924 = DIRECTION('',(1.,0.));
#2925 = ( GEOMETRIC_REPRESENTATION_CONTEXT(2) 
PARAMETRIC_REPRESENTATION_CONTEXT() REPRESENTATION_CONTEXT('2D SPACE',''
  ) );
#2926 = FACE_BOUND('',#2927,.T.);
#2927 = EDGE_LOOP('',(#2928));
#2928 = ORIENTED_EDGE('',*,*,#2929,.F.);
#2929 = EDGE_CURVE('',#2930,#2930,#2932,.T.);
#2930 = VERTEX_POINT('',#2931);
#2931 = CARTESIAN_POINT('',(-469.,220.,0.));
#2932 = SURFACE_CURVE('',#2933,(#2938,#2945),.PCURVE_S1.);
#2933 = CIRCLE('',#2934,6.);
#2934 = AXIS2_PLACEMENT_3D('',#2935,#2936,#2937);
#2935 = CARTESIAN_POINT('',(-475.,220.,0.));
#2936 = DIRECTION('',(0.,0.,1.));
#2937 = DIRECTION('',(1.,0.,-0.));
#2938 = PCURVE('',#2728,#2939);
#2939 = DEFINITIONAL_REPRESENTATION('',(#2940),#2944);
#2940 = CIRCLE('',#2941,6.);
#2941 = AXIS2_PLACEMENT_2D('',#2942,#2943);
#2942 = CARTESIAN_POINT('',(225.,770.));
#2943 = DIRECTION('',(1.,0.));
#2944 = ( GEOMETRIC_REPRESENTATION_CONTEXT(2) 
PARAMETRIC_REPRESENTATION_CONTEXT() REPRESENTATION_CONTEXT('2D SPACE',''
  ) );
#2945 = PCURVE('',#2946,#2951);
#2946 = CYLINDRICAL_SURFACE('',#2947,6.);
#2947 = AXIS2_PLACEMENT_3D('',#2948,#2949,#2950);
#2948 = CARTESIAN_POINT('',(-475.,220.,-100.));
#2949 = DIRECTION('',(0.,0.,1.));
#2950 = DIRECTION('',(1.,0.,-0.));
#2951 = DEFINITIONAL_REPRESENTATION('',(#2952),#2956);
#2952 = LINE('',#2953,#2954);
#2953 = CARTESIAN_POINT('',(0.,100.));
#2954 = VECTOR('',#2955,1.);
#2955 = DIRECTION('',(1.,0.));
#2956 = ( GEOMETRIC_REPRESENTATION_CONTEXT(2) 
PARAMETRIC_REPRESENTATION_CONTEXT() REPRESENTATION_CONTEXT('2D SPACE',''
  ) );
#2957 = FACE_BOUND('',#2958,.T.);
#2958 = EDGE_LOOP('',(#2959));
#2959 = ORIENTED_EDGE('',*,*,#2960,.F.);
#2960 = EDGE_CURVE('',#2961,#2961,#2963,.T.);
#2961 = VERTEX_POINT('',#2962);
#2962 = CARTESIAN_POINT('',(481.,220.,0.));
#2963 = SURFACE_CURVE('',#2964,(#2969,#2976),.PCURVE_S1.);
#2964 = CIRCLE('',#2965,6.);
#2965 = AXIS2_PLACEMENT_3D('',#2966,#2967,#2968);
#2966 = CARTESIAN_POINT('',(475.,220.,0.));
#2967 = DIRECTION('',(0.,0.,1.));
#2968 = DIRECTION('',(1.,0.,-0.));
#2969 = PCURVE('',#2728,#2970);
#2970 = DEFINITIONAL_REPRESENTATION('',(#2971),#2975);
#2971 = CIRCLE('',#2972,6.);
#2972 = AXIS2_PLACEMENT_2D('',#2973,#2974);
#2973 = CARTESIAN_POINT('',(1.175E+03,770.));
#2974 = DIRECTION('',(1.,0.));
#2975 = ( GEOMETRIC_REPRESENTATION_CONTEXT(2) 
PARAMETRIC_REPRESENTATION_CONTEXT() REPRESENTATION_CONTEXT('2D SPACE',''
  ) );
#2976 = PCURVE('',#2977,#2982);
#2977 = CYLINDRICAL_SURFACE('',#2978,6.);
#2978 = AXIS2_PLACEMENT_3D('',#2979,#2980,#2981);
#2979 = CARTESIAN_POINT('',(475.,220.,-100.));
#2980 = DIRECTION('',(0.,0.,1.));
#2981 = DIRECTION('',(1.,0.,-0.));
#2982 = DEFINITIONAL_REPRESENTATION('',(#2983),#2987);
#2983 = LINE('',#2984,#2985);
#2984 = CARTESIAN_POINT('',(0.,100.));
#2985 = VECTOR('',#2986,1.);
#2986 = DIRECTION('',(1.,0.));
#2987 = ( GEOMETRIC_REPRESENTATION_CONTEXT(2) 
PARAMETRIC_REPRESENTATION_CONTEXT() REPRESENTATION_CONTEXT('2D SPACE',''
  ) );
#2988 = ADVANCED_FACE('',(#2989),#2702,.T.);
#2989 = FACE_BOUND('',#2990,.T.);
#2990 = EDGE_LOOP('',(#2991,#3014,#3015,#3016));
#2991 = ORIENTED_EDGE('',*,*,#2992,.F.);
#2992 = EDGE_CURVE('',#2659,#2993,#2995,.T.);
#2993 = VERTEX_POINT('',#2994);
#2994 = CARTESIAN_POINT('',(700.,550.,-300.));
#2995 = SURFACE_CURVE('',#2996,(#3000,#3007),.PCURVE_S1.);
#2996 = LINE('',#2997,#2998);
#2997 = CARTESIAN_POINT('',(-700.,550.,-300.));
#2998 = VECTOR('',#2999,1.);
#2999 = DIRECTION('',(1.,0.,-0.));
#3000 = PCURVE('',#2702,#3001);
#3001 = DEFINITIONAL_REPRESENTATION('',(#3002),#3006);
#3002 = LINE('',#3003,#3004);
#3003 = CARTESIAN_POINT('',(0.,0.));
#3004 = VECTOR('',#3005,1.);
#3005 = DIRECTION('',(0.,1.));
#3006 = ( GEOMETRIC_REPRESENTATION_CONTEXT(2) 
PARAMETRIC_REPRESENTATION_CONTEXT() REPRESENTATION_CONTEXT('2D SPACE',''
  ) );
#3007 = PCURVE('',#2674,#3008);
#3008 = DEFINITIONAL_REPRESENTATION('',(#3009),#3013);
#3009 = LINE('',#3010,#3011);
#3010 = CARTESIAN_POINT('',(0.,1.1E+03));
#3011 = VECTOR('',#3012,1.);
#3012 = DIRECTION('',(1.,0.));
#3013 = ( GEOMETRIC_REPRESENTATION_CONTEXT(2) 
PARAMETRIC_REPRESENTATION_CONTEXT() REPRESENTATION_CONTEXT('2D SPACE',''
  ) );
#3014 = ORIENTED_EDGE('',*,*,#2686,.T.);
#3015 = ORIENTED_EDGE('',*,*,#2844,.T.);
#3016 = ORIENTED_EDGE('',*,*,#3017,.F.);
#3017 = EDGE_CURVE('',#2993,#2822,#3018,.T.);
#3018 = SURFACE_CURVE('',#3019,(#3023,#3030),.PCURVE_S1.);
#3019 = LINE('',#3020,#3021);
#3020 = CARTESIAN_POINT('',(700.,550.,-300.));
#3021 = VECTOR('',#3022,1.);
#3022 = DIRECTION('',(0.,0.,1.));
#3023 = PCURVE('',#2702,#3024);
#3024 = DEFINITIONAL_REPRESENTATION('',(#3025),#3029);
#3025 = LINE('',#3026,#3027);
#3026 = CARTESIAN_POINT('',(0.,1.4E+03));
#3027 = VECTOR('',#3028,1.);
#3028 = DIRECTION('',(1.,0.));
#3029 = ( GEOMETRIC_REPRESENTATION_CONTEXT(2) 
PARAMETRIC_REPRESENTATION_CONTEXT() REPRESENTATION_CONTEXT('2D SPACE',''
  ) );
#3030 = PCURVE('',#2804,#3031);
#3031 = DEFINITIONAL_REPRESENTATION('',(#3032),#3036);
#3032 = LINE('',#3033,#3034);
#3033 = CARTESIAN_POINT('',(0.,-1.1E+03));
#3034 = VECTOR('',#3035,1.);
#3035 = DIRECTION('',(1.,0.));
#3036 = ( GEOMETRIC_REPRESENTATION_CONTEXT(2) 
PARAMETRIC_REPRESENTATION_CONTEXT() REPRESENTATION_CONTEXT('2D SPACE',''
  ) );
#3037 = ADVANCED_FACE('',(#3038),#2674,.F.);
#3038 = FACE_BOUND('',#3039,.F.);
#3039 = EDGE_LOOP('',(#3040,#3041,#3042,#3063));
#3040 = ORIENTED_EDGE('',*,*,#2658,.F.);
#3041 = ORIENTED_EDGE('',*,*,#2743,.T.);
#3042 = ORIENTED_EDGE('',*,*,#3043,.T.);
#3043 = EDGE_CURVE('',#2744,#2993,#3044,.T.);
#3044 = SURFACE_CURVE('',#3045,(#3049,#3056),.PCURVE_S1.);
#3045 = LINE('',#3046,#3047);
#3046 = CARTESIAN_POINT('',(700.,-550.,-300.));
#3047 = VECTOR('',#3048,1.);
#3048 = DIRECTION('',(-0.,1.,0.));
#3049 = PCURVE('',#2674,#3050);
#3050 = DEFINITIONAL_REPRESENTATION('',(#3051),#3055);
#3051 = LINE('',#3052,#3053);
#3052 = CARTESIAN_POINT('',(1.4E+03,0.));
#3053 = VECTOR('',#3054,1.);
#3054 = DIRECTION('',(0.,1.));
#3055 = ( GEOMETRIC_REPRESENTATION_CONTEXT(2) 
PARAMETRIC_REPRESENTATION_CONTEXT() REPRESENTATION_CONTEXT('2D SPACE',''
  ) );
#3056 = PCURVE('',#2804,#3057);
#3057 = DEFINITIONAL_REPRESENTATION('',(#3058),#3062);
#3058 = LINE('',#3059,#3060);
#3059 = CARTESIAN_POINT('',(0.,0.));
#3060 = VECTOR('',#3061,1.);
#3061 = DIRECTION('',(0.,-1.));
#3062 = ( GEOMETRIC_REPRESENTATION_CONTEXT(2) 
PARAMETRIC_REPRESENTATION_CONTEXT() REPRESENTATION_CONTEXT('2D SPACE',''
  ) );
#3063 = ORIENTED_EDGE('',*,*,#2992,.F.);
#3064 = ADVANCED_FACE('',(#3065),#2804,.T.);
#3065 = FACE_BOUND('',#3066,.T.);
#3066 = EDGE_LOOP('',(#3067,#3068,#3069,#3070));
#3067 = ORIENTED_EDGE('',*,*,#2790,.F.);
#3068 = ORIENTED_EDGE('',*,*,#3043,.T.);
#3069 = ORIENTED_EDGE('',*,*,#3017,.T.);
#3070 = ORIENTED_EDGE('',*,*,#2821,.F.);
#3071 = ADVANCED_FACE('',(#3072),#2884,.F.);
#3072 = FACE_BOUND('',#3073,.F.);
#3073 = EDGE_LOOP('',(#3074,#3075,#3098,#3125));
#3074 = ORIENTED_EDGE('',*,*,#2867,.F.);
#3075 = ORIENTED_EDGE('',*,*,#3076,.F.);
#3076 = EDGE_CURVE('',#3077,#2868,#3079,.T.);
#3077 = VERTEX_POINT('',#3078);
#3078 = CARTESIAN_POINT('',(-469.,-220.,-100.));
#3079 = SEAM_CURVE('',#3080,(#3084,#3091),.PCURVE_S1.);
#3080 = LINE('',#3081,#3082);
#3081 = CARTESIAN_POINT('',(-469.,-220.,-100.));
#3082 = VECTOR('',#3083,1.);
#3083 = DIRECTION('',(0.,0.,1.));
#3084 = PCURVE('',#2884,#3085);
#3085 = DEFINITIONAL_REPRESENTATION('',(#3086),#3090);
#3086 = LINE('',#3087,#3088);
#3087 = CARTESIAN_POINT('',(6.28318530718,-0.));
#3088 = VECTOR('',#3089,1.);
#3089 = DIRECTION('',(0.,1.));
#3090 = ( GEOMETRIC_REPRESENTATION_CONTEXT(2) 
PARAMETRIC_REPRESENTATION_CONTEXT() REPRESENTATION_CONTEXT('2D SPACE',''
  ) );
#3091 = PCURVE('',#2884,#3092);
#3092 = DEFINITIONAL_REPRESENTATION('',(#3093),#3097);
#3093 = LINE('',#3094,#3095);
#3094 = CARTESIAN_POINT('',(0.,-0.));
#3095 = VECTOR('',#3096,1.);
#3096 = DIRECTION('',(0.,1.));
#3097 = ( GEOMETRIC_REPRESENTATION_CONTEXT(2) 
PARAMETRIC_REPRESENTATION_CONTEXT() REPRESENTATION_CONTEXT('2D SPACE',''
  ) );
#3098 = ORIENTED_EDGE('',*,*,#3099,.T.);
#3099 = EDGE_CURVE('',#3077,#3077,#3100,.T.);
#3100 = SURFACE_CURVE('',#3101,(#3106,#3113),.PCURVE_S1.);
#3101 = CIRCLE('',#3102,6.);
#3102 = AXIS2_PLACEMENT_3D('',#3103,#3104,#3105);
#3103 = CARTESIAN_POINT('',(-475.,-220.,-100.));
#3104 = DIRECTION('',(0.,0.,1.));
#3105 = DIRECTION('',(1.,0.,-0.));
#3106 = PCURVE('',#2884,#3107);
#3107 = DEFINITIONAL_REPRESENTATION('',(#3108),#3112);
#3108 = LINE('',#3109,#3110);
#3109 = CARTESIAN_POINT('',(0.,0.));
#3110 = VECTOR('',#3111,1.);
#3111 = DIRECTION('',(1.,0.));
#3112 = ( GEOMETRIC_REPRESENTATION_CONTEXT(2) 
PARAMETRIC_REPRESENTATION_CONTEXT() REPRESENTATION_CONTEXT('2D SPACE',''
  ) );
#3113 = PCURVE('',#3114,#3119);
#3114 = PLANE('',#3115);
#3115 = AXIS2_PLACEMENT_3D('',#3116,#3117,#3118);
#3116 = CARTESIAN_POINT('',(-475.,-220.,-100.));
#3117 = DIRECTION('',(0.,0.,1.));
#3118 = DIRECTION('',(1.,0.,-0.));
#3119 = DEFINITIONAL_REPRESENTATION('',(#3120),#3124);
#3120 = CIRCLE('',#3121,6.);
#3121 = AXIS2_PLACEMENT_2D('',#3122,#3123);
#3122 = CARTESIAN_POINT('',(0.,0.));
#3123 = DIRECTION('',(1.,0.));
#3124 = ( GEOMETRIC_REPRESENTATION_CONTEXT(2) 
PARAMETRIC_REPRESENTATION_CONTEXT() REPRESENTATION_CONTEXT('2D SPACE',''
  ) );
#3125 = ORIENTED_EDGE('',*,*,#3076,.T.);
#3126 = ADVANCED_FACE('',(#3127),#2915,.F.);
#3127 = FACE_BOUND('',#3128,.F.);
#3128 = EDGE_LOOP('',(#3129,#3130,#3153,#3180));
#3129 = ORIENTED_EDGE('',*,*,#2898,.F.);
#3130 = ORIENTED_EDGE('',*,*,#3131,.F.);
#3131 = EDGE_CURVE('',#3132,#2899,#3134,.T.);
#3132 = VERTEX_POINT('',#3133);
#3133 = CARTESIAN_POINT('',(481.,-220.,-100.));
#3134 = SEAM_CURVE('',#3135,(#3139,#3146),.PCURVE_S1.);
#3135 = LINE('',#3136,#3137);
#3136 = CARTESIAN_POINT('',(481.,-220.,-100.));
#3137 = VECTOR('',#3138,1.);
#3138 = DIRECTION('',(0.,0.,1.));
#3139 = PCURVE('',#2915,#3140);
#3140 = DEFINITIONAL_REPRESENTATION('',(#3141),#3145);
#3141 = LINE('',#3142,#3143);
#3142 = CARTESIAN_POINT('',(6.28318530718,-0.));
#3143 = VECTOR('',#3144,1.);
#3144 = DIRECTION('',(0.,1.));
#3145 = ( GEOMETRIC_REPRESENTATION_CONTEXT(2) 
PARAMETRIC_REPRESENTATION_CONTEXT() REPRESENTATION_CONTEXT('2D SPACE',''
  ) );
#3146 = PCURVE('',#2915,#3147);
#3147 = DEFINITIONAL_REPRESENTATION('',(#3148),#3152);
#3148 = LINE('',#3149,#3150);
#3149 = CARTESIAN_POINT('',(0.,-0.));
#3150 = VECTOR('',#3151,1.);
#3151 = DIRECTION('',(0.,1.));
#3152 = ( GEOMETRIC_REPRESENTATION_CONTEXT(2) 
PARAMETRIC_REPRESENTATION_CONTEXT() REPRESENTATION_CONTEXT('2D SPACE',''
  ) );
#3153 = ORIENTED_EDGE('',*,*,#3154,.T.);
#3154 = EDGE_CURVE('',#3132,#3132,#3155,.T.);
#3155 = SURFACE_CURVE('',#3156,(#3161,#3168),.PCURVE_S1.);
#3156 = CIRCLE('',#3157,6.);
#3157 = AXIS2_PLACEMENT_3D('',#3158,#3159,#3160);
#3158 = CARTESIAN_POINT('',(475.,-220.,-100.));
#3159 = DIRECTION('',(0.,0.,1.));
#3160 = DIRECTION('',(1.,0.,-0.));
#3161 = PCURVE('',#2915,#3162);
#3162 = DEFINITIONAL_REPRESENTATION('',(#3163),#3167);
#3163 = LINE('',#3164,#3165);
#3164 = CARTESIAN_POINT('',(0.,0.));
#3165 = VECTOR('',#3166,1.);
#3166 = DIRECTION('',(1.,0.));
#3167 = ( GEOMETRIC_REPRESENTATION_CONTEXT(2) 
PARAMETRIC_REPRESENTATION_CONTEXT() REPRESENTATION_CONTEXT('2D SPACE',''
  ) );
#3168 = PCURVE('',#3169,#3174);
#3169 = PLANE('',#3170);
#3170 = AXIS2_PLACEMENT_3D('',#3171,#3172,#3173);
#3171 = CARTESIAN_POINT('',(475.,-220.,-100.));
#3172 = DIRECTION('',(0.,0.,1.));
#3173 = DIRECTION('',(1.,0.,-0.));
#3174 = DEFINITIONAL_REPRESENTATION('',(#3175),#3179);
#3175 = CIRCLE('',#3176,6.);
#3176 = AXIS2_PLACEMENT_2D('',#3177,#3178);
#3177 = CARTESIAN_POINT('',(0.,0.));
#3178 = DIRECTION('',(1.,0.));
#3179 = ( GEOMETRIC_REPRESENTATION_CONTEXT(2) 
PARAMETRIC_REPRESENTATION_CONTEXT() REPRESENTATION_CONTEXT('2D SPACE',''
  ) );
#3180 = ORIENTED_EDGE('',*,*,#3131,.T.);
#3181 = ADVANCED_FACE('',(#3182),#2946,.F.);
#3182 = FACE_BOUND('',#3183,.F.);
#3183 = EDGE_LOOP('',(#3184,#3185,#3208,#3235));
#3184 = ORIENTED_EDGE('',*,*,#2929,.F.);
#3185 = ORIENTED_EDGE('',*,*,#3186,.F.);
#3186 = EDGE_CURVE('',#3187,#2930,#3189,.T.);
#3187 = VERTEX_POINT('',#3188);
#3188 = CARTESIAN_POINT('',(-469.,220.,-100.));
#3189 = SEAM_CURVE('',#3190,(#3194,#3201),.PCURVE_S1.);
#3190 = LINE('',#3191,#3192);
#3191 = CARTESIAN_POINT('',(-469.,220.,-100.));
#3192 = VECTOR('',#3193,1.);
#3193 = DIRECTION('',(0.,0.,1.));
#3194 = PCURVE('',#2946,#3195);
#3195 = DEFINITIONAL_REPRESENTATION('',(#3196),#3200);
#3196 = LINE('',#3197,#3198);
#3197 = CARTESIAN_POINT('',(6.28318530718,-0.));
#3198 = VECTOR('',#3199,1.);
#3199 = DIRECTION('',(0.,1.));
#3200 = ( GEOMETRIC_REPRESENTATION_CONTEXT(2) 
PARAMETRIC_REPRESENTATION_CONTEXT() REPRESENTATION_CONTEXT('2D SPACE',''
  ) );
#3201 = PCURVE('',#2946,#3202);
#3202 = DEFINITIONAL_REPRESENTATION('',(#3203),#3207);
#3203 = LINE('',#3204,#3205);
#3204 = CARTESIAN_POINT('',(0.,-0.));
#3205 = VECTOR('',#3206,1.);
#3206 = DIRECTION('',(0.,1.));
#3207 = ( GEOMETRIC_REPRESENTATION_CONTEXT(2) 
PARAMETRIC_REPRESENTATION_CONTEXT() REPRESENTATION_CONTEXT('2D SPACE',''
  ) );
#3208 = ORIENTED_EDGE('',*,*,#3209,.T.);
#3209 = EDGE_CURVE('',#3187,#3187,#3210,.T.);
#3210 = SURFACE_CURVE('',#3211,(#3216,#3223),.PCURVE_S1.);
#3211 = CIRCLE('',#3212,6.);
#3212 = AXIS2_PLACEMENT_3D('',#3213,#3214,#3215);
#3213 = CARTESIAN_POINT('',(-475.,220.,-100.));
#3214 = DIRECTION('',(0.,0.,1.));
#3215 = DIRECTION('',(1.,0.,-0.));
#3216 = PCURVE('',#2946,#3217);
#3217 = DEFINITIONAL_REPRESENTATION('',(#3218),#3222);
#3218 = LINE('',#3219,#3220);
#3219 = CARTESIAN_POINT('',(0.,0.));
#3220 = VECTOR('',#3221,1.);
#3221 = DIRECTION('',(1.,0.));
#3222 = ( GEOMETRIC_REPRESENTATION_CONTEXT(2) 
PARAMETRIC_REPRESENTATION_CONTEXT() REPRESENTATION_CONTEXT('2D SPACE',''
  ) );
#3223 = PCURVE('',#3224,#3229);
#3224 = PLANE('',#3225);
#3225 = AXIS2_PLACEMENT_3D('',#3226,#3227,#3228);
#3226 = CARTESIAN_POINT('',(-475.,220.,-100.));
#3227 = DIRECTION('',(0.,0.,1.));
#3228 = DIRECTION('',(1.,0.,-0.));
#3229 = DEFINITIONAL_REPRESENTATION('',(#3230),#3234);
#3230 = CIRCLE('',#3231,6.);
#3231 = AXIS2_PLACEMENT_2D('',#3232,#3233);
#3232 = CARTESIAN_POINT('',(0.,0.));
#3233 = DIRECTION('',(1.,0.));
#3234 = ( GEOMETRIC_REPRESENTATION_CONTEXT(2) 
PARAMETRIC_REPRESENTATION_CONTEXT() REPRESENTATION_CONTEXT('2D SPACE',''
  ) );
#3235 = ORIENTED_EDGE('',*,*,#3186,.T.);
#3236 = ADVANCED_FACE('',(#3237),#2977,.F.);
#3237 = FACE_BOUND('',#3238,.F.);
#3238 = EDGE_LOOP('',(#3239,#3240,#3263,#3290));
#3239 = ORIENTED_EDGE('',*,*,#2960,.F.);
#3240 = ORIENTED_EDGE('',*,*,#3241,.F.);
#3241 = EDGE_CURVE('',#3242,#2961,#3244,.T.);
#3242 = VERTEX_POINT('',#3243);
#3243 = CARTESIAN_POINT('',(481.,220.,-100.));
#3244 = SEAM_CURVE('',#3245,(#3249,#3256),.PCURVE_S1.);
#3245 = LINE('',#3246,#3247);
#3246 = CARTESIAN_POINT('',(481.,220.,-100.));
#3247 = VECTOR('',#3248,1.);
#3248 = DIRECTION('',(0.,0.,1.));
#3249 = PCURVE('',#2977,#3250);
#3250 = DEFINITIONAL_REPRESENTATION('',(#3251),#3255);
#3251 = LINE('',#3252,#3253);
#3252 = CARTESIAN_POINT('',(6.28318530718,-0.));
#3253 = VECTOR('',#3254,1.);
#3254 = DIRECTION('',(0.,1.));
#3255 = ( GEOMETRIC_REPRESENTATION_CONTEXT(2) 
PARAMETRIC_REPRESENTATION_CONTEXT() REPRESENTATION_CONTEXT('2D SPACE',''
  ) );
#3256 = PCURVE('',#2977,#3257);
#3257 = DEFINITIONAL_REPRESENTATION('',(#3258),#3262);
#3258 = LINE('',#3259,#3260);
#3259 = CARTESIAN_POINT('',(0.,-0.));
#3260 = VECTOR('',#3261,1.);
#3261 = DIRECTION('',(0.,1.));
#3262 = ( GEOMETRIC_REPRESENTATION_CONTEXT(2) 
PARAMETRIC_REPRESENTATION_CONTEXT() REPRESENTATION_CONTEXT('2D SPACE',''
  ) );
#3263 = ORIENTED_EDGE('',*,*,#3264,.T.);
#3264 = EDGE_CURVE('',#3242,#3242,#3265,.T.);
#3265 = SURFACE_CURVE('',#3266,(#3271,#3278),.PCURVE_S1.);
#3266 = CIRCLE('',#3267,6.);
#3267 = AXIS2_PLACEMENT_3D('',#3268,#3269,#3270);
#3268 = CARTESIAN_POINT('',(475.,220.,-100.));
#3269 = DIRECTION('',(0.,0.,1.));
#3270 = DIRECTION('',(1.,0.,-0.));
#3271 = PCURVE('',#2977,#3272);
#3272 = DEFINITIONAL_REPRESENTATION('',(#3273),#3277);
#3273 = LINE('',#3274,#3275);
#3274 = CARTESIAN_POINT('',(0.,0.));
#3275 = VECTOR('',#3276,1.);
#3276 = DIRECTION('',(1.,0.));
#3277 = ( GEOMETRIC_REPRESENTATION_CONTEXT(2) 
PARAMETRIC_REPRESENTATION_CONTEXT() REPRESENTATION_CONTEXT('2D SPACE',''
  ) );
#3278 = PCURVE('',#3279,#3284);
#3279 = PLANE('',#3280);
#3280 = AXIS2_PLACEMENT_3D('',#3281,#3282,#3283);
#3281 = CARTESIAN_POINT('',(475.,220.,-100.));
#3282 = DIRECTION('',(0.,0.,1.));
#3283 = DIRECTION('',(1.,0.,-0.));
#3284 = DEFINITIONAL_REPRESENTATION('',(#3285),#3289);
#3285 = CIRCLE('',#3286,6.);
#3286 = AXIS2_PLACEMENT_2D('',#3287,#3288);
#3287 = CARTESIAN_POINT('',(0.,0.));
#3288 = DIRECTION('',(1.,0.));
#3289 = ( GEOMETRIC_REPRESENTATION_CONTEXT(2) 
PARAMETRIC_REPRESENTATION_CONTEXT() REPRESENTATION_CONTEXT('2D SPACE',''
  ) );
#3290 = ORIENTED_EDGE('',*,*,#3241,.T.);
#3291 = ADVANCED_FACE('',(#3292),#3114,.T.);
#3292 = FACE_BOUND('',#3293,.F.);
#3293 = EDGE_LOOP('',(#3294));
#3294 = ORIENTED_EDGE('',*,*,#3099,.F.);
#3295 = ADVANCED_FACE('',(#3296),#3169,.T.);
#3296 = FACE_BOUND('',#3297,.F.);
#3297 = EDGE_LOOP('',(#3298));
#3298 = ORIENTED_EDGE('',*,*,#3154,.F.);
#3299 = ADVANCED_FACE('',(#3300),#3224,.T.);
#3300 = FACE_BOUND('',#3301,.F.);
#3301 = EDGE_LOOP('',(#3302));
#3302 = ORIENTED_EDGE('',*,*,#3209,.F.);
#3303 = ADVANCED_FACE('',(#3304),#3279,.T.);
#3304 = FACE_BOUND('',#3305,.F.);
#3305 = EDGE_LOOP('',(#3306));
#3306 = ORIENTED_EDGE('',*,*,#3264,.F.);
#3307 = MANIFOLD_SOLID_BREP('',#3308);
#3308 = CLOSED_SHELL('',(#3309,#3377,#3432,#3487,#3522,#3557,#3612,#3667
    ,#3671));
#3309 = ADVANCED_FACE('',(#3310,#3346),#3323,.T.);
#3310 = FACE_BOUND('',#3311,.T.);
#3311 = EDGE_LOOP('',(#3312));
#3312 = ORIENTED_EDGE('',*,*,#3313,.T.);
#3313 = EDGE_CURVE('',#3314,#3314,#3316,.T.);
#3314 = VERTEX_POINT('',#3315);
#3315 = CARTESIAN_POINT('',(-463.,-220.,7.5));
#3316 = SURFACE_CURVE('',#3317,(#3322,#3334),.PCURVE_S1.);
#3317 = CIRCLE('',#3318,12.);
#3318 = AXIS2_PLACEMENT_3D('',#3319,#3320,#3321);
#3319 = CARTESIAN_POINT('',(-475.,-220.,7.5));
#3320 = DIRECTION('',(0.,0.,1.));
#3321 = DIRECTION('',(1.,0.,-0.));
#3322 = PCURVE('',#3323,#3328);
#3323 = PLANE('',#3324);
#3324 = AXIS2_PLACEMENT_3D('',#3325,#3326,#3327);
#3325 = CARTESIAN_POINT('',(-475.,-220.,7.5));
#3326 = DIRECTION('',(0.,0.,1.));
#3327 = DIRECTION('',(1.,0.,-0.));
#3328 = DEFINITIONAL_REPRESENTATION('',(#3329),#3333);
#3329 = CIRCLE('',#3330,12.);
#3330 = AXIS2_PLACEMENT_2D('',#3331,#3332);
#3331 = CARTESIAN_POINT('',(0.,0.));
#3332 = DIRECTION('',(1.,0.));
#3333 = ( GEOMETRIC_REPRESENTATION_CONTEXT(2) 
PARAMETRIC_REPRESENTATION_CONTEXT() REPRESENTATION_CONTEXT('2D SPACE',''
  ) );
#3334 = PCURVE('',#3335,#3340);
#3335 = CYLINDRICAL_SURFACE('',#3336,12.);
#3336 = AXIS2_PLACEMENT_3D('',#3337,#3338,#3339);
#3337 = CARTESIAN_POINT('',(-475.,-220.,5.));
#3338 = DIRECTION('',(0.,0.,1.));
#3339 = DIRECTION('',(1.,0.,-0.));
#3340 = DEFINITIONAL_REPRESENTATION('',(#3341),#3345);
#3341 = LINE('',#3342,#3343);
#3342 = CARTESIAN_POINT('',(0.,2.5));
#3343 = VECTOR('',#3344,1.);
#3344 = DIRECTION('',(1.,0.));
#3345 = ( GEOMETRIC_REPRESENTATION_CONTEXT(2) 
PARAMETRIC_REPRESENTATION_CONTEXT() REPRESENTATION_CONTEXT('2D SPACE',''
  ) );
#3346 = FACE_BOUND('',#3347,.T.);
#3347 = EDGE_LOOP('',(#3348));
#3348 = ORIENTED_EDGE('',*,*,#3349,.F.);
#3349 = EDGE_CURVE('',#3350,#3350,#3352,.T.);
#3350 = VERTEX_POINT('',#3351);
#3351 = CARTESIAN_POINT('',(-465.5,-220.,7.5));
#3352 = SURFACE_CURVE('',#3353,(#3358,#3365),.PCURVE_S1.);
#3353 = CIRCLE('',#3354,9.5);
#3354 = AXIS2_PLACEMENT_3D('',#3355,#3356,#3357);
#3355 = CARTESIAN_POINT('',(-475.,-220.,7.5));
#3356 = DIRECTION('',(0.,0.,1.));
#3357 = DIRECTION('',(1.,0.,-0.));
#3358 = PCURVE('',#3323,#3359);
#3359 = DEFINITIONAL_REPRESENTATION('',(#3360),#3364);
#3360 = CIRCLE('',#3361,9.5);
#3361 = AXIS2_PLACEMENT_2D('',#3362,#3363);
#3362 = CARTESIAN_POINT('',(0.,0.));
#3363 = DIRECTION('',(1.,0.));
#3364 = ( GEOMETRIC_REPRESENTATION_CONTEXT(2) 
PARAMETRIC_REPRESENTATION_CONTEXT() REPRESENTATION_CONTEXT('2D SPACE',''
  ) );
#3365 = PCURVE('',#3366,#3371);
#3366 = CYLINDRICAL_SURFACE('',#3367,9.5);
#3367 = AXIS2_PLACEMENT_3D('',#3368,#3369,#3370);
#3368 = CARTESIAN_POINT('',(-475.,-220.,7.5));
#3369 = DIRECTION('',(0.,0.,1.));
#3370 = DIRECTION('',(1.,0.,-0.));
#3371 = DEFINITIONAL_REPRESENTATION('',(#3372),#3376);
#3372 = LINE('',#3373,#3374);
#3373 = CARTESIAN_POINT('',(0.,0.));
#3374 = VECTOR('',#3375,1.);
#3375 = DIRECTION('',(1.,0.));
#3376 = ( GEOMETRIC_REPRESENTATION_CONTEXT(2) 
PARAMETRIC_REPRESENTATION_CONTEXT() REPRESENTATION_CONTEXT('2D SPACE',''
  ) );
#3377 = ADVANCED_FACE('',(#3378),#3335,.T.);
#3378 = FACE_BOUND('',#3379,.T.);
#3379 = EDGE_LOOP('',(#3380,#3381,#3404,#3431));
#3380 = ORIENTED_EDGE('',*,*,#3313,.F.);
#3381 = ORIENTED_EDGE('',*,*,#3382,.F.);
#3382 = EDGE_CURVE('',#3383,#3314,#3385,.T.);
#3383 = VERTEX_POINT('',#3384);
#3384 = CARTESIAN_POINT('',(-463.,-220.,5.));
#3385 = SEAM_CURVE('',#3386,(#3390,#3397),.PCURVE_S1.);
#3386 = LINE('',#3387,#3388);
#3387 = CARTESIAN_POINT('',(-463.,-220.,5.));
#3388 = VECTOR('',#3389,1.);
#3389 = DIRECTION('',(0.,0.,1.));
#3390 = PCURVE('',#3335,#3391);
#3391 = DEFINITIONAL_REPRESENTATION('',(#3392),#3396);
#3392 = LINE('',#3393,#3394);
#3393 = CARTESIAN_POINT('',(6.28318530718,-0.));
#3394 = VECTOR('',#3395,1.);
#3395 = DIRECTION('',(0.,1.));
#3396 = ( GEOMETRIC_REPRESENTATION_CONTEXT(2) 
PARAMETRIC_REPRESENTATION_CONTEXT() REPRESENTATION_CONTEXT('2D SPACE',''
  ) );
#3397 = PCURVE('',#3335,#3398);
#3398 = DEFINITIONAL_REPRESENTATION('',(#3399),#3403);
#3399 = LINE('',#3400,#3401);
#3400 = CARTESIAN_POINT('',(0.,-0.));
#3401 = VECTOR('',#3402,1.);
#3402 = DIRECTION('',(0.,1.));
#3403 = ( GEOMETRIC_REPRESENTATION_CONTEXT(2) 
PARAMETRIC_REPRESENTATION_CONTEXT() REPRESENTATION_CONTEXT('2D SPACE',''
  ) );
#3404 = ORIENTED_EDGE('',*,*,#3405,.T.);
#3405 = EDGE_CURVE('',#3383,#3383,#3406,.T.);
#3406 = SURFACE_CURVE('',#3407,(#3412,#3419),.PCURVE_S1.);
#3407 = CIRCLE('',#3408,12.);
#3408 = AXIS2_PLACEMENT_3D('',#3409,#3410,#3411);
#3409 = CARTESIAN_POINT('',(-475.,-220.,5.));
#3410 = DIRECTION('',(0.,0.,1.));
#3411 = DIRECTION('',(1.,0.,-0.));
#3412 = PCURVE('',#3335,#3413);
#3413 = DEFINITIONAL_REPRESENTATION('',(#3414),#3418);
#3414 = LINE('',#3415,#3416);
#3415 = CARTESIAN_POINT('',(0.,0.));
#3416 = VECTOR('',#3417,1.);
#3417 = DIRECTION('',(1.,0.));
#3418 = ( GEOMETRIC_REPRESENTATION_CONTEXT(2) 
PARAMETRIC_REPRESENTATION_CONTEXT() REPRESENTATION_CONTEXT('2D SPACE',''
  ) );
#3419 = PCURVE('',#3420,#3425);
#3420 = PLANE('',#3421);
#3421 = AXIS2_PLACEMENT_3D('',#3422,#3423,#3424);
#3422 = CARTESIAN_POINT('',(-475.,-220.,5.));
#3423 = DIRECTION('',(0.,0.,1.));
#3424 = DIRECTION('',(1.,0.,-0.));
#3425 = DEFINITIONAL_REPRESENTATION('',(#3426),#3430);
#3426 = CIRCLE('',#3427,12.);
#3427 = AXIS2_PLACEMENT_2D('',#3428,#3429);
#3428 = CARTESIAN_POINT('',(0.,0.));
#3429 = DIRECTION('',(1.,0.));
#3430 = ( GEOMETRIC_REPRESENTATION_CONTEXT(2) 
PARAMETRIC_REPRESENTATION_CONTEXT() REPRESENTATION_CONTEXT('2D SPACE',''
  ) );
#3431 = ORIENTED_EDGE('',*,*,#3382,.T.);
#3432 = ADVANCED_FACE('',(#3433),#3366,.T.);
#3433 = FACE_BOUND('',#3434,.T.);
#3434 = EDGE_LOOP('',(#3435,#3464,#3485,#3486));
#3435 = ORIENTED_EDGE('',*,*,#3436,.F.);
#3436 = EDGE_CURVE('',#3437,#3437,#3439,.T.);
#3437 = VERTEX_POINT('',#3438);
#3438 = CARTESIAN_POINT('',(-465.5,-220.,18.5));
#3439 = SURFACE_CURVE('',#3440,(#3445,#3452),.PCURVE_S1.);
#3440 = CIRCLE('',#3441,9.5);
#3441 = AXIS2_PLACEMENT_3D('',#3442,#3443,#3444);
#3442 = CARTESIAN_POINT('',(-475.,-220.,18.5));
#3443 = DIRECTION('',(0.,0.,1.));
#3444 = DIRECTION('',(1.,0.,-0.));
#3445 = PCURVE('',#3366,#3446);
#3446 = DEFINITIONAL_REPRESENTATION('',(#3447),#3451);
#3447 = LINE('',#3448,#3449);
#3448 = CARTESIAN_POINT('',(0.,11.));
#3449 = VECTOR('',#3450,1.);
#3450 = DIRECTION('',(1.,0.));
#3451 = ( GEOMETRIC_REPRESENTATION_CONTEXT(2) 
PARAMETRIC_REPRESENTATION_CONTEXT() REPRESENTATION_CONTEXT('2D SPACE',''
  ) );
#3452 = PCURVE('',#3453,#3458);
#3453 = PLANE('',#3454);
#3454 = AXIS2_PLACEMENT_3D('',#3455,#3456,#3457);
#3455 = CARTESIAN_POINT('',(-475.,-220.,18.5));
#3456 = DIRECTION('',(0.,0.,1.));
#3457 = DIRECTION('',(1.,0.,-0.));
#3458 = DEFINITIONAL_REPRESENTATION('',(#3459),#3463);
#3459 = CIRCLE('',#3460,9.5);
#3460 = AXIS2_PLACEMENT_2D('',#3461,#3462);
#3461 = CARTESIAN_POINT('',(0.,0.));
#3462 = DIRECTION('',(1.,0.));
#3463 = ( GEOMETRIC_REPRESENTATION_CONTEXT(2) 
PARAMETRIC_REPRESENTATION_CONTEXT() REPRESENTATION_CONTEXT('2D SPACE',''
  ) );
#3464 = ORIENTED_EDGE('',*,*,#3465,.F.);
#3465 = EDGE_CURVE('',#3350,#3437,#3466,.T.);
#3466 = SEAM_CURVE('',#3467,(#3471,#3478),.PCURVE_S1.);
#3467 = LINE('',#3468,#3469);
#3468 = CARTESIAN_POINT('',(-465.5,-220.,7.5));
#3469 = VECTOR('',#3470,1.);
#3470 = DIRECTION('',(0.,0.,1.));
#3471 = PCURVE('',#3366,#3472);
#3472 = DEFINITIONAL_REPRESENTATION('',(#3473),#3477);
#3473 = LINE('',#3474,#3475);
#3474 = CARTESIAN_POINT('',(6.28318530718,-0.));
#3475 = VECTOR('',#3476,1.);
#3476 = DIRECTION('',(0.,1.));
#3477 = ( GEOMETRIC_REPRESENTATION_CONTEXT(2) 
PARAMETRIC_REPRESENTATION_CONTEXT() REPRESENTATION_CONTEXT('2D SPACE',''
  ) );
#3478 = PCURVE('',#3366,#3479);
#3479 = DEFINITIONAL_REPRESENTATION('',(#3480),#3484);
#3480 = LINE('',#3481,#3482);
#3481 = CARTESIAN_POINT('',(0.,-0.));
#3482 = VECTOR('',#3483,1.);
#3483 = DIRECTION('',(0.,1.));
#3484 = ( GEOMETRIC_REPRESENTATION_CONTEXT(2) 
PARAMETRIC_REPRESENTATION_CONTEXT() REPRESENTATION_CONTEXT('2D SPACE',''
  ) );
#3485 = ORIENTED_EDGE('',*,*,#3349,.T.);
#3486 = ORIENTED_EDGE('',*,*,#3465,.T.);
#3487 = ADVANCED_FACE('',(#3488,#3491),#3420,.F.);
#3488 = FACE_BOUND('',#3489,.F.);
#3489 = EDGE_LOOP('',(#3490));
#3490 = ORIENTED_EDGE('',*,*,#3405,.T.);
#3491 = FACE_BOUND('',#3492,.F.);
#3492 = EDGE_LOOP('',(#3493));
#3493 = ORIENTED_EDGE('',*,*,#3494,.F.);
#3494 = EDGE_CURVE('',#3495,#3495,#3497,.T.);
#3495 = VERTEX_POINT('',#3496);
#3496 = CARTESIAN_POINT('',(-469.,-220.,5.));
#3497 = SURFACE_CURVE('',#3498,(#3503,#3510),.PCURVE_S1.);
#3498 = CIRCLE('',#3499,6.);
#3499 = AXIS2_PLACEMENT_3D('',#3500,#3501,#3502);
#3500 = CARTESIAN_POINT('',(-475.,-220.,5.));
#3501 = DIRECTION('',(0.,0.,1.));
#3502 = DIRECTION('',(1.,0.,-0.));
#3503 = PCURVE('',#3420,#3504);
#3504 = DEFINITIONAL_REPRESENTATION('',(#3505),#3509);
#3505 = CIRCLE('',#3506,6.);
#3506 = AXIS2_PLACEMENT_2D('',#3507,#3508);
#3507 = CARTESIAN_POINT('',(0.,0.));
#3508 = DIRECTION('',(1.,0.));
#3509 = ( GEOMETRIC_REPRESENTATION_CONTEXT(2) 
PARAMETRIC_REPRESENTATION_CONTEXT() REPRESENTATION_CONTEXT('2D SPACE',''
  ) );
#3510 = PCURVE('',#3511,#3516);
#3511 = CYLINDRICAL_SURFACE('',#3512,6.);
#3512 = AXIS2_PLACEMENT_3D('',#3513,#3514,#3515);
#3513 = CARTESIAN_POINT('',(-475.,-220.,-100.));
#3514 = DIRECTION('',(0.,0.,1.));
#3515 = DIRECTION('',(1.,0.,-0.));
#3516 = DEFINITIONAL_REPRESENTATION('',(#3517),#3521);
#3517 = LINE('',#3518,#3519);
#3518 = CARTESIAN_POINT('',(0.,105.));
#3519 = VECTOR('',#3520,1.);
#3520 = DIRECTION('',(1.,0.));
#3521 = ( GEOMETRIC_REPRESENTATION_CONTEXT(2) 
PARAMETRIC_REPRESENTATION_CONTEXT() REPRESENTATION_CONTEXT('2D SPACE',''
  ) );
#3522 = ADVANCED_FACE('',(#3523,#3526),#3453,.T.);
#3523 = FACE_BOUND('',#3524,.T.);
#3524 = EDGE_LOOP('',(#3525));
#3525 = ORIENTED_EDGE('',*,*,#3436,.T.);
#3526 = FACE_BOUND('',#3527,.T.);
#3527 = EDGE_LOOP('',(#3528));
#3528 = ORIENTED_EDGE('',*,*,#3529,.F.);
#3529 = EDGE_CURVE('',#3530,#3530,#3532,.T.);
#3530 = VERTEX_POINT('',#3531);
#3531 = CARTESIAN_POINT('',(-469.,-220.,18.5));
#3532 = SURFACE_CURVE('',#3533,(#3538,#3545),.PCURVE_S1.);
#3533 = CIRCLE('',#3534,6.);
#3534 = AXIS2_PLACEMENT_3D('',#3535,#3536,#3537);
#3535 = CARTESIAN_POINT('',(-475.,-220.,18.5));
#3536 = DIRECTION('',(0.,0.,1.));
#3537 = DIRECTION('',(1.,0.,-0.));
#3538 = PCURVE('',#3453,#3539);
#3539 = DEFINITIONAL_REPRESENTATION('',(#3540),#3544);
#3540 = CIRCLE('',#3541,6.);
#3541 = AXIS2_PLACEMENT_2D('',#3542,#3543);
#3542 = CARTESIAN_POINT('',(0.,0.));
#3543 = DIRECTION('',(1.,0.));
#3544 = ( GEOMETRIC_REPRESENTATION_CONTEXT(2) 
PARAMETRIC_REPRESENTATION_CONTEXT() REPRESENTATION_CONTEXT('2D SPACE',''
  ) );
#3545 = PCURVE('',#3546,#3551);
#3546 = CYLINDRICAL_SURFACE('',#3547,6.);
#3547 = AXIS2_PLACEMENT_3D('',#3548,#3549,#3550);
#3548 = CARTESIAN_POINT('',(-475.,-220.,-100.));
#3549 = DIRECTION('',(0.,0.,1.));
#3550 = DIRECTION('',(1.,0.,-0.));
#3551 = DEFINITIONAL_REPRESENTATION('',(#3552),#3556);
#3552 = LINE('',#3553,#3554);
#3553 = CARTESIAN_POINT('',(0.,118.5));
#3554 = VECTOR('',#3555,1.);
#3555 = DIRECTION('',(1.,0.));
#3556 = ( GEOMETRIC_REPRESENTATION_CONTEXT(2) 
PARAMETRIC_REPRESENTATION_CONTEXT() REPRESENTATION_CONTEXT('2D SPACE',''
  ) );
#3557 = ADVANCED_FACE('',(#3558),#3511,.T.);
#3558 = FACE_BOUND('',#3559,.T.);
#3559 = EDGE_LOOP('',(#3560,#3561,#3584,#3611));
#3560 = ORIENTED_EDGE('',*,*,#3494,.F.);
#3561 = ORIENTED_EDGE('',*,*,#3562,.F.);
#3562 = EDGE_CURVE('',#3563,#3495,#3565,.T.);
#3563 = VERTEX_POINT('',#3564);
#3564 = CARTESIAN_POINT('',(-469.,-220.,-100.));
#3565 = SEAM_CURVE('',#3566,(#3570,#3577),.PCURVE_S1.);
#3566 = LINE('',#3567,#3568);
#3567 = CARTESIAN_POINT('',(-469.,-220.,-100.));
#3568 = VECTOR('',#3569,1.);
#3569 = DIRECTION('',(0.,0.,1.));
#3570 = PCURVE('',#3511,#3571);
#3571 = DEFINITIONAL_REPRESENTATION('',(#3572),#3576);
#3572 = LINE('',#3573,#3574);
#3573 = CARTESIAN_POINT('',(6.28318530718,-0.));
#3574 = VECTOR('',#3575,1.);
#3575 = DIRECTION('',(0.,1.));
#3576 = ( GEOMETRIC_REPRESENTATION_CONTEXT(2) 
PARAMETRIC_REPRESENTATION_CONTEXT() REPRESENTATION_CONTEXT('2D SPACE',''
  ) );
#3577 = PCURVE('',#3511,#3578);
#3578 = DEFINITIONAL_REPRESENTATION('',(#3579),#3583);
#3579 = LINE('',#3580,#3581);
#3580 = CARTESIAN_POINT('',(0.,-0.));
#3581 = VECTOR('',#3582,1.);
#3582 = DIRECTION('',(0.,1.));
#3583 = ( GEOMETRIC_REPRESENTATION_CONTEXT(2) 
PARAMETRIC_REPRESENTATION_CONTEXT() REPRESENTATION_CONTEXT('2D SPACE',''
  ) );
#3584 = ORIENTED_EDGE('',*,*,#3585,.T.);
#3585 = EDGE_CURVE('',#3563,#3563,#3586,.T.);
#3586 = SURFACE_CURVE('',#3587,(#3592,#3599),.PCURVE_S1.);
#3587 = CIRCLE('',#3588,6.);
#3588 = AXIS2_PLACEMENT_3D('',#3589,#3590,#3591);
#3589 = CARTESIAN_POINT('',(-475.,-220.,-100.));
#3590 = DIRECTION('',(0.,0.,1.));
#3591 = DIRECTION('',(1.,0.,-0.));
#3592 = PCURVE('',#3511,#3593);
#3593 = DEFINITIONAL_REPRESENTATION('',(#3594),#3598);
#3594 = LINE('',#3595,#3596);
#3595 = CARTESIAN_POINT('',(0.,0.));
#3596 = VECTOR('',#3597,1.);
#3597 = DIRECTION('',(1.,0.));
#3598 = ( GEOMETRIC_REPRESENTATION_CONTEXT(2) 
PARAMETRIC_REPRESENTATION_CONTEXT() REPRESENTATION_CONTEXT('2D SPACE',''
  ) );
#3599 = PCURVE('',#3600,#3605);
#3600 = PLANE('',#3601);
#3601 = AXIS2_PLACEMENT_3D('',#3602,#3603,#3604);
#3602 = CARTESIAN_POINT('',(-475.,-220.,-100.));
#3603 = DIRECTION('',(0.,0.,1.));
#3604 = DIRECTION('',(1.,0.,-0.));
#3605 = DEFINITIONAL_REPRESENTATION('',(#3606),#3610);
#3606 = CIRCLE('',#3607,6.);
#3607 = AXIS2_PLACEMENT_2D('',#3608,#3609);
#3608 = CARTESIAN_POINT('',(0.,0.));
#3609 = DIRECTION('',(1.,0.));
#3610 = ( GEOMETRIC_REPRESENTATION_CONTEXT(2) 
PARAMETRIC_REPRESENTATION_CONTEXT() REPRESENTATION_CONTEXT('2D SPACE',''
  ) );
#3611 = ORIENTED_EDGE('',*,*,#3562,.T.);
#3612 = ADVANCED_FACE('',(#3613),#3546,.T.);
#3613 = FACE_BOUND('',#3614,.T.);
#3614 = EDGE_LOOP('',(#3615,#3616,#3639,#3666));
#3615 = ORIENTED_EDGE('',*,*,#3529,.T.);
#3616 = ORIENTED_EDGE('',*,*,#3617,.T.);
#3617 = EDGE_CURVE('',#3530,#3618,#3620,.T.);
#3618 = VERTEX_POINT('',#3619);
#3619 = CARTESIAN_POINT('',(-469.,-220.,65.));
#3620 = SEAM_CURVE('',#3621,(#3625,#3632),.PCURVE_S1.);
#3621 = LINE('',#3622,#3623);
#3622 = CARTESIAN_POINT('',(-469.,-220.,-100.));
#3623 = VECTOR('',#3624,1.);
#3624 = DIRECTION('',(0.,0.,1.));
#3625 = PCURVE('',#3546,#3626);
#3626 = DEFINITIONAL_REPRESENTATION('',(#3627),#3631);
#3627 = LINE('',#3628,#3629);
#3628 = CARTESIAN_POINT('',(0.,-0.));
#3629 = VECTOR('',#3630,1.);
#3630 = DIRECTION('',(0.,1.));
#3631 = ( GEOMETRIC_REPRESENTATION_CONTEXT(2) 
PARAMETRIC_REPRESENTATION_CONTEXT() REPRESENTATION_CONTEXT('2D SPACE',''
  ) );
#3632 = PCURVE('',#3546,#3633);
#3633 = DEFINITIONAL_REPRESENTATION('',(#3634),#3638);
#3634 = LINE('',#3635,#3636);
#3635 = CARTESIAN_POINT('',(6.28318530718,-0.));
#3636 = VECTOR('',#3637,1.);
#3637 = DIRECTION('',(0.,1.));
#3638 = ( GEOMETRIC_REPRESENTATION_CONTEXT(2) 
PARAMETRIC_REPRESENTATION_CONTEXT() REPRESENTATION_CONTEXT('2D SPACE',''
  ) );
#3639 = ORIENTED_EDGE('',*,*,#3640,.F.);
#3640 = EDGE_CURVE('',#3618,#3618,#3641,.T.);
#3641 = SURFACE_CURVE('',#3642,(#3647,#3654),.PCURVE_S1.);
#3642 = CIRCLE('',#3643,6.);
#3643 = AXIS2_PLACEMENT_3D('',#3644,#3645,#3646);
#3644 = CARTESIAN_POINT('',(-475.,-220.,65.));
#3645 = DIRECTION('',(0.,0.,1.));
#3646 = DIRECTION('',(1.,0.,-0.));
#3647 = PCURVE('',#3546,#3648);
#3648 = DEFINITIONAL_REPRESENTATION('',(#3649),#3653);
#3649 = LINE('',#3650,#3651);
#3650 = CARTESIAN_POINT('',(0.,165.));
#3651 = VECTOR('',#3652,1.);
#3652 = DIRECTION('',(1.,0.));
#3653 = ( GEOMETRIC_REPRESENTATION_CONTEXT(2) 
PARAMETRIC_REPRESENTATION_CONTEXT() REPRESENTATION_CONTEXT('2D SPACE',''
  ) );
#3654 = PCURVE('',#3655,#3660);
#3655 = PLANE('',#3656);
#3656 = AXIS2_PLACEMENT_3D('',#3657,#3658,#3659);
#3657 = CARTESIAN_POINT('',(-475.,-220.,65.));
#3658 = DIRECTION('',(0.,0.,1.));
#3659 = DIRECTION('',(1.,0.,-0.));
#3660 = DEFINITIONAL_REPRESENTATION('',(#3661),#3665);
#3661 = CIRCLE('',#3662,6.);
#3662 = AXIS2_PLACEMENT_2D('',#3663,#3664);
#3663 = CARTESIAN_POINT('',(0.,0.));
#3664 = DIRECTION('',(1.,0.));
#3665 = ( GEOMETRIC_REPRESENTATION_CONTEXT(2) 
PARAMETRIC_REPRESENTATION_CONTEXT() REPRESENTATION_CONTEXT('2D SPACE',''
  ) );
#3666 = ORIENTED_EDGE('',*,*,#3617,.F.);
#3667 = ADVANCED_FACE('',(#3668),#3600,.F.);
#3668 = FACE_BOUND('',#3669,.T.);
#3669 = EDGE_LOOP('',(#3670));
#3670 = ORIENTED_EDGE('',*,*,#3585,.F.);
#3671 = ADVANCED_FACE('',(#3672),#3655,.T.);
#3672 = FACE_BOUND('',#3673,.T.);
#3673 = EDGE_LOOP('',(#3674));
#3674 = ORIENTED_EDGE('',*,*,#3640,.T.);
#3675 = MANIFOLD_SOLID_BREP('',#3676);
#3676 = CLOSED_SHELL('',(#3677,#3745,#3800,#3855,#3890,#3925,#3980,#4035
    ,#4039));
#3677 = ADVANCED_FACE('',(#3678,#3714),#3691,.T.);
#3678 = FACE_BOUND('',#3679,.T.);
#3679 = EDGE_LOOP('',(#3680));
#3680 = ORIENTED_EDGE('',*,*,#3681,.T.);
#3681 = EDGE_CURVE('',#3682,#3682,#3684,.T.);
#3682 = VERTEX_POINT('',#3683);
#3683 = CARTESIAN_POINT('',(-463.,220.,7.5));
#3684 = SURFACE_CURVE('',#3685,(#3690,#3702),.PCURVE_S1.);
#3685 = CIRCLE('',#3686,12.);
#3686 = AXIS2_PLACEMENT_3D('',#3687,#3688,#3689);
#3687 = CARTESIAN_POINT('',(-475.,220.,7.5));
#3688 = DIRECTION('',(0.,0.,1.));
#3689 = DIRECTION('',(1.,0.,-0.));
#3690 = PCURVE('',#3691,#3696);
#3691 = PLANE('',#3692);
#3692 = AXIS2_PLACEMENT_3D('',#3693,#3694,#3695);
#3693 = CARTESIAN_POINT('',(-475.,220.,7.5));
#3694 = DIRECTION('',(0.,0.,1.));
#3695 = DIRECTION('',(1.,0.,-0.));
#3696 = DEFINITIONAL_REPRESENTATION('',(#3697),#3701);
#3697 = CIRCLE('',#3698,12.);
#3698 = AXIS2_PLACEMENT_2D('',#3699,#3700);
#3699 = CARTESIAN_POINT('',(0.,0.));
#3700 = DIRECTION('',(1.,0.));
#3701 = ( GEOMETRIC_REPRESENTATION_CONTEXT(2) 
PARAMETRIC_REPRESENTATION_CONTEXT() REPRESENTATION_CONTEXT('2D SPACE',''
  ) );
#3702 = PCURVE('',#3703,#3708);
#3703 = CYLINDRICAL_SURFACE('',#3704,12.);
#3704 = AXIS2_PLACEMENT_3D('',#3705,#3706,#3707);
#3705 = CARTESIAN_POINT('',(-475.,220.,5.));
#3706 = DIRECTION('',(0.,0.,1.));
#3707 = DIRECTION('',(1.,0.,-0.));
#3708 = DEFINITIONAL_REPRESENTATION('',(#3709),#3713);
#3709 = LINE('',#3710,#3711);
#3710 = CARTESIAN_POINT('',(0.,2.5));
#3711 = VECTOR('',#3712,1.);
#3712 = DIRECTION('',(1.,0.));
#3713 = ( GEOMETRIC_REPRESENTATION_CONTEXT(2) 
PARAMETRIC_REPRESENTATION_CONTEXT() REPRESENTATION_CONTEXT('2D SPACE',''
  ) );
#3714 = FACE_BOUND('',#3715,.T.);
#3715 = EDGE_LOOP('',(#3716));
#3716 = ORIENTED_EDGE('',*,*,#3717,.F.);
#3717 = EDGE_CURVE('',#3718,#3718,#3720,.T.);
#3718 = VERTEX_POINT('',#3719);
#3719 = CARTESIAN_POINT('',(-465.5,220.,7.5));
#3720 = SURFACE_CURVE('',#3721,(#3726,#3733),.PCURVE_S1.);
#3721 = CIRCLE('',#3722,9.5);
#3722 = AXIS2_PLACEMENT_3D('',#3723,#3724,#3725);
#3723 = CARTESIAN_POINT('',(-475.,220.,7.5));
#3724 = DIRECTION('',(0.,0.,1.));
#3725 = DIRECTION('',(1.,0.,-0.));
#3726 = PCURVE('',#3691,#3727);
#3727 = DEFINITIONAL_REPRESENTATION('',(#3728),#3732);
#3728 = CIRCLE('',#3729,9.5);
#3729 = AXIS2_PLACEMENT_2D('',#3730,#3731);
#3730 = CARTESIAN_POINT('',(0.,0.));
#3731 = DIRECTION('',(1.,0.));
#3732 = ( GEOMETRIC_REPRESENTATION_CONTEXT(2) 
PARAMETRIC_REPRESENTATION_CONTEXT() REPRESENTATION_CONTEXT('2D SPACE',''
  ) );
#3733 = PCURVE('',#3734,#3739);
#3734 = CYLINDRICAL_SURFACE('',#3735,9.5);
#3735 = AXIS2_PLACEMENT_3D('',#3736,#3737,#3738);
#3736 = CARTESIAN_POINT('',(-475.,220.,7.5));
#3737 = DIRECTION('',(0.,0.,1.));
#3738 = DIRECTION('',(1.,0.,-0.));
#3739 = DEFINITIONAL_REPRESENTATION('',(#3740),#3744);
#3740 = LINE('',#3741,#3742);
#3741 = CARTESIAN_POINT('',(0.,0.));
#3742 = VECTOR('',#3743,1.);
#3743 = DIRECTION('',(1.,0.));
#3744 = ( GEOMETRIC_REPRESENTATION_CONTEXT(2) 
PARAMETRIC_REPRESENTATION_CONTEXT() REPRESENTATION_CONTEXT('2D SPACE',''
  ) );
#3745 = ADVANCED_FACE('',(#3746),#3703,.T.);
#3746 = FACE_BOUND('',#3747,.T.);
#3747 = EDGE_LOOP('',(#3748,#3749,#3772,#3799));
#3748 = ORIENTED_EDGE('',*,*,#3681,.F.);
#3749 = ORIENTED_EDGE('',*,*,#3750,.F.);
#3750 = EDGE_CURVE('',#3751,#3682,#3753,.T.);
#3751 = VERTEX_POINT('',#3752);
#3752 = CARTESIAN_POINT('',(-463.,220.,5.));
#3753 = SEAM_CURVE('',#3754,(#3758,#3765),.PCURVE_S1.);
#3754 = LINE('',#3755,#3756);
#3755 = CARTESIAN_POINT('',(-463.,220.,5.));
#3756 = VECTOR('',#3757,1.);
#3757 = DIRECTION('',(0.,0.,1.));
#3758 = PCURVE('',#3703,#3759);
#3759 = DEFINITIONAL_REPRESENTATION('',(#3760),#3764);
#3760 = LINE('',#3761,#3762);
#3761 = CARTESIAN_POINT('',(6.28318530718,-0.));
#3762 = VECTOR('',#3763,1.);
#3763 = DIRECTION('',(0.,1.));
#3764 = ( GEOMETRIC_REPRESENTATION_CONTEXT(2) 
PARAMETRIC_REPRESENTATION_CONTEXT() REPRESENTATION_CONTEXT('2D SPACE',''
  ) );
#3765 = PCURVE('',#3703,#3766);
#3766 = DEFINITIONAL_REPRESENTATION('',(#3767),#3771);
#3767 = LINE('',#3768,#3769);
#3768 = CARTESIAN_POINT('',(0.,-0.));
#3769 = VECTOR('',#3770,1.);
#3770 = DIRECTION('',(0.,1.));
#3771 = ( GEOMETRIC_REPRESENTATION_CONTEXT(2) 
PARAMETRIC_REPRESENTATION_CONTEXT() REPRESENTATION_CONTEXT('2D SPACE',''
  ) );
#3772 = ORIENTED_EDGE('',*,*,#3773,.T.);
#3773 = EDGE_CURVE('',#3751,#3751,#3774,.T.);
#3774 = SURFACE_CURVE('',#3775,(#3780,#3787),.PCURVE_S1.);
#3775 = CIRCLE('',#3776,12.);
#3776 = AXIS2_PLACEMENT_3D('',#3777,#3778,#3779);
#3777 = CARTESIAN_POINT('',(-475.,220.,5.));
#3778 = DIRECTION('',(0.,0.,1.));
#3779 = DIRECTION('',(1.,0.,-0.));
#3780 = PCURVE('',#3703,#3781);
#3781 = DEFINITIONAL_REPRESENTATION('',(#3782),#3786);
#3782 = LINE('',#3783,#3784);
#3783 = CARTESIAN_POINT('',(0.,0.));
#3784 = VECTOR('',#3785,1.);
#3785 = DIRECTION('',(1.,0.));
#3786 = ( GEOMETRIC_REPRESENTATION_CONTEXT(2) 
PARAMETRIC_REPRESENTATION_CONTEXT() REPRESENTATION_CONTEXT('2D SPACE',''
  ) );
#3787 = PCURVE('',#3788,#3793);
#3788 = PLANE('',#3789);
#3789 = AXIS2_PLACEMENT_3D('',#3790,#3791,#3792);
#3790 = CARTESIAN_POINT('',(-475.,220.,5.));
#3791 = DIRECTION('',(0.,0.,1.));
#3792 = DIRECTION('',(1.,0.,-0.));
#3793 = DEFINITIONAL_REPRESENTATION('',(#3794),#3798);
#3794 = CIRCLE('',#3795,12.);
#3795 = AXIS2_PLACEMENT_2D('',#3796,#3797);
#3796 = CARTESIAN_POINT('',(0.,0.));
#3797 = DIRECTION('',(1.,0.));
#3798 = ( GEOMETRIC_REPRESENTATION_CONTEXT(2) 
PARAMETRIC_REPRESENTATION_CONTEXT() REPRESENTATION_CONTEXT('2D SPACE',''
  ) );
#3799 = ORIENTED_EDGE('',*,*,#3750,.T.);
#3800 = ADVANCED_FACE('',(#3801),#3734,.T.);
#3801 = FACE_BOUND('',#3802,.T.);
#3802 = EDGE_LOOP('',(#3803,#3832,#3853,#3854));
#3803 = ORIENTED_EDGE('',*,*,#3804,.F.);
#3804 = EDGE_CURVE('',#3805,#3805,#3807,.T.);
#3805 = VERTEX_POINT('',#3806);
#3806 = CARTESIAN_POINT('',(-465.5,220.,18.5));
#3807 = SURFACE_CURVE('',#3808,(#3813,#3820),.PCURVE_S1.);
#3808 = CIRCLE('',#3809,9.5);
#3809 = AXIS2_PLACEMENT_3D('',#3810,#3811,#3812);
#3810 = CARTESIAN_POINT('',(-475.,220.,18.5));
#3811 = DIRECTION('',(0.,0.,1.));
#3812 = DIRECTION('',(1.,0.,-0.));
#3813 = PCURVE('',#3734,#3814);
#3814 = DEFINITIONAL_REPRESENTATION('',(#3815),#3819);
#3815 = LINE('',#3816,#3817);
#3816 = CARTESIAN_POINT('',(0.,11.));
#3817 = VECTOR('',#3818,1.);
#3818 = DIRECTION('',(1.,0.));
#3819 = ( GEOMETRIC_REPRESENTATION_CONTEXT(2) 
PARAMETRIC_REPRESENTATION_CONTEXT() REPRESENTATION_CONTEXT('2D SPACE',''
  ) );
#3820 = PCURVE('',#3821,#3826);
#3821 = PLANE('',#3822);
#3822 = AXIS2_PLACEMENT_3D('',#3823,#3824,#3825);
#3823 = CARTESIAN_POINT('',(-475.,220.,18.5));
#3824 = DIRECTION('',(0.,0.,1.));
#3825 = DIRECTION('',(1.,0.,-0.));
#3826 = DEFINITIONAL_REPRESENTATION('',(#3827),#3831);
#3827 = CIRCLE('',#3828,9.5);
#3828 = AXIS2_PLACEMENT_2D('',#3829,#3830);
#3829 = CARTESIAN_POINT('',(0.,0.));
#3830 = DIRECTION('',(1.,0.));
#3831 = ( GEOMETRIC_REPRESENTATION_CONTEXT(2) 
PARAMETRIC_REPRESENTATION_CONTEXT() REPRESENTATION_CONTEXT('2D SPACE',''
  ) );
#3832 = ORIENTED_EDGE('',*,*,#3833,.F.);
#3833 = EDGE_CURVE('',#3718,#3805,#3834,.T.);
#3834 = SEAM_CURVE('',#3835,(#3839,#3846),.PCURVE_S1.);
#3835 = LINE('',#3836,#3837);
#3836 = CARTESIAN_POINT('',(-465.5,220.,7.5));
#3837 = VECTOR('',#3838,1.);
#3838 = DIRECTION('',(0.,0.,1.));
#3839 = PCURVE('',#3734,#3840);
#3840 = DEFINITIONAL_REPRESENTATION('',(#3841),#3845);
#3841 = LINE('',#3842,#3843);
#3842 = CARTESIAN_POINT('',(6.28318530718,-0.));
#3843 = VECTOR('',#3844,1.);
#3844 = DIRECTION('',(0.,1.));
#3845 = ( GEOMETRIC_REPRESENTATION_CONTEXT(2) 
PARAMETRIC_REPRESENTATION_CONTEXT() REPRESENTATION_CONTEXT('2D SPACE',''
  ) );
#3846 = PCURVE('',#3734,#3847);
#3847 = DEFINITIONAL_REPRESENTATION('',(#3848),#3852);
#3848 = LINE('',#3849,#3850);
#3849 = CARTESIAN_POINT('',(0.,-0.));
#3850 = VECTOR('',#3851,1.);
#3851 = DIRECTION('',(0.,1.));
#3852 = ( GEOMETRIC_REPRESENTATION_CONTEXT(2) 
PARAMETRIC_REPRESENTATION_CONTEXT() REPRESENTATION_CONTEXT('2D SPACE',''
  ) );
#3853 = ORIENTED_EDGE('',*,*,#3717,.T.);
#3854 = ORIENTED_EDGE('',*,*,#3833,.T.);
#3855 = ADVANCED_FACE('',(#3856,#3859),#3788,.F.);
#3856 = FACE_BOUND('',#3857,.F.);
#3857 = EDGE_LOOP('',(#3858));
#3858 = ORIENTED_EDGE('',*,*,#3773,.T.);
#3859 = FACE_BOUND('',#3860,.F.);
#3860 = EDGE_LOOP('',(#3861));
#3861 = ORIENTED_EDGE('',*,*,#3862,.F.);
#3862 = EDGE_CURVE('',#3863,#3863,#3865,.T.);
#3863 = VERTEX_POINT('',#3864);
#3864 = CARTESIAN_POINT('',(-469.,220.,5.));
#3865 = SURFACE_CURVE('',#3866,(#3871,#3878),.PCURVE_S1.);
#3866 = CIRCLE('',#3867,6.);
#3867 = AXIS2_PLACEMENT_3D('',#3868,#3869,#3870);
#3868 = CARTESIAN_POINT('',(-475.,220.,5.));
#3869 = DIRECTION('',(0.,0.,1.));
#3870 = DIRECTION('',(1.,0.,-0.));
#3871 = PCURVE('',#3788,#3872);
#3872 = DEFINITIONAL_REPRESENTATION('',(#3873),#3877);
#3873 = CIRCLE('',#3874,6.);
#3874 = AXIS2_PLACEMENT_2D('',#3875,#3876);
#3875 = CARTESIAN_POINT('',(0.,0.));
#3876 = DIRECTION('',(1.,0.));
#3877 = ( GEOMETRIC_REPRESENTATION_CONTEXT(2) 
PARAMETRIC_REPRESENTATION_CONTEXT() REPRESENTATION_CONTEXT('2D SPACE',''
  ) );
#3878 = PCURVE('',#3879,#3884);
#3879 = CYLINDRICAL_SURFACE('',#3880,6.);
#3880 = AXIS2_PLACEMENT_3D('',#3881,#3882,#3883);
#3881 = CARTESIAN_POINT('',(-475.,220.,-100.));
#3882 = DIRECTION('',(0.,0.,1.));
#3883 = DIRECTION('',(1.,0.,-0.));
#3884 = DEFINITIONAL_REPRESENTATION('',(#3885),#3889);
#3885 = LINE('',#3886,#3887);
#3886 = CARTESIAN_POINT('',(0.,105.));
#3887 = VECTOR('',#3888,1.);
#3888 = DIRECTION('',(1.,0.));
#3889 = ( GEOMETRIC_REPRESENTATION_CONTEXT(2) 
PARAMETRIC_REPRESENTATION_CONTEXT() REPRESENTATION_CONTEXT('2D SPACE',''
  ) );
#3890 = ADVANCED_FACE('',(#3891,#3894),#3821,.T.);
#3891 = FACE_BOUND('',#3892,.T.);
#3892 = EDGE_LOOP('',(#3893));
#3893 = ORIENTED_EDGE('',*,*,#3804,.T.);
#3894 = FACE_BOUND('',#3895,.T.);
#3895 = EDGE_LOOP('',(#3896));
#3896 = ORIENTED_EDGE('',*,*,#3897,.F.);
#3897 = EDGE_CURVE('',#3898,#3898,#3900,.T.);
#3898 = VERTEX_POINT('',#3899);
#3899 = CARTESIAN_POINT('',(-469.,220.,18.5));
#3900 = SURFACE_CURVE('',#3901,(#3906,#3913),.PCURVE_S1.);
#3901 = CIRCLE('',#3902,6.);
#3902 = AXIS2_PLACEMENT_3D('',#3903,#3904,#3905);
#3903 = CARTESIAN_POINT('',(-475.,220.,18.5));
#3904 = DIRECTION('',(0.,0.,1.));
#3905 = DIRECTION('',(1.,0.,-0.));
#3906 = PCURVE('',#3821,#3907);
#3907 = DEFINITIONAL_REPRESENTATION('',(#3908),#3912);
#3908 = CIRCLE('',#3909,6.);
#3909 = AXIS2_PLACEMENT_2D('',#3910,#3911);
#3910 = CARTESIAN_POINT('',(0.,0.));
#3911 = DIRECTION('',(1.,0.));
#3912 = ( GEOMETRIC_REPRESENTATION_CONTEXT(2) 
PARAMETRIC_REPRESENTATION_CONTEXT() REPRESENTATION_CONTEXT('2D SPACE',''
  ) );
#3913 = PCURVE('',#3914,#3919);
#3914 = CYLINDRICAL_SURFACE('',#3915,6.);
#3915 = AXIS2_PLACEMENT_3D('',#3916,#3917,#3918);
#3916 = CARTESIAN_POINT('',(-475.,220.,-100.));
#3917 = DIRECTION('',(0.,0.,1.));
#3918 = DIRECTION('',(1.,0.,-0.));
#3919 = DEFINITIONAL_REPRESENTATION('',(#3920),#3924);
#3920 = LINE('',#3921,#3922);
#3921 = CARTESIAN_POINT('',(0.,118.5));
#3922 = VECTOR('',#3923,1.);
#3923 = DIRECTION('',(1.,0.));
#3924 = ( GEOMETRIC_REPRESENTATION_CONTEXT(2) 
PARAMETRIC_REPRESENTATION_CONTEXT() REPRESENTATION_CONTEXT('2D SPACE',''
  ) );
#3925 = ADVANCED_FACE('',(#3926),#3879,.T.);
#3926 = FACE_BOUND('',#3927,.T.);
#3927 = EDGE_LOOP('',(#3928,#3929,#3952,#3979));
#3928 = ORIENTED_EDGE('',*,*,#3862,.F.);
#3929 = ORIENTED_EDGE('',*,*,#3930,.F.);
#3930 = EDGE_CURVE('',#3931,#3863,#3933,.T.);
#3931 = VERTEX_POINT('',#3932);
#3932 = CARTESIAN_POINT('',(-469.,220.,-100.));
#3933 = SEAM_CURVE('',#3934,(#3938,#3945),.PCURVE_S1.);
#3934 = LINE('',#3935,#3936);
#3935 = CARTESIAN_POINT('',(-469.,220.,-100.));
#3936 = VECTOR('',#3937,1.);
#3937 = DIRECTION('',(0.,0.,1.));
#3938 = PCURVE('',#3879,#3939);
#3939 = DEFINITIONAL_REPRESENTATION('',(#3940),#3944);
#3940 = LINE('',#3941,#3942);
#3941 = CARTESIAN_POINT('',(6.28318530718,-0.));
#3942 = VECTOR('',#3943,1.);
#3943 = DIRECTION('',(0.,1.));
#3944 = ( GEOMETRIC_REPRESENTATION_CONTEXT(2) 
PARAMETRIC_REPRESENTATION_CONTEXT() REPRESENTATION_CONTEXT('2D SPACE',''
  ) );
#3945 = PCURVE('',#3879,#3946);
#3946 = DEFINITIONAL_REPRESENTATION('',(#3947),#3951);
#3947 = LINE('',#3948,#3949);
#3948 = CARTESIAN_POINT('',(0.,-0.));
#3949 = VECTOR('',#3950,1.);
#3950 = DIRECTION('',(0.,1.));
#3951 = ( GEOMETRIC_REPRESENTATION_CONTEXT(2) 
PARAMETRIC_REPRESENTATION_CONTEXT() REPRESENTATION_CONTEXT('2D SPACE',''
  ) );
#3952 = ORIENTED_EDGE('',*,*,#3953,.T.);
#3953 = EDGE_CURVE('',#3931,#3931,#3954,.T.);
#3954 = SURFACE_CURVE('',#3955,(#3960,#3967),.PCURVE_S1.);
#3955 = CIRCLE('',#3956,6.);
#3956 = AXIS2_PLACEMENT_3D('',#3957,#3958,#3959);
#3957 = CARTESIAN_POINT('',(-475.,220.,-100.));
#3958 = DIRECTION('',(0.,0.,1.));
#3959 = DIRECTION('',(1.,0.,-0.));
#3960 = PCURVE('',#3879,#3961);
#3961 = DEFINITIONAL_REPRESENTATION('',(#3962),#3966);
#3962 = LINE('',#3963,#3964);
#3963 = CARTESIAN_POINT('',(0.,0.));
#3964 = VECTOR('',#3965,1.);
#3965 = DIRECTION('',(1.,0.));
#3966 = ( GEOMETRIC_REPRESENTATION_CONTEXT(2) 
PARAMETRIC_REPRESENTATION_CONTEXT() REPRESENTATION_CONTEXT('2D SPACE',''
  ) );
#3967 = PCURVE('',#3968,#3973);
#3968 = PLANE('',#3969);
#3969 = AXIS2_PLACEMENT_3D('',#3970,#3971,#3972);
#3970 = CARTESIAN_POINT('',(-475.,220.,-100.));
#3971 = DIRECTION('',(0.,0.,1.));
#3972 = DIRECTION('',(1.,0.,-0.));
#3973 = DEFINITIONAL_REPRESENTATION('',(#3974),#3978);
#3974 = CIRCLE('',#3975,6.);
#3975 = AXIS2_PLACEMENT_2D('',#3976,#3977);
#3976 = CARTESIAN_POINT('',(0.,0.));
#3977 = DIRECTION('',(1.,0.));
#3978 = ( GEOMETRIC_REPRESENTATION_CONTEXT(2) 
PARAMETRIC_REPRESENTATION_CONTEXT() REPRESENTATION_CONTEXT('2D SPACE',''
  ) );
#3979 = ORIENTED_EDGE('',*,*,#3930,.T.);
#3980 = ADVANCED_FACE('',(#3981),#3914,.T.);
#3981 = FACE_BOUND('',#3982,.T.);
#3982 = EDGE_LOOP('',(#3983,#3984,#4007,#4034));
#3983 = ORIENTED_EDGE('',*,*,#3897,.T.);
#3984 = ORIENTED_EDGE('',*,*,#3985,.T.);
#3985 = EDGE_CURVE('',#3898,#3986,#3988,.T.);
#3986 = VERTEX_POINT('',#3987);
#3987 = CARTESIAN_POINT('',(-469.,220.,65.));
#3988 = SEAM_CURVE('',#3989,(#3993,#4000),.PCURVE_S1.);
#3989 = LINE('',#3990,#3991);
#3990 = CARTESIAN_POINT('',(-469.,220.,-100.));
#3991 = VECTOR('',#3992,1.);
#3992 = DIRECTION('',(0.,0.,1.));
#3993 = PCURVE('',#3914,#3994);
#3994 = DEFINITIONAL_REPRESENTATION('',(#3995),#3999);
#3995 = LINE('',#3996,#3997);
#3996 = CARTESIAN_POINT('',(0.,-0.));
#3997 = VECTOR('',#3998,1.);
#3998 = DIRECTION('',(0.,1.));
#3999 = ( GEOMETRIC_REPRESENTATION_CONTEXT(2) 
PARAMETRIC_REPRESENTATION_CONTEXT() REPRESENTATION_CONTEXT('2D SPACE',''
  ) );
#4000 = PCURVE('',#3914,#4001);
#4001 = DEFINITIONAL_REPRESENTATION('',(#4002),#4006);
#4002 = LINE('',#4003,#4004);
#4003 = CARTESIAN_POINT('',(6.28318530718,-0.));
#4004 = VECTOR('',#4005,1.);
#4005 = DIRECTION('',(0.,1.));
#4006 = ( GEOMETRIC_REPRESENTATION_CONTEXT(2) 
PARAMETRIC_REPRESENTATION_CONTEXT() REPRESENTATION_CONTEXT('2D SPACE',''
  ) );
#4007 = ORIENTED_EDGE('',*,*,#4008,.F.);
#4008 = EDGE_CURVE('',#3986,#3986,#4009,.T.);
#4009 = SURFACE_CURVE('',#4010,(#4015,#4022),.PCURVE_S1.);
#4010 = CIRCLE('',#4011,6.);
#4011 = AXIS2_PLACEMENT_3D('',#4012,#4013,#4014);
#4012 = CARTESIAN_POINT('',(-475.,220.,65.));
#4013 = DIRECTION('',(0.,0.,1.));
#4014 = DIRECTION('',(1.,0.,-0.));
#4015 = PCURVE('',#3914,#4016);
#4016 = DEFINITIONAL_REPRESENTATION('',(#4017),#4021);
#4017 = LINE('',#4018,#4019);
#4018 = CARTESIAN_POINT('',(0.,165.));
#4019 = VECTOR('',#4020,1.);
#4020 = DIRECTION('',(1.,0.));
#4021 = ( GEOMETRIC_REPRESENTATION_CONTEXT(2) 
PARAMETRIC_REPRESENTATION_CONTEXT() REPRESENTATION_CONTEXT('2D SPACE',''
  ) );
#4022 = PCURVE('',#4023,#4028);
#4023 = PLANE('',#4024);
#4024 = AXIS2_PLACEMENT_3D('',#4025,#4026,#4027);
#4025 = CARTESIAN_POINT('',(-475.,220.,65.));
#4026 = DIRECTION('',(0.,0.,1.));
#4027 = DIRECTION('',(1.,0.,-0.));
#4028 = DEFINITIONAL_REPRESENTATION('',(#4029),#4033);
#4029 = CIRCLE('',#4030,6.);
#4030 = AXIS2_PLACEMENT_2D('',#4031,#4032);
#4031 = CARTESIAN_POINT('',(0.,0.));
#4032 = DIRECTION('',(1.,0.));
#4033 = ( GEOMETRIC_REPRESENTATION_CONTEXT(2) 
PARAMETRIC_REPRESENTATION_CONTEXT() REPRESENTATION_CONTEXT('2D SPACE',''
  ) );
#4034 = ORIENTED_EDGE('',*,*,#3985,.F.);
#4035 = ADVANCED_FACE('',(#4036),#3968,.F.);
#4036 = FACE_BOUND('',#4037,.T.);
#4037 = EDGE_LOOP('',(#4038));
#4038 = ORIENTED_EDGE('',*,*,#3953,.F.);
#4039 = ADVANCED_FACE('',(#4040),#4023,.T.);
#4040 = FACE_BOUND('',#4041,.T.);
#4041 = EDGE_LOOP('',(#4042));
#4042 = ORIENTED_EDGE('',*,*,#4008,.T.);
#4043 = MANIFOLD_SOLID_BREP('',#4044);
#4044 = CLOSED_SHELL('',(#4045,#4113,#4168,#4223,#4258,#4293,#4348,#4403
    ,#4407));
#4045 = ADVANCED_FACE('',(#4046,#4082),#4059,.T.);
#4046 = FACE_BOUND('',#4047,.T.);
#4047 = EDGE_LOOP('',(#4048));
#4048 = ORIENTED_EDGE('',*,*,#4049,.T.);
#4049 = EDGE_CURVE('',#4050,#4050,#4052,.T.);
#4050 = VERTEX_POINT('',#4051);
#4051 = CARTESIAN_POINT('',(487.,-220.,7.5));
#4052 = SURFACE_CURVE('',#4053,(#4058,#4070),.PCURVE_S1.);
#4053 = CIRCLE('',#4054,12.);
#4054 = AXIS2_PLACEMENT_3D('',#4055,#4056,#4057);
#4055 = CARTESIAN_POINT('',(475.,-220.,7.5));
#4056 = DIRECTION('',(0.,0.,1.));
#4057 = DIRECTION('',(1.,0.,-0.));
#4058 = PCURVE('',#4059,#4064);
#4059 = PLANE('',#4060);
#4060 = AXIS2_PLACEMENT_3D('',#4061,#4062,#4063);
#4061 = CARTESIAN_POINT('',(475.,-220.,7.5));
#4062 = DIRECTION('',(0.,0.,1.));
#4063 = DIRECTION('',(1.,0.,-0.));
#4064 = DEFINITIONAL_REPRESENTATION('',(#4065),#4069);
#4065 = CIRCLE('',#4066,12.);
#4066 = AXIS2_PLACEMENT_2D('',#4067,#4068);
#4067 = CARTESIAN_POINT('',(0.,0.));
#4068 = DIRECTION('',(1.,0.));
#4069 = ( GEOMETRIC_REPRESENTATION_CONTEXT(2) 
PARAMETRIC_REPRESENTATION_CONTEXT() REPRESENTATION_CONTEXT('2D SPACE',''
  ) );
#4070 = PCURVE('',#4071,#4076);
#4071 = CYLINDRICAL_SURFACE('',#4072,12.);
#4072 = AXIS2_PLACEMENT_3D('',#4073,#4074,#4075);
#4073 = CARTESIAN_POINT('',(475.,-220.,5.));
#4074 = DIRECTION('',(0.,0.,1.));
#4075 = DIRECTION('',(1.,0.,-0.));
#4076 = DEFINITIONAL_REPRESENTATION('',(#4077),#4081);
#4077 = LINE('',#4078,#4079);
#4078 = CARTESIAN_POINT('',(0.,2.5));
#4079 = VECTOR('',#4080,1.);
#4080 = DIRECTION('',(1.,0.));
#4081 = ( GEOMETRIC_REPRESENTATION_CONTEXT(2) 
PARAMETRIC_REPRESENTATION_CONTEXT() REPRESENTATION_CONTEXT('2D SPACE',''
  ) );
#4082 = FACE_BOUND('',#4083,.T.);
#4083 = EDGE_LOOP('',(#4084));
#4084 = ORIENTED_EDGE('',*,*,#4085,.F.);
#4085 = EDGE_CURVE('',#4086,#4086,#4088,.T.);
#4086 = VERTEX_POINT('',#4087);
#4087 = CARTESIAN_POINT('',(484.5,-220.,7.5));
#4088 = SURFACE_CURVE('',#4089,(#4094,#4101),.PCURVE_S1.);
#4089 = CIRCLE('',#4090,9.5);
#4090 = AXIS2_PLACEMENT_3D('',#4091,#4092,#4093);
#4091 = CARTESIAN_POINT('',(475.,-220.,7.5));
#4092 = DIRECTION('',(0.,0.,1.));
#4093 = DIRECTION('',(1.,0.,-0.));
#4094 = PCURVE('',#4059,#4095);
#4095 = DEFINITIONAL_REPRESENTATION('',(#4096),#4100);
#4096 = CIRCLE('',#4097,9.5);
#4097 = AXIS2_PLACEMENT_2D('',#4098,#4099);
#4098 = CARTESIAN_POINT('',(0.,0.));
#4099 = DIRECTION('',(1.,0.));
#4100 = ( GEOMETRIC_REPRESENTATION_CONTEXT(2) 
PARAMETRIC_REPRESENTATION_CONTEXT() REPRESENTATION_CONTEXT('2D SPACE',''
  ) );
#4101 = PCURVE('',#4102,#4107);
#4102 = CYLINDRICAL_SURFACE('',#4103,9.5);
#4103 = AXIS2_PLACEMENT_3D('',#4104,#4105,#4106);
#4104 = CARTESIAN_POINT('',(475.,-220.,7.5));
#4105 = DIRECTION('',(0.,0.,1.));
#4106 = DIRECTION('',(1.,0.,-0.));
#4107 = DEFINITIONAL_REPRESENTATION('',(#4108),#4112);
#4108 = LINE('',#4109,#4110);
#4109 = CARTESIAN_POINT('',(0.,0.));
#4110 = VECTOR('',#4111,1.);
#4111 = DIRECTION('',(1.,0.));
#4112 = ( GEOMETRIC_REPRESENTATION_CONTEXT(2) 
PARAMETRIC_REPRESENTATION_CONTEXT() REPRESENTATION_CONTEXT('2D SPACE',''
  ) );
#4113 = ADVANCED_FACE('',(#4114),#4071,.T.);
#4114 = FACE_BOUND('',#4115,.T.);
#4115 = EDGE_LOOP('',(#4116,#4117,#4140,#4167));
#4116 = ORIENTED_EDGE('',*,*,#4049,.F.);
#4117 = ORIENTED_EDGE('',*,*,#4118,.F.);
#4118 = EDGE_CURVE('',#4119,#4050,#4121,.T.);
#4119 = VERTEX_POINT('',#4120);
#4120 = CARTESIAN_POINT('',(487.,-220.,5.));
#4121 = SEAM_CURVE('',#4122,(#4126,#4133),.PCURVE_S1.);
#4122 = LINE('',#4123,#4124);
#4123 = CARTESIAN_POINT('',(487.,-220.,5.));
#4124 = VECTOR('',#4125,1.);
#4125 = DIRECTION('',(0.,0.,1.));
#4126 = PCURVE('',#4071,#4127);
#4127 = DEFINITIONAL_REPRESENTATION('',(#4128),#4132);
#4128 = LINE('',#4129,#4130);
#4129 = CARTESIAN_POINT('',(6.28318530718,-0.));
#4130 = VECTOR('',#4131,1.);
#4131 = DIRECTION('',(0.,1.));
#4132 = ( GEOMETRIC_REPRESENTATION_CONTEXT(2) 
PARAMETRIC_REPRESENTATION_CONTEXT() REPRESENTATION_CONTEXT('2D SPACE',''
  ) );
#4133 = PCURVE('',#4071,#4134);
#4134 = DEFINITIONAL_REPRESENTATION('',(#4135),#4139);
#4135 = LINE('',#4136,#4137);
#4136 = CARTESIAN_POINT('',(0.,-0.));
#4137 = VECTOR('',#4138,1.);
#4138 = DIRECTION('',(0.,1.));
#4139 = ( GEOMETRIC_REPRESENTATION_CONTEXT(2) 
PARAMETRIC_REPRESENTATION_CONTEXT() REPRESENTATION_CONTEXT('2D SPACE',''
  ) );
#4140 = ORIENTED_EDGE('',*,*,#4141,.T.);
#4141 = EDGE_CURVE('',#4119,#4119,#4142,.T.);
#4142 = SURFACE_CURVE('',#4143,(#4148,#4155),.PCURVE_S1.);
#4143 = CIRCLE('',#4144,12.);
#4144 = AXIS2_PLACEMENT_3D('',#4145,#4146,#4147);
#4145 = CARTESIAN_POINT('',(475.,-220.,5.));
#4146 = DIRECTION('',(0.,0.,1.));
#4147 = DIRECTION('',(1.,0.,-0.));
#4148 = PCURVE('',#4071,#4149);
#4149 = DEFINITIONAL_REPRESENTATION('',(#4150),#4154);
#4150 = LINE('',#4151,#4152);
#4151 = CARTESIAN_POINT('',(0.,0.));
#4152 = VECTOR('',#4153,1.);
#4153 = DIRECTION('',(1.,0.));
#4154 = ( GEOMETRIC_REPRESENTATION_CONTEXT(2) 
PARAMETRIC_REPRESENTATION_CONTEXT() REPRESENTATION_CONTEXT('2D SPACE',''
  ) );
#4155 = PCURVE('',#4156,#4161);
#4156 = PLANE('',#4157);
#4157 = AXIS2_PLACEMENT_3D('',#4158,#4159,#4160);
#4158 = CARTESIAN_POINT('',(475.,-220.,5.));
#4159 = DIRECTION('',(0.,0.,1.));
#4160 = DIRECTION('',(1.,0.,-0.));
#4161 = DEFINITIONAL_REPRESENTATION('',(#4162),#4166);
#4162 = CIRCLE('',#4163,12.);
#4163 = AXIS2_PLACEMENT_2D('',#4164,#4165);
#4164 = CARTESIAN_POINT('',(0.,0.));
#4165 = DIRECTION('',(1.,0.));
#4166 = ( GEOMETRIC_REPRESENTATION_CONTEXT(2) 
PARAMETRIC_REPRESENTATION_CONTEXT() REPRESENTATION_CONTEXT('2D SPACE',''
  ) );
#4167 = ORIENTED_EDGE('',*,*,#4118,.T.);
#4168 = ADVANCED_FACE('',(#4169),#4102,.T.);
#4169 = FACE_BOUND('',#4170,.T.);
#4170 = EDGE_LOOP('',(#4171,#4200,#4221,#4222));
#4171 = ORIENTED_EDGE('',*,*,#4172,.F.);
#4172 = EDGE_CURVE('',#4173,#4173,#4175,.T.);
#4173 = VERTEX_POINT('',#4174);
#4174 = CARTESIAN_POINT('',(484.5,-220.,18.5));
#4175 = SURFACE_CURVE('',#4176,(#4181,#4188),.PCURVE_S1.);
#4176 = CIRCLE('',#4177,9.5);
#4177 = AXIS2_PLACEMENT_3D('',#4178,#4179,#4180);
#4178 = CARTESIAN_POINT('',(475.,-220.,18.5));
#4179 = DIRECTION('',(0.,0.,1.));
#4180 = DIRECTION('',(1.,0.,-0.));
#4181 = PCURVE('',#4102,#4182);
#4182 = DEFINITIONAL_REPRESENTATION('',(#4183),#4187);
#4183 = LINE('',#4184,#4185);
#4184 = CARTESIAN_POINT('',(0.,11.));
#4185 = VECTOR('',#4186,1.);
#4186 = DIRECTION('',(1.,0.));
#4187 = ( GEOMETRIC_REPRESENTATION_CONTEXT(2) 
PARAMETRIC_REPRESENTATION_CONTEXT() REPRESENTATION_CONTEXT('2D SPACE',''
  ) );
#4188 = PCURVE('',#4189,#4194);
#4189 = PLANE('',#4190);
#4190 = AXIS2_PLACEMENT_3D('',#4191,#4192,#4193);
#4191 = CARTESIAN_POINT('',(475.,-220.,18.5));
#4192 = DIRECTION('',(0.,0.,1.));
#4193 = DIRECTION('',(1.,0.,-0.));
#4194 = DEFINITIONAL_REPRESENTATION('',(#4195),#4199);
#4195 = CIRCLE('',#4196,9.5);
#4196 = AXIS2_PLACEMENT_2D('',#4197,#4198);
#4197 = CARTESIAN_POINT('',(0.,0.));
#4198 = DIRECTION('',(1.,0.));
#4199 = ( GEOMETRIC_REPRESENTATION_CONTEXT(2) 
PARAMETRIC_REPRESENTATION_CONTEXT() REPRESENTATION_CONTEXT('2D SPACE',''
  ) );
#4200 = ORIENTED_EDGE('',*,*,#4201,.F.);
#4201 = EDGE_CURVE('',#4086,#4173,#4202,.T.);
#4202 = SEAM_CURVE('',#4203,(#4207,#4214),.PCURVE_S1.);
#4203 = LINE('',#4204,#4205);
#4204 = CARTESIAN_POINT('',(484.5,-220.,7.5));
#4205 = VECTOR('',#4206,1.);
#4206 = DIRECTION('',(0.,0.,1.));
#4207 = PCURVE('',#4102,#4208);
#4208 = DEFINITIONAL_REPRESENTATION('',(#4209),#4213);
#4209 = LINE('',#4210,#4211);
#4210 = CARTESIAN_POINT('',(6.28318530718,-0.));
#4211 = VECTOR('',#4212,1.);
#4212 = DIRECTION('',(0.,1.));
#4213 = ( GEOMETRIC_REPRESENTATION_CONTEXT(2) 
PARAMETRIC_REPRESENTATION_CONTEXT() REPRESENTATION_CONTEXT('2D SPACE',''
  ) );
#4214 = PCURVE('',#4102,#4215);
#4215 = DEFINITIONAL_REPRESENTATION('',(#4216),#4220);
#4216 = LINE('',#4217,#4218);
#4217 = CARTESIAN_POINT('',(0.,-0.));
#4218 = VECTOR('',#4219,1.);
#4219 = DIRECTION('',(0.,1.));
#4220 = ( GEOMETRIC_REPRESENTATION_CONTEXT(2) 
PARAMETRIC_REPRESENTATION_CONTEXT() REPRESENTATION_CONTEXT('2D SPACE',''
  ) );
#4221 = ORIENTED_EDGE('',*,*,#4085,.T.);
#4222 = ORIENTED_EDGE('',*,*,#4201,.T.);
#4223 = ADVANCED_FACE('',(#4224,#4227),#4156,.F.);
#4224 = FACE_BOUND('',#4225,.F.);
#4225 = EDGE_LOOP('',(#4226));
#4226 = ORIENTED_EDGE('',*,*,#4141,.T.);
#4227 = FACE_BOUND('',#4228,.F.);
#4228 = EDGE_LOOP('',(#4229));
#4229 = ORIENTED_EDGE('',*,*,#4230,.F.);
#4230 = EDGE_CURVE('',#4231,#4231,#4233,.T.);
#4231 = VERTEX_POINT('',#4232);
#4232 = CARTESIAN_POINT('',(481.,-220.,5.));
#4233 = SURFACE_CURVE('',#4234,(#4239,#4246),.PCURVE_S1.);
#4234 = CIRCLE('',#4235,6.);
#4235 = AXIS2_PLACEMENT_3D('',#4236,#4237,#4238);
#4236 = CARTESIAN_POINT('',(475.,-220.,5.));
#4237 = DIRECTION('',(0.,0.,1.));
#4238 = DIRECTION('',(1.,0.,-0.));
#4239 = PCURVE('',#4156,#4240);
#4240 = DEFINITIONAL_REPRESENTATION('',(#4241),#4245);
#4241 = CIRCLE('',#4242,6.);
#4242 = AXIS2_PLACEMENT_2D('',#4243,#4244);
#4243 = CARTESIAN_POINT('',(0.,0.));
#4244 = DIRECTION('',(1.,0.));
#4245 = ( GEOMETRIC_REPRESENTATION_CONTEXT(2) 
PARAMETRIC_REPRESENTATION_CONTEXT() REPRESENTATION_CONTEXT('2D SPACE',''
  ) );
#4246 = PCURVE('',#4247,#4252);
#4247 = CYLINDRICAL_SURFACE('',#4248,6.);
#4248 = AXIS2_PLACEMENT_3D('',#4249,#4250,#4251);
#4249 = CARTESIAN_POINT('',(475.,-220.,-100.));
#4250 = DIRECTION('',(0.,0.,1.));
#4251 = DIRECTION('',(1.,0.,-0.));
#4252 = DEFINITIONAL_REPRESENTATION('',(#4253),#4257);
#4253 = LINE('',#4254,#4255);
#4254 = CARTESIAN_POINT('',(0.,105.));
#4255 = VECTOR('',#4256,1.);
#4256 = DIRECTION('',(1.,0.));
#4257 = ( GEOMETRIC_REPRESENTATION_CONTEXT(2) 
PARAMETRIC_REPRESENTATION_CONTEXT() REPRESENTATION_CONTEXT('2D SPACE',''
  ) );
#4258 = ADVANCED_FACE('',(#4259,#4262),#4189,.T.);
#4259 = FACE_BOUND('',#4260,.T.);
#4260 = EDGE_LOOP('',(#4261));
#4261 = ORIENTED_EDGE('',*,*,#4172,.T.);
#4262 = FACE_BOUND('',#4263,.T.);
#4263 = EDGE_LOOP('',(#4264));
#4264 = ORIENTED_EDGE('',*,*,#4265,.F.);
#4265 = EDGE_CURVE('',#4266,#4266,#4268,.T.);
#4266 = VERTEX_POINT('',#4267);
#4267 = CARTESIAN_POINT('',(481.,-220.,18.5));
#4268 = SURFACE_CURVE('',#4269,(#4274,#4281),.PCURVE_S1.);
#4269 = CIRCLE('',#4270,6.);
#4270 = AXIS2_PLACEMENT_3D('',#4271,#4272,#4273);
#4271 = CARTESIAN_POINT('',(475.,-220.,18.5));
#4272 = DIRECTION('',(0.,0.,1.));
#4273 = DIRECTION('',(1.,0.,-0.));
#4274 = PCURVE('',#4189,#4275);
#4275 = DEFINITIONAL_REPRESENTATION('',(#4276),#4280);
#4276 = CIRCLE('',#4277,6.);
#4277 = AXIS2_PLACEMENT_2D('',#4278,#4279);
#4278 = CARTESIAN_POINT('',(0.,0.));
#4279 = DIRECTION('',(1.,0.));
#4280 = ( GEOMETRIC_REPRESENTATION_CONTEXT(2) 
PARAMETRIC_REPRESENTATION_CONTEXT() REPRESENTATION_CONTEXT('2D SPACE',''
  ) );
#4281 = PCURVE('',#4282,#4287);
#4282 = CYLINDRICAL_SURFACE('',#4283,6.);
#4283 = AXIS2_PLACEMENT_3D('',#4284,#4285,#4286);
#4284 = CARTESIAN_POINT('',(475.,-220.,-100.));
#4285 = DIRECTION('',(0.,0.,1.));
#4286 = DIRECTION('',(1.,0.,-0.));
#4287 = DEFINITIONAL_REPRESENTATION('',(#4288),#4292);
#4288 = LINE('',#4289,#4290);
#4289 = CARTESIAN_POINT('',(0.,118.5));
#4290 = VECTOR('',#4291,1.);
#4291 = DIRECTION('',(1.,0.));
#4292 = ( GEOMETRIC_REPRESENTATION_CONTEXT(2) 
PARAMETRIC_REPRESENTATION_CONTEXT() REPRESENTATION_CONTEXT('2D SPACE',''
  ) );
#4293 = ADVANCED_FACE('',(#4294),#4247,.T.);
#4294 = FACE_BOUND('',#4295,.T.);
#4295 = EDGE_LOOP('',(#4296,#4297,#4320,#4347));
#4296 = ORIENTED_EDGE('',*,*,#4230,.F.);
#4297 = ORIENTED_EDGE('',*,*,#4298,.F.);
#4298 = EDGE_CURVE('',#4299,#4231,#4301,.T.);
#4299 = VERTEX_POINT('',#4300);
#4300 = CARTESIAN_POINT('',(481.,-220.,-100.));
#4301 = SEAM_CURVE('',#4302,(#4306,#4313),.PCURVE_S1.);
#4302 = LINE('',#4303,#4304);
#4303 = CARTESIAN_POINT('',(481.,-220.,-100.));
#4304 = VECTOR('',#4305,1.);
#4305 = DIRECTION('',(0.,0.,1.));
#4306 = PCURVE('',#4247,#4307);
#4307 = DEFINITIONAL_REPRESENTATION('',(#4308),#4312);
#4308 = LINE('',#4309,#4310);
#4309 = CARTESIAN_POINT('',(6.28318530718,-0.));
#4310 = VECTOR('',#4311,1.);
#4311 = DIRECTION('',(0.,1.));
#4312 = ( GEOMETRIC_REPRESENTATION_CONTEXT(2) 
PARAMETRIC_REPRESENTATION_CONTEXT() REPRESENTATION_CONTEXT('2D SPACE',''
  ) );
#4313 = PCURVE('',#4247,#4314);
#4314 = DEFINITIONAL_REPRESENTATION('',(#4315),#4319);
#4315 = LINE('',#4316,#4317);
#4316 = CARTESIAN_POINT('',(0.,-0.));
#4317 = VECTOR('',#4318,1.);
#4318 = DIRECTION('',(0.,1.));
#4319 = ( GEOMETRIC_REPRESENTATION_CONTEXT(2) 
PARAMETRIC_REPRESENTATION_CONTEXT() REPRESENTATION_CONTEXT('2D SPACE',''
  ) );
#4320 = ORIENTED_EDGE('',*,*,#4321,.T.);
#4321 = EDGE_CURVE('',#4299,#4299,#4322,.T.);
#4322 = SURFACE_CURVE('',#4323,(#4328,#4335),.PCURVE_S1.);
#4323 = CIRCLE('',#4324,6.);
#4324 = AXIS2_PLACEMENT_3D('',#4325,#4326,#4327);
#4325 = CARTESIAN_POINT('',(475.,-220.,-100.));
#4326 = DIRECTION('',(0.,0.,1.));
#4327 = DIRECTION('',(1.,0.,-0.));
#4328 = PCURVE('',#4247,#4329);
#4329 = DEFINITIONAL_REPRESENTATION('',(#4330),#4334);
#4330 = LINE('',#4331,#4332);
#4331 = CARTESIAN_POINT('',(0.,0.));
#4332 = VECTOR('',#4333,1.);
#4333 = DIRECTION('',(1.,0.));
#4334 = ( GEOMETRIC_REPRESENTATION_CONTEXT(2) 
PARAMETRIC_REPRESENTATION_CONTEXT() REPRESENTATION_CONTEXT('2D SPACE',''
  ) );
#4335 = PCURVE('',#4336,#4341);
#4336 = PLANE('',#4337);
#4337 = AXIS2_PLACEMENT_3D('',#4338,#4339,#4340);
#4338 = CARTESIAN_POINT('',(475.,-220.,-100.));
#4339 = DIRECTION('',(0.,0.,1.));
#4340 = DIRECTION('',(1.,0.,-0.));
#4341 = DEFINITIONAL_REPRESENTATION('',(#4342),#4346);
#4342 = CIRCLE('',#4343,6.);
#4343 = AXIS2_PLACEMENT_2D('',#4344,#4345);
#4344 = CARTESIAN_POINT('',(0.,0.));
#4345 = DIRECTION('',(1.,0.));
#4346 = ( GEOMETRIC_REPRESENTATION_CONTEXT(2) 
PARAMETRIC_REPRESENTATION_CONTEXT() REPRESENTATION_CONTEXT('2D SPACE',''
  ) );
#4347 = ORIENTED_EDGE('',*,*,#4298,.T.);
#4348 = ADVANCED_FACE('',(#4349),#4282,.T.);
#4349 = FACE_BOUND('',#4350,.T.);
#4350 = EDGE_LOOP('',(#4351,#4352,#4375,#4402));
#4351 = ORIENTED_EDGE('',*,*,#4265,.T.);
#4352 = ORIENTED_EDGE('',*,*,#4353,.T.);
#4353 = EDGE_CURVE('',#4266,#4354,#4356,.T.);
#4354 = VERTEX_POINT('',#4355);
#4355 = CARTESIAN_POINT('',(481.,-220.,65.));
#4356 = SEAM_CURVE('',#4357,(#4361,#4368),.PCURVE_S1.);
#4357 = LINE('',#4358,#4359);
#4358 = CARTESIAN_POINT('',(481.,-220.,-100.));
#4359 = VECTOR('',#4360,1.);
#4360 = DIRECTION('',(0.,0.,1.));
#4361 = PCURVE('',#4282,#4362);
#4362 = DEFINITIONAL_REPRESENTATION('',(#4363),#4367);
#4363 = LINE('',#4364,#4365);
#4364 = CARTESIAN_POINT('',(0.,-0.));
#4365 = VECTOR('',#4366,1.);
#4366 = DIRECTION('',(0.,1.));
#4367 = ( GEOMETRIC_REPRESENTATION_CONTEXT(2) 
PARAMETRIC_REPRESENTATION_CONTEXT() REPRESENTATION_CONTEXT('2D SPACE',''
  ) );
#4368 = PCURVE('',#4282,#4369);
#4369 = DEFINITIONAL_REPRESENTATION('',(#4370),#4374);
#4370 = LINE('',#4371,#4372);
#4371 = CARTESIAN_POINT('',(6.28318530718,-0.));
#4372 = VECTOR('',#4373,1.);
#4373 = DIRECTION('',(0.,1.));
#4374 = ( GEOMETRIC_REPRESENTATION_CONTEXT(2) 
PARAMETRIC_REPRESENTATION_CONTEXT() REPRESENTATION_CONTEXT('2D SPACE',''
  ) );
#4375 = ORIENTED_EDGE('',*,*,#4376,.F.);
#4376 = EDGE_CURVE('',#4354,#4354,#4377,.T.);
#4377 = SURFACE_CURVE('',#4378,(#4383,#4390),.PCURVE_S1.);
#4378 = CIRCLE('',#4379,6.);
#4379 = AXIS2_PLACEMENT_3D('',#4380,#4381,#4382);
#4380 = CARTESIAN_POINT('',(475.,-220.,65.));
#4381 = DIRECTION('',(0.,0.,1.));
#4382 = DIRECTION('',(1.,0.,-0.));
#4383 = PCURVE('',#4282,#4384);
#4384 = DEFINITIONAL_REPRESENTATION('',(#4385),#4389);
#4385 = LINE('',#4386,#4387);
#4386 = CARTESIAN_POINT('',(0.,165.));
#4387 = VECTOR('',#4388,1.);
#4388 = DIRECTION('',(1.,0.));
#4389 = ( GEOMETRIC_REPRESENTATION_CONTEXT(2) 
PARAMETRIC_REPRESENTATION_CONTEXT() REPRESENTATION_CONTEXT('2D SPACE',''
  ) );
#4390 = PCURVE('',#4391,#4396);
#4391 = PLANE('',#4392);
#4392 = AXIS2_PLACEMENT_3D('',#4393,#4394,#4395);
#4393 = CARTESIAN_POINT('',(475.,-220.,65.));
#4394 = DIRECTION('',(0.,0.,1.));
#4395 = DIRECTION('',(1.,0.,-0.));
#4396 = DEFINITIONAL_REPRESENTATION('',(#4397),#4401);
#4397 = CIRCLE('',#4398,6.);
#4398 = AXIS2_PLACEMENT_2D('',#4399,#4400);
#4399 = CARTESIAN_POINT('',(0.,0.));
#4400 = DIRECTION('',(1.,0.));
#4401 = ( GEOMETRIC_REPRESENTATION_CONTEXT(2) 
PARAMETRIC_REPRESENTATION_CONTEXT() REPRESENTATION_CONTEXT('2D SPACE',''
  ) );
#4402 = ORIENTED_EDGE('',*,*,#4353,.F.);
#4403 = ADVANCED_FACE('',(#4404),#4336,.F.);
#4404 = FACE_BOUND('',#4405,.T.);
#4405 = EDGE_LOOP('',(#4406));
#4406 = ORIENTED_EDGE('',*,*,#4321,.F.);
#4407 = ADVANCED_FACE('',(#4408),#4391,.T.);
#4408 = FACE_BOUND('',#4409,.T.);
#4409 = EDGE_LOOP('',(#4410));
#4410 = ORIENTED_EDGE('',*,*,#4376,.T.);
#4411 = MANIFOLD_SOLID_BREP('',#4412);
#4412 = CLOSED_SHELL('',(#4413,#4481,#4536,#4591,#4626,#4661,#4716,#4771
    ,#4775));
#4413 = ADVANCED_FACE('',(#4414,#4450),#4427,.T.);
#4414 = FACE_BOUND('',#4415,.T.);
#4415 = EDGE_LOOP('',(#4416));
#4416 = ORIENTED_EDGE('',*,*,#4417,.T.);
#4417 = EDGE_CURVE('',#4418,#4418,#4420,.T.);
#4418 = VERTEX_POINT('',#4419);
#4419 = CARTESIAN_POINT('',(487.,220.,7.5));
#4420 = SURFACE_CURVE('',#4421,(#4426,#4438),.PCURVE_S1.);
#4421 = CIRCLE('',#4422,12.);
#4422 = AXIS2_PLACEMENT_3D('',#4423,#4424,#4425);
#4423 = CARTESIAN_POINT('',(475.,220.,7.5));
#4424 = DIRECTION('',(0.,0.,1.));
#4425 = DIRECTION('',(1.,0.,-0.));
#4426 = PCURVE('',#4427,#4432);
#4427 = PLANE('',#4428);
#4428 = AXIS2_PLACEMENT_3D('',#4429,#4430,#4431);
#4429 = CARTESIAN_POINT('',(475.,220.,7.5));
#4430 = DIRECTION('',(0.,0.,1.));
#4431 = DIRECTION('',(1.,0.,-0.));
#4432 = DEFINITIONAL_REPRESENTATION('',(#4433),#4437);
#4433 = CIRCLE('',#4434,12.);
#4434 = AXIS2_PLACEMENT_2D('',#4435,#4436);
#4435 = CARTESIAN_POINT('',(0.,0.));
#4436 = DIRECTION('',(1.,0.));
#4437 = ( GEOMETRIC_REPRESENTATION_CONTEXT(2) 
PARAMETRIC_REPRESENTATION_CONTEXT() REPRESENTATION_CONTEXT('2D SPACE',''
  ) );
#4438 = PCURVE('',#4439,#4444);
#4439 = CYLINDRICAL_SURFACE('',#4440,12.);
#4440 = AXIS2_PLACEMENT_3D('',#4441,#4442,#4443);
#4441 = CARTESIAN_POINT('',(475.,220.,5.));
#4442 = DIRECTION('',(0.,0.,1.));
#4443 = DIRECTION('',(1.,0.,-0.));
#4444 = DEFINITIONAL_REPRESENTATION('',(#4445),#4449);
#4445 = LINE('',#4446,#4447);
#4446 = CARTESIAN_POINT('',(0.,2.5));
#4447 = VECTOR('',#4448,1.);
#4448 = DIRECTION('',(1.,0.));
#4449 = ( GEOMETRIC_REPRESENTATION_CONTEXT(2) 
PARAMETRIC_REPRESENTATION_CONTEXT() REPRESENTATION_CONTEXT('2D SPACE',''
  ) );
#4450 = FACE_BOUND('',#4451,.T.);
#4451 = EDGE_LOOP('',(#4452));
#4452 = ORIENTED_EDGE('',*,*,#4453,.F.);
#4453 = EDGE_CURVE('',#4454,#4454,#4456,.T.);
#4454 = VERTEX_POINT('',#4455);
#4455 = CARTESIAN_POINT('',(484.5,220.,7.5));
#4456 = SURFACE_CURVE('',#4457,(#4462,#4469),.PCURVE_S1.);
#4457 = CIRCLE('',#4458,9.5);
#4458 = AXIS2_PLACEMENT_3D('',#4459,#4460,#4461);
#4459 = CARTESIAN_POINT('',(475.,220.,7.5));
#4460 = DIRECTION('',(0.,0.,1.));
#4461 = DIRECTION('',(1.,0.,-0.));
#4462 = PCURVE('',#4427,#4463);
#4463 = DEFINITIONAL_REPRESENTATION('',(#4464),#4468);
#4464 = CIRCLE('',#4465,9.5);
#4465 = AXIS2_PLACEMENT_2D('',#4466,#4467);
#4466 = CARTESIAN_POINT('',(0.,0.));
#4467 = DIRECTION('',(1.,0.));
#4468 = ( GEOMETRIC_REPRESENTATION_CONTEXT(2) 
PARAMETRIC_REPRESENTATION_CONTEXT() REPRESENTATION_CONTEXT('2D SPACE',''
  ) );
#4469 = PCURVE('',#4470,#4475);
#4470 = CYLINDRICAL_SURFACE('',#4471,9.5);
#4471 = AXIS2_PLACEMENT_3D('',#4472,#4473,#4474);
#4472 = CARTESIAN_POINT('',(475.,220.,7.5));
#4473 = DIRECTION('',(0.,0.,1.));
#4474 = DIRECTION('',(1.,0.,-0.));
#4475 = DEFINITIONAL_REPRESENTATION('',(#4476),#4480);
#4476 = LINE('',#4477,#4478);
#4477 = CARTESIAN_POINT('',(0.,0.));
#4478 = VECTOR('',#4479,1.);
#4479 = DIRECTION('',(1.,0.));
#4480 = ( GEOMETRIC_REPRESENTATION_CONTEXT(2) 
PARAMETRIC_REPRESENTATION_CONTEXT() REPRESENTATION_CONTEXT('2D SPACE',''
  ) );
#4481 = ADVANCED_FACE('',(#4482),#4439,.T.);
#4482 = FACE_BOUND('',#4483,.T.);
#4483 = EDGE_LOOP('',(#4484,#4485,#4508,#4535));
#4484 = ORIENTED_EDGE('',*,*,#4417,.F.);
#4485 = ORIENTED_EDGE('',*,*,#4486,.F.);
#4486 = EDGE_CURVE('',#4487,#4418,#4489,.T.);
#4487 = VERTEX_POINT('',#4488);
#4488 = CARTESIAN_POINT('',(487.,220.,5.));
#4489 = SEAM_CURVE('',#4490,(#4494,#4501),.PCURVE_S1.);
#4490 = LINE('',#4491,#4492);
#4491 = CARTESIAN_POINT('',(487.,220.,5.));
#4492 = VECTOR('',#4493,1.);
#4493 = DIRECTION('',(0.,0.,1.));
#4494 = PCURVE('',#4439,#4495);
#4495 = DEFINITIONAL_REPRESENTATION('',(#4496),#4500);
#4496 = LINE('',#4497,#4498);
#4497 = CARTESIAN_POINT('',(6.28318530718,-0.));
#4498 = VECTOR('',#4499,1.);
#4499 = DIRECTION('',(0.,1.));
#4500 = ( GEOMETRIC_REPRESENTATION_CONTEXT(2) 
PARAMETRIC_REPRESENTATION_CONTEXT() REPRESENTATION_CONTEXT('2D SPACE',''
  ) );
#4501 = PCURVE('',#4439,#4502);
#4502 = DEFINITIONAL_REPRESENTATION('',(#4503),#4507);
#4503 = LINE('',#4504,#4505);
#4504 = CARTESIAN_POINT('',(0.,-0.));
#4505 = VECTOR('',#4506,1.);
#4506 = DIRECTION('',(0.,1.));
#4507 = ( GEOMETRIC_REPRESENTATION_CONTEXT(2) 
PARAMETRIC_REPRESENTATION_CONTEXT() REPRESENTATION_CONTEXT('2D SPACE',''
  ) );
#4508 = ORIENTED_EDGE('',*,*,#4509,.T.);
#4509 = EDGE_CURVE('',#4487,#4487,#4510,.T.);
#4510 = SURFACE_CURVE('',#4511,(#4516,#4523),.PCURVE_S1.);
#4511 = CIRCLE('',#4512,12.);
#4512 = AXIS2_PLACEMENT_3D('',#4513,#4514,#4515);
#4513 = CARTESIAN_POINT('',(475.,220.,5.));
#4514 = DIRECTION('',(0.,0.,1.));
#4515 = DIRECTION('',(1.,0.,-0.));
#4516 = PCURVE('',#4439,#4517);
#4517 = DEFINITIONAL_REPRESENTATION('',(#4518),#4522);
#4518 = LINE('',#4519,#4520);
#4519 = CARTESIAN_POINT('',(0.,0.));
#4520 = VECTOR('',#4521,1.);
#4521 = DIRECTION('',(1.,0.));
#4522 = ( GEOMETRIC_REPRESENTATION_CONTEXT(2) 
PARAMETRIC_REPRESENTATION_CONTEXT() REPRESENTATION_CONTEXT('2D SPACE',''
  ) );
#4523 = PCURVE('',#4524,#4529);
#4524 = PLANE('',#4525);
#4525 = AXIS2_PLACEMENT_3D('',#4526,#4527,#4528);
#4526 = CARTESIAN_POINT('',(475.,220.,5.));
#4527 = DIRECTION('',(0.,0.,1.));
#4528 = DIRECTION('',(1.,0.,-0.));
#4529 = DEFINITIONAL_REPRESENTATION('',(#4530),#4534);
#4530 = CIRCLE('',#4531,12.);
#4531 = AXIS2_PLACEMENT_2D('',#4532,#4533);
#4532 = CARTESIAN_POINT('',(0.,0.));
#4533 = DIRECTION('',(1.,0.));
#4534 = ( GEOMETRIC_REPRESENTATION_CONTEXT(2) 
PARAMETRIC_REPRESENTATION_CONTEXT() REPRESENTATION_CONTEXT('2D SPACE',''
  ) );
#4535 = ORIENTED_EDGE('',*,*,#4486,.T.);
#4536 = ADVANCED_FACE('',(#4537),#4470,.T.);
#4537 = FACE_BOUND('',#4538,.T.);
#4538 = EDGE_LOOP('',(#4539,#4568,#4589,#4590));
#4539 = ORIENTED_EDGE('',*,*,#4540,.F.);
#4540 = EDGE_CURVE('',#4541,#4541,#4543,.T.);
#4541 = VERTEX_POINT('',#4542);
#4542 = CARTESIAN_POINT('',(484.5,220.,18.5));
#4543 = SURFACE_CURVE('',#4544,(#4549,#4556),.PCURVE_S1.);
#4544 = CIRCLE('',#4545,9.5);
#4545 = AXIS2_PLACEMENT_3D('',#4546,#4547,#4548);
#4546 = CARTESIAN_POINT('',(475.,220.,18.5));
#4547 = DIRECTION('',(0.,0.,1.));
#4548 = DIRECTION('',(1.,0.,-0.));
#4549 = PCURVE('',#4470,#4550);
#4550 = DEFINITIONAL_REPRESENTATION('',(#4551),#4555);
#4551 = LINE('',#4552,#4553);
#4552 = CARTESIAN_POINT('',(0.,11.));
#4553 = VECTOR('',#4554,1.);
#4554 = DIRECTION('',(1.,0.));
#4555 = ( GEOMETRIC_REPRESENTATION_CONTEXT(2) 
PARAMETRIC_REPRESENTATION_CONTEXT() REPRESENTATION_CONTEXT('2D SPACE',''
  ) );
#4556 = PCURVE('',#4557,#4562);
#4557 = PLANE('',#4558);
#4558 = AXIS2_PLACEMENT_3D('',#4559,#4560,#4561);
#4559 = CARTESIAN_POINT('',(475.,220.,18.5));
#4560 = DIRECTION('',(0.,0.,1.));
#4561 = DIRECTION('',(1.,0.,-0.));
#4562 = DEFINITIONAL_REPRESENTATION('',(#4563),#4567);
#4563 = CIRCLE('',#4564,9.5);
#4564 = AXIS2_PLACEMENT_2D('',#4565,#4566);
#4565 = CARTESIAN_POINT('',(0.,0.));
#4566 = DIRECTION('',(1.,0.));
#4567 = ( GEOMETRIC_REPRESENTATION_CONTEXT(2) 
PARAMETRIC_REPRESENTATION_CONTEXT() REPRESENTATION_CONTEXT('2D SPACE',''
  ) );
#4568 = ORIENTED_EDGE('',*,*,#4569,.F.);
#4569 = EDGE_CURVE('',#4454,#4541,#4570,.T.);
#4570 = SEAM_CURVE('',#4571,(#4575,#4582),.PCURVE_S1.);
#4571 = LINE('',#4572,#4573);
#4572 = CARTESIAN_POINT('',(484.5,220.,7.5));
#4573 = VECTOR('',#4574,1.);
#4574 = DIRECTION('',(0.,0.,1.));
#4575 = PCURVE('',#4470,#4576);
#4576 = DEFINITIONAL_REPRESENTATION('',(#4577),#4581);
#4577 = LINE('',#4578,#4579);
#4578 = CARTESIAN_POINT('',(6.28318530718,-0.));
#4579 = VECTOR('',#4580,1.);
#4580 = DIRECTION('',(0.,1.));
#4581 = ( GEOMETRIC_REPRESENTATION_CONTEXT(2) 
PARAMETRIC_REPRESENTATION_CONTEXT() REPRESENTATION_CONTEXT('2D SPACE',''
  ) );
#4582 = PCURVE('',#4470,#4583);
#4583 = DEFINITIONAL_REPRESENTATION('',(#4584),#4588);
#4584 = LINE('',#4585,#4586);
#4585 = CARTESIAN_POINT('',(0.,-0.));
#4586 = VECTOR('',#4587,1.);
#4587 = DIRECTION('',(0.,1.));
#4588 = ( GEOMETRIC_REPRESENTATION_CONTEXT(2) 
PARAMETRIC_REPRESENTATION_CONTEXT() REPRESENTATION_CONTEXT('2D SPACE',''
  ) );
#4589 = ORIENTED_EDGE('',*,*,#4453,.T.);
#4590 = ORIENTED_EDGE('',*,*,#4569,.T.);
#4591 = ADVANCED_FACE('',(#4592,#4595),#4524,.F.);
#4592 = FACE_BOUND('',#4593,.F.);
#4593 = EDGE_LOOP('',(#4594));
#4594 = ORIENTED_EDGE('',*,*,#4509,.T.);
#4595 = FACE_BOUND('',#4596,.F.);
#4596 = EDGE_LOOP('',(#4597));
#4597 = ORIENTED_EDGE('',*,*,#4598,.F.);
#4598 = EDGE_CURVE('',#4599,#4599,#4601,.T.);
#4599 = VERTEX_POINT('',#4600);
#4600 = CARTESIAN_POINT('',(481.,220.,5.));
#4601 = SURFACE_CURVE('',#4602,(#4607,#4614),.PCURVE_S1.);
#4602 = CIRCLE('',#4603,6.);
#4603 = AXIS2_PLACEMENT_3D('',#4604,#4605,#4606);
#4604 = CARTESIAN_POINT('',(475.,220.,5.));
#4605 = DIRECTION('',(0.,0.,1.));
#4606 = DIRECTION('',(1.,0.,-0.));
#4607 = PCURVE('',#4524,#4608);
#4608 = DEFINITIONAL_REPRESENTATION('',(#4609),#4613);
#4609 = CIRCLE('',#4610,6.);
#4610 = AXIS2_PLACEMENT_2D('',#4611,#4612);
#4611 = CARTESIAN_POINT('',(0.,0.));
#4612 = DIRECTION('',(1.,0.));
#4613 = ( GEOMETRIC_REPRESENTATION_CONTEXT(2) 
PARAMETRIC_REPRESENTATION_CONTEXT() REPRESENTATION_CONTEXT('2D SPACE',''
  ) );
#4614 = PCURVE('',#4615,#4620);
#4615 = CYLINDRICAL_SURFACE('',#4616,6.);
#4616 = AXIS2_PLACEMENT_3D('',#4617,#4618,#4619);
#4617 = CARTESIAN_POINT('',(475.,220.,-100.));
#4618 = DIRECTION('',(0.,0.,1.));
#4619 = DIRECTION('',(1.,0.,-0.));
#4620 = DEFINITIONAL_REPRESENTATION('',(#4621),#4625);
#4621 = LINE('',#4622,#4623);
#4622 = CARTESIAN_POINT('',(0.,105.));
#4623 = VECTOR('',#4624,1.);
#4624 = DIRECTION('',(1.,0.));
#4625 = ( GEOMETRIC_REPRESENTATION_CONTEXT(2) 
PARAMETRIC_REPRESENTATION_CONTEXT() REPRESENTATION_CONTEXT('2D SPACE',''
  ) );
#4626 = ADVANCED_FACE('',(#4627,#4630),#4557,.T.);
#4627 = FACE_BOUND('',#4628,.T.);
#4628 = EDGE_LOOP('',(#4629));
#4629 = ORIENTED_EDGE('',*,*,#4540,.T.);
#4630 = FACE_BOUND('',#4631,.T.);
#4631 = EDGE_LOOP('',(#4632));
#4632 = ORIENTED_EDGE('',*,*,#4633,.F.);
#4633 = EDGE_CURVE('',#4634,#4634,#4636,.T.);
#4634 = VERTEX_POINT('',#4635);
#4635 = CARTESIAN_POINT('',(481.,220.,18.5));
#4636 = SURFACE_CURVE('',#4637,(#4642,#4649),.PCURVE_S1.);
#4637 = CIRCLE('',#4638,6.);
#4638 = AXIS2_PLACEMENT_3D('',#4639,#4640,#4641);
#4639 = CARTESIAN_POINT('',(475.,220.,18.5));
#4640 = DIRECTION('',(0.,0.,1.));
#4641 = DIRECTION('',(1.,0.,-0.));
#4642 = PCURVE('',#4557,#4643);
#4643 = DEFINITIONAL_REPRESENTATION('',(#4644),#4648);
#4644 = CIRCLE('',#4645,6.);
#4645 = AXIS2_PLACEMENT_2D('',#4646,#4647);
#4646 = CARTESIAN_POINT('',(0.,0.));
#4647 = DIRECTION('',(1.,0.));
#4648 = ( GEOMETRIC_REPRESENTATION_CONTEXT(2) 
PARAMETRIC_REPRESENTATION_CONTEXT() REPRESENTATION_CONTEXT('2D SPACE',''
  ) );
#4649 = PCURVE('',#4650,#4655);
#4650 = CYLINDRICAL_SURFACE('',#4651,6.);
#4651 = AXIS2_PLACEMENT_3D('',#4652,#4653,#4654);
#4652 = CARTESIAN_POINT('',(475.,220.,-100.));
#4653 = DIRECTION('',(0.,0.,1.));
#4654 = DIRECTION('',(1.,0.,-0.));
#4655 = DEFINITIONAL_REPRESENTATION('',(#4656),#4660);
#4656 = LINE('',#4657,#4658);
#4657 = CARTESIAN_POINT('',(0.,118.5));
#4658 = VECTOR('',#4659,1.);
#4659 = DIRECTION('',(1.,0.));
#4660 = ( GEOMETRIC_REPRESENTATION_CONTEXT(2) 
PARAMETRIC_REPRESENTATION_CONTEXT() REPRESENTATION_CONTEXT('2D SPACE',''
  ) );
#4661 = ADVANCED_FACE('',(#4662),#4615,.T.);
#4662 = FACE_BOUND('',#4663,.T.);
#4663 = EDGE_LOOP('',(#4664,#4665,#4688,#4715));
#4664 = ORIENTED_EDGE('',*,*,#4598,.F.);
#4665 = ORIENTED_EDGE('',*,*,#4666,.F.);
#4666 = EDGE_CURVE('',#4667,#4599,#4669,.T.);
#4667 = VERTEX_POINT('',#4668);
#4668 = CARTESIAN_POINT('',(481.,220.,-100.));
#4669 = SEAM_CURVE('',#4670,(#4674,#4681),.PCURVE_S1.);
#4670 = LINE('',#4671,#4672);
#4671 = CARTESIAN_POINT('',(481.,220.,-100.));
#4672 = VECTOR('',#4673,1.);
#4673 = DIRECTION('',(0.,0.,1.));
#4674 = PCURVE('',#4615,#4675);
#4675 = DEFINITIONAL_REPRESENTATION('',(#4676),#4680);
#4676 = LINE('',#4677,#4678);
#4677 = CARTESIAN_POINT('',(6.28318530718,-0.));
#4678 = VECTOR('',#4679,1.);
#4679 = DIRECTION('',(0.,1.));
#4680 = ( GEOMETRIC_REPRESENTATION_CONTEXT(2) 
PARAMETRIC_REPRESENTATION_CONTEXT() REPRESENTATION_CONTEXT('2D SPACE',''
  ) );
#4681 = PCURVE('',#4615,#4682);
#4682 = DEFINITIONAL_REPRESENTATION('',(#4683),#4687);
#4683 = LINE('',#4684,#4685);
#4684 = CARTESIAN_POINT('',(0.,-0.));
#4685 = VECTOR('',#4686,1.);
#4686 = DIRECTION('',(0.,1.));
#4687 = ( GEOMETRIC_REPRESENTATION_CONTEXT(2) 
PARAMETRIC_REPRESENTATION_CONTEXT() REPRESENTATION_CONTEXT('2D SPACE',''
  ) );
#4688 = ORIENTED_EDGE('',*,*,#4689,.T.);
#4689 = EDGE_CURVE('',#4667,#4667,#4690,.T.);
#4690 = SURFACE_CURVE('',#4691,(#4696,#4703),.PCURVE_S1.);
#4691 = CIRCLE('',#4692,6.);
#4692 = AXIS2_PLACEMENT_3D('',#4693,#4694,#4695);
#4693 = CARTESIAN_POINT('',(475.,220.,-100.));
#4694 = DIRECTION('',(0.,0.,1.));
#4695 = DIRECTION('',(1.,0.,-0.));
#4696 = PCURVE('',#4615,#4697);
#4697 = DEFINITIONAL_REPRESENTATION('',(#4698),#4702);
#4698 = LINE('',#4699,#4700);
#4699 = CARTESIAN_POINT('',(0.,0.));
#4700 = VECTOR('',#4701,1.);
#4701 = DIRECTION('',(1.,0.));
#4702 = ( GEOMETRIC_REPRESENTATION_CONTEXT(2) 
PARAMETRIC_REPRESENTATION_CONTEXT() REPRESENTATION_CONTEXT('2D SPACE',''
  ) );
#4703 = PCURVE('',#4704,#4709);
#4704 = PLANE('',#4705);
#4705 = AXIS2_PLACEMENT_3D('',#4706,#4707,#4708);
#4706 = CARTESIAN_POINT('',(475.,220.,-100.));
#4707 = DIRECTION('',(0.,0.,1.));
#4708 = DIRECTION('',(1.,0.,-0.));
#4709 = DEFINITIONAL_REPRESENTATION('',(#4710),#4714);
#4710 = CIRCLE('',#4711,6.);
#4711 = AXIS2_PLACEMENT_2D('',#4712,#4713);
#4712 = CARTESIAN_POINT('',(0.,0.));
#4713 = DIRECTION('',(1.,0.));
#4714 = ( GEOMETRIC_REPRESENTATION_CONTEXT(2) 
PARAMETRIC_REPRESENTATION_CONTEXT() REPRESENTATION_CONTEXT('2D SPACE',''
  ) );
#4715 = ORIENTED_EDGE('',*,*,#4666,.T.);
#4716 = ADVANCED_FACE('',(#4717),#4650,.T.);
#4717 = FACE_BOUND('',#4718,.T.);
#4718 = EDGE_LOOP('',(#4719,#4720,#4743,#4770));
#4719 = ORIENTED_EDGE('',*,*,#4633,.T.);
#4720 = ORIENTED_EDGE('',*,*,#4721,.T.);
#4721 = EDGE_CURVE('',#4634,#4722,#4724,.T.);
#4722 = VERTEX_POINT('',#4723);
#4723 = CARTESIAN_POINT('',(481.,220.,65.));
#4724 = SEAM_CURVE('',#4725,(#4729,#4736),.PCURVE_S1.);
#4725 = LINE('',#4726,#4727);
#4726 = CARTESIAN_POINT('',(481.,220.,-100.));
#4727 = VECTOR('',#4728,1.);
#4728 = DIRECTION('',(0.,0.,1.));
#4729 = PCURVE('',#4650,#4730);
#4730 = DEFINITIONAL_REPRESENTATION('',(#4731),#4735);
#4731 = LINE('',#4732,#4733);
#4732 = CARTESIAN_POINT('',(0.,-0.));
#4733 = VECTOR('',#4734,1.);
#4734 = DIRECTION('',(0.,1.));
#4735 = ( GEOMETRIC_REPRESENTATION_CONTEXT(2) 
PARAMETRIC_REPRESENTATION_CONTEXT() REPRESENTATION_CONTEXT('2D SPACE',''
  ) );
#4736 = PCURVE('',#4650,#4737);
#4737 = DEFINITIONAL_REPRESENTATION('',(#4738),#4742);
#4738 = LINE('',#4739,#4740);
#4739 = CARTESIAN_POINT('',(6.28318530718,-0.));
#4740 = VECTOR('',#4741,1.);
#4741 = DIRECTION('',(0.,1.));
#4742 = ( GEOMETRIC_REPRESENTATION_CONTEXT(2) 
PARAMETRIC_REPRESENTATION_CONTEXT() REPRESENTATION_CONTEXT('2D SPACE',''
  ) );
#4743 = ORIENTED_EDGE('',*,*,#4744,.F.);
#4744 = EDGE_CURVE('',#4722,#4722,#4745,.T.);
#4745 = SURFACE_CURVE('',#4746,(#4751,#4758),.PCURVE_S1.);
#4746 = CIRCLE('',#4747,6.);
#4747 = AXIS2_PLACEMENT_3D('',#4748,#4749,#4750);
#4748 = CARTESIAN_POINT('',(475.,220.,65.));
#4749 = DIRECTION('',(0.,0.,1.));
#4750 = DIRECTION('',(1.,0.,-0.));
#4751 = PCURVE('',#4650,#4752);
#4752 = DEFINITIONAL_REPRESENTATION('',(#4753),#4757);
#4753 = LINE('',#4754,#4755);
#4754 = CARTESIAN_POINT('',(0.,165.));
#4755 = VECTOR('',#4756,1.);
#4756 = DIRECTION('',(1.,0.));
#4757 = ( GEOMETRIC_REPRESENTATION_CONTEXT(2) 
PARAMETRIC_REPRESENTATION_CONTEXT() REPRESENTATION_CONTEXT('2D SPACE',''
  ) );
#4758 = PCURVE('',#4759,#4764);
#4759 = PLANE('',#4760);
#4760 = AXIS2_PLACEMENT_3D('',#4761,#4762,#4763);
#4761 = CARTESIAN_POINT('',(475.,220.,65.));
#4762 = DIRECTION('',(0.,0.,1.));
#4763 = DIRECTION('',(1.,0.,-0.));
#4764 = DEFINITIONAL_REPRESENTATION('',(#4765),#4769);
#4765 = CIRCLE('',#4766,6.);
#4766 = AXIS2_PLACEMENT_2D('',#4767,#4768);
#4767 = CARTESIAN_POINT('',(0.,0.));
#4768 = DIRECTION('',(1.,0.));
#4769 = ( GEOMETRIC_REPRESENTATION_CONTEXT(2) 
PARAMETRIC_REPRESENTATION_CONTEXT() REPRESENTATION_CONTEXT('2D SPACE',''
  ) );
#4770 = ORIENTED_EDGE('',*,*,#4721,.F.);
#4771 = ADVANCED_FACE('',(#4772),#4704,.F.);
#4772 = FACE_BOUND('',#4773,.T.);
#4773 = EDGE_LOOP('',(#4774));
#4774 = ORIENTED_EDGE('',*,*,#4689,.F.);
#4775 = ADVANCED_FACE('',(#4776),#4759,.T.);
#4776 = FACE_BOUND('',#4777,.T.);
#4777 = EDGE_LOOP('',(#4778));
#4778 = ORIENTED_EDGE('',*,*,#4744,.T.);
#4779 = ( GEOMETRIC_REPRESENTATION_CONTEXT(3) 
GLOBAL_UNCERTAINTY_ASSIGNED_CONTEXT((#4783)) 
GLOBAL_UNIT_ASSIGNED_CONTEXT((#4780,#4781,#4782)) REPRESENTATION_CONTEXT
('Context #1','3D Context with UNIT and UNCERTAINTY') );
#4780 = ( LENGTH_UNIT() NAMED_UNIT(*) SI_UNIT(.MILLI.,.METRE.) );
#4781 = ( NAMED_UNIT(*) PLANE_ANGLE_UNIT() SI_UNIT($,.RADIAN.) );
#4782 = ( NAMED_UNIT(*) SI_UNIT($,.STERADIAN.) SOLID_ANGLE_UNIT() );
#4783 = UNCERTAINTY_MEASURE_WITH_UNIT(LENGTH_MEASURE(1.E-07),#4780,
  'distance_accuracy_value','confusion accuracy');
#4784 = PRODUCT_RELATED_PRODUCT_CATEGORY('part',$,(#7));
ENDSEC;
END-ISO-10303-21;
