ISO-10303-21;
HEADER;
FILE_DESCRIPTION(('Open CASCADE Model'),'2;1');
FILE_NAME('Open CASCADE Shape Model','2026-10-01T04:28:03',('Author'),(
    'Open CASCADE'),'Open CASCADE STEP processor 8.0','build123d',
  'Unknown');
FILE_SCHEMA(('AUTOMOTIVE_DESIGN { 1 0 10303 214 1 1 1 1 }'));
ENDSEC;
DATA;
#1 = APPLICATION_PROTOCOL_DEFINITION('international standard',
  'automotive_design',2000,#2);
#2 = APPLICATION_CONTEXT(
  'core data for automotive mechanical design processes');
#3 = SHAPE_DEFINITION_REPRESENTATION(#4,#10);
#4 = PRODUCT_DEFINITION_SHAPE('','',#5);
#5 = PRODUCT_DEFINITION('design','',#6,#9);
#6 = PRODUCT_DEFINITION_FORMATION('','',#7);
#7 = PRODUCT('COMPOUND','COMPOUND','',(#8));
#8 = PRODUCT_CONTEXT('',#2,'mechanical');
#9 = PRODUCT_DEFINITION_CONTEXT('part definition',#2,'design');
#10 = SHAPE_REPRESENTATION('',(#11,#15,#345,#6239),#12133);
#11 = AXIS2_PLACEMENT_3D('',#12,#13,#14);
#12 = CARTESIAN_POINT('',(0.,0.,0.));
#13 = DIRECTION('',(0.,0.,1.));
#14 = DIRECTION('',(1.,0.,-0.));
#15 = MANIFOLD_SOLID_BREP('',#16);
#16 = CLOSED_SHELL('',(#17,#137,#237,#284,#331,#338));
#17 = ADVANCED_FACE('',(#18),#32,.F.);
#18 = FACE_BOUND('',#19,.F.);
#19 = EDGE_LOOP('',(#20,#55,#83,#111));
#20 = ORIENTED_EDGE('',*,*,#21,.F.);
#21 = EDGE_CURVE('',#22,#24,#26,.T.);
#22 = VERTEX_POINT('',#23);
#23 = CARTESIAN_POINT('',(-861.,-711.424839067,2.411224381059E+03));
#24 = VERTEX_POINT('',#25);
#25 = CARTESIAN_POINT('',(-861.,-705.3471528487,2.445692652415E+03));
#26 = SURFACE_CURVE('',#27,(#31,#43),.PCURVE_S1.);
#27 = LINE('',#28,#29);
#28 = CARTESIAN_POINT('',(-861.,-711.424839067,2.411224381059E+03));
#29 = VECTOR('',#30,1.);
#30 = DIRECTION('',(0.,0.173648177667,0.984807753012));
#31 = PCURVE('',#32,#37);
#32 = PLANE('',#33);
#33 = AXIS2_PLACEMENT_3D('',#34,#35,#36);
#34 = CARTESIAN_POINT('',(-861.,-711.424839067,2.411224381059E+03));
#35 = DIRECTION('',(1.,0.,-0.));
#36 = DIRECTION('',(0.,0.173648177667,0.984807753012));
#37 = DEFINITIONAL_REPRESENTATION('',(#38),#42);
#38 = LINE('',#39,#40);
#39 = CARTESIAN_POINT('',(0.,0.));
#40 = VECTOR('',#41,1.);
#41 = DIRECTION('',(1.,0.));
#42 = ( GEOMETRIC_REPRESENTATION_CONTEXT(2) 
PARAMETRIC_REPRESENTATION_CONTEXT() REPRESENTATION_CONTEXT('2D SPACE',''
  ) );
#43 = PCURVE('',#44,#49);
#44 = PLANE('',#45);
#45 = AXIS2_PLACEMENT_3D('',#46,#47,#48);
#46 = CARTESIAN_POINT('',(-861.,-711.424839067,2.411224381059E+03));
#47 = DIRECTION('',(0.,0.984807753012,-0.173648177667));
#48 = DIRECTION('',(0.,0.173648177667,0.984807753012));
#49 = DEFINITIONAL_REPRESENTATION('',(#50),#54);
#50 = LINE('',#51,#52);
#51 = CARTESIAN_POINT('',(0.,0.));
#52 = VECTOR('',#53,1.);
#53 = DIRECTION('',(1.,0.));
#54 = ( GEOMETRIC_REPRESENTATION_CONTEXT(2) 
PARAMETRIC_REPRESENTATION_CONTEXT() REPRESENTATION_CONTEXT('2D SPACE',''
  ) );
#55 = ORIENTED_EDGE('',*,*,#56,.T.);
#56 = EDGE_CURVE('',#22,#57,#59,.T.);
#57 = VERTEX_POINT('',#58);
#58 = CARTESIAN_POINT('',(-861.,405.34715284875,2.214307347585E+03));
#59 = SURFACE_CURVE('',#60,(#64,#71),.PCURVE_S1.);
#60 = LINE('',#61,#62);
#61 = CARTESIAN_POINT('',(-861.,-711.424839067,2.411224381059E+03));
#62 = VECTOR('',#63,1.);
#63 = DIRECTION('',(0.,0.984807753012,-0.173648177667));
#64 = PCURVE('',#32,#65);
#65 = DEFINITIONAL_REPRESENTATION('',(#66),#70);
#66 = LINE('',#67,#68);
#67 = CARTESIAN_POINT('',(0.,0.));
#68 = VECTOR('',#69,1.);
#69 = DIRECTION('',(0.,-1.));
#70 = ( GEOMETRIC_REPRESENTATION_CONTEXT(2) 
PARAMETRIC_REPRESENTATION_CONTEXT() REPRESENTATION_CONTEXT('2D SPACE',''
  ) );
#71 = PCURVE('',#72,#77);
#72 = PLANE('',#73);
#73 = AXIS2_PLACEMENT_3D('',#74,#75,#76);
#74 = CARTESIAN_POINT('',(-861.,-711.424839067,2.411224381059E+03));
#75 = DIRECTION('',(0.,0.173648177667,0.984807753012));
#76 = DIRECTION('',(1.,0.,-0.));
#77 = DEFINITIONAL_REPRESENTATION('',(#78),#82);
#78 = LINE('',#79,#80);
#79 = CARTESIAN_POINT('',(0.,0.));
#80 = VECTOR('',#81,1.);
#81 = DIRECTION('',(0.,1.));
#82 = ( GEOMETRIC_REPRESENTATION_CONTEXT(2) 
PARAMETRIC_REPRESENTATION_CONTEXT() REPRESENTATION_CONTEXT('2D SPACE',''
  ) );
#83 = ORIENTED_EDGE('',*,*,#84,.T.);
#84 = EDGE_CURVE('',#57,#85,#87,.T.);
#85 = VERTEX_POINT('',#86);
#86 = CARTESIAN_POINT('',(-861.,411.42483906709,2.248775618941E+03));
#87 = SURFACE_CURVE('',#88,(#92,#99),.PCURVE_S1.);
#88 = LINE('',#89,#90);
#89 = CARTESIAN_POINT('',(-861.,405.34715284875,2.214307347585E+03));
#90 = VECTOR('',#91,1.);
#91 = DIRECTION('',(0.,0.173648177667,0.984807753012));
#92 = PCURVE('',#32,#93);
#93 = DEFINITIONAL_REPRESENTATION('',(#94),#98);
#94 = LINE('',#95,#96);
#95 = CARTESIAN_POINT('',(0.,-1.134E+03));
#96 = VECTOR('',#97,1.);
#97 = DIRECTION('',(1.,0.));
#98 = ( GEOMETRIC_REPRESENTATION_CONTEXT(2) 
PARAMETRIC_REPRESENTATION_CONTEXT() REPRESENTATION_CONTEXT('2D SPACE',''
  ) );
#99 = PCURVE('',#100,#105);
#100 = PLANE('',#101);
#101 = AXIS2_PLACEMENT_3D('',#102,#103,#104);
#102 = CARTESIAN_POINT('',(-861.,405.34715284875,2.214307347585E+03));
#103 = DIRECTION('',(0.,0.984807753012,-0.173648177667));
#104 = DIRECTION('',(0.,0.173648177667,0.984807753012));
#105 = DEFINITIONAL_REPRESENTATION('',(#106),#110);
#106 = LINE('',#107,#108);
#107 = CARTESIAN_POINT('',(0.,0.));
#108 = VECTOR('',#109,1.);
#109 = DIRECTION('',(1.,0.));
#110 = ( GEOMETRIC_REPRESENTATION_CONTEXT(2) 
PARAMETRIC_REPRESENTATION_CONTEXT() REPRESENTATION_CONTEXT('2D SPACE',''
  ) );
#111 = ORIENTED_EDGE('',*,*,#112,.F.);
#112 = EDGE_CURVE('',#24,#85,#113,.T.);
#113 = SURFACE_CURVE('',#114,(#118,#125),.PCURVE_S1.);
#114 = LINE('',#115,#116);
#115 = CARTESIAN_POINT('',(-861.,-705.3471528487,2.445692652415E+03));
#116 = VECTOR('',#117,1.);
#117 = DIRECTION('',(0.,0.984807753012,-0.173648177667));
#118 = PCURVE('',#32,#119);
#119 = DEFINITIONAL_REPRESENTATION('',(#120),#124);
#120 = LINE('',#121,#122);
#121 = CARTESIAN_POINT('',(35.,0.));
#122 = VECTOR('',#123,1.);
#123 = DIRECTION('',(0.,-1.));
#124 = ( GEOMETRIC_REPRESENTATION_CONTEXT(2) 
PARAMETRIC_REPRESENTATION_CONTEXT() REPRESENTATION_CONTEXT('2D SPACE',''
  ) );
#125 = PCURVE('',#126,#131);
#126 = PLANE('',#127);
#127 = AXIS2_PLACEMENT_3D('',#128,#129,#130);
#128 = CARTESIAN_POINT('',(-861.,-705.3471528487,2.445692652415E+03));
#129 = DIRECTION('',(0.,0.173648177667,0.984807753012));
#130 = DIRECTION('',(1.,0.,-0.));
#131 = DEFINITIONAL_REPRESENTATION('',(#132),#136);
#132 = LINE('',#133,#134);
#133 = CARTESIAN_POINT('',(0.,0.));
#134 = VECTOR('',#135,1.);
#135 = DIRECTION('',(0.,1.));
#136 = ( GEOMETRIC_REPRESENTATION_CONTEXT(2) 
PARAMETRIC_REPRESENTATION_CONTEXT() REPRESENTATION_CONTEXT('2D SPACE',''
  ) );
#137 = ADVANCED_FACE('',(#138),#152,.T.);
#138 = FACE_BOUND('',#139,.T.);
#139 = EDGE_LOOP('',(#140,#170,#193,#216));
#140 = ORIENTED_EDGE('',*,*,#141,.F.);
#141 = EDGE_CURVE('',#142,#144,#146,.T.);
#142 = VERTEX_POINT('',#143);
#143 = CARTESIAN_POINT('',(861.,-711.424839067,2.411224381059E+03));
#144 = VERTEX_POINT('',#145);
#145 = CARTESIAN_POINT('',(861.,-705.3471528487,2.445692652415E+03));
#146 = SURFACE_CURVE('',#147,(#151,#163),.PCURVE_S1.);
#147 = LINE('',#148,#149);
#148 = CARTESIAN_POINT('',(861.,-711.424839067,2.411224381059E+03));
#149 = VECTOR('',#150,1.);
#150 = DIRECTION('',(0.,0.173648177667,0.984807753012));
#151 = PCURVE('',#152,#157);
#152 = PLANE('',#153);
#153 = AXIS2_PLACEMENT_3D('',#154,#155,#156);
#154 = CARTESIAN_POINT('',(861.,-711.424839067,2.411224381059E+03));
#155 = DIRECTION('',(1.,0.,-0.));
#156 = DIRECTION('',(0.,0.173648177667,0.984807753012));
#157 = DEFINITIONAL_REPRESENTATION('',(#158),#162);
#158 = LINE('',#159,#160);
#159 = CARTESIAN_POINT('',(0.,0.));
#160 = VECTOR('',#161,1.);
#161 = DIRECTION('',(1.,0.));
#162 = ( GEOMETRIC_REPRESENTATION_CONTEXT(2) 
PARAMETRIC_REPRESENTATION_CONTEXT() REPRESENTATION_CONTEXT('2D SPACE',''
  ) );
#163 = PCURVE('',#44,#164);
#164 = DEFINITIONAL_REPRESENTATION('',(#165),#169);
#165 = LINE('',#166,#167);
#166 = CARTESIAN_POINT('',(0.,1.722E+03));
#167 = VECTOR('',#168,1.);
#168 = DIRECTION('',(1.,0.));
#169 = ( GEOMETRIC_REPRESENTATION_CONTEXT(2) 
PARAMETRIC_REPRESENTATION_CONTEXT() REPRESENTATION_CONTEXT('2D SPACE',''
  ) );
#170 = ORIENTED_EDGE('',*,*,#171,.T.);
#171 = EDGE_CURVE('',#142,#172,#174,.T.);
#172 = VERTEX_POINT('',#173);
#173 = CARTESIAN_POINT('',(861.,405.34715284875,2.214307347585E+03));
#174 = SURFACE_CURVE('',#175,(#179,#186),.PCURVE_S1.);
#175 = LINE('',#176,#177);
#176 = CARTESIAN_POINT('',(861.,-711.424839067,2.411224381059E+03));
#177 = VECTOR('',#178,1.);
#178 = DIRECTION('',(0.,0.984807753012,-0.173648177667));
#179 = PCURVE('',#152,#180);
#180 = DEFINITIONAL_REPRESENTATION('',(#181),#185);
#181 = LINE('',#182,#183);
#182 = CARTESIAN_POINT('',(0.,0.));
#183 = VECTOR('',#184,1.);
#184 = DIRECTION('',(0.,-1.));
#185 = ( GEOMETRIC_REPRESENTATION_CONTEXT(2) 
PARAMETRIC_REPRESENTATION_CONTEXT() REPRESENTATION_CONTEXT('2D SPACE',''
  ) );
#186 = PCURVE('',#72,#187);
#187 = DEFINITIONAL_REPRESENTATION('',(#188),#192);
#188 = LINE('',#189,#190);
#189 = CARTESIAN_POINT('',(1.722E+03,0.));
#190 = VECTOR('',#191,1.);
#191 = DIRECTION('',(0.,1.));
#192 = ( GEOMETRIC_REPRESENTATION_CONTEXT(2) 
PARAMETRIC_REPRESENTATION_CONTEXT() REPRESENTATION_CONTEXT('2D SPACE',''
  ) );
#193 = ORIENTED_EDGE('',*,*,#194,.T.);
#194 = EDGE_CURVE('',#172,#195,#197,.T.);
#195 = VERTEX_POINT('',#196);
#196 = CARTESIAN_POINT('',(861.,411.42483906709,2.248775618941E+03));
#197 = SURFACE_CURVE('',#198,(#202,#209),.PCURVE_S1.);
#198 = LINE('',#199,#200);
#199 = CARTESIAN_POINT('',(861.,405.34715284875,2.214307347585E+03));
#200 = VECTOR('',#201,1.);
#201 = DIRECTION('',(0.,0.173648177667,0.984807753012));
#202 = PCURVE('',#152,#203);
#203 = DEFINITIONAL_REPRESENTATION('',(#204),#208);
#204 = LINE('',#205,#206);
#205 = CARTESIAN_POINT('',(0.,-1.134E+03));
#206 = VECTOR('',#207,1.);
#207 = DIRECTION('',(1.,0.));
#208 = ( GEOMETRIC_REPRESENTATION_CONTEXT(2) 
PARAMETRIC_REPRESENTATION_CONTEXT() REPRESENTATION_CONTEXT('2D SPACE',''
  ) );
#209 = PCURVE('',#100,#210);
#210 = DEFINITIONAL_REPRESENTATION('',(#211),#215);
#211 = LINE('',#212,#213);
#212 = CARTESIAN_POINT('',(0.,1.722E+03));
#213 = VECTOR('',#214,1.);
#214 = DIRECTION('',(1.,0.));
#215 = ( GEOMETRIC_REPRESENTATION_CONTEXT(2) 
PARAMETRIC_REPRESENTATION_CONTEXT() REPRESENTATION_CONTEXT('2D SPACE',''
  ) );
#216 = ORIENTED_EDGE('',*,*,#217,.F.);
#217 = EDGE_CURVE('',#144,#195,#218,.T.);
#218 = SURFACE_CURVE('',#219,(#223,#230),.PCURVE_S1.);
#219 = LINE('',#220,#221);
#220 = CARTESIAN_POINT('',(861.,-705.3471528487,2.445692652415E+03));
#221 = VECTOR('',#222,1.);
#222 = DIRECTION('',(0.,0.984807753012,-0.173648177667));
#223 = PCURVE('',#152,#224);
#224 = DEFINITIONAL_REPRESENTATION('',(#225),#229);
#225 = LINE('',#226,#227);
#226 = CARTESIAN_POINT('',(35.,0.));
#227 = VECTOR('',#228,1.);
#228 = DIRECTION('',(0.,-1.));
#229 = ( GEOMETRIC_REPRESENTATION_CONTEXT(2) 
PARAMETRIC_REPRESENTATION_CONTEXT() REPRESENTATION_CONTEXT('2D SPACE',''
  ) );
#230 = PCURVE('',#126,#231);
#231 = DEFINITIONAL_REPRESENTATION('',(#232),#236);
#232 = LINE('',#233,#234);
#233 = CARTESIAN_POINT('',(1.722E+03,0.));
#234 = VECTOR('',#235,1.);
#235 = DIRECTION('',(0.,1.));
#236 = ( GEOMETRIC_REPRESENTATION_CONTEXT(2) 
PARAMETRIC_REPRESENTATION_CONTEXT() REPRESENTATION_CONTEXT('2D SPACE',''
  ) );
#237 = ADVANCED_FACE('',(#238),#44,.F.);
#238 = FACE_BOUND('',#239,.F.);
#239 = EDGE_LOOP('',(#240,#261,#262,#283));
#240 = ORIENTED_EDGE('',*,*,#241,.F.);
#241 = EDGE_CURVE('',#22,#142,#242,.T.);
#242 = SURFACE_CURVE('',#243,(#247,#254),.PCURVE_S1.);
#243 = LINE('',#244,#245);
#244 = CARTESIAN_POINT('',(-861.,-711.424839067,2.411224381059E+03));
#245 = VECTOR('',#246,1.);
#246 = DIRECTION('',(1.,0.,-0.));
#247 = PCURVE('',#44,#248);
#248 = DEFINITIONAL_REPRESENTATION('',(#249),#253);
#249 = LINE('',#250,#251);
#250 = CARTESIAN_POINT('',(0.,0.));
#251 = VECTOR('',#252,1.);
#252 = DIRECTION('',(0.,1.));
#253 = ( GEOMETRIC_REPRESENTATION_CONTEXT(2) 
PARAMETRIC_REPRESENTATION_CONTEXT() REPRESENTATION_CONTEXT('2D SPACE',''
  ) );
#254 = PCURVE('',#72,#255);
#255 = DEFINITIONAL_REPRESENTATION('',(#256),#260);
#256 = LINE('',#257,#258);
#257 = CARTESIAN_POINT('',(0.,0.));
#258 = VECTOR('',#259,1.);
#259 = DIRECTION('',(1.,0.));
#260 = ( GEOMETRIC_REPRESENTATION_CONTEXT(2) 
PARAMETRIC_REPRESENTATION_CONTEXT() REPRESENTATION_CONTEXT('2D SPACE',''
  ) );
#261 = ORIENTED_EDGE('',*,*,#21,.T.);
#262 = ORIENTED_EDGE('',*,*,#263,.T.);
#263 = EDGE_CURVE('',#24,#144,#264,.T.);
#264 = SURFACE_CURVE('',#265,(#269,#276),.PCURVE_S1.);
#265 = LINE('',#266,#267);
#266 = CARTESIAN_POINT('',(-861.,-705.3471528487,2.445692652415E+03));
#267 = VECTOR('',#268,1.);
#268 = DIRECTION('',(1.,0.,-0.));
#269 = PCURVE('',#44,#270);
#270 = DEFINITIONAL_REPRESENTATION('',(#271),#275);
#271 = LINE('',#272,#273);
#272 = CARTESIAN_POINT('',(35.,0.));
#273 = VECTOR('',#274,1.);
#274 = DIRECTION('',(0.,1.));
#275 = ( GEOMETRIC_REPRESENTATION_CONTEXT(2) 
PARAMETRIC_REPRESENTATION_CONTEXT() REPRESENTATION_CONTEXT('2D SPACE',''
  ) );
#276 = PCURVE('',#126,#277);
#277 = DEFINITIONAL_REPRESENTATION('',(#278),#282);
#278 = LINE('',#279,#280);
#279 = CARTESIAN_POINT('',(0.,0.));
#280 = VECTOR('',#281,1.);
#281 = DIRECTION('',(1.,0.));
#282 = ( GEOMETRIC_REPRESENTATION_CONTEXT(2) 
PARAMETRIC_REPRESENTATION_CONTEXT() REPRESENTATION_CONTEXT('2D SPACE',''
  ) );
#283 = ORIENTED_EDGE('',*,*,#141,.F.);
#284 = ADVANCED_FACE('',(#285),#100,.T.);
#285 = FACE_BOUND('',#286,.T.);
#286 = EDGE_LOOP('',(#287,#308,#309,#330));
#287 = ORIENTED_EDGE('',*,*,#288,.F.);
#288 = EDGE_CURVE('',#57,#172,#289,.T.);
#289 = SURFACE_CURVE('',#290,(#294,#301),.PCURVE_S1.);
#290 = LINE('',#291,#292);
#291 = CARTESIAN_POINT('',(-861.,405.34715284875,2.214307347585E+03));
#292 = VECTOR('',#293,1.);
#293 = DIRECTION('',(1.,0.,-0.));
#294 = PCURVE('',#100,#295);
#295 = DEFINITIONAL_REPRESENTATION('',(#296),#300);
#296 = LINE('',#297,#298);
#297 = CARTESIAN_POINT('',(0.,0.));
#298 = VECTOR('',#299,1.);
#299 = DIRECTION('',(0.,1.));
#300 = ( GEOMETRIC_REPRESENTATION_CONTEXT(2) 
PARAMETRIC_REPRESENTATION_CONTEXT() REPRESENTATION_CONTEXT('2D SPACE',''
  ) );
#301 = PCURVE('',#72,#302);
#302 = DEFINITIONAL_REPRESENTATION('',(#303),#307);
#303 = LINE('',#304,#305);
#304 = CARTESIAN_POINT('',(0.,1.134E+03));
#305 = VECTOR('',#306,1.);
#306 = DIRECTION('',(1.,0.));
#307 = ( GEOMETRIC_REPRESENTATION_CONTEXT(2) 
PARAMETRIC_REPRESENTATION_CONTEXT() REPRESENTATION_CONTEXT('2D SPACE',''
  ) );
#308 = ORIENTED_EDGE('',*,*,#84,.T.);
#309 = ORIENTED_EDGE('',*,*,#310,.T.);
#310 = EDGE_CURVE('',#85,#195,#311,.T.);
#311 = SURFACE_CURVE('',#312,(#316,#323),.PCURVE_S1.);
#312 = LINE('',#313,#314);
#313 = CARTESIAN_POINT('',(-861.,411.42483906709,2.248775618941E+03));
#314 = VECTOR('',#315,1.);
#315 = DIRECTION('',(1.,0.,-0.));
#316 = PCURVE('',#100,#317);
#317 = DEFINITIONAL_REPRESENTATION('',(#318),#322);
#318 = LINE('',#319,#320);
#319 = CARTESIAN_POINT('',(35.,0.));
#320 = VECTOR('',#321,1.);
#321 = DIRECTION('',(0.,1.));
#322 = ( GEOMETRIC_REPRESENTATION_CONTEXT(2) 
PARAMETRIC_REPRESENTATION_CONTEXT() REPRESENTATION_CONTEXT('2D SPACE',''
  ) );
#323 = PCURVE('',#126,#324);
#324 = DEFINITIONAL_REPRESENTATION('',(#325),#329);
#325 = LINE('',#326,#327);
#326 = CARTESIAN_POINT('',(0.,1.134E+03));
#327 = VECTOR('',#328,1.);
#328 = DIRECTION('',(1.,0.));
#329 = ( GEOMETRIC_REPRESENTATION_CONTEXT(2) 
PARAMETRIC_REPRESENTATION_CONTEXT() REPRESENTATION_CONTEXT('2D SPACE',''
  ) );
#330 = ORIENTED_EDGE('',*,*,#194,.F.);
#331 = ADVANCED_FACE('',(#332),#72,.F.);
#332 = FACE_BOUND('',#333,.F.);
#333 = EDGE_LOOP('',(#334,#335,#336,#337));
#334 = ORIENTED_EDGE('',*,*,#56,.F.);
#335 = ORIENTED_EDGE('',*,*,#241,.T.);
#336 = ORIENTED_EDGE('',*,*,#171,.T.);
#337 = ORIENTED_EDGE('',*,*,#288,.F.);
#338 = ADVANCED_FACE('',(#339),#126,.T.);
#339 = FACE_BOUND('',#340,.T.);
#340 = EDGE_LOOP('',(#341,#342,#343,#344));
#341 = ORIENTED_EDGE('',*,*,#112,.F.);
#342 = ORIENTED_EDGE('',*,*,#263,.T.);
#343 = ORIENTED_EDGE('',*,*,#217,.T.);
#344 = ORIENTED_EDGE('',*,*,#310,.F.);
#345 = BREP_WITH_VOIDS('',#346,(#5595,#5917));
#346 = CLOSED_SHELL('',(#347,#1139,#1321,#1370,#1419,#1467,#1516,#1596,
    #1645,#1756,#1805,#1885,#1933,#1982,#2031,#2080,#2129,#2177,#2226,
    #2306,#2355,#2466,#2515,#2595,#2643,#2692,#2741,#2790,#2925,#3180,
    #3211,#3258,#3285,#3312,#3319,#3374,#3429,#3484,#3539,#3594,#3649,
    #3704,#3759,#3891,#3940,#4035,#4060,#4192,#4239,#4334,#4361,#4365,
    #4400,#4435,#4439,#4443,#4478,#4513,#4517,#4544,#4571,#4578,#4605,
    #4632,#4639,#4694,#4749,#4804,#4859,#4894,#4929,#4964,#4999,#5054,
    #5109,#5164,#5219,#5254,#5289,#5324,#5359,#5414,#5469,#5524,#5579,
    #5583,#5587,#5591));
#347 = ADVANCED_FACE('',(#348),#362,.F.);
#348 = FACE_BOUND('',#349,.F.);
#349 = EDGE_LOOP('',(#350,#385,#413,#441,#469,#497,#525,#553,#581,#609,
    #637,#665,#693,#721,#749,#777,#805,#833,#861,#889,#917,#945,#973,
    #1001,#1029,#1057,#1085,#1113));
#350 = ORIENTED_EDGE('',*,*,#351,.F.);
#351 = EDGE_CURVE('',#352,#354,#356,.T.);
#352 = VERTEX_POINT('',#353);
#353 = CARTESIAN_POINT('',(-485.,-738.066921234,2.375305034492E+03));
#354 = VERTEX_POINT('',#355);
#355 = CARTESIAN_POINT('',(-485.,-731.1209941273,2.414697344613E+03));
#356 = SURFACE_CURVE('',#357,(#361,#373),.PCURVE_S1.);
#357 = LINE('',#358,#359);
#358 = CARTESIAN_POINT('',(-485.,-738.066921234,2.375305034492E+03));
#359 = VECTOR('',#360,1.);
#360 = DIRECTION('',(0.,0.173648177667,0.984807753012));
#361 = PCURVE('',#362,#367);
#362 = PLANE('',#363);
#363 = AXIS2_PLACEMENT_3D('',#364,#365,#366);
#364 = CARTESIAN_POINT('',(-485.,-738.066921234,2.375305034492E+03));
#365 = DIRECTION('',(1.,0.,-0.));
#366 = DIRECTION('',(0.,0.173648177667,0.984807753012));
#367 = DEFINITIONAL_REPRESENTATION('',(#368),#372);
#368 = LINE('',#369,#370);
#369 = CARTESIAN_POINT('',(0.,0.));
#370 = VECTOR('',#371,1.);
#371 = DIRECTION('',(1.,0.));
#372 = ( GEOMETRIC_REPRESENTATION_CONTEXT(2) 
PARAMETRIC_REPRESENTATION_CONTEXT() REPRESENTATION_CONTEXT('2D SPACE',''
  ) );
#373 = PCURVE('',#374,#379);
#374 = PLANE('',#375);
#375 = AXIS2_PLACEMENT_3D('',#376,#377,#378);
#376 = CARTESIAN_POINT('',(-485.,-738.066921234,2.375305034492E+03));
#377 = DIRECTION('',(0.,0.984807753012,-0.173648177667));
#378 = DIRECTION('',(0.,0.173648177667,0.984807753012));
#379 = DEFINITIONAL_REPRESENTATION('',(#380),#384);
#380 = LINE('',#381,#382);
#381 = CARTESIAN_POINT('',(0.,0.));
#382 = VECTOR('',#383,1.);
#383 = DIRECTION('',(1.,0.));
#384 = ( GEOMETRIC_REPRESENTATION_CONTEXT(2) 
PARAMETRIC_REPRESENTATION_CONTEXT() REPRESENTATION_CONTEXT('2D SPACE',''
  ) );
#385 = ORIENTED_EDGE('',*,*,#386,.T.);
#386 = EDGE_CURVE('',#352,#387,#389,.T.);
#387 = VERTEX_POINT('',#388);
#388 = CARTESIAN_POINT('',(-485.,-233.4263822894,2.286323291917E+03));
#389 = SURFACE_CURVE('',#390,(#394,#401),.PCURVE_S1.);
#390 = LINE('',#391,#392);
#391 = CARTESIAN_POINT('',(-485.,-738.066921234,2.375305034492E+03));
#392 = VECTOR('',#393,1.);
#393 = DIRECTION('',(0.,0.984807753012,-0.173648177667));
#394 = PCURVE('',#362,#395);
#395 = DEFINITIONAL_REPRESENTATION('',(#396),#400);
#396 = LINE('',#397,#398);
#397 = CARTESIAN_POINT('',(0.,0.));
#398 = VECTOR('',#399,1.);
#399 = DIRECTION('',(0.,-1.));
#400 = ( GEOMETRIC_REPRESENTATION_CONTEXT(2) 
PARAMETRIC_REPRESENTATION_CONTEXT() REPRESENTATION_CONTEXT('2D SPACE',''
  ) );
#401 = PCURVE('',#402,#407);
#402 = PLANE('',#403);
#403 = AXIS2_PLACEMENT_3D('',#404,#405,#406);
#404 = CARTESIAN_POINT('',(-485.,-738.066921234,2.375305034492E+03));
#405 = DIRECTION('',(0.,0.173648177667,0.984807753012));
#406 = DIRECTION('',(1.,0.,-0.));
#407 = DEFINITIONAL_REPRESENTATION('',(#408),#412);
#408 = LINE('',#409,#410);
#409 = CARTESIAN_POINT('',(0.,0.));
#410 = VECTOR('',#411,1.);
#411 = DIRECTION('',(0.,1.));
#412 = ( GEOMETRIC_REPRESENTATION_CONTEXT(2) 
PARAMETRIC_REPRESENTATION_CONTEXT() REPRESENTATION_CONTEXT('2D SPACE',''
  ) );
#413 = ORIENTED_EDGE('',*,*,#414,.F.);
#414 = EDGE_CURVE('',#415,#387,#417,.T.);
#415 = VERTEX_POINT('',#416);
#416 = CARTESIAN_POINT('',(-485.,-234.4682713554,2.280414445399E+03));
#417 = SURFACE_CURVE('',#418,(#422,#429),.PCURVE_S1.);
#418 = LINE('',#419,#420);
#419 = CARTESIAN_POINT('',(-485.,-234.4682713554,2.280414445399E+03));
#420 = VECTOR('',#421,1.);
#421 = DIRECTION('',(0.,0.173648177667,0.984807753012));
#422 = PCURVE('',#362,#423);
#423 = DEFINITIONAL_REPRESENTATION('',(#424),#428);
#424 = LINE('',#425,#426);
#425 = CARTESIAN_POINT('',(-6.,-512.4254326807));
#426 = VECTOR('',#427,1.);
#427 = DIRECTION('',(1.,0.));
#428 = ( GEOMETRIC_REPRESENTATION_CONTEXT(2) 
PARAMETRIC_REPRESENTATION_CONTEXT() REPRESENTATION_CONTEXT('2D SPACE',''
  ) );
#429 = PCURVE('',#430,#435);
#430 = PLANE('',#431);
#431 = AXIS2_PLACEMENT_3D('',#432,#433,#434);
#432 = CARTESIAN_POINT('',(-485.,-234.4682713554,2.280414445399E+03));
#433 = DIRECTION('',(0.,0.984807753012,-0.173648177667));
#434 = DIRECTION('',(0.,0.173648177667,0.984807753012));
#435 = DEFINITIONAL_REPRESENTATION('',(#436),#440);
#436 = LINE('',#437,#438);
#437 = CARTESIAN_POINT('',(0.,0.));
#438 = VECTOR('',#439,1.);
#439 = DIRECTION('',(1.,0.));
#440 = ( GEOMETRIC_REPRESENTATION_CONTEXT(2) 
PARAMETRIC_REPRESENTATION_CONTEXT() REPRESENTATION_CONTEXT('2D SPACE',''
  ) );
#441 = ORIENTED_EDGE('',*,*,#442,.T.);
#442 = EDGE_CURVE('',#415,#443,#445,.T.);
#443 = VERTEX_POINT('',#444);
#444 = CARTESIAN_POINT('',(-485.,-225.,2.278744933698E+03));
#445 = SURFACE_CURVE('',#446,(#450,#457),.PCURVE_S1.);
#446 = LINE('',#447,#448);
#447 = CARTESIAN_POINT('',(-485.,-234.4682713554,2.280414445399E+03));
#448 = VECTOR('',#449,1.);
#449 = DIRECTION('',(0.,0.984807753012,-0.173648177667));
#450 = PCURVE('',#362,#451);
#451 = DEFINITIONAL_REPRESENTATION('',(#452),#456);
#452 = LINE('',#453,#454);
#453 = CARTESIAN_POINT('',(-6.,-512.4254326807));
#454 = VECTOR('',#455,1.);
#455 = DIRECTION('',(0.,-1.));
#456 = ( GEOMETRIC_REPRESENTATION_CONTEXT(2) 
PARAMETRIC_REPRESENTATION_CONTEXT() REPRESENTATION_CONTEXT('2D SPACE',''
  ) );
#457 = PCURVE('',#458,#463);
#458 = PLANE('',#459);
#459 = AXIS2_PLACEMENT_3D('',#460,#461,#462);
#460 = CARTESIAN_POINT('',(-485.,-234.4682713554,2.280414445399E+03));
#461 = DIRECTION('',(0.,0.173648177667,0.984807753012));
#462 = DIRECTION('',(1.,0.,-0.));
#463 = DEFINITIONAL_REPRESENTATION('',(#464),#468);
#464 = LINE('',#465,#466);
#465 = CARTESIAN_POINT('',(0.,0.));
#466 = VECTOR('',#467,1.);
#467 = DIRECTION('',(0.,1.));
#468 = ( GEOMETRIC_REPRESENTATION_CONTEXT(2) 
PARAMETRIC_REPRESENTATION_CONTEXT() REPRESENTATION_CONTEXT('2D SPACE',''
  ) );
#469 = ORIENTED_EDGE('',*,*,#470,.F.);
#470 = EDGE_CURVE('',#471,#443,#473,.T.);
#471 = VERTEX_POINT('',#472);
#472 = CARTESIAN_POINT('',(-485.,-225.,1.508E+03));
#473 = SURFACE_CURVE('',#474,(#478,#485),.PCURVE_S1.);
#474 = LINE('',#475,#476);
#475 = CARTESIAN_POINT('',(-485.,-225.,1.508E+03));
#476 = VECTOR('',#477,1.);
#477 = DIRECTION('',(0.,0.,1.));
#478 = PCURVE('',#362,#479);
#479 = DEFINITIONAL_REPRESENTATION('',(#480),#484);
#480 = LINE('',#481,#482);
#481 = CARTESIAN_POINT('',(-765.035586301,-655.8782205663));
#482 = VECTOR('',#483,1.);
#483 = DIRECTION('',(0.984807753012,0.173648177667));
#484 = ( GEOMETRIC_REPRESENTATION_CONTEXT(2) 
PARAMETRIC_REPRESENTATION_CONTEXT() REPRESENTATION_CONTEXT('2D SPACE',''
  ) );
#485 = PCURVE('',#486,#491);
#486 = PLANE('',#487);
#487 = AXIS2_PLACEMENT_3D('',#488,#489,#490);
#488 = CARTESIAN_POINT('',(-485.,-225.,1.508E+03));
#489 = DIRECTION('',(-0.,1.,0.));
#490 = DIRECTION('',(0.,0.,1.));
#491 = DEFINITIONAL_REPRESENTATION('',(#492),#496);
#492 = LINE('',#493,#494);
#493 = CARTESIAN_POINT('',(0.,0.));
#494 = VECTOR('',#495,1.);
#495 = DIRECTION('',(1.,0.));
#496 = ( GEOMETRIC_REPRESENTATION_CONTEXT(2) 
PARAMETRIC_REPRESENTATION_CONTEXT() REPRESENTATION_CONTEXT('2D SPACE',''
  ) );
#497 = ORIENTED_EDGE('',*,*,#498,.F.);
#498 = EDGE_CURVE('',#499,#471,#501,.T.);
#499 = VERTEX_POINT('',#500);
#500 = CARTESIAN_POINT('',(-485.,-250.,1.508E+03));
#501 = SURFACE_CURVE('',#502,(#506,#513),.PCURVE_S1.);
#502 = LINE('',#503,#504);
#503 = CARTESIAN_POINT('',(-485.,-250.,1.508E+03));
#504 = VECTOR('',#505,1.);
#505 = DIRECTION('',(-0.,1.,0.));
#506 = PCURVE('',#362,#507);
#507 = DEFINITIONAL_REPRESENTATION('',(#508),#512);
#508 = LINE('',#509,#510);
#509 = CARTESIAN_POINT('',(-769.3767907427,-631.2580267409));
#510 = VECTOR('',#511,1.);
#511 = DIRECTION('',(0.173648177667,-0.984807753012));
#512 = ( GEOMETRIC_REPRESENTATION_CONTEXT(2) 
PARAMETRIC_REPRESENTATION_CONTEXT() REPRESENTATION_CONTEXT('2D SPACE',''
  ) );
#513 = PCURVE('',#514,#519);
#514 = PLANE('',#515);
#515 = AXIS2_PLACEMENT_3D('',#516,#517,#518);
#516 = CARTESIAN_POINT('',(-485.,-250.,1.508E+03));
#517 = DIRECTION('',(0.,0.,1.));
#518 = DIRECTION('',(1.,0.,-0.));
#519 = DEFINITIONAL_REPRESENTATION('',(#520),#524);
#520 = LINE('',#521,#522);
#521 = CARTESIAN_POINT('',(0.,0.));
#522 = VECTOR('',#523,1.);
#523 = DIRECTION('',(0.,1.));
#524 = ( GEOMETRIC_REPRESENTATION_CONTEXT(2) 
PARAMETRIC_REPRESENTATION_CONTEXT() REPRESENTATION_CONTEXT('2D SPACE',''
  ) );
#525 = ORIENTED_EDGE('',*,*,#526,.F.);
#526 = EDGE_CURVE('',#527,#499,#529,.T.);
#527 = VERTEX_POINT('',#528);
#528 = CARTESIAN_POINT('',(-485.,-250.,1.5E+03));
#529 = SURFACE_CURVE('',#530,(#534,#541),.PCURVE_S1.);
#530 = LINE('',#531,#532);
#531 = CARTESIAN_POINT('',(-485.,-250.,1.5E+03));
#532 = VECTOR('',#533,1.);
#533 = DIRECTION('',(0.,0.,1.));
#534 = PCURVE('',#362,#535);
#535 = DEFINITIONAL_REPRESENTATION('',(#536),#540);
#536 = LINE('',#537,#538);
#537 = CARTESIAN_POINT('',(-777.2552527668,-632.6472121623));
#538 = VECTOR('',#539,1.);
#539 = DIRECTION('',(0.984807753012,0.173648177667));
#540 = ( GEOMETRIC_REPRESENTATION_CONTEXT(2) 
PARAMETRIC_REPRESENTATION_CONTEXT() REPRESENTATION_CONTEXT('2D SPACE',''
  ) );
#541 = PCURVE('',#542,#547);
#542 = PLANE('',#543);
#543 = AXIS2_PLACEMENT_3D('',#544,#545,#546);
#544 = CARTESIAN_POINT('',(-485.,-250.,1.5E+03));
#545 = DIRECTION('',(-0.,1.,0.));
#546 = DIRECTION('',(0.,0.,1.));
#547 = DEFINITIONAL_REPRESENTATION('',(#548),#552);
#548 = LINE('',#549,#550);
#549 = CARTESIAN_POINT('',(0.,0.));
#550 = VECTOR('',#551,1.);
#551 = DIRECTION('',(1.,0.));
#552 = ( GEOMETRIC_REPRESENTATION_CONTEXT(2) 
PARAMETRIC_REPRESENTATION_CONTEXT() REPRESENTATION_CONTEXT('2D SPACE',''
  ) );
#553 = ORIENTED_EDGE('',*,*,#554,.T.);
#554 = EDGE_CURVE('',#527,#555,#557,.T.);
#555 = VERTEX_POINT('',#556);
#556 = CARTESIAN_POINT('',(-485.,-150.,1.5E+03));
#557 = SURFACE_CURVE('',#558,(#562,#569),.PCURVE_S1.);
#558 = LINE('',#559,#560);
#559 = CARTESIAN_POINT('',(-485.,-250.,1.5E+03));
#560 = VECTOR('',#561,1.);
#561 = DIRECTION('',(-0.,1.,0.));
#562 = PCURVE('',#362,#563);
#563 = DEFINITIONAL_REPRESENTATION('',(#564),#568);
#564 = LINE('',#565,#566);
#565 = CARTESIAN_POINT('',(-777.2552527668,-632.6472121623));
#566 = VECTOR('',#567,1.);
#567 = DIRECTION('',(0.173648177667,-0.984807753012));
#568 = ( GEOMETRIC_REPRESENTATION_CONTEXT(2) 
PARAMETRIC_REPRESENTATION_CONTEXT() REPRESENTATION_CONTEXT('2D SPACE',''
  ) );
#569 = PCURVE('',#570,#575);
#570 = PLANE('',#571);
#571 = AXIS2_PLACEMENT_3D('',#572,#573,#574);
#572 = CARTESIAN_POINT('',(-485.,-250.,1.5E+03));
#573 = DIRECTION('',(0.,0.,1.));
#574 = DIRECTION('',(1.,0.,-0.));
#575 = DEFINITIONAL_REPRESENTATION('',(#576),#580);
#576 = LINE('',#577,#578);
#577 = CARTESIAN_POINT('',(0.,0.));
#578 = VECTOR('',#579,1.);
#579 = DIRECTION('',(0.,1.));
#580 = ( GEOMETRIC_REPRESENTATION_CONTEXT(2) 
PARAMETRIC_REPRESENTATION_CONTEXT() REPRESENTATION_CONTEXT('2D SPACE',''
  ) );
#581 = ORIENTED_EDGE('',*,*,#582,.T.);
#582 = EDGE_CURVE('',#555,#583,#585,.T.);
#583 = VERTEX_POINT('',#584);
#584 = CARTESIAN_POINT('',(-485.,-150.,1.508E+03));
#585 = SURFACE_CURVE('',#586,(#590,#597),.PCURVE_S1.);
#586 = LINE('',#587,#588);
#587 = CARTESIAN_POINT('',(-485.,-150.,1.5E+03));
#588 = VECTOR('',#589,1.);
#589 = DIRECTION('',(0.,0.,1.));
#590 = PCURVE('',#362,#591);
#591 = DEFINITIONAL_REPRESENTATION('',(#592),#596);
#592 = LINE('',#593,#594);
#593 = CARTESIAN_POINT('',(-759.8904350001,-731.1279874635));
#594 = VECTOR('',#595,1.);
#595 = DIRECTION('',(0.984807753012,0.173648177667));
#596 = ( GEOMETRIC_REPRESENTATION_CONTEXT(2) 
PARAMETRIC_REPRESENTATION_CONTEXT() REPRESENTATION_CONTEXT('2D SPACE',''
  ) );
#597 = PCURVE('',#598,#603);
#598 = PLANE('',#599);
#599 = AXIS2_PLACEMENT_3D('',#600,#601,#602);
#600 = CARTESIAN_POINT('',(-485.,-150.,1.5E+03));
#601 = DIRECTION('',(-0.,1.,0.));
#602 = DIRECTION('',(0.,0.,1.));
#603 = DEFINITIONAL_REPRESENTATION('',(#604),#608);
#604 = LINE('',#605,#606);
#605 = CARTESIAN_POINT('',(0.,0.));
#606 = VECTOR('',#607,1.);
#607 = DIRECTION('',(1.,0.));
#608 = ( GEOMETRIC_REPRESENTATION_CONTEXT(2) 
PARAMETRIC_REPRESENTATION_CONTEXT() REPRESENTATION_CONTEXT('2D SPACE',''
  ) );
#609 = ORIENTED_EDGE('',*,*,#610,.F.);
#610 = EDGE_CURVE('',#611,#583,#613,.T.);
#611 = VERTEX_POINT('',#612);
#612 = CARTESIAN_POINT('',(-485.,-175.,1.508E+03));
#613 = SURFACE_CURVE('',#614,(#618,#625),.PCURVE_S1.);
#614 = LINE('',#615,#616);
#615 = CARTESIAN_POINT('',(-485.,-250.,1.508E+03));
#616 = VECTOR('',#617,1.);
#617 = DIRECTION('',(-0.,1.,0.));
#618 = PCURVE('',#362,#619);
#619 = DEFINITIONAL_REPRESENTATION('',(#620),#624);
#620 = LINE('',#621,#622);
#621 = CARTESIAN_POINT('',(-769.3767907427,-631.2580267409));
#622 = VECTOR('',#623,1.);
#623 = DIRECTION('',(0.173648177667,-0.984807753012));
#624 = ( GEOMETRIC_REPRESENTATION_CONTEXT(2) 
PARAMETRIC_REPRESENTATION_CONTEXT() REPRESENTATION_CONTEXT('2D SPACE',''
  ) );
#625 = PCURVE('',#626,#631);
#626 = PLANE('',#627);
#627 = AXIS2_PLACEMENT_3D('',#628,#629,#630);
#628 = CARTESIAN_POINT('',(-485.,-250.,1.508E+03));
#629 = DIRECTION('',(0.,0.,1.));
#630 = DIRECTION('',(1.,0.,-0.));
#631 = DEFINITIONAL_REPRESENTATION('',(#632),#636);
#632 = LINE('',#633,#634);
#633 = CARTESIAN_POINT('',(0.,0.));
#634 = VECTOR('',#635,1.);
#635 = DIRECTION('',(0.,1.));
#636 = ( GEOMETRIC_REPRESENTATION_CONTEXT(2) 
PARAMETRIC_REPRESENTATION_CONTEXT() REPRESENTATION_CONTEXT('2D SPACE',''
  ) );
#637 = ORIENTED_EDGE('',*,*,#638,.T.);
#638 = EDGE_CURVE('',#611,#639,#641,.T.);
#639 = VERTEX_POINT('',#640);
#640 = CARTESIAN_POINT('',(-485.,-175.,2.269928584663E+03));
#641 = SURFACE_CURVE('',#642,(#646,#653),.PCURVE_S1.);
#642 = LINE('',#643,#644);
#643 = CARTESIAN_POINT('',(-485.,-175.,1.508E+03));
#644 = VECTOR('',#645,1.);
#645 = DIRECTION('',(0.,0.,1.));
#646 = PCURVE('',#362,#647);
#647 = DEFINITIONAL_REPRESENTATION('',(#648),#652);
#648 = LINE('',#649,#650);
#649 = CARTESIAN_POINT('',(-756.3531774177,-705.1186082169));
#650 = VECTOR('',#651,1.);
#651 = DIRECTION('',(0.984807753012,0.173648177667));
#652 = ( GEOMETRIC_REPRESENTATION_CONTEXT(2) 
PARAMETRIC_REPRESENTATION_CONTEXT() REPRESENTATION_CONTEXT('2D SPACE',''
  ) );
#653 = PCURVE('',#654,#659);
#654 = PLANE('',#655);
#655 = AXIS2_PLACEMENT_3D('',#656,#657,#658);
#656 = CARTESIAN_POINT('',(-485.,-175.,1.508E+03));
#657 = DIRECTION('',(-0.,1.,0.));
#658 = DIRECTION('',(0.,0.,1.));
#659 = DEFINITIONAL_REPRESENTATION('',(#660),#664);
#660 = LINE('',#661,#662);
#661 = CARTESIAN_POINT('',(0.,0.));
#662 = VECTOR('',#663,1.);
#663 = DIRECTION('',(1.,0.));
#664 = ( GEOMETRIC_REPRESENTATION_CONTEXT(2) 
PARAMETRIC_REPRESENTATION_CONTEXT() REPRESENTATION_CONTEXT('2D SPACE',''
  ) );
#665 = ORIENTED_EDGE('',*,*,#666,.T.);
#666 = EDGE_CURVE('',#639,#667,#669,.T.);
#667 = VERTEX_POINT('',#668);
#668 = CARTESIAN_POINT('',(-485.,-165.5317286445,2.268259072962E+03));
#669 = SURFACE_CURVE('',#670,(#674,#681),.PCURVE_S1.);
#670 = LINE('',#671,#672);
#671 = CARTESIAN_POINT('',(-485.,-234.4682713554,2.280414445399E+03));
#672 = VECTOR('',#673,1.);
#673 = DIRECTION('',(0.,0.984807753012,-0.173648177667));
#674 = PCURVE('',#362,#675);
#675 = DEFINITIONAL_REPRESENTATION('',(#676),#680);
#676 = LINE('',#677,#678);
#677 = CARTESIAN_POINT('',(-6.,-512.4254326807));
#678 = VECTOR('',#679,1.);
#679 = DIRECTION('',(0.,-1.));
#680 = ( GEOMETRIC_REPRESENTATION_CONTEXT(2) 
PARAMETRIC_REPRESENTATION_CONTEXT() REPRESENTATION_CONTEXT('2D SPACE',''
  ) );
#681 = PCURVE('',#682,#687);
#682 = PLANE('',#683);
#683 = AXIS2_PLACEMENT_3D('',#684,#685,#686);
#684 = CARTESIAN_POINT('',(-485.,-234.4682713554,2.280414445399E+03));
#685 = DIRECTION('',(0.,0.173648177667,0.984807753012));
#686 = DIRECTION('',(1.,0.,-0.));
#687 = DEFINITIONAL_REPRESENTATION('',(#688),#692);
#688 = LINE('',#689,#690);
#689 = CARTESIAN_POINT('',(0.,0.));
#690 = VECTOR('',#691,1.);
#691 = DIRECTION('',(0.,1.));
#692 = ( GEOMETRIC_REPRESENTATION_CONTEXT(2) 
PARAMETRIC_REPRESENTATION_CONTEXT() REPRESENTATION_CONTEXT('2D SPACE',''
  ) );
#693 = ORIENTED_EDGE('',*,*,#694,.T.);
#694 = EDGE_CURVE('',#667,#695,#697,.T.);
#695 = VERTEX_POINT('',#696);
#696 = CARTESIAN_POINT('',(-485.,-164.4898395785,2.27416791948E+03));
#697 = SURFACE_CURVE('',#698,(#702,#709),.PCURVE_S1.);
#698 = LINE('',#699,#700);
#699 = CARTESIAN_POINT('',(-485.,-165.5317286445,2.268259072962E+03));
#700 = VECTOR('',#701,1.);
#701 = DIRECTION('',(0.,0.173648177667,0.984807753012));
#702 = PCURVE('',#362,#703);
#703 = DEFINITIONAL_REPRESENTATION('',(#704),#708);
#704 = LINE('',#705,#706);
#705 = CARTESIAN_POINT('',(-6.,-582.4254326807));
#706 = VECTOR('',#707,1.);
#707 = DIRECTION('',(1.,0.));
#708 = ( GEOMETRIC_REPRESENTATION_CONTEXT(2) 
PARAMETRIC_REPRESENTATION_CONTEXT() REPRESENTATION_CONTEXT('2D SPACE',''
  ) );
#709 = PCURVE('',#710,#715);
#710 = PLANE('',#711);
#711 = AXIS2_PLACEMENT_3D('',#712,#713,#714);
#712 = CARTESIAN_POINT('',(-485.,-165.5317286445,2.268259072962E+03));
#713 = DIRECTION('',(0.,0.984807753012,-0.173648177667));
#714 = DIRECTION('',(0.,0.173648177667,0.984807753012));
#715 = DEFINITIONAL_REPRESENTATION('',(#716),#720);
#716 = LINE('',#717,#718);
#717 = CARTESIAN_POINT('',(0.,0.));
#718 = VECTOR('',#719,1.);
#719 = DIRECTION('',(1.,0.));
#720 = ( GEOMETRIC_REPRESENTATION_CONTEXT(2) 
PARAMETRIC_REPRESENTATION_CONTEXT() REPRESENTATION_CONTEXT('2D SPACE',''
  ) );
#721 = ORIENTED_EDGE('',*,*,#722,.T.);
#722 = EDGE_CURVE('',#695,#723,#725,.T.);
#723 = VERTEX_POINT('',#724);
#724 = CARTESIAN_POINT('',(-485.,166.57361771057,2.215792499634E+03));
#725 = SURFACE_CURVE('',#726,(#730,#737),.PCURVE_S1.);
#726 = LINE('',#727,#728);
#727 = CARTESIAN_POINT('',(-485.,-738.066921234,2.375305034492E+03));
#728 = VECTOR('',#729,1.);
#729 = DIRECTION('',(0.,0.984807753012,-0.173648177667));
#730 = PCURVE('',#362,#731);
#731 = DEFINITIONAL_REPRESENTATION('',(#732),#736);
#732 = LINE('',#733,#734);
#733 = CARTESIAN_POINT('',(0.,0.));
#734 = VECTOR('',#735,1.);
#735 = DIRECTION('',(0.,-1.));
#736 = ( GEOMETRIC_REPRESENTATION_CONTEXT(2) 
PARAMETRIC_REPRESENTATION_CONTEXT() REPRESENTATION_CONTEXT('2D SPACE',''
  ) );
#737 = PCURVE('',#738,#743);
#738 = PLANE('',#739);
#739 = AXIS2_PLACEMENT_3D('',#740,#741,#742);
#740 = CARTESIAN_POINT('',(-485.,-738.066921234,2.375305034492E+03));
#741 = DIRECTION('',(0.,0.173648177667,0.984807753012));
#742 = DIRECTION('',(1.,0.,-0.));
#743 = DEFINITIONAL_REPRESENTATION('',(#744),#748);
#744 = LINE('',#745,#746);
#745 = CARTESIAN_POINT('',(0.,0.));
#746 = VECTOR('',#747,1.);
#747 = DIRECTION('',(0.,1.));
#748 = ( GEOMETRIC_REPRESENTATION_CONTEXT(2) 
PARAMETRIC_REPRESENTATION_CONTEXT() REPRESENTATION_CONTEXT('2D SPACE',''
  ) );
#749 = ORIENTED_EDGE('',*,*,#750,.F.);
#750 = EDGE_CURVE('',#751,#723,#753,.T.);
#751 = VERTEX_POINT('',#752);
#752 = CARTESIAN_POINT('',(-485.,165.53172864457,2.209883653116E+03));
#753 = SURFACE_CURVE('',#754,(#758,#765),.PCURVE_S1.);
#754 = LINE('',#755,#756);
#755 = CARTESIAN_POINT('',(-485.,165.53172864457,2.209883653116E+03));
#756 = VECTOR('',#757,1.);
#757 = DIRECTION('',(0.,0.173648177667,0.984807753012));
#758 = PCURVE('',#362,#759);
#759 = DEFINITIONAL_REPRESENTATION('',(#760),#764);
#760 = LINE('',#761,#762);
#761 = CARTESIAN_POINT('',(-6.,-918.5960774349));
#762 = VECTOR('',#763,1.);
#763 = DIRECTION('',(1.,0.));
#764 = ( GEOMETRIC_REPRESENTATION_CONTEXT(2) 
PARAMETRIC_REPRESENTATION_CONTEXT() REPRESENTATION_CONTEXT('2D SPACE',''
  ) );
#765 = PCURVE('',#766,#771);
#766 = PLANE('',#767);
#767 = AXIS2_PLACEMENT_3D('',#768,#769,#770);
#768 = CARTESIAN_POINT('',(-485.,165.53172864457,2.209883653116E+03));
#769 = DIRECTION('',(0.,0.984807753012,-0.173648177667));
#770 = DIRECTION('',(0.,0.173648177667,0.984807753012));
#771 = DEFINITIONAL_REPRESENTATION('',(#772),#776);
#772 = LINE('',#773,#774);
#773 = CARTESIAN_POINT('',(0.,0.));
#774 = VECTOR('',#775,1.);
#775 = DIRECTION('',(1.,0.));
#776 = ( GEOMETRIC_REPRESENTATION_CONTEXT(2) 
PARAMETRIC_REPRESENTATION_CONTEXT() REPRESENTATION_CONTEXT('2D SPACE',''
  ) );
#777 = ORIENTED_EDGE('',*,*,#778,.T.);
#778 = EDGE_CURVE('',#751,#779,#781,.T.);
#779 = VERTEX_POINT('',#780);
#780 = CARTESIAN_POINT('',(-485.,175.,2.208214141415E+03));
#781 = SURFACE_CURVE('',#782,(#786,#793),.PCURVE_S1.);
#782 = LINE('',#783,#784);
#783 = CARTESIAN_POINT('',(-485.,165.53172864457,2.209883653116E+03));
#784 = VECTOR('',#785,1.);
#785 = DIRECTION('',(0.,0.984807753012,-0.173648177667));
#786 = PCURVE('',#362,#787);
#787 = DEFINITIONAL_REPRESENTATION('',(#788),#792);
#788 = LINE('',#789,#790);
#789 = CARTESIAN_POINT('',(-6.,-918.5960774349));
#790 = VECTOR('',#791,1.);
#791 = DIRECTION('',(0.,-1.));
#792 = ( GEOMETRIC_REPRESENTATION_CONTEXT(2) 
PARAMETRIC_REPRESENTATION_CONTEXT() REPRESENTATION_CONTEXT('2D SPACE',''
  ) );
#793 = PCURVE('',#794,#799);
#794 = PLANE('',#795);
#795 = AXIS2_PLACEMENT_3D('',#796,#797,#798);
#796 = CARTESIAN_POINT('',(-485.,165.53172864457,2.209883653116E+03));
#797 = DIRECTION('',(0.,0.173648177667,0.984807753012));
#798 = DIRECTION('',(1.,0.,-0.));
#799 = DEFINITIONAL_REPRESENTATION('',(#800),#804);
#800 = LINE('',#801,#802);
#801 = CARTESIAN_POINT('',(0.,0.));
#802 = VECTOR('',#803,1.);
#803 = DIRECTION('',(0.,1.));
#804 = ( GEOMETRIC_REPRESENTATION_CONTEXT(2) 
PARAMETRIC_REPRESENTATION_CONTEXT() REPRESENTATION_CONTEXT('2D SPACE',''
  ) );
#805 = ORIENTED_EDGE('',*,*,#806,.F.);
#806 = EDGE_CURVE('',#807,#779,#809,.T.);
#807 = VERTEX_POINT('',#808);
#808 = CARTESIAN_POINT('',(-485.,175.,1.508E+03));
#809 = SURFACE_CURVE('',#810,(#814,#821),.PCURVE_S1.);
#810 = LINE('',#811,#812);
#811 = CARTESIAN_POINT('',(-485.,175.,1.508E+03));
#812 = VECTOR('',#813,1.);
#813 = DIRECTION('',(0.,0.,1.));
#814 = PCURVE('',#362,#815);
#815 = DEFINITIONAL_REPRESENTATION('',(#816),#820);
#816 = LINE('',#817,#818);
#817 = CARTESIAN_POINT('',(-695.5763152342,-1.049801321771E+03));
#818 = VECTOR('',#819,1.);
#819 = DIRECTION('',(0.984807753012,0.173648177667));
#820 = ( GEOMETRIC_REPRESENTATION_CONTEXT(2) 
PARAMETRIC_REPRESENTATION_CONTEXT() REPRESENTATION_CONTEXT('2D SPACE',''
  ) );
#821 = PCURVE('',#822,#827);
#822 = PLANE('',#823);
#823 = AXIS2_PLACEMENT_3D('',#824,#825,#826);
#824 = CARTESIAN_POINT('',(-485.,175.,1.508E+03));
#825 = DIRECTION('',(-0.,1.,0.));
#826 = DIRECTION('',(0.,0.,1.));
#827 = DEFINITIONAL_REPRESENTATION('',(#828),#832);
#828 = LINE('',#829,#830);
#829 = CARTESIAN_POINT('',(0.,0.));
#830 = VECTOR('',#831,1.);
#831 = DIRECTION('',(1.,0.));
#832 = ( GEOMETRIC_REPRESENTATION_CONTEXT(2) 
PARAMETRIC_REPRESENTATION_CONTEXT() REPRESENTATION_CONTEXT('2D SPACE',''
  ) );
#833 = ORIENTED_EDGE('',*,*,#834,.F.);
#834 = EDGE_CURVE('',#835,#807,#837,.T.);
#835 = VERTEX_POINT('',#836);
#836 = CARTESIAN_POINT('',(-485.,150.,1.508E+03));
#837 = SURFACE_CURVE('',#838,(#842,#849),.PCURVE_S1.);
#838 = LINE('',#839,#840);
#839 = CARTESIAN_POINT('',(-485.,150.,1.508E+03));
#840 = VECTOR('',#841,1.);
#841 = DIRECTION('',(-0.,1.,0.));
#842 = PCURVE('',#362,#843);
#843 = DEFINITIONAL_REPRESENTATION('',(#844),#848);
#844 = LINE('',#845,#846);
#845 = CARTESIAN_POINT('',(-699.9175196759,-1.025181127946E+03));
#846 = VECTOR('',#847,1.);
#847 = DIRECTION('',(0.173648177667,-0.984807753012));
#848 = ( GEOMETRIC_REPRESENTATION_CONTEXT(2) 
PARAMETRIC_REPRESENTATION_CONTEXT() REPRESENTATION_CONTEXT('2D SPACE',''
  ) );
#849 = PCURVE('',#850,#855);
#850 = PLANE('',#851);
#851 = AXIS2_PLACEMENT_3D('',#852,#853,#854);
#852 = CARTESIAN_POINT('',(-485.,150.,1.508E+03));
#853 = DIRECTION('',(0.,0.,1.));
#854 = DIRECTION('',(1.,0.,-0.));
#855 = DEFINITIONAL_REPRESENTATION('',(#856),#860);
#856 = LINE('',#857,#858);
#857 = CARTESIAN_POINT('',(0.,0.));
#858 = VECTOR('',#859,1.);
#859 = DIRECTION('',(0.,1.));
#860 = ( GEOMETRIC_REPRESENTATION_CONTEXT(2) 
PARAMETRIC_REPRESENTATION_CONTEXT() REPRESENTATION_CONTEXT('2D SPACE',''
  ) );
#861 = ORIENTED_EDGE('',*,*,#862,.F.);
#862 = EDGE_CURVE('',#863,#835,#865,.T.);
#863 = VERTEX_POINT('',#864);
#864 = CARTESIAN_POINT('',(-485.,150.,1.5E+03));
#865 = SURFACE_CURVE('',#866,(#870,#877),.PCURVE_S1.);
#866 = LINE('',#867,#868);
#867 = CARTESIAN_POINT('',(-485.,150.,1.5E+03));
#868 = VECTOR('',#869,1.);
#869 = DIRECTION('',(0.,0.,1.));
#870 = PCURVE('',#362,#871);
#871 = DEFINITIONAL_REPRESENTATION('',(#872),#876);
#872 = LINE('',#873,#874);
#873 = CARTESIAN_POINT('',(-707.7959817,-1.026570313367E+03));
#874 = VECTOR('',#875,1.);
#875 = DIRECTION('',(0.984807753012,0.173648177667));
#876 = ( GEOMETRIC_REPRESENTATION_CONTEXT(2) 
PARAMETRIC_REPRESENTATION_CONTEXT() REPRESENTATION_CONTEXT('2D SPACE',''
  ) );
#877 = PCURVE('',#878,#883);
#878 = PLANE('',#879);
#879 = AXIS2_PLACEMENT_3D('',#880,#881,#882);
#880 = CARTESIAN_POINT('',(-485.,150.,1.5E+03));
#881 = DIRECTION('',(-0.,1.,0.));
#882 = DIRECTION('',(0.,0.,1.));
#883 = DEFINITIONAL_REPRESENTATION('',(#884),#888);
#884 = LINE('',#885,#886);
#885 = CARTESIAN_POINT('',(0.,0.));
#886 = VECTOR('',#887,1.);
#887 = DIRECTION('',(1.,0.));
#888 = ( GEOMETRIC_REPRESENTATION_CONTEXT(2) 
PARAMETRIC_REPRESENTATION_CONTEXT() REPRESENTATION_CONTEXT('2D SPACE',''
  ) );
#889 = ORIENTED_EDGE('',*,*,#890,.T.);
#890 = EDGE_CURVE('',#863,#891,#893,.T.);
#891 = VERTEX_POINT('',#892);
#892 = CARTESIAN_POINT('',(-485.,250.,1.5E+03));
#893 = SURFACE_CURVE('',#894,(#898,#905),.PCURVE_S1.);
#894 = LINE('',#895,#896);
#895 = CARTESIAN_POINT('',(-485.,150.,1.5E+03));
#896 = VECTOR('',#897,1.);
#897 = DIRECTION('',(-0.,1.,0.));
#898 = PCURVE('',#362,#899);
#899 = DEFINITIONAL_REPRESENTATION('',(#900),#904);
#900 = LINE('',#901,#902);
#901 = CARTESIAN_POINT('',(-707.7959817,-1.026570313367E+03));
#902 = VECTOR('',#903,1.);
#903 = DIRECTION('',(0.173648177667,-0.984807753012));
#904 = ( GEOMETRIC_REPRESENTATION_CONTEXT(2) 
PARAMETRIC_REPRESENTATION_CONTEXT() REPRESENTATION_CONTEXT('2D SPACE',''
  ) );
#905 = PCURVE('',#906,#911);
#906 = PLANE('',#907);
#907 = AXIS2_PLACEMENT_3D('',#908,#909,#910);
#908 = CARTESIAN_POINT('',(-485.,150.,1.5E+03));
#909 = DIRECTION('',(0.,0.,1.));
#910 = DIRECTION('',(1.,0.,-0.));
#911 = DEFINITIONAL_REPRESENTATION('',(#912),#916);
#912 = LINE('',#913,#914);
#913 = CARTESIAN_POINT('',(0.,0.));
#914 = VECTOR('',#915,1.);
#915 = DIRECTION('',(0.,1.));
#916 = ( GEOMETRIC_REPRESENTATION_CONTEXT(2) 
PARAMETRIC_REPRESENTATION_CONTEXT() REPRESENTATION_CONTEXT('2D SPACE',''
  ) );
#917 = ORIENTED_EDGE('',*,*,#918,.T.);
#918 = EDGE_CURVE('',#891,#919,#921,.T.);
#919 = VERTEX_POINT('',#920);
#920 = CARTESIAN_POINT('',(-485.,250.,1.508E+03));
#921 = SURFACE_CURVE('',#922,(#926,#933),.PCURVE_S1.);
#922 = LINE('',#923,#924);
#923 = CARTESIAN_POINT('',(-485.,250.,1.5E+03));
#924 = VECTOR('',#925,1.);
#925 = DIRECTION('',(0.,0.,1.));
#926 = PCURVE('',#362,#927);
#927 = DEFINITIONAL_REPRESENTATION('',(#928),#932);
#928 = LINE('',#929,#930);
#929 = CARTESIAN_POINT('',(-690.4311639333,-1.125051088668E+03));
#930 = VECTOR('',#931,1.);
#931 = DIRECTION('',(0.984807753012,0.173648177667));
#932 = ( GEOMETRIC_REPRESENTATION_CONTEXT(2) 
PARAMETRIC_REPRESENTATION_CONTEXT() REPRESENTATION_CONTEXT('2D SPACE',''
  ) );
#933 = PCURVE('',#934,#939);
#934 = PLANE('',#935);
#935 = AXIS2_PLACEMENT_3D('',#936,#937,#938);
#936 = CARTESIAN_POINT('',(-485.,250.,1.5E+03));
#937 = DIRECTION('',(-0.,1.,0.));
#938 = DIRECTION('',(0.,0.,1.));
#939 = DEFINITIONAL_REPRESENTATION('',(#940),#944);
#940 = LINE('',#941,#942);
#941 = CARTESIAN_POINT('',(0.,0.));
#942 = VECTOR('',#943,1.);
#943 = DIRECTION('',(1.,0.));
#944 = ( GEOMETRIC_REPRESENTATION_CONTEXT(2) 
PARAMETRIC_REPRESENTATION_CONTEXT() REPRESENTATION_CONTEXT('2D SPACE',''
  ) );
#945 = ORIENTED_EDGE('',*,*,#946,.F.);
#946 = EDGE_CURVE('',#947,#919,#949,.T.);
#947 = VERTEX_POINT('',#948);
#948 = CARTESIAN_POINT('',(-485.,225.,1.508E+03));
#949 = SURFACE_CURVE('',#950,(#954,#961),.PCURVE_S1.);
#950 = LINE('',#951,#952);
#951 = CARTESIAN_POINT('',(-485.,150.,1.508E+03));
#952 = VECTOR('',#953,1.);
#953 = DIRECTION('',(-0.,1.,0.));
#954 = PCURVE('',#362,#955);
#955 = DEFINITIONAL_REPRESENTATION('',(#956),#960);
#956 = LINE('',#957,#958);
#957 = CARTESIAN_POINT('',(-699.9175196759,-1.025181127946E+03));
#958 = VECTOR('',#959,1.);
#959 = DIRECTION('',(0.173648177667,-0.984807753012));
#960 = ( GEOMETRIC_REPRESENTATION_CONTEXT(2) 
PARAMETRIC_REPRESENTATION_CONTEXT() REPRESENTATION_CONTEXT('2D SPACE',''
  ) );
#961 = PCURVE('',#962,#967);
#962 = PLANE('',#963);
#963 = AXIS2_PLACEMENT_3D('',#964,#965,#966);
#964 = CARTESIAN_POINT('',(-485.,150.,1.508E+03));
#965 = DIRECTION('',(0.,0.,1.));
#966 = DIRECTION('',(1.,0.,-0.));
#967 = DEFINITIONAL_REPRESENTATION('',(#968),#972);
#968 = LINE('',#969,#970);
#969 = CARTESIAN_POINT('',(0.,0.));
#970 = VECTOR('',#971,1.);
#971 = DIRECTION('',(0.,1.));
#972 = ( GEOMETRIC_REPRESENTATION_CONTEXT(2) 
PARAMETRIC_REPRESENTATION_CONTEXT() REPRESENTATION_CONTEXT('2D SPACE',''
  ) );
#973 = ORIENTED_EDGE('',*,*,#974,.T.);
#974 = EDGE_CURVE('',#947,#975,#977,.T.);
#975 = VERTEX_POINT('',#976);
#976 = CARTESIAN_POINT('',(-485.,225.,2.19939779238E+03));
#977 = SURFACE_CURVE('',#978,(#982,#989),.PCURVE_S1.);
#978 = LINE('',#979,#980);
#979 = CARTESIAN_POINT('',(-485.,225.,1.508E+03));
#980 = VECTOR('',#981,1.);
#981 = DIRECTION('',(0.,0.,1.));
#982 = PCURVE('',#362,#983);
#983 = DEFINITIONAL_REPRESENTATION('',(#984),#988);
#984 = LINE('',#985,#986);
#985 = CARTESIAN_POINT('',(-686.8939063509,-1.099041709422E+03));
#986 = VECTOR('',#987,1.);
#987 = DIRECTION('',(0.984807753012,0.173648177667));
#988 = ( GEOMETRIC_REPRESENTATION_CONTEXT(2) 
PARAMETRIC_REPRESENTATION_CONTEXT() REPRESENTATION_CONTEXT('2D SPACE',''
  ) );
#989 = PCURVE('',#990,#995);
#990 = PLANE('',#991);
#991 = AXIS2_PLACEMENT_3D('',#992,#993,#994);
#992 = CARTESIAN_POINT('',(-485.,225.,1.508E+03));
#993 = DIRECTION('',(-0.,1.,0.));
#994 = DIRECTION('',(0.,0.,1.));
#995 = DEFINITIONAL_REPRESENTATION('',(#996),#1000);
#996 = LINE('',#997,#998);
#997 = CARTESIAN_POINT('',(0.,0.));
#998 = VECTOR('',#999,1.);
#999 = DIRECTION('',(1.,0.));
#1000 = ( GEOMETRIC_REPRESENTATION_CONTEXT(2) 
PARAMETRIC_REPRESENTATION_CONTEXT() REPRESENTATION_CONTEXT('2D SPACE',''
  ) );
#1001 = ORIENTED_EDGE('',*,*,#1002,.T.);
#1002 = EDGE_CURVE('',#975,#1003,#1005,.T.);
#1003 = VERTEX_POINT('',#1004);
#1004 = CARTESIAN_POINT('',(-485.,234.46827135542,2.197728280679E+03));
#1005 = SURFACE_CURVE('',#1006,(#1010,#1017),.PCURVE_S1.);
#1006 = LINE('',#1007,#1008);
#1007 = CARTESIAN_POINT('',(-485.,165.53172864457,2.209883653116E+03));
#1008 = VECTOR('',#1009,1.);
#1009 = DIRECTION('',(0.,0.984807753012,-0.173648177667));
#1010 = PCURVE('',#362,#1011);
#1011 = DEFINITIONAL_REPRESENTATION('',(#1012),#1016);
#1012 = LINE('',#1013,#1014);
#1013 = CARTESIAN_POINT('',(-6.,-918.5960774349));
#1014 = VECTOR('',#1015,1.);
#1015 = DIRECTION('',(0.,-1.));
#1016 = ( GEOMETRIC_REPRESENTATION_CONTEXT(2) 
PARAMETRIC_REPRESENTATION_CONTEXT() REPRESENTATION_CONTEXT('2D SPACE',''
  ) );
#1017 = PCURVE('',#1018,#1023);
#1018 = PLANE('',#1019);
#1019 = AXIS2_PLACEMENT_3D('',#1020,#1021,#1022);
#1020 = CARTESIAN_POINT('',(-485.,165.53172864457,2.209883653116E+03));
#1021 = DIRECTION('',(0.,0.173648177667,0.984807753012));
#1022 = DIRECTION('',(1.,0.,-0.));
#1023 = DEFINITIONAL_REPRESENTATION('',(#1024),#1028);
#1024 = LINE('',#1025,#1026);
#1025 = CARTESIAN_POINT('',(0.,0.));
#1026 = VECTOR('',#1027,1.);
#1027 = DIRECTION('',(0.,1.));
#1028 = ( GEOMETRIC_REPRESENTATION_CONTEXT(2) 
PARAMETRIC_REPRESENTATION_CONTEXT() REPRESENTATION_CONTEXT('2D SPACE',''
  ) );
#1029 = ORIENTED_EDGE('',*,*,#1030,.T.);
#1030 = EDGE_CURVE('',#1003,#1031,#1033,.T.);
#1031 = VERTEX_POINT('',#1032);
#1032 = CARTESIAN_POINT('',(-485.,235.51016042142,2.203637127197E+03));
#1033 = SURFACE_CURVE('',#1034,(#1038,#1045),.PCURVE_S1.);
#1034 = LINE('',#1035,#1036);
#1035 = CARTESIAN_POINT('',(-485.,234.46827135542,2.197728280679E+03));
#1036 = VECTOR('',#1037,1.);
#1037 = DIRECTION('',(0.,0.173648177667,0.984807753012));
#1038 = PCURVE('',#362,#1039);
#1039 = DEFINITIONAL_REPRESENTATION('',(#1040),#1044);
#1040 = LINE('',#1041,#1042);
#1041 = CARTESIAN_POINT('',(-6.,-988.5960774349));
#1042 = VECTOR('',#1043,1.);
#1043 = DIRECTION('',(1.,0.));
#1044 = ( GEOMETRIC_REPRESENTATION_CONTEXT(2) 
PARAMETRIC_REPRESENTATION_CONTEXT() REPRESENTATION_CONTEXT('2D SPACE',''
  ) );
#1045 = PCURVE('',#1046,#1051);
#1046 = PLANE('',#1047);
#1047 = AXIS2_PLACEMENT_3D('',#1048,#1049,#1050);
#1048 = CARTESIAN_POINT('',(-485.,234.46827135542,2.197728280679E+03));
#1049 = DIRECTION('',(0.,0.984807753012,-0.173648177667));
#1050 = DIRECTION('',(0.,0.173648177667,0.984807753012));
#1051 = DEFINITIONAL_REPRESENTATION('',(#1052),#1056);
#1052 = LINE('',#1053,#1054);
#1053 = CARTESIAN_POINT('',(0.,0.));
#1054 = VECTOR('',#1055,1.);
#1055 = DIRECTION('',(1.,0.));
#1056 = ( GEOMETRIC_REPRESENTATION_CONTEXT(2) 
PARAMETRIC_REPRESENTATION_CONTEXT() REPRESENTATION_CONTEXT('2D SPACE',''
  ) );
#1057 = ORIENTED_EDGE('',*,*,#1058,.T.);
#1058 = EDGE_CURVE('',#1031,#1059,#1061,.T.);
#1059 = VERTEX_POINT('',#1060);
#1060 = CARTESIAN_POINT('',(-485.,418.09738080231,2.171442073911E+03));
#1061 = SURFACE_CURVE('',#1062,(#1066,#1073),.PCURVE_S1.);
#1062 = LINE('',#1063,#1064);
#1063 = CARTESIAN_POINT('',(-485.,-738.066921234,2.375305034492E+03));
#1064 = VECTOR('',#1065,1.);
#1065 = DIRECTION('',(0.,0.984807753012,-0.173648177667));
#1066 = PCURVE('',#362,#1067);
#1067 = DEFINITIONAL_REPRESENTATION('',(#1068),#1072);
#1068 = LINE('',#1069,#1070);
#1069 = CARTESIAN_POINT('',(0.,0.));
#1070 = VECTOR('',#1071,1.);
#1071 = DIRECTION('',(0.,-1.));
#1072 = ( GEOMETRIC_REPRESENTATION_CONTEXT(2) 
PARAMETRIC_REPRESENTATION_CONTEXT() REPRESENTATION_CONTEXT('2D SPACE',''
  ) );
#1073 = PCURVE('',#1074,#1079);
#1074 = PLANE('',#1075);
#1075 = AXIS2_PLACEMENT_3D('',#1076,#1077,#1078);
#1076 = CARTESIAN_POINT('',(-485.,-738.066921234,2.375305034492E+03));
#1077 = DIRECTION('',(0.,0.173648177667,0.984807753012));
#1078 = DIRECTION('',(1.,0.,-0.));
#1079 = DEFINITIONAL_REPRESENTATION('',(#1080),#1084);
#1080 = LINE('',#1081,#1082);
#1081 = CARTESIAN_POINT('',(0.,0.));
#1082 = VECTOR('',#1083,1.);
#1083 = DIRECTION('',(0.,1.));
#1084 = ( GEOMETRIC_REPRESENTATION_CONTEXT(2) 
PARAMETRIC_REPRESENTATION_CONTEXT() REPRESENTATION_CONTEXT('2D SPACE',''
  ) );
#1085 = ORIENTED_EDGE('',*,*,#1086,.T.);
#1086 = EDGE_CURVE('',#1059,#1087,#1089,.T.);
#1087 = VERTEX_POINT('',#1088);
#1088 = CARTESIAN_POINT('',(-485.,425.04330790899,2.210834384032E+03));
#1089 = SURFACE_CURVE('',#1090,(#1094,#1101),.PCURVE_S1.);
#1090 = LINE('',#1091,#1092);
#1091 = CARTESIAN_POINT('',(-485.,418.09738080231,2.171442073911E+03));
#1092 = VECTOR('',#1093,1.);
#1093 = DIRECTION('',(0.,0.173648177667,0.984807753012));
#1094 = PCURVE('',#362,#1095);
#1095 = DEFINITIONAL_REPRESENTATION('',(#1096),#1100);
#1096 = LINE('',#1097,#1098);
#1097 = CARTESIAN_POINT('',(1.705302565824E-13,-1.174E+03));
#1098 = VECTOR('',#1099,1.);
#1099 = DIRECTION('',(1.,0.));
#1100 = ( GEOMETRIC_REPRESENTATION_CONTEXT(2) 
PARAMETRIC_REPRESENTATION_CONTEXT() REPRESENTATION_CONTEXT('2D SPACE',''
  ) );
#1101 = PCURVE('',#1102,#1107);
#1102 = PLANE('',#1103);
#1103 = AXIS2_PLACEMENT_3D('',#1104,#1105,#1106);
#1104 = CARTESIAN_POINT('',(-485.,418.09738080231,2.171442073911E+03));
#1105 = DIRECTION('',(0.,0.984807753012,-0.173648177667));
#1106 = DIRECTION('',(0.,0.173648177667,0.984807753012));
#1107 = DEFINITIONAL_REPRESENTATION('',(#1108),#1112);
#1108 = LINE('',#1109,#1110);
#1109 = CARTESIAN_POINT('',(0.,0.));
#1110 = VECTOR('',#1111,1.);
#1111 = DIRECTION('',(1.,0.));
#1112 = ( GEOMETRIC_REPRESENTATION_CONTEXT(2) 
PARAMETRIC_REPRESENTATION_CONTEXT() REPRESENTATION_CONTEXT('2D SPACE',''
  ) );
#1113 = ORIENTED_EDGE('',*,*,#1114,.F.);
#1114 = EDGE_CURVE('',#354,#1087,#1115,.T.);
#1115 = SURFACE_CURVE('',#1116,(#1120,#1127),.PCURVE_S1.);
#1116 = LINE('',#1117,#1118);
#1117 = CARTESIAN_POINT('',(-485.,-731.1209941273,2.414697344613E+03));
#1118 = VECTOR('',#1119,1.);
#1119 = DIRECTION('',(0.,0.984807753012,-0.173648177667));
#1120 = PCURVE('',#362,#1121);
#1121 = DEFINITIONAL_REPRESENTATION('',(#1122),#1126);
#1122 = LINE('',#1123,#1124);
#1123 = CARTESIAN_POINT('',(40.,-3.552713678801E-14));
#1124 = VECTOR('',#1125,1.);
#1125 = DIRECTION('',(0.,-1.));
#1126 = ( GEOMETRIC_REPRESENTATION_CONTEXT(2) 
PARAMETRIC_REPRESENTATION_CONTEXT() REPRESENTATION_CONTEXT('2D SPACE',''
  ) );
#1127 = PCURVE('',#1128,#1133);
#1128 = PLANE('',#1129);
#1129 = AXIS2_PLACEMENT_3D('',#1130,#1131,#1132);
#1130 = CARTESIAN_POINT('',(-485.,-731.1209941273,2.414697344613E+03));
#1131 = DIRECTION('',(0.,0.173648177667,0.984807753012));
#1132 = DIRECTION('',(1.,0.,-0.));
#1133 = DEFINITIONAL_REPRESENTATION('',(#1134),#1138);
#1134 = LINE('',#1135,#1136);
#1135 = CARTESIAN_POINT('',(0.,0.));
#1136 = VECTOR('',#1137,1.);
#1137 = DIRECTION('',(0.,1.));
#1138 = ( GEOMETRIC_REPRESENTATION_CONTEXT(2) 
PARAMETRIC_REPRESENTATION_CONTEXT() REPRESENTATION_CONTEXT('2D SPACE',''
  ) );
#1139 = ADVANCED_FACE('',(#1140,#1215),#374,.F.);
#1140 = FACE_BOUND('',#1141,.F.);
#1141 = EDGE_LOOP('',(#1142,#1165,#1166,#1189));
#1142 = ORIENTED_EDGE('',*,*,#1143,.F.);
#1143 = EDGE_CURVE('',#352,#1144,#1146,.T.);
#1144 = VERTEX_POINT('',#1145);
#1145 = CARTESIAN_POINT('',(-435.,-738.066921234,2.375305034492E+03));
#1146 = SURFACE_CURVE('',#1147,(#1151,#1158),.PCURVE_S1.);
#1147 = LINE('',#1148,#1149);
#1148 = CARTESIAN_POINT('',(-485.,-738.066921234,2.375305034492E+03));
#1149 = VECTOR('',#1150,1.);
#1150 = DIRECTION('',(1.,0.,-0.));
#1151 = PCURVE('',#374,#1152);
#1152 = DEFINITIONAL_REPRESENTATION('',(#1153),#1157);
#1153 = LINE('',#1154,#1155);
#1154 = CARTESIAN_POINT('',(0.,0.));
#1155 = VECTOR('',#1156,1.);
#1156 = DIRECTION('',(0.,1.));
#1157 = ( GEOMETRIC_REPRESENTATION_CONTEXT(2) 
PARAMETRIC_REPRESENTATION_CONTEXT() REPRESENTATION_CONTEXT('2D SPACE',''
  ) );
#1158 = PCURVE('',#402,#1159);
#1159 = DEFINITIONAL_REPRESENTATION('',(#1160),#1164);
#1160 = LINE('',#1161,#1162);
#1161 = CARTESIAN_POINT('',(0.,0.));
#1162 = VECTOR('',#1163,1.);
#1163 = DIRECTION('',(1.,0.));
#1164 = ( GEOMETRIC_REPRESENTATION_CONTEXT(2) 
PARAMETRIC_REPRESENTATION_CONTEXT() REPRESENTATION_CONTEXT('2D SPACE',''
  ) );
#1165 = ORIENTED_EDGE('',*,*,#351,.T.);
#1166 = ORIENTED_EDGE('',*,*,#1167,.T.);
#1167 = EDGE_CURVE('',#354,#1168,#1170,.T.);
#1168 = VERTEX_POINT('',#1169);
#1169 = CARTESIAN_POINT('',(-435.,-731.1209941273,2.414697344613E+03));
#1170 = SURFACE_CURVE('',#1171,(#1175,#1182),.PCURVE_S1.);
#1171 = LINE('',#1172,#1173);
#1172 = CARTESIAN_POINT('',(-485.,-731.1209941273,2.414697344613E+03));
#1173 = VECTOR('',#1174,1.);
#1174 = DIRECTION('',(1.,0.,-0.));
#1175 = PCURVE('',#374,#1176);
#1176 = DEFINITIONAL_REPRESENTATION('',(#1177),#1181);
#1177 = LINE('',#1178,#1179);
#1178 = CARTESIAN_POINT('',(40.,0.));
#1179 = VECTOR('',#1180,1.);
#1180 = DIRECTION('',(0.,1.));
#1181 = ( GEOMETRIC_REPRESENTATION_CONTEXT(2) 
PARAMETRIC_REPRESENTATION_CONTEXT() REPRESENTATION_CONTEXT('2D SPACE',''
  ) );
#1182 = PCURVE('',#1128,#1183);
#1183 = DEFINITIONAL_REPRESENTATION('',(#1184),#1188);
#1184 = LINE('',#1185,#1186);
#1185 = CARTESIAN_POINT('',(0.,0.));
#1186 = VECTOR('',#1187,1.);
#1187 = DIRECTION('',(1.,0.));
#1188 = ( GEOMETRIC_REPRESENTATION_CONTEXT(2) 
PARAMETRIC_REPRESENTATION_CONTEXT() REPRESENTATION_CONTEXT('2D SPACE',''
  ) );
#1189 = ORIENTED_EDGE('',*,*,#1190,.F.);
#1190 = EDGE_CURVE('',#1144,#1168,#1191,.T.);
#1191 = SURFACE_CURVE('',#1192,(#1196,#1203),.PCURVE_S1.);
#1192 = LINE('',#1193,#1194);
#1193 = CARTESIAN_POINT('',(-435.,-738.066921234,2.375305034492E+03));
#1194 = VECTOR('',#1195,1.);
#1195 = DIRECTION('',(0.,0.173648177667,0.984807753012));
#1196 = PCURVE('',#374,#1197);
#1197 = DEFINITIONAL_REPRESENTATION('',(#1198),#1202);
#1198 = LINE('',#1199,#1200);
#1199 = CARTESIAN_POINT('',(0.,50.));
#1200 = VECTOR('',#1201,1.);
#1201 = DIRECTION('',(1.,0.));
#1202 = ( GEOMETRIC_REPRESENTATION_CONTEXT(2) 
PARAMETRIC_REPRESENTATION_CONTEXT() REPRESENTATION_CONTEXT('2D SPACE',''
  ) );
#1203 = PCURVE('',#1204,#1209);
#1204 = PLANE('',#1205);
#1205 = AXIS2_PLACEMENT_3D('',#1206,#1207,#1208);
#1206 = CARTESIAN_POINT('',(-435.,-738.066921234,2.375305034492E+03));
#1207 = DIRECTION('',(1.,0.,-0.));
#1208 = DIRECTION('',(0.,0.173648177667,0.984807753012));
#1209 = DEFINITIONAL_REPRESENTATION('',(#1210),#1214);
#1210 = LINE('',#1211,#1212);
#1211 = CARTESIAN_POINT('',(0.,0.));
#1212 = VECTOR('',#1213,1.);
#1213 = DIRECTION('',(1.,0.));
#1214 = ( GEOMETRIC_REPRESENTATION_CONTEXT(2) 
PARAMETRIC_REPRESENTATION_CONTEXT() REPRESENTATION_CONTEXT('2D SPACE',''
  ) );
#1215 = FACE_BOUND('',#1216,.F.);
#1216 = EDGE_LOOP('',(#1217,#1245,#1271,#1297));
#1217 = ORIENTED_EDGE('',*,*,#1218,.F.);
#1218 = EDGE_CURVE('',#1219,#1221,#1223,.T.);
#1219 = VERTEX_POINT('',#1220);
#1220 = CARTESIAN_POINT('',(-482.,-731.6419386603,2.411742921354E+03));
#1221 = VERTEX_POINT('',#1222);
#1222 = CARTESIAN_POINT('',(-438.,-731.6419386603,2.411742921354E+03));
#1223 = SURFACE_CURVE('',#1224,(#1228,#1234),.PCURVE_S1.);
#1224 = LINE('',#1225,#1226);
#1225 = CARTESIAN_POINT('',(-483.5,-731.6419386603,2.411742921354E+03));
#1226 = VECTOR('',#1227,1.);
#1227 = DIRECTION('',(1.,0.,-0.));
#1228 = PCURVE('',#374,#1229);
#1229 = DEFINITIONAL_REPRESENTATION('',(#1230),#1233);
#1230 = B_SPLINE_CURVE_WITH_KNOTS('',1,(#1231,#1232),.UNSPECIFIED.,.F.,
  .F.,(2,2),(1.5,45.5),.PIECEWISE_BEZIER_KNOTS.);
#1231 = CARTESIAN_POINT('',(37.,3.));
#1232 = CARTESIAN_POINT('',(37.,47.));
#1233 = ( GEOMETRIC_REPRESENTATION_CONTEXT(2) 
PARAMETRIC_REPRESENTATION_CONTEXT() REPRESENTATION_CONTEXT('2D SPACE',''
  ) );
#1234 = PCURVE('',#1235,#1240);
#1235 = PLANE('',#1236);
#1236 = AXIS2_PLACEMENT_3D('',#1237,#1238,#1239);
#1237 = CARTESIAN_POINT('',(-482.,-732.6267464133,2.411916569531E+03));
#1238 = DIRECTION('',(0.,0.173648177667,0.984807753012));
#1239 = DIRECTION('',(1.,0.,-0.));
#1240 = DEFINITIONAL_REPRESENTATION('',(#1241),#1244);
#1241 = B_SPLINE_CURVE_WITH_KNOTS('',1,(#1242,#1243),.UNSPECIFIED.,.F.,
  .F.,(2,2),(1.5,45.5),.PIECEWISE_BEZIER_KNOTS.);
#1242 = CARTESIAN_POINT('',(0.,1.));
#1243 = CARTESIAN_POINT('',(44.,1.));
#1244 = ( GEOMETRIC_REPRESENTATION_CONTEXT(2) 
PARAMETRIC_REPRESENTATION_CONTEXT() REPRESENTATION_CONTEXT('2D SPACE',''
  ) );
#1245 = ORIENTED_EDGE('',*,*,#1246,.T.);
#1246 = EDGE_CURVE('',#1219,#1247,#1249,.T.);
#1247 = VERTEX_POINT('',#1248);
#1248 = CARTESIAN_POINT('',(-482.,-737.545976701,2.378259457751E+03));
#1249 = SURFACE_CURVE('',#1250,(#1254,#1260),.PCURVE_S1.);
#1250 = LINE('',#1251,#1252);
#1251 = CARTESIAN_POINT('',(-482.,-737.8064489675,2.376782246122E+03));
#1252 = VECTOR('',#1253,1.);
#1253 = DIRECTION('',(-0.,-0.173648177667,-0.984807753012));
#1254 = PCURVE('',#374,#1255);
#1255 = DEFINITIONAL_REPRESENTATION('',(#1256),#1259);
#1256 = B_SPLINE_CURVE_WITH_KNOTS('',1,(#1257,#1258),.UNSPECIFIED.,.F.,
  .F.,(2,2),(-35.5,-1.5),.PIECEWISE_BEZIER_KNOTS.);
#1257 = CARTESIAN_POINT('',(37.,3.));
#1258 = CARTESIAN_POINT('',(3.,3.));
#1259 = ( GEOMETRIC_REPRESENTATION_CONTEXT(2) 
PARAMETRIC_REPRESENTATION_CONTEXT() REPRESENTATION_CONTEXT('2D SPACE',''
  ) );
#1260 = PCURVE('',#1261,#1266);
#1261 = PLANE('',#1262);
#1262 = AXIS2_PLACEMENT_3D('',#1263,#1264,#1265);
#1263 = CARTESIAN_POINT('',(-482.,-738.530784454,2.378433105929E+03));
#1264 = DIRECTION('',(1.,0.,-0.));
#1265 = DIRECTION('',(0.,0.173648177667,0.984807753012));
#1266 = DEFINITIONAL_REPRESENTATION('',(#1267),#1270);
#1267 = B_SPLINE_CURVE_WITH_KNOTS('',1,(#1268,#1269),.UNSPECIFIED.,.F.,
  .F.,(2,2),(-35.5,-1.5),.PIECEWISE_BEZIER_KNOTS.);
#1268 = CARTESIAN_POINT('',(34.,-1.));
#1269 = CARTESIAN_POINT('',(0.,-1.));
#1270 = ( GEOMETRIC_REPRESENTATION_CONTEXT(2) 
PARAMETRIC_REPRESENTATION_CONTEXT() REPRESENTATION_CONTEXT('2D SPACE',''
  ) );
#1271 = ORIENTED_EDGE('',*,*,#1272,.T.);
#1272 = EDGE_CURVE('',#1247,#1273,#1275,.T.);
#1273 = VERTEX_POINT('',#1274);
#1274 = CARTESIAN_POINT('',(-438.,-737.545976701,2.378259457751E+03));
#1275 = SURFACE_CURVE('',#1276,(#1280,#1286),.PCURVE_S1.);
#1276 = LINE('',#1277,#1278);
#1277 = CARTESIAN_POINT('',(-483.5,-737.545976701,2.378259457751E+03));
#1278 = VECTOR('',#1279,1.);
#1279 = DIRECTION('',(1.,0.,-0.));
#1280 = PCURVE('',#374,#1281);
#1281 = DEFINITIONAL_REPRESENTATION('',(#1282),#1285);
#1282 = B_SPLINE_CURVE_WITH_KNOTS('',1,(#1283,#1284),.UNSPECIFIED.,.F.,
  .F.,(2,2),(1.5,45.5),.PIECEWISE_BEZIER_KNOTS.);
#1283 = CARTESIAN_POINT('',(3.,3.));
#1284 = CARTESIAN_POINT('',(3.,47.));
#1285 = ( GEOMETRIC_REPRESENTATION_CONTEXT(2) 
PARAMETRIC_REPRESENTATION_CONTEXT() REPRESENTATION_CONTEXT('2D SPACE',''
  ) );
#1286 = PCURVE('',#1287,#1292);
#1287 = PLANE('',#1288);
#1288 = AXIS2_PLACEMENT_3D('',#1289,#1290,#1291);
#1289 = CARTESIAN_POINT('',(-482.,-738.530784454,2.378433105929E+03));
#1290 = DIRECTION('',(0.,0.173648177667,0.984807753012));
#1291 = DIRECTION('',(1.,0.,-0.));
#1292 = DEFINITIONAL_REPRESENTATION('',(#1293),#1296);
#1293 = B_SPLINE_CURVE_WITH_KNOTS('',1,(#1294,#1295),.UNSPECIFIED.,.F.,
  .F.,(2,2),(1.5,45.5),.PIECEWISE_BEZIER_KNOTS.);
#1294 = CARTESIAN_POINT('',(0.,1.));
#1295 = CARTESIAN_POINT('',(44.,1.));
#1296 = ( GEOMETRIC_REPRESENTATION_CONTEXT(2) 
PARAMETRIC_REPRESENTATION_CONTEXT() REPRESENTATION_CONTEXT('2D SPACE',''
  ) );
#1297 = ORIENTED_EDGE('',*,*,#1298,.F.);
#1298 = EDGE_CURVE('',#1221,#1273,#1299,.T.);
#1299 = SURFACE_CURVE('',#1300,(#1304,#1310),.PCURVE_S1.);
#1300 = LINE('',#1301,#1302);
#1301 = CARTESIAN_POINT('',(-438.,-737.8064489675,2.376782246122E+03));
#1302 = VECTOR('',#1303,1.);
#1303 = DIRECTION('',(-0.,-0.173648177667,-0.984807753012));
#1304 = PCURVE('',#374,#1305);
#1305 = DEFINITIONAL_REPRESENTATION('',(#1306),#1309);
#1306 = B_SPLINE_CURVE_WITH_KNOTS('',1,(#1307,#1308),.UNSPECIFIED.,.F.,
  .F.,(2,2),(-35.5,-1.5),.PIECEWISE_BEZIER_KNOTS.);
#1307 = CARTESIAN_POINT('',(37.,47.));
#1308 = CARTESIAN_POINT('',(3.,47.));
#1309 = ( GEOMETRIC_REPRESENTATION_CONTEXT(2) 
PARAMETRIC_REPRESENTATION_CONTEXT() REPRESENTATION_CONTEXT('2D SPACE',''
  ) );
#1310 = PCURVE('',#1311,#1316);
#1311 = PLANE('',#1312);
#1312 = AXIS2_PLACEMENT_3D('',#1313,#1314,#1315);
#1313 = CARTESIAN_POINT('',(-438.,-738.530784454,2.378433105929E+03));
#1314 = DIRECTION('',(1.,0.,-0.));
#1315 = DIRECTION('',(0.,0.173648177667,0.984807753012));
#1316 = DEFINITIONAL_REPRESENTATION('',(#1317),#1320);
#1317 = B_SPLINE_CURVE_WITH_KNOTS('',1,(#1318,#1319),.UNSPECIFIED.,.F.,
  .F.,(2,2),(-35.5,-1.5),.PIECEWISE_BEZIER_KNOTS.);
#1318 = CARTESIAN_POINT('',(34.,-1.));
#1319 = CARTESIAN_POINT('',(0.,-1.));
#1320 = ( GEOMETRIC_REPRESENTATION_CONTEXT(2) 
PARAMETRIC_REPRESENTATION_CONTEXT() REPRESENTATION_CONTEXT('2D SPACE',''
  ) );
#1321 = ADVANCED_FACE('',(#1322),#402,.F.);
#1322 = FACE_BOUND('',#1323,.F.);
#1323 = EDGE_LOOP('',(#1324,#1325,#1326,#1349));
#1324 = ORIENTED_EDGE('',*,*,#386,.F.);
#1325 = ORIENTED_EDGE('',*,*,#1143,.T.);
#1326 = ORIENTED_EDGE('',*,*,#1327,.T.);
#1327 = EDGE_CURVE('',#1144,#1328,#1330,.T.);
#1328 = VERTEX_POINT('',#1329);
#1329 = CARTESIAN_POINT('',(-435.,-233.4263822894,2.286323291917E+03));
#1330 = SURFACE_CURVE('',#1331,(#1335,#1342),.PCURVE_S1.);
#1331 = LINE('',#1332,#1333);
#1332 = CARTESIAN_POINT('',(-435.,-738.066921234,2.375305034492E+03));
#1333 = VECTOR('',#1334,1.);
#1334 = DIRECTION('',(0.,0.984807753012,-0.173648177667));
#1335 = PCURVE('',#402,#1336);
#1336 = DEFINITIONAL_REPRESENTATION('',(#1337),#1341);
#1337 = LINE('',#1338,#1339);
#1338 = CARTESIAN_POINT('',(50.,0.));
#1339 = VECTOR('',#1340,1.);
#1340 = DIRECTION('',(0.,1.));
#1341 = ( GEOMETRIC_REPRESENTATION_CONTEXT(2) 
PARAMETRIC_REPRESENTATION_CONTEXT() REPRESENTATION_CONTEXT('2D SPACE',''
  ) );
#1342 = PCURVE('',#1204,#1343);
#1343 = DEFINITIONAL_REPRESENTATION('',(#1344),#1348);
#1344 = LINE('',#1345,#1346);
#1345 = CARTESIAN_POINT('',(0.,0.));
#1346 = VECTOR('',#1347,1.);
#1347 = DIRECTION('',(0.,-1.));
#1348 = ( GEOMETRIC_REPRESENTATION_CONTEXT(2) 
PARAMETRIC_REPRESENTATION_CONTEXT() REPRESENTATION_CONTEXT('2D SPACE',''
  ) );
#1349 = ORIENTED_EDGE('',*,*,#1350,.F.);
#1350 = EDGE_CURVE('',#387,#1328,#1351,.T.);
#1351 = SURFACE_CURVE('',#1352,(#1356,#1363),.PCURVE_S1.);
#1352 = LINE('',#1353,#1354);
#1353 = CARTESIAN_POINT('',(-485.,-233.4263822894,2.286323291917E+03));
#1354 = VECTOR('',#1355,1.);
#1355 = DIRECTION('',(1.,0.,-0.));
#1356 = PCURVE('',#402,#1357);
#1357 = DEFINITIONAL_REPRESENTATION('',(#1358),#1362);
#1358 = LINE('',#1359,#1360);
#1359 = CARTESIAN_POINT('',(0.,512.4254326807));
#1360 = VECTOR('',#1361,1.);
#1361 = DIRECTION('',(1.,0.));
#1362 = ( GEOMETRIC_REPRESENTATION_CONTEXT(2) 
PARAMETRIC_REPRESENTATION_CONTEXT() REPRESENTATION_CONTEXT('2D SPACE',''
  ) );
#1363 = PCURVE('',#430,#1364);
#1364 = DEFINITIONAL_REPRESENTATION('',(#1365),#1369);
#1365 = LINE('',#1366,#1367);
#1366 = CARTESIAN_POINT('',(6.,0.));
#1367 = VECTOR('',#1368,1.);
#1368 = DIRECTION('',(0.,1.));
#1369 = ( GEOMETRIC_REPRESENTATION_CONTEXT(2) 
PARAMETRIC_REPRESENTATION_CONTEXT() REPRESENTATION_CONTEXT('2D SPACE',''
  ) );
#1370 = ADVANCED_FACE('',(#1371),#430,.F.);
#1371 = FACE_BOUND('',#1372,.F.);
#1372 = EDGE_LOOP('',(#1373,#1396,#1397,#1398));
#1373 = ORIENTED_EDGE('',*,*,#1374,.F.);
#1374 = EDGE_CURVE('',#415,#1375,#1377,.T.);
#1375 = VERTEX_POINT('',#1376);
#1376 = CARTESIAN_POINT('',(-435.,-234.4682713554,2.280414445399E+03));
#1377 = SURFACE_CURVE('',#1378,(#1382,#1389),.PCURVE_S1.);
#1378 = LINE('',#1379,#1380);
#1379 = CARTESIAN_POINT('',(-485.,-234.4682713554,2.280414445399E+03));
#1380 = VECTOR('',#1381,1.);
#1381 = DIRECTION('',(1.,0.,-0.));
#1382 = PCURVE('',#430,#1383);
#1383 = DEFINITIONAL_REPRESENTATION('',(#1384),#1388);
#1384 = LINE('',#1385,#1386);
#1385 = CARTESIAN_POINT('',(0.,0.));
#1386 = VECTOR('',#1387,1.);
#1387 = DIRECTION('',(0.,1.));
#1388 = ( GEOMETRIC_REPRESENTATION_CONTEXT(2) 
PARAMETRIC_REPRESENTATION_CONTEXT() REPRESENTATION_CONTEXT('2D SPACE',''
  ) );
#1389 = PCURVE('',#458,#1390);
#1390 = DEFINITIONAL_REPRESENTATION('',(#1391),#1395);
#1391 = LINE('',#1392,#1393);
#1392 = CARTESIAN_POINT('',(0.,0.));
#1393 = VECTOR('',#1394,1.);
#1394 = DIRECTION('',(1.,0.));
#1395 = ( GEOMETRIC_REPRESENTATION_CONTEXT(2) 
PARAMETRIC_REPRESENTATION_CONTEXT() REPRESENTATION_CONTEXT('2D SPACE',''
  ) );
#1396 = ORIENTED_EDGE('',*,*,#414,.T.);
#1397 = ORIENTED_EDGE('',*,*,#1350,.T.);
#1398 = ORIENTED_EDGE('',*,*,#1399,.F.);
#1399 = EDGE_CURVE('',#1375,#1328,#1400,.T.);
#1400 = SURFACE_CURVE('',#1401,(#1405,#1412),.PCURVE_S1.);
#1401 = LINE('',#1402,#1403);
#1402 = CARTESIAN_POINT('',(-435.,-234.4682713554,2.280414445399E+03));
#1403 = VECTOR('',#1404,1.);
#1404 = DIRECTION('',(0.,0.173648177667,0.984807753012));
#1405 = PCURVE('',#430,#1406);
#1406 = DEFINITIONAL_REPRESENTATION('',(#1407),#1411);
#1407 = LINE('',#1408,#1409);
#1408 = CARTESIAN_POINT('',(0.,50.));
#1409 = VECTOR('',#1410,1.);
#1410 = DIRECTION('',(1.,0.));
#1411 = ( GEOMETRIC_REPRESENTATION_CONTEXT(2) 
PARAMETRIC_REPRESENTATION_CONTEXT() REPRESENTATION_CONTEXT('2D SPACE',''
  ) );
#1412 = PCURVE('',#1204,#1413);
#1413 = DEFINITIONAL_REPRESENTATION('',(#1414),#1418);
#1414 = LINE('',#1415,#1416);
#1415 = CARTESIAN_POINT('',(-6.,-512.4254326807));
#1416 = VECTOR('',#1417,1.);
#1417 = DIRECTION('',(1.,0.));
#1418 = ( GEOMETRIC_REPRESENTATION_CONTEXT(2) 
PARAMETRIC_REPRESENTATION_CONTEXT() REPRESENTATION_CONTEXT('2D SPACE',''
  ) );
#1419 = ADVANCED_FACE('',(#1420),#458,.F.);
#1420 = FACE_BOUND('',#1421,.F.);
#1421 = EDGE_LOOP('',(#1422,#1423,#1424,#1447));
#1422 = ORIENTED_EDGE('',*,*,#442,.F.);
#1423 = ORIENTED_EDGE('',*,*,#1374,.T.);
#1424 = ORIENTED_EDGE('',*,*,#1425,.T.);
#1425 = EDGE_CURVE('',#1375,#1426,#1428,.T.);
#1426 = VERTEX_POINT('',#1427);
#1427 = CARTESIAN_POINT('',(-435.,-225.,2.278744933698E+03));
#1428 = SURFACE_CURVE('',#1429,(#1433,#1440),.PCURVE_S1.);
#1429 = LINE('',#1430,#1431);
#1430 = CARTESIAN_POINT('',(-435.,-234.4682713554,2.280414445399E+03));
#1431 = VECTOR('',#1432,1.);
#1432 = DIRECTION('',(0.,0.984807753012,-0.173648177667));
#1433 = PCURVE('',#458,#1434);
#1434 = DEFINITIONAL_REPRESENTATION('',(#1435),#1439);
#1435 = LINE('',#1436,#1437);
#1436 = CARTESIAN_POINT('',(50.,0.));
#1437 = VECTOR('',#1438,1.);
#1438 = DIRECTION('',(0.,1.));
#1439 = ( GEOMETRIC_REPRESENTATION_CONTEXT(2) 
PARAMETRIC_REPRESENTATION_CONTEXT() REPRESENTATION_CONTEXT('2D SPACE',''
  ) );
#1440 = PCURVE('',#1204,#1441);
#1441 = DEFINITIONAL_REPRESENTATION('',(#1442),#1446);
#1442 = LINE('',#1443,#1444);
#1443 = CARTESIAN_POINT('',(-6.,-512.4254326807));
#1444 = VECTOR('',#1445,1.);
#1445 = DIRECTION('',(0.,-1.));
#1446 = ( GEOMETRIC_REPRESENTATION_CONTEXT(2) 
PARAMETRIC_REPRESENTATION_CONTEXT() REPRESENTATION_CONTEXT('2D SPACE',''
  ) );
#1447 = ORIENTED_EDGE('',*,*,#1448,.F.);
#1448 = EDGE_CURVE('',#443,#1426,#1449,.T.);
#1449 = SURFACE_CURVE('',#1450,(#1454,#1461),.PCURVE_S1.);
#1450 = LINE('',#1451,#1452);
#1451 = CARTESIAN_POINT('',(-1.7425E+03,-225.,2.278744933698E+03));
#1452 = VECTOR('',#1453,1.);
#1453 = DIRECTION('',(1.,0.,-0.));
#1454 = PCURVE('',#458,#1455);
#1455 = DEFINITIONAL_REPRESENTATION('',(#1456),#1460);
#1456 = LINE('',#1457,#1458);
#1457 = CARTESIAN_POINT('',(-1.2575E+03,9.614334702856));
#1458 = VECTOR('',#1459,1.);
#1459 = DIRECTION('',(1.,0.));
#1460 = ( GEOMETRIC_REPRESENTATION_CONTEXT(2) 
PARAMETRIC_REPRESENTATION_CONTEXT() REPRESENTATION_CONTEXT('2D SPACE',''
  ) );
#1461 = PCURVE('',#486,#1462);
#1462 = DEFINITIONAL_REPRESENTATION('',(#1463),#1466);
#1463 = B_SPLINE_CURVE_WITH_KNOTS('',1,(#1464,#1465),.UNSPECIFIED.,.F.,
  .F.,(2,2),(1.2575E+03,1.3075E+03),.PIECEWISE_BEZIER_KNOTS.);
#1464 = CARTESIAN_POINT('',(770.74493369839,0.));
#1465 = CARTESIAN_POINT('',(770.74493369839,50.));
#1466 = ( GEOMETRIC_REPRESENTATION_CONTEXT(2) 
PARAMETRIC_REPRESENTATION_CONTEXT() REPRESENTATION_CONTEXT('2D SPACE',''
  ) );
#1467 = ADVANCED_FACE('',(#1468),#486,.F.);
#1468 = FACE_BOUND('',#1469,.F.);
#1469 = EDGE_LOOP('',(#1470,#1493,#1514,#1515));
#1470 = ORIENTED_EDGE('',*,*,#1471,.F.);
#1471 = EDGE_CURVE('',#1472,#1426,#1474,.T.);
#1472 = VERTEX_POINT('',#1473);
#1473 = CARTESIAN_POINT('',(-435.,-225.,1.508E+03));
#1474 = SURFACE_CURVE('',#1475,(#1479,#1486),.PCURVE_S1.);
#1475 = LINE('',#1476,#1477);
#1476 = CARTESIAN_POINT('',(-435.,-225.,1.508E+03));
#1477 = VECTOR('',#1478,1.);
#1478 = DIRECTION('',(0.,0.,1.));
#1479 = PCURVE('',#486,#1480);
#1480 = DEFINITIONAL_REPRESENTATION('',(#1481),#1485);
#1481 = LINE('',#1482,#1483);
#1482 = CARTESIAN_POINT('',(0.,50.));
#1483 = VECTOR('',#1484,1.);
#1484 = DIRECTION('',(1.,0.));
#1485 = ( GEOMETRIC_REPRESENTATION_CONTEXT(2) 
PARAMETRIC_REPRESENTATION_CONTEXT() REPRESENTATION_CONTEXT('2D SPACE',''
  ) );
#1486 = PCURVE('',#1204,#1487);
#1487 = DEFINITIONAL_REPRESENTATION('',(#1488),#1492);
#1488 = LINE('',#1489,#1490);
#1489 = CARTESIAN_POINT('',(-765.035586301,-655.8782205663));
#1490 = VECTOR('',#1491,1.);
#1491 = DIRECTION('',(0.984807753012,0.173648177667));
#1492 = ( GEOMETRIC_REPRESENTATION_CONTEXT(2) 
PARAMETRIC_REPRESENTATION_CONTEXT() REPRESENTATION_CONTEXT('2D SPACE',''
  ) );
#1493 = ORIENTED_EDGE('',*,*,#1494,.F.);
#1494 = EDGE_CURVE('',#471,#1472,#1495,.T.);
#1495 = SURFACE_CURVE('',#1496,(#1500,#1507),.PCURVE_S1.);
#1496 = LINE('',#1497,#1498);
#1497 = CARTESIAN_POINT('',(-485.,-225.,1.508E+03));
#1498 = VECTOR('',#1499,1.);
#1499 = DIRECTION('',(1.,0.,-0.));
#1500 = PCURVE('',#486,#1501);
#1501 = DEFINITIONAL_REPRESENTATION('',(#1502),#1506);
#1502 = LINE('',#1503,#1504);
#1503 = CARTESIAN_POINT('',(0.,0.));
#1504 = VECTOR('',#1505,1.);
#1505 = DIRECTION('',(0.,1.));
#1506 = ( GEOMETRIC_REPRESENTATION_CONTEXT(2) 
PARAMETRIC_REPRESENTATION_CONTEXT() REPRESENTATION_CONTEXT('2D SPACE',''
  ) );
#1507 = PCURVE('',#514,#1508);
#1508 = DEFINITIONAL_REPRESENTATION('',(#1509),#1513);
#1509 = LINE('',#1510,#1511);
#1510 = CARTESIAN_POINT('',(0.,25.));
#1511 = VECTOR('',#1512,1.);
#1512 = DIRECTION('',(1.,0.));
#1513 = ( GEOMETRIC_REPRESENTATION_CONTEXT(2) 
PARAMETRIC_REPRESENTATION_CONTEXT() REPRESENTATION_CONTEXT('2D SPACE',''
  ) );
#1514 = ORIENTED_EDGE('',*,*,#470,.T.);
#1515 = ORIENTED_EDGE('',*,*,#1448,.T.);
#1516 = ADVANCED_FACE('',(#1517,#1565),#514,.T.);
#1517 = FACE_BOUND('',#1518,.T.);
#1518 = EDGE_LOOP('',(#1519,#1520,#1543,#1564));
#1519 = ORIENTED_EDGE('',*,*,#498,.F.);
#1520 = ORIENTED_EDGE('',*,*,#1521,.T.);
#1521 = EDGE_CURVE('',#499,#1522,#1524,.T.);
#1522 = VERTEX_POINT('',#1523);
#1523 = CARTESIAN_POINT('',(-435.,-250.,1.508E+03));
#1524 = SURFACE_CURVE('',#1525,(#1529,#1536),.PCURVE_S1.);
#1525 = LINE('',#1526,#1527);
#1526 = CARTESIAN_POINT('',(-485.,-250.,1.508E+03));
#1527 = VECTOR('',#1528,1.);
#1528 = DIRECTION('',(1.,0.,-0.));
#1529 = PCURVE('',#514,#1530);
#1530 = DEFINITIONAL_REPRESENTATION('',(#1531),#1535);
#1531 = LINE('',#1532,#1533);
#1532 = CARTESIAN_POINT('',(0.,0.));
#1533 = VECTOR('',#1534,1.);
#1534 = DIRECTION('',(1.,0.));
#1535 = ( GEOMETRIC_REPRESENTATION_CONTEXT(2) 
PARAMETRIC_REPRESENTATION_CONTEXT() REPRESENTATION_CONTEXT('2D SPACE',''
  ) );
#1536 = PCURVE('',#542,#1537);
#1537 = DEFINITIONAL_REPRESENTATION('',(#1538),#1542);
#1538 = LINE('',#1539,#1540);
#1539 = CARTESIAN_POINT('',(8.,0.));
#1540 = VECTOR('',#1541,1.);
#1541 = DIRECTION('',(0.,1.));
#1542 = ( GEOMETRIC_REPRESENTATION_CONTEXT(2) 
PARAMETRIC_REPRESENTATION_CONTEXT() REPRESENTATION_CONTEXT('2D SPACE',''
  ) );
#1543 = ORIENTED_EDGE('',*,*,#1544,.T.);
#1544 = EDGE_CURVE('',#1522,#1472,#1545,.T.);
#1545 = SURFACE_CURVE('',#1546,(#1550,#1557),.PCURVE_S1.);
#1546 = LINE('',#1547,#1548);
#1547 = CARTESIAN_POINT('',(-435.,-250.,1.508E+03));
#1548 = VECTOR('',#1549,1.);
#1549 = DIRECTION('',(-0.,1.,0.));
#1550 = PCURVE('',#514,#1551);
#1551 = DEFINITIONAL_REPRESENTATION('',(#1552),#1556);
#1552 = LINE('',#1553,#1554);
#1553 = CARTESIAN_POINT('',(50.,0.));
#1554 = VECTOR('',#1555,1.);
#1555 = DIRECTION('',(0.,1.));
#1556 = ( GEOMETRIC_REPRESENTATION_CONTEXT(2) 
PARAMETRIC_REPRESENTATION_CONTEXT() REPRESENTATION_CONTEXT('2D SPACE',''
  ) );
#1557 = PCURVE('',#1204,#1558);
#1558 = DEFINITIONAL_REPRESENTATION('',(#1559),#1563);
#1559 = LINE('',#1560,#1561);
#1560 = CARTESIAN_POINT('',(-769.3767907427,-631.2580267409));
#1561 = VECTOR('',#1562,1.);
#1562 = DIRECTION('',(0.173648177667,-0.984807753012));
#1563 = ( GEOMETRIC_REPRESENTATION_CONTEXT(2) 
PARAMETRIC_REPRESENTATION_CONTEXT() REPRESENTATION_CONTEXT('2D SPACE',''
  ) );
#1564 = ORIENTED_EDGE('',*,*,#1494,.F.);
#1565 = FACE_BOUND('',#1566,.T.);
#1566 = EDGE_LOOP('',(#1567));
#1567 = ORIENTED_EDGE('',*,*,#1568,.F.);
#1568 = EDGE_CURVE('',#1569,#1569,#1571,.T.);
#1569 = VERTEX_POINT('',#1570);
#1570 = CARTESIAN_POINT('',(-451.5,-235.,1.508E+03));
#1571 = SURFACE_CURVE('',#1572,(#1577,#1584),.PCURVE_S1.);
#1572 = CIRCLE('',#1573,8.5);
#1573 = AXIS2_PLACEMENT_3D('',#1574,#1575,#1576);
#1574 = CARTESIAN_POINT('',(-460.,-235.,1.508E+03));
#1575 = DIRECTION('',(0.,0.,1.));
#1576 = DIRECTION('',(1.,0.,-0.));
#1577 = PCURVE('',#514,#1578);
#1578 = DEFINITIONAL_REPRESENTATION('',(#1579),#1583);
#1579 = CIRCLE('',#1580,8.5);
#1580 = AXIS2_PLACEMENT_2D('',#1581,#1582);
#1581 = CARTESIAN_POINT('',(25.,15.));
#1582 = DIRECTION('',(1.,0.));
#1583 = ( GEOMETRIC_REPRESENTATION_CONTEXT(2) 
PARAMETRIC_REPRESENTATION_CONTEXT() REPRESENTATION_CONTEXT('2D SPACE',''
  ) );
#1584 = PCURVE('',#1585,#1590);
#1585 = CYLINDRICAL_SURFACE('',#1586,8.5);
#1586 = AXIS2_PLACEMENT_3D('',#1587,#1588,#1589);
#1587 = CARTESIAN_POINT('',(-460.,-235.,1.508E+03));
#1588 = DIRECTION('',(0.,0.,1.));
#1589 = DIRECTION('',(1.,0.,-0.));
#1590 = DEFINITIONAL_REPRESENTATION('',(#1591),#1595);
#1591 = LINE('',#1592,#1593);
#1592 = CARTESIAN_POINT('',(0.,0.));
#1593 = VECTOR('',#1594,1.);
#1594 = DIRECTION('',(1.,0.));
#1595 = ( GEOMETRIC_REPRESENTATION_CONTEXT(2) 
PARAMETRIC_REPRESENTATION_CONTEXT() REPRESENTATION_CONTEXT('2D SPACE',''
  ) );
#1596 = ADVANCED_FACE('',(#1597),#542,.F.);
#1597 = FACE_BOUND('',#1598,.F.);
#1598 = EDGE_LOOP('',(#1599,#1622,#1623,#1624));
#1599 = ORIENTED_EDGE('',*,*,#1600,.F.);
#1600 = EDGE_CURVE('',#527,#1601,#1603,.T.);
#1601 = VERTEX_POINT('',#1602);
#1602 = CARTESIAN_POINT('',(-435.,-250.,1.5E+03));
#1603 = SURFACE_CURVE('',#1604,(#1608,#1615),.PCURVE_S1.);
#1604 = LINE('',#1605,#1606);
#1605 = CARTESIAN_POINT('',(-485.,-250.,1.5E+03));
#1606 = VECTOR('',#1607,1.);
#1607 = DIRECTION('',(1.,0.,-0.));
#1608 = PCURVE('',#542,#1609);
#1609 = DEFINITIONAL_REPRESENTATION('',(#1610),#1614);
#1610 = LINE('',#1611,#1612);
#1611 = CARTESIAN_POINT('',(0.,0.));
#1612 = VECTOR('',#1613,1.);
#1613 = DIRECTION('',(0.,1.));
#1614 = ( GEOMETRIC_REPRESENTATION_CONTEXT(2) 
PARAMETRIC_REPRESENTATION_CONTEXT() REPRESENTATION_CONTEXT('2D SPACE',''
  ) );
#1615 = PCURVE('',#570,#1616);
#1616 = DEFINITIONAL_REPRESENTATION('',(#1617),#1621);
#1617 = LINE('',#1618,#1619);
#1618 = CARTESIAN_POINT('',(0.,0.));
#1619 = VECTOR('',#1620,1.);
#1620 = DIRECTION('',(1.,0.));
#1621 = ( GEOMETRIC_REPRESENTATION_CONTEXT(2) 
PARAMETRIC_REPRESENTATION_CONTEXT() REPRESENTATION_CONTEXT('2D SPACE',''
  ) );
#1622 = ORIENTED_EDGE('',*,*,#526,.T.);
#1623 = ORIENTED_EDGE('',*,*,#1521,.T.);
#1624 = ORIENTED_EDGE('',*,*,#1625,.F.);
#1625 = EDGE_CURVE('',#1601,#1522,#1626,.T.);
#1626 = SURFACE_CURVE('',#1627,(#1631,#1638),.PCURVE_S1.);
#1627 = LINE('',#1628,#1629);
#1628 = CARTESIAN_POINT('',(-435.,-250.,1.5E+03));
#1629 = VECTOR('',#1630,1.);
#1630 = DIRECTION('',(0.,0.,1.));
#1631 = PCURVE('',#542,#1632);
#1632 = DEFINITIONAL_REPRESENTATION('',(#1633),#1637);
#1633 = LINE('',#1634,#1635);
#1634 = CARTESIAN_POINT('',(0.,50.));
#1635 = VECTOR('',#1636,1.);
#1636 = DIRECTION('',(1.,0.));
#1637 = ( GEOMETRIC_REPRESENTATION_CONTEXT(2) 
PARAMETRIC_REPRESENTATION_CONTEXT() REPRESENTATION_CONTEXT('2D SPACE',''
  ) );
#1638 = PCURVE('',#1204,#1639);
#1639 = DEFINITIONAL_REPRESENTATION('',(#1640),#1644);
#1640 = LINE('',#1641,#1642);
#1641 = CARTESIAN_POINT('',(-777.2552527668,-632.6472121623));
#1642 = VECTOR('',#1643,1.);
#1643 = DIRECTION('',(0.984807753012,0.173648177667));
#1644 = ( GEOMETRIC_REPRESENTATION_CONTEXT(2) 
PARAMETRIC_REPRESENTATION_CONTEXT() REPRESENTATION_CONTEXT('2D SPACE',''
  ) );
#1645 = ADVANCED_FACE('',(#1646,#1694,#1725),#570,.F.);
#1646 = FACE_BOUND('',#1647,.F.);
#1647 = EDGE_LOOP('',(#1648,#1649,#1650,#1673));
#1648 = ORIENTED_EDGE('',*,*,#554,.F.);
#1649 = ORIENTED_EDGE('',*,*,#1600,.T.);
#1650 = ORIENTED_EDGE('',*,*,#1651,.T.);
#1651 = EDGE_CURVE('',#1601,#1652,#1654,.T.);
#1652 = VERTEX_POINT('',#1653);
#1653 = CARTESIAN_POINT('',(-435.,-150.,1.5E+03));
#1654 = SURFACE_CURVE('',#1655,(#1659,#1666),.PCURVE_S1.);
#1655 = LINE('',#1656,#1657);
#1656 = CARTESIAN_POINT('',(-435.,-250.,1.5E+03));
#1657 = VECTOR('',#1658,1.);
#1658 = DIRECTION('',(-0.,1.,0.));
#1659 = PCURVE('',#570,#1660);
#1660 = DEFINITIONAL_REPRESENTATION('',(#1661),#1665);
#1661 = LINE('',#1662,#1663);
#1662 = CARTESIAN_POINT('',(50.,0.));
#1663 = VECTOR('',#1664,1.);
#1664 = DIRECTION('',(0.,1.));
#1665 = ( GEOMETRIC_REPRESENTATION_CONTEXT(2) 
PARAMETRIC_REPRESENTATION_CONTEXT() REPRESENTATION_CONTEXT('2D SPACE',''
  ) );
#1666 = PCURVE('',#1204,#1667);
#1667 = DEFINITIONAL_REPRESENTATION('',(#1668),#1672);
#1668 = LINE('',#1669,#1670);
#1669 = CARTESIAN_POINT('',(-777.2552527668,-632.6472121623));
#1670 = VECTOR('',#1671,1.);
#1671 = DIRECTION('',(0.173648177667,-0.984807753012));
#1672 = ( GEOMETRIC_REPRESENTATION_CONTEXT(2) 
PARAMETRIC_REPRESENTATION_CONTEXT() REPRESENTATION_CONTEXT('2D SPACE',''
  ) );
#1673 = ORIENTED_EDGE('',*,*,#1674,.F.);
#1674 = EDGE_CURVE('',#555,#1652,#1675,.T.);
#1675 = SURFACE_CURVE('',#1676,(#1680,#1687),.PCURVE_S1.);
#1676 = LINE('',#1677,#1678);
#1677 = CARTESIAN_POINT('',(-485.,-150.,1.5E+03));
#1678 = VECTOR('',#1679,1.);
#1679 = DIRECTION('',(1.,0.,-0.));
#1680 = PCURVE('',#570,#1681);
#1681 = DEFINITIONAL_REPRESENTATION('',(#1682),#1686);
#1682 = LINE('',#1683,#1684);
#1683 = CARTESIAN_POINT('',(0.,100.));
#1684 = VECTOR('',#1685,1.);
#1685 = DIRECTION('',(1.,0.));
#1686 = ( GEOMETRIC_REPRESENTATION_CONTEXT(2) 
PARAMETRIC_REPRESENTATION_CONTEXT() REPRESENTATION_CONTEXT('2D SPACE',''
  ) );
#1687 = PCURVE('',#598,#1688);
#1688 = DEFINITIONAL_REPRESENTATION('',(#1689),#1693);
#1689 = LINE('',#1690,#1691);
#1690 = CARTESIAN_POINT('',(0.,0.));
#1691 = VECTOR('',#1692,1.);
#1692 = DIRECTION('',(0.,1.));
#1693 = ( GEOMETRIC_REPRESENTATION_CONTEXT(2) 
PARAMETRIC_REPRESENTATION_CONTEXT() REPRESENTATION_CONTEXT('2D SPACE',''
  ) );
#1694 = FACE_BOUND('',#1695,.F.);
#1695 = EDGE_LOOP('',(#1696));
#1696 = ORIENTED_EDGE('',*,*,#1697,.F.);
#1697 = EDGE_CURVE('',#1698,#1698,#1700,.T.);
#1698 = VERTEX_POINT('',#1699);
#1699 = CARTESIAN_POINT('',(-454.5,-235.,1.5E+03));
#1700 = SURFACE_CURVE('',#1701,(#1706,#1713),.PCURVE_S1.);
#1701 = CIRCLE('',#1702,5.5);
#1702 = AXIS2_PLACEMENT_3D('',#1703,#1704,#1705);
#1703 = CARTESIAN_POINT('',(-460.,-235.,1.5E+03));
#1704 = DIRECTION('',(0.,0.,1.));
#1705 = DIRECTION('',(1.,0.,-0.));
#1706 = PCURVE('',#570,#1707);
#1707 = DEFINITIONAL_REPRESENTATION('',(#1708),#1712);
#1708 = CIRCLE('',#1709,5.5);
#1709 = AXIS2_PLACEMENT_2D('',#1710,#1711);
#1710 = CARTESIAN_POINT('',(25.,15.));
#1711 = DIRECTION('',(1.,0.));
#1712 = ( GEOMETRIC_REPRESENTATION_CONTEXT(2) 
PARAMETRIC_REPRESENTATION_CONTEXT() REPRESENTATION_CONTEXT('2D SPACE',''
  ) );
#1713 = PCURVE('',#1714,#1719);
#1714 = CYLINDRICAL_SURFACE('',#1715,5.5);
#1715 = AXIS2_PLACEMENT_3D('',#1716,#1717,#1718);
#1716 = CARTESIAN_POINT('',(-460.,-235.,1.499E+03));
#1717 = DIRECTION('',(0.,0.,1.));
#1718 = DIRECTION('',(1.,0.,-0.));
#1719 = DEFINITIONAL_REPRESENTATION('',(#1720),#1724);
#1720 = LINE('',#1721,#1722);
#1721 = CARTESIAN_POINT('',(0.,1.));
#1722 = VECTOR('',#1723,1.);
#1723 = DIRECTION('',(1.,0.));
#1724 = ( GEOMETRIC_REPRESENTATION_CONTEXT(2) 
PARAMETRIC_REPRESENTATION_CONTEXT() REPRESENTATION_CONTEXT('2D SPACE',''
  ) );
#1725 = FACE_BOUND('',#1726,.F.);
#1726 = EDGE_LOOP('',(#1727));
#1727 = ORIENTED_EDGE('',*,*,#1728,.F.);
#1728 = EDGE_CURVE('',#1729,#1729,#1731,.T.);
#1729 = VERTEX_POINT('',#1730);
#1730 = CARTESIAN_POINT('',(-454.5,-165.,1.5E+03));
#1731 = SURFACE_CURVE('',#1732,(#1737,#1744),.PCURVE_S1.);
#1732 = CIRCLE('',#1733,5.5);
#1733 = AXIS2_PLACEMENT_3D('',#1734,#1735,#1736);
#1734 = CARTESIAN_POINT('',(-460.,-165.,1.5E+03));
#1735 = DIRECTION('',(0.,0.,1.));
#1736 = DIRECTION('',(1.,0.,-0.));
#1737 = PCURVE('',#570,#1738);
#1738 = DEFINITIONAL_REPRESENTATION('',(#1739),#1743);
#1739 = CIRCLE('',#1740,5.5);
#1740 = AXIS2_PLACEMENT_2D('',#1741,#1742);
#1741 = CARTESIAN_POINT('',(25.,85.));
#1742 = DIRECTION('',(1.,0.));
#1743 = ( GEOMETRIC_REPRESENTATION_CONTEXT(2) 
PARAMETRIC_REPRESENTATION_CONTEXT() REPRESENTATION_CONTEXT('2D SPACE',''
  ) );
#1744 = PCURVE('',#1745,#1750);
#1745 = CYLINDRICAL_SURFACE('',#1746,5.5);
#1746 = AXIS2_PLACEMENT_3D('',#1747,#1748,#1749);
#1747 = CARTESIAN_POINT('',(-460.,-165.,1.499E+03));
#1748 = DIRECTION('',(0.,0.,1.));
#1749 = DIRECTION('',(1.,0.,-0.));
#1750 = DEFINITIONAL_REPRESENTATION('',(#1751),#1755);
#1751 = LINE('',#1752,#1753);
#1752 = CARTESIAN_POINT('',(0.,1.));
#1753 = VECTOR('',#1754,1.);
#1754 = DIRECTION('',(1.,0.));
#1755 = ( GEOMETRIC_REPRESENTATION_CONTEXT(2) 
PARAMETRIC_REPRESENTATION_CONTEXT() REPRESENTATION_CONTEXT('2D SPACE',''
  ) );
#1756 = ADVANCED_FACE('',(#1757),#598,.T.);
#1757 = FACE_BOUND('',#1758,.T.);
#1758 = EDGE_LOOP('',(#1759,#1760,#1761,#1784));
#1759 = ORIENTED_EDGE('',*,*,#1674,.F.);
#1760 = ORIENTED_EDGE('',*,*,#582,.T.);
#1761 = ORIENTED_EDGE('',*,*,#1762,.T.);
#1762 = EDGE_CURVE('',#583,#1763,#1765,.T.);
#1763 = VERTEX_POINT('',#1764);
#1764 = CARTESIAN_POINT('',(-435.,-150.,1.508E+03));
#1765 = SURFACE_CURVE('',#1766,(#1770,#1777),.PCURVE_S1.);
#1766 = LINE('',#1767,#1768);
#1767 = CARTESIAN_POINT('',(-485.,-150.,1.508E+03));
#1768 = VECTOR('',#1769,1.);
#1769 = DIRECTION('',(1.,0.,-0.));
#1770 = PCURVE('',#598,#1771);
#1771 = DEFINITIONAL_REPRESENTATION('',(#1772),#1776);
#1772 = LINE('',#1773,#1774);
#1773 = CARTESIAN_POINT('',(8.,0.));
#1774 = VECTOR('',#1775,1.);
#1775 = DIRECTION('',(0.,1.));
#1776 = ( GEOMETRIC_REPRESENTATION_CONTEXT(2) 
PARAMETRIC_REPRESENTATION_CONTEXT() REPRESENTATION_CONTEXT('2D SPACE',''
  ) );
#1777 = PCURVE('',#626,#1778);
#1778 = DEFINITIONAL_REPRESENTATION('',(#1779),#1783);
#1779 = LINE('',#1780,#1781);
#1780 = CARTESIAN_POINT('',(0.,100.));
#1781 = VECTOR('',#1782,1.);
#1782 = DIRECTION('',(1.,0.));
#1783 = ( GEOMETRIC_REPRESENTATION_CONTEXT(2) 
PARAMETRIC_REPRESENTATION_CONTEXT() REPRESENTATION_CONTEXT('2D SPACE',''
  ) );
#1784 = ORIENTED_EDGE('',*,*,#1785,.F.);
#1785 = EDGE_CURVE('',#1652,#1763,#1786,.T.);
#1786 = SURFACE_CURVE('',#1787,(#1791,#1798),.PCURVE_S1.);
#1787 = LINE('',#1788,#1789);
#1788 = CARTESIAN_POINT('',(-435.,-150.,1.5E+03));
#1789 = VECTOR('',#1790,1.);
#1790 = DIRECTION('',(0.,0.,1.));
#1791 = PCURVE('',#598,#1792);
#1792 = DEFINITIONAL_REPRESENTATION('',(#1793),#1797);
#1793 = LINE('',#1794,#1795);
#1794 = CARTESIAN_POINT('',(0.,50.));
#1795 = VECTOR('',#1796,1.);
#1796 = DIRECTION('',(1.,0.));
#1797 = ( GEOMETRIC_REPRESENTATION_CONTEXT(2) 
PARAMETRIC_REPRESENTATION_CONTEXT() REPRESENTATION_CONTEXT('2D SPACE',''
  ) );
#1798 = PCURVE('',#1204,#1799);
#1799 = DEFINITIONAL_REPRESENTATION('',(#1800),#1804);
#1800 = LINE('',#1801,#1802);
#1801 = CARTESIAN_POINT('',(-759.8904350001,-731.1279874635));
#1802 = VECTOR('',#1803,1.);
#1803 = DIRECTION('',(0.984807753012,0.173648177667));
#1804 = ( GEOMETRIC_REPRESENTATION_CONTEXT(2) 
PARAMETRIC_REPRESENTATION_CONTEXT() REPRESENTATION_CONTEXT('2D SPACE',''
  ) );
#1805 = ADVANCED_FACE('',(#1806,#1854),#626,.T.);
#1806 = FACE_BOUND('',#1807,.T.);
#1807 = EDGE_LOOP('',(#1808,#1809,#1832,#1853));
#1808 = ORIENTED_EDGE('',*,*,#610,.F.);
#1809 = ORIENTED_EDGE('',*,*,#1810,.T.);
#1810 = EDGE_CURVE('',#611,#1811,#1813,.T.);
#1811 = VERTEX_POINT('',#1812);
#1812 = CARTESIAN_POINT('',(-435.,-175.,1.508E+03));
#1813 = SURFACE_CURVE('',#1814,(#1818,#1825),.PCURVE_S1.);
#1814 = LINE('',#1815,#1816);
#1815 = CARTESIAN_POINT('',(-485.,-175.,1.508E+03));
#1816 = VECTOR('',#1817,1.);
#1817 = DIRECTION('',(1.,0.,-0.));
#1818 = PCURVE('',#626,#1819);
#1819 = DEFINITIONAL_REPRESENTATION('',(#1820),#1824);
#1820 = LINE('',#1821,#1822);
#1821 = CARTESIAN_POINT('',(0.,75.));
#1822 = VECTOR('',#1823,1.);
#1823 = DIRECTION('',(1.,0.));
#1824 = ( GEOMETRIC_REPRESENTATION_CONTEXT(2) 
PARAMETRIC_REPRESENTATION_CONTEXT() REPRESENTATION_CONTEXT('2D SPACE',''
  ) );
#1825 = PCURVE('',#654,#1826);
#1826 = DEFINITIONAL_REPRESENTATION('',(#1827),#1831);
#1827 = LINE('',#1828,#1829);
#1828 = CARTESIAN_POINT('',(0.,0.));
#1829 = VECTOR('',#1830,1.);
#1830 = DIRECTION('',(0.,1.));
#1831 = ( GEOMETRIC_REPRESENTATION_CONTEXT(2) 
PARAMETRIC_REPRESENTATION_CONTEXT() REPRESENTATION_CONTEXT('2D SPACE',''
  ) );
#1832 = ORIENTED_EDGE('',*,*,#1833,.T.);
#1833 = EDGE_CURVE('',#1811,#1763,#1834,.T.);
#1834 = SURFACE_CURVE('',#1835,(#1839,#1846),.PCURVE_S1.);
#1835 = LINE('',#1836,#1837);
#1836 = CARTESIAN_POINT('',(-435.,-250.,1.508E+03));
#1837 = VECTOR('',#1838,1.);
#1838 = DIRECTION('',(-0.,1.,0.));
#1839 = PCURVE('',#626,#1840);
#1840 = DEFINITIONAL_REPRESENTATION('',(#1841),#1845);
#1841 = LINE('',#1842,#1843);
#1842 = CARTESIAN_POINT('',(50.,0.));
#1843 = VECTOR('',#1844,1.);
#1844 = DIRECTION('',(0.,1.));
#1845 = ( GEOMETRIC_REPRESENTATION_CONTEXT(2) 
PARAMETRIC_REPRESENTATION_CONTEXT() REPRESENTATION_CONTEXT('2D SPACE',''
  ) );
#1846 = PCURVE('',#1204,#1847);
#1847 = DEFINITIONAL_REPRESENTATION('',(#1848),#1852);
#1848 = LINE('',#1849,#1850);
#1849 = CARTESIAN_POINT('',(-769.3767907427,-631.2580267409));
#1850 = VECTOR('',#1851,1.);
#1851 = DIRECTION('',(0.173648177667,-0.984807753012));
#1852 = ( GEOMETRIC_REPRESENTATION_CONTEXT(2) 
PARAMETRIC_REPRESENTATION_CONTEXT() REPRESENTATION_CONTEXT('2D SPACE',''
  ) );
#1853 = ORIENTED_EDGE('',*,*,#1762,.F.);
#1854 = FACE_BOUND('',#1855,.T.);
#1855 = EDGE_LOOP('',(#1856));
#1856 = ORIENTED_EDGE('',*,*,#1857,.F.);
#1857 = EDGE_CURVE('',#1858,#1858,#1860,.T.);
#1858 = VERTEX_POINT('',#1859);
#1859 = CARTESIAN_POINT('',(-451.5,-165.,1.508E+03));
#1860 = SURFACE_CURVE('',#1861,(#1866,#1873),.PCURVE_S1.);
#1861 = CIRCLE('',#1862,8.5);
#1862 = AXIS2_PLACEMENT_3D('',#1863,#1864,#1865);
#1863 = CARTESIAN_POINT('',(-460.,-165.,1.508E+03));
#1864 = DIRECTION('',(0.,0.,1.));
#1865 = DIRECTION('',(1.,0.,-0.));
#1866 = PCURVE('',#626,#1867);
#1867 = DEFINITIONAL_REPRESENTATION('',(#1868),#1872);
#1868 = CIRCLE('',#1869,8.5);
#1869 = AXIS2_PLACEMENT_2D('',#1870,#1871);
#1870 = CARTESIAN_POINT('',(25.,85.));
#1871 = DIRECTION('',(1.,0.));
#1872 = ( GEOMETRIC_REPRESENTATION_CONTEXT(2) 
PARAMETRIC_REPRESENTATION_CONTEXT() REPRESENTATION_CONTEXT('2D SPACE',''
  ) );
#1873 = PCURVE('',#1874,#1879);
#1874 = CYLINDRICAL_SURFACE('',#1875,8.5);
#1875 = AXIS2_PLACEMENT_3D('',#1876,#1877,#1878);
#1876 = CARTESIAN_POINT('',(-460.,-165.,1.508E+03));
#1877 = DIRECTION('',(0.,0.,1.));
#1878 = DIRECTION('',(1.,0.,-0.));
#1879 = DEFINITIONAL_REPRESENTATION('',(#1880),#1884);
#1880 = LINE('',#1881,#1882);
#1881 = CARTESIAN_POINT('',(0.,0.));
#1882 = VECTOR('',#1883,1.);
#1883 = DIRECTION('',(1.,0.));
#1884 = ( GEOMETRIC_REPRESENTATION_CONTEXT(2) 
PARAMETRIC_REPRESENTATION_CONTEXT() REPRESENTATION_CONTEXT('2D SPACE',''
  ) );
#1885 = ADVANCED_FACE('',(#1886),#654,.T.);
#1886 = FACE_BOUND('',#1887,.T.);
#1887 = EDGE_LOOP('',(#1888,#1911,#1912,#1913));
#1888 = ORIENTED_EDGE('',*,*,#1889,.F.);
#1889 = EDGE_CURVE('',#1811,#1890,#1892,.T.);
#1890 = VERTEX_POINT('',#1891);
#1891 = CARTESIAN_POINT('',(-435.,-175.,2.269928584663E+03));
#1892 = SURFACE_CURVE('',#1893,(#1897,#1904),.PCURVE_S1.);
#1893 = LINE('',#1894,#1895);
#1894 = CARTESIAN_POINT('',(-435.,-175.,1.508E+03));
#1895 = VECTOR('',#1896,1.);
#1896 = DIRECTION('',(0.,0.,1.));
#1897 = PCURVE('',#654,#1898);
#1898 = DEFINITIONAL_REPRESENTATION('',(#1899),#1903);
#1899 = LINE('',#1900,#1901);
#1900 = CARTESIAN_POINT('',(0.,50.));
#1901 = VECTOR('',#1902,1.);
#1902 = DIRECTION('',(1.,0.));
#1903 = ( GEOMETRIC_REPRESENTATION_CONTEXT(2) 
PARAMETRIC_REPRESENTATION_CONTEXT() REPRESENTATION_CONTEXT('2D SPACE',''
  ) );
#1904 = PCURVE('',#1204,#1905);
#1905 = DEFINITIONAL_REPRESENTATION('',(#1906),#1910);
#1906 = LINE('',#1907,#1908);
#1907 = CARTESIAN_POINT('',(-756.3531774177,-705.1186082169));
#1908 = VECTOR('',#1909,1.);
#1909 = DIRECTION('',(0.984807753012,0.173648177667));
#1910 = ( GEOMETRIC_REPRESENTATION_CONTEXT(2) 
PARAMETRIC_REPRESENTATION_CONTEXT() REPRESENTATION_CONTEXT('2D SPACE',''
  ) );
#1911 = ORIENTED_EDGE('',*,*,#1810,.F.);
#1912 = ORIENTED_EDGE('',*,*,#638,.T.);
#1913 = ORIENTED_EDGE('',*,*,#1914,.T.);
#1914 = EDGE_CURVE('',#639,#1890,#1915,.T.);
#1915 = SURFACE_CURVE('',#1916,(#1920,#1926),.PCURVE_S1.);
#1916 = LINE('',#1917,#1918);
#1917 = CARTESIAN_POINT('',(-1.7425E+03,-175.,2.269928584663E+03));
#1918 = VECTOR('',#1919,1.);
#1919 = DIRECTION('',(1.,0.,-0.));
#1920 = PCURVE('',#654,#1921);
#1921 = DEFINITIONAL_REPRESENTATION('',(#1922),#1925);
#1922 = B_SPLINE_CURVE_WITH_KNOTS('',1,(#1923,#1924),.UNSPECIFIED.,.F.,
  .F.,(2,2),(1.2575E+03,1.3075E+03),.PIECEWISE_BEZIER_KNOTS.);
#1923 = CARTESIAN_POINT('',(761.92858466296,0.));
#1924 = CARTESIAN_POINT('',(761.92858466296,50.));
#1925 = ( GEOMETRIC_REPRESENTATION_CONTEXT(2) 
PARAMETRIC_REPRESENTATION_CONTEXT() REPRESENTATION_CONTEXT('2D SPACE',''
  ) );
#1926 = PCURVE('',#682,#1927);
#1927 = DEFINITIONAL_REPRESENTATION('',(#1928),#1932);
#1928 = LINE('',#1929,#1930);
#1929 = CARTESIAN_POINT('',(-1.2575E+03,60.385665297144));
#1930 = VECTOR('',#1931,1.);
#1931 = DIRECTION('',(1.,0.));
#1932 = ( GEOMETRIC_REPRESENTATION_CONTEXT(2) 
PARAMETRIC_REPRESENTATION_CONTEXT() REPRESENTATION_CONTEXT('2D SPACE',''
  ) );
#1933 = ADVANCED_FACE('',(#1934),#682,.F.);
#1934 = FACE_BOUND('',#1935,.F.);
#1935 = EDGE_LOOP('',(#1936,#1937,#1938,#1961));
#1936 = ORIENTED_EDGE('',*,*,#666,.F.);
#1937 = ORIENTED_EDGE('',*,*,#1914,.T.);
#1938 = ORIENTED_EDGE('',*,*,#1939,.T.);
#1939 = EDGE_CURVE('',#1890,#1940,#1942,.T.);
#1940 = VERTEX_POINT('',#1941);
#1941 = CARTESIAN_POINT('',(-435.,-165.5317286445,2.268259072962E+03));
#1942 = SURFACE_CURVE('',#1943,(#1947,#1954),.PCURVE_S1.);
#1943 = LINE('',#1944,#1945);
#1944 = CARTESIAN_POINT('',(-435.,-234.4682713554,2.280414445399E+03));
#1945 = VECTOR('',#1946,1.);
#1946 = DIRECTION('',(0.,0.984807753012,-0.173648177667));
#1947 = PCURVE('',#682,#1948);
#1948 = DEFINITIONAL_REPRESENTATION('',(#1949),#1953);
#1949 = LINE('',#1950,#1951);
#1950 = CARTESIAN_POINT('',(50.,0.));
#1951 = VECTOR('',#1952,1.);
#1952 = DIRECTION('',(0.,1.));
#1953 = ( GEOMETRIC_REPRESENTATION_CONTEXT(2) 
PARAMETRIC_REPRESENTATION_CONTEXT() REPRESENTATION_CONTEXT('2D SPACE',''
  ) );
#1954 = PCURVE('',#1204,#1955);
#1955 = DEFINITIONAL_REPRESENTATION('',(#1956),#1960);
#1956 = LINE('',#1957,#1958);
#1957 = CARTESIAN_POINT('',(-6.,-512.4254326807));
#1958 = VECTOR('',#1959,1.);
#1959 = DIRECTION('',(0.,-1.));
#1960 = ( GEOMETRIC_REPRESENTATION_CONTEXT(2) 
PARAMETRIC_REPRESENTATION_CONTEXT() REPRESENTATION_CONTEXT('2D SPACE',''
  ) );
#1961 = ORIENTED_EDGE('',*,*,#1962,.F.);
#1962 = EDGE_CURVE('',#667,#1940,#1963,.T.);
#1963 = SURFACE_CURVE('',#1964,(#1968,#1975),.PCURVE_S1.);
#1964 = LINE('',#1965,#1966);
#1965 = CARTESIAN_POINT('',(-485.,-165.5317286445,2.268259072962E+03));
#1966 = VECTOR('',#1967,1.);
#1967 = DIRECTION('',(1.,0.,-0.));
#1968 = PCURVE('',#682,#1969);
#1969 = DEFINITIONAL_REPRESENTATION('',(#1970),#1974);
#1970 = LINE('',#1971,#1972);
#1971 = CARTESIAN_POINT('',(0.,70.));
#1972 = VECTOR('',#1973,1.);
#1973 = DIRECTION('',(1.,0.));
#1974 = ( GEOMETRIC_REPRESENTATION_CONTEXT(2) 
PARAMETRIC_REPRESENTATION_CONTEXT() REPRESENTATION_CONTEXT('2D SPACE',''
  ) );
#1975 = PCURVE('',#710,#1976);
#1976 = DEFINITIONAL_REPRESENTATION('',(#1977),#1981);
#1977 = LINE('',#1978,#1979);
#1978 = CARTESIAN_POINT('',(0.,0.));
#1979 = VECTOR('',#1980,1.);
#1980 = DIRECTION('',(0.,1.));
#1981 = ( GEOMETRIC_REPRESENTATION_CONTEXT(2) 
PARAMETRIC_REPRESENTATION_CONTEXT() REPRESENTATION_CONTEXT('2D SPACE',''
  ) );
#1982 = ADVANCED_FACE('',(#1983),#710,.T.);
#1983 = FACE_BOUND('',#1984,.T.);
#1984 = EDGE_LOOP('',(#1985,#1986,#1987,#2010));
#1985 = ORIENTED_EDGE('',*,*,#1962,.F.);
#1986 = ORIENTED_EDGE('',*,*,#694,.T.);
#1987 = ORIENTED_EDGE('',*,*,#1988,.T.);
#1988 = EDGE_CURVE('',#695,#1989,#1991,.T.);
#1989 = VERTEX_POINT('',#1990);
#1990 = CARTESIAN_POINT('',(-435.,-164.4898395785,2.27416791948E+03));
#1991 = SURFACE_CURVE('',#1992,(#1996,#2003),.PCURVE_S1.);
#1992 = LINE('',#1993,#1994);
#1993 = CARTESIAN_POINT('',(-485.,-164.4898395785,2.27416791948E+03));
#1994 = VECTOR('',#1995,1.);
#1995 = DIRECTION('',(1.,0.,-0.));
#1996 = PCURVE('',#710,#1997);
#1997 = DEFINITIONAL_REPRESENTATION('',(#1998),#2002);
#1998 = LINE('',#1999,#2000);
#1999 = CARTESIAN_POINT('',(6.,0.));
#2000 = VECTOR('',#2001,1.);
#2001 = DIRECTION('',(0.,1.));
#2002 = ( GEOMETRIC_REPRESENTATION_CONTEXT(2) 
PARAMETRIC_REPRESENTATION_CONTEXT() REPRESENTATION_CONTEXT('2D SPACE',''
  ) );
#2003 = PCURVE('',#738,#2004);
#2004 = DEFINITIONAL_REPRESENTATION('',(#2005),#2009);
#2005 = LINE('',#2006,#2007);
#2006 = CARTESIAN_POINT('',(0.,582.4254326807));
#2007 = VECTOR('',#2008,1.);
#2008 = DIRECTION('',(1.,0.));
#2009 = ( GEOMETRIC_REPRESENTATION_CONTEXT(2) 
PARAMETRIC_REPRESENTATION_CONTEXT() REPRESENTATION_CONTEXT('2D SPACE',''
  ) );
#2010 = ORIENTED_EDGE('',*,*,#2011,.F.);
#2011 = EDGE_CURVE('',#1940,#1989,#2012,.T.);
#2012 = SURFACE_CURVE('',#2013,(#2017,#2024),.PCURVE_S1.);
#2013 = LINE('',#2014,#2015);
#2014 = CARTESIAN_POINT('',(-435.,-165.5317286445,2.268259072962E+03));
#2015 = VECTOR('',#2016,1.);
#2016 = DIRECTION('',(0.,0.173648177667,0.984807753012));
#2017 = PCURVE('',#710,#2018);
#2018 = DEFINITIONAL_REPRESENTATION('',(#2019),#2023);
#2019 = LINE('',#2020,#2021);
#2020 = CARTESIAN_POINT('',(0.,50.));
#2021 = VECTOR('',#2022,1.);
#2022 = DIRECTION('',(1.,0.));
#2023 = ( GEOMETRIC_REPRESENTATION_CONTEXT(2) 
PARAMETRIC_REPRESENTATION_CONTEXT() REPRESENTATION_CONTEXT('2D SPACE',''
  ) );
#2024 = PCURVE('',#1204,#2025);
#2025 = DEFINITIONAL_REPRESENTATION('',(#2026),#2030);
#2026 = LINE('',#2027,#2028);
#2027 = CARTESIAN_POINT('',(-6.,-582.4254326807));
#2028 = VECTOR('',#2029,1.);
#2029 = DIRECTION('',(1.,0.));
#2030 = ( GEOMETRIC_REPRESENTATION_CONTEXT(2) 
PARAMETRIC_REPRESENTATION_CONTEXT() REPRESENTATION_CONTEXT('2D SPACE',''
  ) );
#2031 = ADVANCED_FACE('',(#2032),#738,.F.);
#2032 = FACE_BOUND('',#2033,.F.);
#2033 = EDGE_LOOP('',(#2034,#2035,#2036,#2059));
#2034 = ORIENTED_EDGE('',*,*,#722,.F.);
#2035 = ORIENTED_EDGE('',*,*,#1988,.T.);
#2036 = ORIENTED_EDGE('',*,*,#2037,.T.);
#2037 = EDGE_CURVE('',#1989,#2038,#2040,.T.);
#2038 = VERTEX_POINT('',#2039);
#2039 = CARTESIAN_POINT('',(-435.,166.57361771057,2.215792499634E+03));
#2040 = SURFACE_CURVE('',#2041,(#2045,#2052),.PCURVE_S1.);
#2041 = LINE('',#2042,#2043);
#2042 = CARTESIAN_POINT('',(-435.,-738.066921234,2.375305034492E+03));
#2043 = VECTOR('',#2044,1.);
#2044 = DIRECTION('',(0.,0.984807753012,-0.173648177667));
#2045 = PCURVE('',#738,#2046);
#2046 = DEFINITIONAL_REPRESENTATION('',(#2047),#2051);
#2047 = LINE('',#2048,#2049);
#2048 = CARTESIAN_POINT('',(50.,0.));
#2049 = VECTOR('',#2050,1.);
#2050 = DIRECTION('',(0.,1.));
#2051 = ( GEOMETRIC_REPRESENTATION_CONTEXT(2) 
PARAMETRIC_REPRESENTATION_CONTEXT() REPRESENTATION_CONTEXT('2D SPACE',''
  ) );
#2052 = PCURVE('',#1204,#2053);
#2053 = DEFINITIONAL_REPRESENTATION('',(#2054),#2058);
#2054 = LINE('',#2055,#2056);
#2055 = CARTESIAN_POINT('',(0.,0.));
#2056 = VECTOR('',#2057,1.);
#2057 = DIRECTION('',(0.,-1.));
#2058 = ( GEOMETRIC_REPRESENTATION_CONTEXT(2) 
PARAMETRIC_REPRESENTATION_CONTEXT() REPRESENTATION_CONTEXT('2D SPACE',''
  ) );
#2059 = ORIENTED_EDGE('',*,*,#2060,.F.);
#2060 = EDGE_CURVE('',#723,#2038,#2061,.T.);
#2061 = SURFACE_CURVE('',#2062,(#2066,#2073),.PCURVE_S1.);
#2062 = LINE('',#2063,#2064);
#2063 = CARTESIAN_POINT('',(-485.,166.57361771057,2.215792499634E+03));
#2064 = VECTOR('',#2065,1.);
#2065 = DIRECTION('',(1.,0.,-0.));
#2066 = PCURVE('',#738,#2067);
#2067 = DEFINITIONAL_REPRESENTATION('',(#2068),#2072);
#2068 = LINE('',#2069,#2070);
#2069 = CARTESIAN_POINT('',(0.,918.59607743499));
#2070 = VECTOR('',#2071,1.);
#2071 = DIRECTION('',(1.,0.));
#2072 = ( GEOMETRIC_REPRESENTATION_CONTEXT(2) 
PARAMETRIC_REPRESENTATION_CONTEXT() REPRESENTATION_CONTEXT('2D SPACE',''
  ) );
#2073 = PCURVE('',#766,#2074);
#2074 = DEFINITIONAL_REPRESENTATION('',(#2075),#2079);
#2075 = LINE('',#2076,#2077);
#2076 = CARTESIAN_POINT('',(6.,0.));
#2077 = VECTOR('',#2078,1.);
#2078 = DIRECTION('',(0.,1.));
#2079 = ( GEOMETRIC_REPRESENTATION_CONTEXT(2) 
PARAMETRIC_REPRESENTATION_CONTEXT() REPRESENTATION_CONTEXT('2D SPACE',''
  ) );
#2080 = ADVANCED_FACE('',(#2081),#766,.F.);
#2081 = FACE_BOUND('',#2082,.F.);
#2082 = EDGE_LOOP('',(#2083,#2106,#2107,#2108));
#2083 = ORIENTED_EDGE('',*,*,#2084,.F.);
#2084 = EDGE_CURVE('',#751,#2085,#2087,.T.);
#2085 = VERTEX_POINT('',#2086);
#2086 = CARTESIAN_POINT('',(-435.,165.53172864457,2.209883653116E+03));
#2087 = SURFACE_CURVE('',#2088,(#2092,#2099),.PCURVE_S1.);
#2088 = LINE('',#2089,#2090);
#2089 = CARTESIAN_POINT('',(-485.,165.53172864457,2.209883653116E+03));
#2090 = VECTOR('',#2091,1.);
#2091 = DIRECTION('',(1.,0.,-0.));
#2092 = PCURVE('',#766,#2093);
#2093 = DEFINITIONAL_REPRESENTATION('',(#2094),#2098);
#2094 = LINE('',#2095,#2096);
#2095 = CARTESIAN_POINT('',(0.,0.));
#2096 = VECTOR('',#2097,1.);
#2097 = DIRECTION('',(0.,1.));
#2098 = ( GEOMETRIC_REPRESENTATION_CONTEXT(2) 
PARAMETRIC_REPRESENTATION_CONTEXT() REPRESENTATION_CONTEXT('2D SPACE',''
  ) );
#2099 = PCURVE('',#794,#2100);
#2100 = DEFINITIONAL_REPRESENTATION('',(#2101),#2105);
#2101 = LINE('',#2102,#2103);
#2102 = CARTESIAN_POINT('',(0.,0.));
#2103 = VECTOR('',#2104,1.);
#2104 = DIRECTION('',(1.,0.));
#2105 = ( GEOMETRIC_REPRESENTATION_CONTEXT(2) 
PARAMETRIC_REPRESENTATION_CONTEXT() REPRESENTATION_CONTEXT('2D SPACE',''
  ) );
#2106 = ORIENTED_EDGE('',*,*,#750,.T.);
#2107 = ORIENTED_EDGE('',*,*,#2060,.T.);
#2108 = ORIENTED_EDGE('',*,*,#2109,.F.);
#2109 = EDGE_CURVE('',#2085,#2038,#2110,.T.);
#2110 = SURFACE_CURVE('',#2111,(#2115,#2122),.PCURVE_S1.);
#2111 = LINE('',#2112,#2113);
#2112 = CARTESIAN_POINT('',(-435.,165.53172864457,2.209883653116E+03));
#2113 = VECTOR('',#2114,1.);
#2114 = DIRECTION('',(0.,0.173648177667,0.984807753012));
#2115 = PCURVE('',#766,#2116);
#2116 = DEFINITIONAL_REPRESENTATION('',(#2117),#2121);
#2117 = LINE('',#2118,#2119);
#2118 = CARTESIAN_POINT('',(0.,50.));
#2119 = VECTOR('',#2120,1.);
#2120 = DIRECTION('',(1.,0.));
#2121 = ( GEOMETRIC_REPRESENTATION_CONTEXT(2) 
PARAMETRIC_REPRESENTATION_CONTEXT() REPRESENTATION_CONTEXT('2D SPACE',''
  ) );
#2122 = PCURVE('',#1204,#2123);
#2123 = DEFINITIONAL_REPRESENTATION('',(#2124),#2128);
#2124 = LINE('',#2125,#2126);
#2125 = CARTESIAN_POINT('',(-6.,-918.5960774349));
#2126 = VECTOR('',#2127,1.);
#2127 = DIRECTION('',(1.,0.));
#2128 = ( GEOMETRIC_REPRESENTATION_CONTEXT(2) 
PARAMETRIC_REPRESENTATION_CONTEXT() REPRESENTATION_CONTEXT('2D SPACE',''
  ) );
#2129 = ADVANCED_FACE('',(#2130),#794,.F.);
#2130 = FACE_BOUND('',#2131,.F.);
#2131 = EDGE_LOOP('',(#2132,#2133,#2134,#2157));
#2132 = ORIENTED_EDGE('',*,*,#778,.F.);
#2133 = ORIENTED_EDGE('',*,*,#2084,.T.);
#2134 = ORIENTED_EDGE('',*,*,#2135,.T.);
#2135 = EDGE_CURVE('',#2085,#2136,#2138,.T.);
#2136 = VERTEX_POINT('',#2137);
#2137 = CARTESIAN_POINT('',(-435.,175.,2.208214141415E+03));
#2138 = SURFACE_CURVE('',#2139,(#2143,#2150),.PCURVE_S1.);
#2139 = LINE('',#2140,#2141);
#2140 = CARTESIAN_POINT('',(-435.,165.53172864457,2.209883653116E+03));
#2141 = VECTOR('',#2142,1.);
#2142 = DIRECTION('',(0.,0.984807753012,-0.173648177667));
#2143 = PCURVE('',#794,#2144);
#2144 = DEFINITIONAL_REPRESENTATION('',(#2145),#2149);
#2145 = LINE('',#2146,#2147);
#2146 = CARTESIAN_POINT('',(50.,0.));
#2147 = VECTOR('',#2148,1.);
#2148 = DIRECTION('',(0.,1.));
#2149 = ( GEOMETRIC_REPRESENTATION_CONTEXT(2) 
PARAMETRIC_REPRESENTATION_CONTEXT() REPRESENTATION_CONTEXT('2D SPACE',''
  ) );
#2150 = PCURVE('',#1204,#2151);
#2151 = DEFINITIONAL_REPRESENTATION('',(#2152),#2156);
#2152 = LINE('',#2153,#2154);
#2153 = CARTESIAN_POINT('',(-6.,-918.5960774349));
#2154 = VECTOR('',#2155,1.);
#2155 = DIRECTION('',(0.,-1.));
#2156 = ( GEOMETRIC_REPRESENTATION_CONTEXT(2) 
PARAMETRIC_REPRESENTATION_CONTEXT() REPRESENTATION_CONTEXT('2D SPACE',''
  ) );
#2157 = ORIENTED_EDGE('',*,*,#2158,.F.);
#2158 = EDGE_CURVE('',#779,#2136,#2159,.T.);
#2159 = SURFACE_CURVE('',#2160,(#2164,#2171),.PCURVE_S1.);
#2160 = LINE('',#2161,#2162);
#2161 = CARTESIAN_POINT('',(-1.7425E+03,175.,2.208214141415E+03));
#2162 = VECTOR('',#2163,1.);
#2163 = DIRECTION('',(1.,0.,-0.));
#2164 = PCURVE('',#794,#2165);
#2165 = DEFINITIONAL_REPRESENTATION('',(#2166),#2170);
#2166 = LINE('',#2167,#2168);
#2167 = CARTESIAN_POINT('',(-1.2575E+03,9.614334702857));
#2168 = VECTOR('',#2169,1.);
#2169 = DIRECTION('',(1.,0.));
#2170 = ( GEOMETRIC_REPRESENTATION_CONTEXT(2) 
PARAMETRIC_REPRESENTATION_CONTEXT() REPRESENTATION_CONTEXT('2D SPACE',''
  ) );
#2171 = PCURVE('',#822,#2172);
#2172 = DEFINITIONAL_REPRESENTATION('',(#2173),#2176);
#2173 = B_SPLINE_CURVE_WITH_KNOTS('',1,(#2174,#2175),.UNSPECIFIED.,.F.,
  .F.,(2,2),(1.2575E+03,1.3075E+03),.PIECEWISE_BEZIER_KNOTS.);
#2174 = CARTESIAN_POINT('',(700.214141415,0.));
#2175 = CARTESIAN_POINT('',(700.214141415,50.));
#2176 = ( GEOMETRIC_REPRESENTATION_CONTEXT(2) 
PARAMETRIC_REPRESENTATION_CONTEXT() REPRESENTATION_CONTEXT('2D SPACE',''
  ) );
#2177 = ADVANCED_FACE('',(#2178),#822,.F.);
#2178 = FACE_BOUND('',#2179,.F.);
#2179 = EDGE_LOOP('',(#2180,#2203,#2224,#2225));
#2180 = ORIENTED_EDGE('',*,*,#2181,.F.);
#2181 = EDGE_CURVE('',#2182,#2136,#2184,.T.);
#2182 = VERTEX_POINT('',#2183);
#2183 = CARTESIAN_POINT('',(-435.,175.,1.508E+03));
#2184 = SURFACE_CURVE('',#2185,(#2189,#2196),.PCURVE_S1.);
#2185 = LINE('',#2186,#2187);
#2186 = CARTESIAN_POINT('',(-435.,175.,1.508E+03));
#2187 = VECTOR('',#2188,1.);
#2188 = DIRECTION('',(0.,0.,1.));
#2189 = PCURVE('',#822,#2190);
#2190 = DEFINITIONAL_REPRESENTATION('',(#2191),#2195);
#2191 = LINE('',#2192,#2193);
#2192 = CARTESIAN_POINT('',(0.,50.));
#2193 = VECTOR('',#2194,1.);
#2194 = DIRECTION('',(1.,0.));
#2195 = ( GEOMETRIC_REPRESENTATION_CONTEXT(2) 
PARAMETRIC_REPRESENTATION_CONTEXT() REPRESENTATION_CONTEXT('2D SPACE',''
  ) );
#2196 = PCURVE('',#1204,#2197);
#2197 = DEFINITIONAL_REPRESENTATION('',(#2198),#2202);
#2198 = LINE('',#2199,#2200);
#2199 = CARTESIAN_POINT('',(-695.5763152342,-1.049801321771E+03));
#2200 = VECTOR('',#2201,1.);
#2201 = DIRECTION('',(0.984807753012,0.173648177667));
#2202 = ( GEOMETRIC_REPRESENTATION_CONTEXT(2) 
PARAMETRIC_REPRESENTATION_CONTEXT() REPRESENTATION_CONTEXT('2D SPACE',''
  ) );
#2203 = ORIENTED_EDGE('',*,*,#2204,.F.);
#2204 = EDGE_CURVE('',#807,#2182,#2205,.T.);
#2205 = SURFACE_CURVE('',#2206,(#2210,#2217),.PCURVE_S1.);
#2206 = LINE('',#2207,#2208);
#2207 = CARTESIAN_POINT('',(-485.,175.,1.508E+03));
#2208 = VECTOR('',#2209,1.);
#2209 = DIRECTION('',(1.,0.,-0.));
#2210 = PCURVE('',#822,#2211);
#2211 = DEFINITIONAL_REPRESENTATION('',(#2212),#2216);
#2212 = LINE('',#2213,#2214);
#2213 = CARTESIAN_POINT('',(0.,0.));
#2214 = VECTOR('',#2215,1.);
#2215 = DIRECTION('',(0.,1.));
#2216 = ( GEOMETRIC_REPRESENTATION_CONTEXT(2) 
PARAMETRIC_REPRESENTATION_CONTEXT() REPRESENTATION_CONTEXT('2D SPACE',''
  ) );
#2217 = PCURVE('',#850,#2218);
#2218 = DEFINITIONAL_REPRESENTATION('',(#2219),#2223);
#2219 = LINE('',#2220,#2221);
#2220 = CARTESIAN_POINT('',(0.,25.));
#2221 = VECTOR('',#2222,1.);
#2222 = DIRECTION('',(1.,0.));
#2223 = ( GEOMETRIC_REPRESENTATION_CONTEXT(2) 
PARAMETRIC_REPRESENTATION_CONTEXT() REPRESENTATION_CONTEXT('2D SPACE',''
  ) );
#2224 = ORIENTED_EDGE('',*,*,#806,.T.);
#2225 = ORIENTED_EDGE('',*,*,#2158,.T.);
#2226 = ADVANCED_FACE('',(#2227,#2275),#850,.T.);
#2227 = FACE_BOUND('',#2228,.T.);
#2228 = EDGE_LOOP('',(#2229,#2230,#2253,#2274));
#2229 = ORIENTED_EDGE('',*,*,#834,.F.);
#2230 = ORIENTED_EDGE('',*,*,#2231,.T.);
#2231 = EDGE_CURVE('',#835,#2232,#2234,.T.);
#2232 = VERTEX_POINT('',#2233);
#2233 = CARTESIAN_POINT('',(-435.,150.,1.508E+03));
#2234 = SURFACE_CURVE('',#2235,(#2239,#2246),.PCURVE_S1.);
#2235 = LINE('',#2236,#2237);
#2236 = CARTESIAN_POINT('',(-485.,150.,1.508E+03));
#2237 = VECTOR('',#2238,1.);
#2238 = DIRECTION('',(1.,0.,-0.));
#2239 = PCURVE('',#850,#2240);
#2240 = DEFINITIONAL_REPRESENTATION('',(#2241),#2245);
#2241 = LINE('',#2242,#2243);
#2242 = CARTESIAN_POINT('',(0.,0.));
#2243 = VECTOR('',#2244,1.);
#2244 = DIRECTION('',(1.,0.));
#2245 = ( GEOMETRIC_REPRESENTATION_CONTEXT(2) 
PARAMETRIC_REPRESENTATION_CONTEXT() REPRESENTATION_CONTEXT('2D SPACE',''
  ) );
#2246 = PCURVE('',#878,#2247);
#2247 = DEFINITIONAL_REPRESENTATION('',(#2248),#2252);
#2248 = LINE('',#2249,#2250);
#2249 = CARTESIAN_POINT('',(8.,0.));
#2250 = VECTOR('',#2251,1.);
#2251 = DIRECTION('',(0.,1.));
#2252 = ( GEOMETRIC_REPRESENTATION_CONTEXT(2) 
PARAMETRIC_REPRESENTATION_CONTEXT() REPRESENTATION_CONTEXT('2D SPACE',''
  ) );
#2253 = ORIENTED_EDGE('',*,*,#2254,.T.);
#2254 = EDGE_CURVE('',#2232,#2182,#2255,.T.);
#2255 = SURFACE_CURVE('',#2256,(#2260,#2267),.PCURVE_S1.);
#2256 = LINE('',#2257,#2258);
#2257 = CARTESIAN_POINT('',(-435.,150.,1.508E+03));
#2258 = VECTOR('',#2259,1.);
#2259 = DIRECTION('',(-0.,1.,0.));
#2260 = PCURVE('',#850,#2261);
#2261 = DEFINITIONAL_REPRESENTATION('',(#2262),#2266);
#2262 = LINE('',#2263,#2264);
#2263 = CARTESIAN_POINT('',(50.,0.));
#2264 = VECTOR('',#2265,1.);
#2265 = DIRECTION('',(0.,1.));
#2266 = ( GEOMETRIC_REPRESENTATION_CONTEXT(2) 
PARAMETRIC_REPRESENTATION_CONTEXT() REPRESENTATION_CONTEXT('2D SPACE',''
  ) );
#2267 = PCURVE('',#1204,#2268);
#2268 = DEFINITIONAL_REPRESENTATION('',(#2269),#2273);
#2269 = LINE('',#2270,#2271);
#2270 = CARTESIAN_POINT('',(-699.9175196759,-1.025181127946E+03));
#2271 = VECTOR('',#2272,1.);
#2272 = DIRECTION('',(0.173648177667,-0.984807753012));
#2273 = ( GEOMETRIC_REPRESENTATION_CONTEXT(2) 
PARAMETRIC_REPRESENTATION_CONTEXT() REPRESENTATION_CONTEXT('2D SPACE',''
  ) );
#2274 = ORIENTED_EDGE('',*,*,#2204,.F.);
#2275 = FACE_BOUND('',#2276,.T.);
#2276 = EDGE_LOOP('',(#2277));
#2277 = ORIENTED_EDGE('',*,*,#2278,.F.);
#2278 = EDGE_CURVE('',#2279,#2279,#2281,.T.);
#2279 = VERTEX_POINT('',#2280);
#2280 = CARTESIAN_POINT('',(-451.5,165.,1.508E+03));
#2281 = SURFACE_CURVE('',#2282,(#2287,#2294),.PCURVE_S1.);
#2282 = CIRCLE('',#2283,8.5);
#2283 = AXIS2_PLACEMENT_3D('',#2284,#2285,#2286);
#2284 = CARTESIAN_POINT('',(-460.,165.,1.508E+03));
#2285 = DIRECTION('',(0.,0.,1.));
#2286 = DIRECTION('',(1.,0.,-0.));
#2287 = PCURVE('',#850,#2288);
#2288 = DEFINITIONAL_REPRESENTATION('',(#2289),#2293);
#2289 = CIRCLE('',#2290,8.5);
#2290 = AXIS2_PLACEMENT_2D('',#2291,#2292);
#2291 = CARTESIAN_POINT('',(25.,15.));
#2292 = DIRECTION('',(1.,0.));
#2293 = ( GEOMETRIC_REPRESENTATION_CONTEXT(2) 
PARAMETRIC_REPRESENTATION_CONTEXT() REPRESENTATION_CONTEXT('2D SPACE',''
  ) );
#2294 = PCURVE('',#2295,#2300);
#2295 = CYLINDRICAL_SURFACE('',#2296,8.5);
#2296 = AXIS2_PLACEMENT_3D('',#2297,#2298,#2299);
#2297 = CARTESIAN_POINT('',(-460.,165.,1.508E+03));
#2298 = DIRECTION('',(0.,0.,1.));
#2299 = DIRECTION('',(1.,0.,-0.));
#2300 = DEFINITIONAL_REPRESENTATION('',(#2301),#2305);
#2301 = LINE('',#2302,#2303);
#2302 = CARTESIAN_POINT('',(0.,0.));
#2303 = VECTOR('',#2304,1.);
#2304 = DIRECTION('',(1.,0.));
#2305 = ( GEOMETRIC_REPRESENTATION_CONTEXT(2) 
PARAMETRIC_REPRESENTATION_CONTEXT() REPRESENTATION_CONTEXT('2D SPACE',''
  ) );
#2306 = ADVANCED_FACE('',(#2307),#878,.F.);
#2307 = FACE_BOUND('',#2308,.F.);
#2308 = EDGE_LOOP('',(#2309,#2332,#2333,#2334));
#2309 = ORIENTED_EDGE('',*,*,#2310,.F.);
#2310 = EDGE_CURVE('',#863,#2311,#2313,.T.);
#2311 = VERTEX_POINT('',#2312);
#2312 = CARTESIAN_POINT('',(-435.,150.,1.5E+03));
#2313 = SURFACE_CURVE('',#2314,(#2318,#2325),.PCURVE_S1.);
#2314 = LINE('',#2315,#2316);
#2315 = CARTESIAN_POINT('',(-485.,150.,1.5E+03));
#2316 = VECTOR('',#2317,1.);
#2317 = DIRECTION('',(1.,0.,-0.));
#2318 = PCURVE('',#878,#2319);
#2319 = DEFINITIONAL_REPRESENTATION('',(#2320),#2324);
#2320 = LINE('',#2321,#2322);
#2321 = CARTESIAN_POINT('',(0.,0.));
#2322 = VECTOR('',#2323,1.);
#2323 = DIRECTION('',(0.,1.));
#2324 = ( GEOMETRIC_REPRESENTATION_CONTEXT(2) 
PARAMETRIC_REPRESENTATION_CONTEXT() REPRESENTATION_CONTEXT('2D SPACE',''
  ) );
#2325 = PCURVE('',#906,#2326);
#2326 = DEFINITIONAL_REPRESENTATION('',(#2327),#2331);
#2327 = LINE('',#2328,#2329);
#2328 = CARTESIAN_POINT('',(0.,0.));
#2329 = VECTOR('',#2330,1.);
#2330 = DIRECTION('',(1.,0.));
#2331 = ( GEOMETRIC_REPRESENTATION_CONTEXT(2) 
PARAMETRIC_REPRESENTATION_CONTEXT() REPRESENTATION_CONTEXT('2D SPACE',''
  ) );
#2332 = ORIENTED_EDGE('',*,*,#862,.T.);
#2333 = ORIENTED_EDGE('',*,*,#2231,.T.);
#2334 = ORIENTED_EDGE('',*,*,#2335,.F.);
#2335 = EDGE_CURVE('',#2311,#2232,#2336,.T.);
#2336 = SURFACE_CURVE('',#2337,(#2341,#2348),.PCURVE_S1.);
#2337 = LINE('',#2338,#2339);
#2338 = CARTESIAN_POINT('',(-435.,150.,1.5E+03));
#2339 = VECTOR('',#2340,1.);
#2340 = DIRECTION('',(0.,0.,1.));
#2341 = PCURVE('',#878,#2342);
#2342 = DEFINITIONAL_REPRESENTATION('',(#2343),#2347);
#2343 = LINE('',#2344,#2345);
#2344 = CARTESIAN_POINT('',(0.,50.));
#2345 = VECTOR('',#2346,1.);
#2346 = DIRECTION('',(1.,0.));
#2347 = ( GEOMETRIC_REPRESENTATION_CONTEXT(2) 
PARAMETRIC_REPRESENTATION_CONTEXT() REPRESENTATION_CONTEXT('2D SPACE',''
  ) );
#2348 = PCURVE('',#1204,#2349);
#2349 = DEFINITIONAL_REPRESENTATION('',(#2350),#2354);
#2350 = LINE('',#2351,#2352);
#2351 = CARTESIAN_POINT('',(-707.7959817,-1.026570313367E+03));
#2352 = VECTOR('',#2353,1.);
#2353 = DIRECTION('',(0.984807753012,0.173648177667));
#2354 = ( GEOMETRIC_REPRESENTATION_CONTEXT(2) 
PARAMETRIC_REPRESENTATION_CONTEXT() REPRESENTATION_CONTEXT('2D SPACE',''
  ) );
#2355 = ADVANCED_FACE('',(#2356,#2404,#2435),#906,.F.);
#2356 = FACE_BOUND('',#2357,.F.);
#2357 = EDGE_LOOP('',(#2358,#2359,#2360,#2383));
#2358 = ORIENTED_EDGE('',*,*,#890,.F.);
#2359 = ORIENTED_EDGE('',*,*,#2310,.T.);
#2360 = ORIENTED_EDGE('',*,*,#2361,.T.);
#2361 = EDGE_CURVE('',#2311,#2362,#2364,.T.);
#2362 = VERTEX_POINT('',#2363);
#2363 = CARTESIAN_POINT('',(-435.,250.,1.5E+03));
#2364 = SURFACE_CURVE('',#2365,(#2369,#2376),.PCURVE_S1.);
#2365 = LINE('',#2366,#2367);
#2366 = CARTESIAN_POINT('',(-435.,150.,1.5E+03));
#2367 = VECTOR('',#2368,1.);
#2368 = DIRECTION('',(-0.,1.,0.));
#2369 = PCURVE('',#906,#2370);
#2370 = DEFINITIONAL_REPRESENTATION('',(#2371),#2375);
#2371 = LINE('',#2372,#2373);
#2372 = CARTESIAN_POINT('',(50.,0.));
#2373 = VECTOR('',#2374,1.);
#2374 = DIRECTION('',(0.,1.));
#2375 = ( GEOMETRIC_REPRESENTATION_CONTEXT(2) 
PARAMETRIC_REPRESENTATION_CONTEXT() REPRESENTATION_CONTEXT('2D SPACE',''
  ) );
#2376 = PCURVE('',#1204,#2377);
#2377 = DEFINITIONAL_REPRESENTATION('',(#2378),#2382);
#2378 = LINE('',#2379,#2380);
#2379 = CARTESIAN_POINT('',(-707.7959817,-1.026570313367E+03));
#2380 = VECTOR('',#2381,1.);
#2381 = DIRECTION('',(0.173648177667,-0.984807753012));
#2382 = ( GEOMETRIC_REPRESENTATION_CONTEXT(2) 
PARAMETRIC_REPRESENTATION_CONTEXT() REPRESENTATION_CONTEXT('2D SPACE',''
  ) );
#2383 = ORIENTED_EDGE('',*,*,#2384,.F.);
#2384 = EDGE_CURVE('',#891,#2362,#2385,.T.);
#2385 = SURFACE_CURVE('',#2386,(#2390,#2397),.PCURVE_S1.);
#2386 = LINE('',#2387,#2388);
#2387 = CARTESIAN_POINT('',(-485.,250.,1.5E+03));
#2388 = VECTOR('',#2389,1.);
#2389 = DIRECTION('',(1.,0.,-0.));
#2390 = PCURVE('',#906,#2391);
#2391 = DEFINITIONAL_REPRESENTATION('',(#2392),#2396);
#2392 = LINE('',#2393,#2394);
#2393 = CARTESIAN_POINT('',(0.,100.));
#2394 = VECTOR('',#2395,1.);
#2395 = DIRECTION('',(1.,0.));
#2396 = ( GEOMETRIC_REPRESENTATION_CONTEXT(2) 
PARAMETRIC_REPRESENTATION_CONTEXT() REPRESENTATION_CONTEXT('2D SPACE',''
  ) );
#2397 = PCURVE('',#934,#2398);
#2398 = DEFINITIONAL_REPRESENTATION('',(#2399),#2403);
#2399 = LINE('',#2400,#2401);
#2400 = CARTESIAN_POINT('',(0.,0.));
#2401 = VECTOR('',#2402,1.);
#2402 = DIRECTION('',(0.,1.));
#2403 = ( GEOMETRIC_REPRESENTATION_CONTEXT(2) 
PARAMETRIC_REPRESENTATION_CONTEXT() REPRESENTATION_CONTEXT('2D SPACE',''
  ) );
#2404 = FACE_BOUND('',#2405,.F.);
#2405 = EDGE_LOOP('',(#2406));
#2406 = ORIENTED_EDGE('',*,*,#2407,.F.);
#2407 = EDGE_CURVE('',#2408,#2408,#2410,.T.);
#2408 = VERTEX_POINT('',#2409);
#2409 = CARTESIAN_POINT('',(-454.5,165.,1.5E+03));
#2410 = SURFACE_CURVE('',#2411,(#2416,#2423),.PCURVE_S1.);
#2411 = CIRCLE('',#2412,5.5);
#2412 = AXIS2_PLACEMENT_3D('',#2413,#2414,#2415);
#2413 = CARTESIAN_POINT('',(-460.,165.,1.5E+03));
#2414 = DIRECTION('',(0.,0.,1.));
#2415 = DIRECTION('',(1.,0.,-0.));
#2416 = PCURVE('',#906,#2417);
#2417 = DEFINITIONAL_REPRESENTATION('',(#2418),#2422);
#2418 = CIRCLE('',#2419,5.5);
#2419 = AXIS2_PLACEMENT_2D('',#2420,#2421);
#2420 = CARTESIAN_POINT('',(25.,15.));
#2421 = DIRECTION('',(1.,0.));
#2422 = ( GEOMETRIC_REPRESENTATION_CONTEXT(2) 
PARAMETRIC_REPRESENTATION_CONTEXT() REPRESENTATION_CONTEXT('2D SPACE',''
  ) );
#2423 = PCURVE('',#2424,#2429);
#2424 = CYLINDRICAL_SURFACE('',#2425,5.5);
#2425 = AXIS2_PLACEMENT_3D('',#2426,#2427,#2428);
#2426 = CARTESIAN_POINT('',(-460.,165.,1.499E+03));
#2427 = DIRECTION('',(0.,0.,1.));
#2428 = DIRECTION('',(1.,0.,-0.));
#2429 = DEFINITIONAL_REPRESENTATION('',(#2430),#2434);
#2430 = LINE('',#2431,#2432);
#2431 = CARTESIAN_POINT('',(0.,1.));
#2432 = VECTOR('',#2433,1.);
#2433 = DIRECTION('',(1.,0.));
#2434 = ( GEOMETRIC_REPRESENTATION_CONTEXT(2) 
PARAMETRIC_REPRESENTATION_CONTEXT() REPRESENTATION_CONTEXT('2D SPACE',''
  ) );
#2435 = FACE_BOUND('',#2436,.F.);
#2436 = EDGE_LOOP('',(#2437));
#2437 = ORIENTED_EDGE('',*,*,#2438,.F.);
#2438 = EDGE_CURVE('',#2439,#2439,#2441,.T.);
#2439 = VERTEX_POINT('',#2440);
#2440 = CARTESIAN_POINT('',(-454.5,235.,1.5E+03));
#2441 = SURFACE_CURVE('',#2442,(#2447,#2454),.PCURVE_S1.);
#2442 = CIRCLE('',#2443,5.5);
#2443 = AXIS2_PLACEMENT_3D('',#2444,#2445,#2446);
#2444 = CARTESIAN_POINT('',(-460.,235.,1.5E+03));
#2445 = DIRECTION('',(0.,0.,1.));
#2446 = DIRECTION('',(1.,0.,-0.));
#2447 = PCURVE('',#906,#2448);
#2448 = DEFINITIONAL_REPRESENTATION('',(#2449),#2453);
#2449 = CIRCLE('',#2450,5.5);
#2450 = AXIS2_PLACEMENT_2D('',#2451,#2452);
#2451 = CARTESIAN_POINT('',(25.,85.));
#2452 = DIRECTION('',(1.,0.));
#2453 = ( GEOMETRIC_REPRESENTATION_CONTEXT(2) 
PARAMETRIC_REPRESENTATION_CONTEXT() REPRESENTATION_CONTEXT('2D SPACE',''
  ) );
#2454 = PCURVE('',#2455,#2460);
#2455 = CYLINDRICAL_SURFACE('',#2456,5.5);
#2456 = AXIS2_PLACEMENT_3D('',#2457,#2458,#2459);
#2457 = CARTESIAN_POINT('',(-460.,235.,1.499E+03));
#2458 = DIRECTION('',(0.,0.,1.));
#2459 = DIRECTION('',(1.,0.,-0.));
#2460 = DEFINITIONAL_REPRESENTATION('',(#2461),#2465);
#2461 = LINE('',#2462,#2463);
#2462 = CARTESIAN_POINT('',(0.,1.));
#2463 = VECTOR('',#2464,1.);
#2464 = DIRECTION('',(1.,0.));
#2465 = ( GEOMETRIC_REPRESENTATION_CONTEXT(2) 
PARAMETRIC_REPRESENTATION_CONTEXT() REPRESENTATION_CONTEXT('2D SPACE',''
  ) );
#2466 = ADVANCED_FACE('',(#2467),#934,.T.);
#2467 = FACE_BOUND('',#2468,.T.);
#2468 = EDGE_LOOP('',(#2469,#2470,#2471,#2494));
#2469 = ORIENTED_EDGE('',*,*,#2384,.F.);
#2470 = ORIENTED_EDGE('',*,*,#918,.T.);
#2471 = ORIENTED_EDGE('',*,*,#2472,.T.);
#2472 = EDGE_CURVE('',#919,#2473,#2475,.T.);
#2473 = VERTEX_POINT('',#2474);
#2474 = CARTESIAN_POINT('',(-435.,250.,1.508E+03));
#2475 = SURFACE_CURVE('',#2476,(#2480,#2487),.PCURVE_S1.);
#2476 = LINE('',#2477,#2478);
#2477 = CARTESIAN_POINT('',(-485.,250.,1.508E+03));
#2478 = VECTOR('',#2479,1.);
#2479 = DIRECTION('',(1.,0.,-0.));
#2480 = PCURVE('',#934,#2481);
#2481 = DEFINITIONAL_REPRESENTATION('',(#2482),#2486);
#2482 = LINE('',#2483,#2484);
#2483 = CARTESIAN_POINT('',(8.,0.));
#2484 = VECTOR('',#2485,1.);
#2485 = DIRECTION('',(0.,1.));
#2486 = ( GEOMETRIC_REPRESENTATION_CONTEXT(2) 
PARAMETRIC_REPRESENTATION_CONTEXT() REPRESENTATION_CONTEXT('2D SPACE',''
  ) );
#2487 = PCURVE('',#962,#2488);
#2488 = DEFINITIONAL_REPRESENTATION('',(#2489),#2493);
#2489 = LINE('',#2490,#2491);
#2490 = CARTESIAN_POINT('',(0.,100.));
#2491 = VECTOR('',#2492,1.);
#2492 = DIRECTION('',(1.,0.));
#2493 = ( GEOMETRIC_REPRESENTATION_CONTEXT(2) 
PARAMETRIC_REPRESENTATION_CONTEXT() REPRESENTATION_CONTEXT('2D SPACE',''
  ) );
#2494 = ORIENTED_EDGE('',*,*,#2495,.F.);
#2495 = EDGE_CURVE('',#2362,#2473,#2496,.T.);
#2496 = SURFACE_CURVE('',#2497,(#2501,#2508),.PCURVE_S1.);
#2497 = LINE('',#2498,#2499);
#2498 = CARTESIAN_POINT('',(-435.,250.,1.5E+03));
#2499 = VECTOR('',#2500,1.);
#2500 = DIRECTION('',(0.,0.,1.));
#2501 = PCURVE('',#934,#2502);
#2502 = DEFINITIONAL_REPRESENTATION('',(#2503),#2507);
#2503 = LINE('',#2504,#2505);
#2504 = CARTESIAN_POINT('',(0.,50.));
#2505 = VECTOR('',#2506,1.);
#2506 = DIRECTION('',(1.,0.));
#2507 = ( GEOMETRIC_REPRESENTATION_CONTEXT(2) 
PARAMETRIC_REPRESENTATION_CONTEXT() REPRESENTATION_CONTEXT('2D SPACE',''
  ) );
#2508 = PCURVE('',#1204,#2509);
#2509 = DEFINITIONAL_REPRESENTATION('',(#2510),#2514);
#2510 = LINE('',#2511,#2512);
#2511 = CARTESIAN_POINT('',(-690.4311639333,-1.125051088668E+03));
#2512 = VECTOR('',#2513,1.);
#2513 = DIRECTION('',(0.984807753012,0.173648177667));
#2514 = ( GEOMETRIC_REPRESENTATION_CONTEXT(2) 
PARAMETRIC_REPRESENTATION_CONTEXT() REPRESENTATION_CONTEXT('2D SPACE',''
  ) );
#2515 = ADVANCED_FACE('',(#2516,#2564),#962,.T.);
#2516 = FACE_BOUND('',#2517,.T.);
#2517 = EDGE_LOOP('',(#2518,#2519,#2542,#2563));
#2518 = ORIENTED_EDGE('',*,*,#946,.F.);
#2519 = ORIENTED_EDGE('',*,*,#2520,.T.);
#2520 = EDGE_CURVE('',#947,#2521,#2523,.T.);
#2521 = VERTEX_POINT('',#2522);
#2522 = CARTESIAN_POINT('',(-435.,225.,1.508E+03));
#2523 = SURFACE_CURVE('',#2524,(#2528,#2535),.PCURVE_S1.);
#2524 = LINE('',#2525,#2526);
#2525 = CARTESIAN_POINT('',(-485.,225.,1.508E+03));
#2526 = VECTOR('',#2527,1.);
#2527 = DIRECTION('',(1.,0.,-0.));
#2528 = PCURVE('',#962,#2529);
#2529 = DEFINITIONAL_REPRESENTATION('',(#2530),#2534);
#2530 = LINE('',#2531,#2532);
#2531 = CARTESIAN_POINT('',(0.,75.));
#2532 = VECTOR('',#2533,1.);
#2533 = DIRECTION('',(1.,0.));
#2534 = ( GEOMETRIC_REPRESENTATION_CONTEXT(2) 
PARAMETRIC_REPRESENTATION_CONTEXT() REPRESENTATION_CONTEXT('2D SPACE',''
  ) );
#2535 = PCURVE('',#990,#2536);
#2536 = DEFINITIONAL_REPRESENTATION('',(#2537),#2541);
#2537 = LINE('',#2538,#2539);
#2538 = CARTESIAN_POINT('',(0.,0.));
#2539 = VECTOR('',#2540,1.);
#2540 = DIRECTION('',(0.,1.));
#2541 = ( GEOMETRIC_REPRESENTATION_CONTEXT(2) 
PARAMETRIC_REPRESENTATION_CONTEXT() REPRESENTATION_CONTEXT('2D SPACE',''
  ) );
#2542 = ORIENTED_EDGE('',*,*,#2543,.T.);
#2543 = EDGE_CURVE('',#2521,#2473,#2544,.T.);
#2544 = SURFACE_CURVE('',#2545,(#2549,#2556),.PCURVE_S1.);
#2545 = LINE('',#2546,#2547);
#2546 = CARTESIAN_POINT('',(-435.,150.,1.508E+03));
#2547 = VECTOR('',#2548,1.);
#2548 = DIRECTION('',(-0.,1.,0.));
#2549 = PCURVE('',#962,#2550);
#2550 = DEFINITIONAL_REPRESENTATION('',(#2551),#2555);
#2551 = LINE('',#2552,#2553);
#2552 = CARTESIAN_POINT('',(50.,0.));
#2553 = VECTOR('',#2554,1.);
#2554 = DIRECTION('',(0.,1.));
#2555 = ( GEOMETRIC_REPRESENTATION_CONTEXT(2) 
PARAMETRIC_REPRESENTATION_CONTEXT() REPRESENTATION_CONTEXT('2D SPACE',''
  ) );
#2556 = PCURVE('',#1204,#2557);
#2557 = DEFINITIONAL_REPRESENTATION('',(#2558),#2562);
#2558 = LINE('',#2559,#2560);
#2559 = CARTESIAN_POINT('',(-699.9175196759,-1.025181127946E+03));
#2560 = VECTOR('',#2561,1.);
#2561 = DIRECTION('',(0.173648177667,-0.984807753012));
#2562 = ( GEOMETRIC_REPRESENTATION_CONTEXT(2) 
PARAMETRIC_REPRESENTATION_CONTEXT() REPRESENTATION_CONTEXT('2D SPACE',''
  ) );
#2563 = ORIENTED_EDGE('',*,*,#2472,.F.);
#2564 = FACE_BOUND('',#2565,.T.);
#2565 = EDGE_LOOP('',(#2566));
#2566 = ORIENTED_EDGE('',*,*,#2567,.F.);
#2567 = EDGE_CURVE('',#2568,#2568,#2570,.T.);
#2568 = VERTEX_POINT('',#2569);
#2569 = CARTESIAN_POINT('',(-451.5,235.,1.508E+03));
#2570 = SURFACE_CURVE('',#2571,(#2576,#2583),.PCURVE_S1.);
#2571 = CIRCLE('',#2572,8.5);
#2572 = AXIS2_PLACEMENT_3D('',#2573,#2574,#2575);
#2573 = CARTESIAN_POINT('',(-460.,235.,1.508E+03));
#2574 = DIRECTION('',(0.,0.,1.));
#2575 = DIRECTION('',(1.,0.,-0.));
#2576 = PCURVE('',#962,#2577);
#2577 = DEFINITIONAL_REPRESENTATION('',(#2578),#2582);
#2578 = CIRCLE('',#2579,8.5);
#2579 = AXIS2_PLACEMENT_2D('',#2580,#2581);
#2580 = CARTESIAN_POINT('',(25.,85.));
#2581 = DIRECTION('',(1.,0.));
#2582 = ( GEOMETRIC_REPRESENTATION_CONTEXT(2) 
PARAMETRIC_REPRESENTATION_CONTEXT() REPRESENTATION_CONTEXT('2D SPACE',''
  ) );
#2583 = PCURVE('',#2584,#2589);
#2584 = CYLINDRICAL_SURFACE('',#2585,8.5);
#2585 = AXIS2_PLACEMENT_3D('',#2586,#2587,#2588);
#2586 = CARTESIAN_POINT('',(-460.,235.,1.508E+03));
#2587 = DIRECTION('',(0.,0.,1.));
#2588 = DIRECTION('',(1.,0.,-0.));
#2589 = DEFINITIONAL_REPRESENTATION('',(#2590),#2594);
#2590 = LINE('',#2591,#2592);
#2591 = CARTESIAN_POINT('',(0.,0.));
#2592 = VECTOR('',#2593,1.);
#2593 = DIRECTION('',(1.,0.));
#2594 = ( GEOMETRIC_REPRESENTATION_CONTEXT(2) 
PARAMETRIC_REPRESENTATION_CONTEXT() REPRESENTATION_CONTEXT('2D SPACE',''
  ) );
#2595 = ADVANCED_FACE('',(#2596),#990,.T.);
#2596 = FACE_BOUND('',#2597,.T.);
#2597 = EDGE_LOOP('',(#2598,#2621,#2622,#2623));
#2598 = ORIENTED_EDGE('',*,*,#2599,.F.);
#2599 = EDGE_CURVE('',#2521,#2600,#2602,.T.);
#2600 = VERTEX_POINT('',#2601);
#2601 = CARTESIAN_POINT('',(-435.,225.,2.19939779238E+03));
#2602 = SURFACE_CURVE('',#2603,(#2607,#2614),.PCURVE_S1.);
#2603 = LINE('',#2604,#2605);
#2604 = CARTESIAN_POINT('',(-435.,225.,1.508E+03));
#2605 = VECTOR('',#2606,1.);
#2606 = DIRECTION('',(0.,0.,1.));
#2607 = PCURVE('',#990,#2608);
#2608 = DEFINITIONAL_REPRESENTATION('',(#2609),#2613);
#2609 = LINE('',#2610,#2611);
#2610 = CARTESIAN_POINT('',(0.,50.));
#2611 = VECTOR('',#2612,1.);
#2612 = DIRECTION('',(1.,0.));
#2613 = ( GEOMETRIC_REPRESENTATION_CONTEXT(2) 
PARAMETRIC_REPRESENTATION_CONTEXT() REPRESENTATION_CONTEXT('2D SPACE',''
  ) );
#2614 = PCURVE('',#1204,#2615);
#2615 = DEFINITIONAL_REPRESENTATION('',(#2616),#2620);
#2616 = LINE('',#2617,#2618);
#2617 = CARTESIAN_POINT('',(-686.8939063509,-1.099041709422E+03));
#2618 = VECTOR('',#2619,1.);
#2619 = DIRECTION('',(0.984807753012,0.173648177667));
#2620 = ( GEOMETRIC_REPRESENTATION_CONTEXT(2) 
PARAMETRIC_REPRESENTATION_CONTEXT() REPRESENTATION_CONTEXT('2D SPACE',''
  ) );
#2621 = ORIENTED_EDGE('',*,*,#2520,.F.);
#2622 = ORIENTED_EDGE('',*,*,#974,.T.);
#2623 = ORIENTED_EDGE('',*,*,#2624,.T.);
#2624 = EDGE_CURVE('',#975,#2600,#2625,.T.);
#2625 = SURFACE_CURVE('',#2626,(#2630,#2636),.PCURVE_S1.);
#2626 = LINE('',#2627,#2628);
#2627 = CARTESIAN_POINT('',(-1.7425E+03,225.,2.19939779238E+03));
#2628 = VECTOR('',#2629,1.);
#2629 = DIRECTION('',(1.,0.,-0.));
#2630 = PCURVE('',#990,#2631);
#2631 = DEFINITIONAL_REPRESENTATION('',(#2632),#2635);
#2632 = B_SPLINE_CURVE_WITH_KNOTS('',1,(#2633,#2634),.UNSPECIFIED.,.F.,
  .F.,(2,2),(1.2575E+03,1.3075E+03),.PIECEWISE_BEZIER_KNOTS.);
#2633 = CARTESIAN_POINT('',(691.39779237958,0.));
#2634 = CARTESIAN_POINT('',(691.39779237958,50.));
#2635 = ( GEOMETRIC_REPRESENTATION_CONTEXT(2) 
PARAMETRIC_REPRESENTATION_CONTEXT() REPRESENTATION_CONTEXT('2D SPACE',''
  ) );
#2636 = PCURVE('',#1018,#2637);
#2637 = DEFINITIONAL_REPRESENTATION('',(#2638),#2642);
#2638 = LINE('',#2639,#2640);
#2639 = CARTESIAN_POINT('',(-1.2575E+03,60.385665297144));
#2640 = VECTOR('',#2641,1.);
#2641 = DIRECTION('',(1.,0.));
#2642 = ( GEOMETRIC_REPRESENTATION_CONTEXT(2) 
PARAMETRIC_REPRESENTATION_CONTEXT() REPRESENTATION_CONTEXT('2D SPACE',''
  ) );
#2643 = ADVANCED_FACE('',(#2644),#1018,.F.);
#2644 = FACE_BOUND('',#2645,.F.);
#2645 = EDGE_LOOP('',(#2646,#2647,#2648,#2671));
#2646 = ORIENTED_EDGE('',*,*,#1002,.F.);
#2647 = ORIENTED_EDGE('',*,*,#2624,.T.);
#2648 = ORIENTED_EDGE('',*,*,#2649,.T.);
#2649 = EDGE_CURVE('',#2600,#2650,#2652,.T.);
#2650 = VERTEX_POINT('',#2651);
#2651 = CARTESIAN_POINT('',(-435.,234.46827135542,2.197728280679E+03));
#2652 = SURFACE_CURVE('',#2653,(#2657,#2664),.PCURVE_S1.);
#2653 = LINE('',#2654,#2655);
#2654 = CARTESIAN_POINT('',(-435.,165.53172864457,2.209883653116E+03));
#2655 = VECTOR('',#2656,1.);
#2656 = DIRECTION('',(0.,0.984807753012,-0.173648177667));
#2657 = PCURVE('',#1018,#2658);
#2658 = DEFINITIONAL_REPRESENTATION('',(#2659),#2663);
#2659 = LINE('',#2660,#2661);
#2660 = CARTESIAN_POINT('',(50.,0.));
#2661 = VECTOR('',#2662,1.);
#2662 = DIRECTION('',(0.,1.));
#2663 = ( GEOMETRIC_REPRESENTATION_CONTEXT(2) 
PARAMETRIC_REPRESENTATION_CONTEXT() REPRESENTATION_CONTEXT('2D SPACE',''
  ) );
#2664 = PCURVE('',#1204,#2665);
#2665 = DEFINITIONAL_REPRESENTATION('',(#2666),#2670);
#2666 = LINE('',#2667,#2668);
#2667 = CARTESIAN_POINT('',(-6.,-918.5960774349));
#2668 = VECTOR('',#2669,1.);
#2669 = DIRECTION('',(0.,-1.));
#2670 = ( GEOMETRIC_REPRESENTATION_CONTEXT(2) 
PARAMETRIC_REPRESENTATION_CONTEXT() REPRESENTATION_CONTEXT('2D SPACE',''
  ) );
#2671 = ORIENTED_EDGE('',*,*,#2672,.F.);
#2672 = EDGE_CURVE('',#1003,#2650,#2673,.T.);
#2673 = SURFACE_CURVE('',#2674,(#2678,#2685),.PCURVE_S1.);
#2674 = LINE('',#2675,#2676);
#2675 = CARTESIAN_POINT('',(-485.,234.46827135542,2.197728280679E+03));
#2676 = VECTOR('',#2677,1.);
#2677 = DIRECTION('',(1.,0.,-0.));
#2678 = PCURVE('',#1018,#2679);
#2679 = DEFINITIONAL_REPRESENTATION('',(#2680),#2684);
#2680 = LINE('',#2681,#2682);
#2681 = CARTESIAN_POINT('',(0.,70.));
#2682 = VECTOR('',#2683,1.);
#2683 = DIRECTION('',(1.,0.));
#2684 = ( GEOMETRIC_REPRESENTATION_CONTEXT(2) 
PARAMETRIC_REPRESENTATION_CONTEXT() REPRESENTATION_CONTEXT('2D SPACE',''
  ) );
#2685 = PCURVE('',#1046,#2686);
#2686 = DEFINITIONAL_REPRESENTATION('',(#2687),#2691);
#2687 = LINE('',#2688,#2689);
#2688 = CARTESIAN_POINT('',(0.,0.));
#2689 = VECTOR('',#2690,1.);
#2690 = DIRECTION('',(0.,1.));
#2691 = ( GEOMETRIC_REPRESENTATION_CONTEXT(2) 
PARAMETRIC_REPRESENTATION_CONTEXT() REPRESENTATION_CONTEXT('2D SPACE',''
  ) );
#2692 = ADVANCED_FACE('',(#2693),#1046,.T.);
#2693 = FACE_BOUND('',#2694,.T.);
#2694 = EDGE_LOOP('',(#2695,#2696,#2697,#2720));
#2695 = ORIENTED_EDGE('',*,*,#2672,.F.);
#2696 = ORIENTED_EDGE('',*,*,#1030,.T.);
#2697 = ORIENTED_EDGE('',*,*,#2698,.T.);
#2698 = EDGE_CURVE('',#1031,#2699,#2701,.T.);
#2699 = VERTEX_POINT('',#2700);
#2700 = CARTESIAN_POINT('',(-435.,235.51016042142,2.203637127197E+03));
#2701 = SURFACE_CURVE('',#2702,(#2706,#2713),.PCURVE_S1.);
#2702 = LINE('',#2703,#2704);
#2703 = CARTESIAN_POINT('',(-485.,235.51016042142,2.203637127197E+03));
#2704 = VECTOR('',#2705,1.);
#2705 = DIRECTION('',(1.,0.,-0.));
#2706 = PCURVE('',#1046,#2707);
#2707 = DEFINITIONAL_REPRESENTATION('',(#2708),#2712);
#2708 = LINE('',#2709,#2710);
#2709 = CARTESIAN_POINT('',(6.,0.));
#2710 = VECTOR('',#2711,1.);
#2711 = DIRECTION('',(0.,1.));
#2712 = ( GEOMETRIC_REPRESENTATION_CONTEXT(2) 
PARAMETRIC_REPRESENTATION_CONTEXT() REPRESENTATION_CONTEXT('2D SPACE',''
  ) );
#2713 = PCURVE('',#1074,#2714);
#2714 = DEFINITIONAL_REPRESENTATION('',(#2715),#2719);
#2715 = LINE('',#2716,#2717);
#2716 = CARTESIAN_POINT('',(0.,988.59607743499));
#2717 = VECTOR('',#2718,1.);
#2718 = DIRECTION('',(1.,0.));
#2719 = ( GEOMETRIC_REPRESENTATION_CONTEXT(2) 
PARAMETRIC_REPRESENTATION_CONTEXT() REPRESENTATION_CONTEXT('2D SPACE',''
  ) );
#2720 = ORIENTED_EDGE('',*,*,#2721,.F.);
#2721 = EDGE_CURVE('',#2650,#2699,#2722,.T.);
#2722 = SURFACE_CURVE('',#2723,(#2727,#2734),.PCURVE_S1.);
#2723 = LINE('',#2724,#2725);
#2724 = CARTESIAN_POINT('',(-435.,234.46827135542,2.197728280679E+03));
#2725 = VECTOR('',#2726,1.);
#2726 = DIRECTION('',(0.,0.173648177667,0.984807753012));
#2727 = PCURVE('',#1046,#2728);
#2728 = DEFINITIONAL_REPRESENTATION('',(#2729),#2733);
#2729 = LINE('',#2730,#2731);
#2730 = CARTESIAN_POINT('',(0.,50.));
#2731 = VECTOR('',#2732,1.);
#2732 = DIRECTION('',(1.,0.));
#2733 = ( GEOMETRIC_REPRESENTATION_CONTEXT(2) 
PARAMETRIC_REPRESENTATION_CONTEXT() REPRESENTATION_CONTEXT('2D SPACE',''
  ) );
#2734 = PCURVE('',#1204,#2735);
#2735 = DEFINITIONAL_REPRESENTATION('',(#2736),#2740);
#2736 = LINE('',#2737,#2738);
#2737 = CARTESIAN_POINT('',(-6.,-988.5960774349));
#2738 = VECTOR('',#2739,1.);
#2739 = DIRECTION('',(1.,0.));
#2740 = ( GEOMETRIC_REPRESENTATION_CONTEXT(2) 
PARAMETRIC_REPRESENTATION_CONTEXT() REPRESENTATION_CONTEXT('2D SPACE',''
  ) );
#2741 = ADVANCED_FACE('',(#2742),#1074,.F.);
#2742 = FACE_BOUND('',#2743,.F.);
#2743 = EDGE_LOOP('',(#2744,#2745,#2746,#2769));
#2744 = ORIENTED_EDGE('',*,*,#1058,.F.);
#2745 = ORIENTED_EDGE('',*,*,#2698,.T.);
#2746 = ORIENTED_EDGE('',*,*,#2747,.T.);
#2747 = EDGE_CURVE('',#2699,#2748,#2750,.T.);
#2748 = VERTEX_POINT('',#2749);
#2749 = CARTESIAN_POINT('',(-435.,418.09738080231,2.171442073911E+03));
#2750 = SURFACE_CURVE('',#2751,(#2755,#2762),.PCURVE_S1.);
#2751 = LINE('',#2752,#2753);
#2752 = CARTESIAN_POINT('',(-435.,-738.066921234,2.375305034492E+03));
#2753 = VECTOR('',#2754,1.);
#2754 = DIRECTION('',(0.,0.984807753012,-0.173648177667));
#2755 = PCURVE('',#1074,#2756);
#2756 = DEFINITIONAL_REPRESENTATION('',(#2757),#2761);
#2757 = LINE('',#2758,#2759);
#2758 = CARTESIAN_POINT('',(50.,0.));
#2759 = VECTOR('',#2760,1.);
#2760 = DIRECTION('',(0.,1.));
#2761 = ( GEOMETRIC_REPRESENTATION_CONTEXT(2) 
PARAMETRIC_REPRESENTATION_CONTEXT() REPRESENTATION_CONTEXT('2D SPACE',''
  ) );
#2762 = PCURVE('',#1204,#2763);
#2763 = DEFINITIONAL_REPRESENTATION('',(#2764),#2768);
#2764 = LINE('',#2765,#2766);
#2765 = CARTESIAN_POINT('',(0.,0.));
#2766 = VECTOR('',#2767,1.);
#2767 = DIRECTION('',(0.,-1.));
#2768 = ( GEOMETRIC_REPRESENTATION_CONTEXT(2) 
PARAMETRIC_REPRESENTATION_CONTEXT() REPRESENTATION_CONTEXT('2D SPACE',''
  ) );
#2769 = ORIENTED_EDGE('',*,*,#2770,.F.);
#2770 = EDGE_CURVE('',#1059,#2748,#2771,.T.);
#2771 = SURFACE_CURVE('',#2772,(#2776,#2783),.PCURVE_S1.);
#2772 = LINE('',#2773,#2774);
#2773 = CARTESIAN_POINT('',(-485.,418.09738080231,2.171442073911E+03));
#2774 = VECTOR('',#2775,1.);
#2775 = DIRECTION('',(1.,0.,-0.));
#2776 = PCURVE('',#1074,#2777);
#2777 = DEFINITIONAL_REPRESENTATION('',(#2778),#2782);
#2778 = LINE('',#2779,#2780);
#2779 = CARTESIAN_POINT('',(0.,1.174E+03));
#2780 = VECTOR('',#2781,1.);
#2781 = DIRECTION('',(1.,0.));
#2782 = ( GEOMETRIC_REPRESENTATION_CONTEXT(2) 
PARAMETRIC_REPRESENTATION_CONTEXT() REPRESENTATION_CONTEXT('2D SPACE',''
  ) );
#2783 = PCURVE('',#1102,#2784);
#2784 = DEFINITIONAL_REPRESENTATION('',(#2785),#2789);
#2785 = LINE('',#2786,#2787);
#2786 = CARTESIAN_POINT('',(0.,0.));
#2787 = VECTOR('',#2788,1.);
#2788 = DIRECTION('',(0.,1.));
#2789 = ( GEOMETRIC_REPRESENTATION_CONTEXT(2) 
PARAMETRIC_REPRESENTATION_CONTEXT() REPRESENTATION_CONTEXT('2D SPACE',''
  ) );
#2790 = ADVANCED_FACE('',(#2791,#2839),#1102,.T.);
#2791 = FACE_BOUND('',#2792,.T.);
#2792 = EDGE_LOOP('',(#2793,#2794,#2795,#2818));
#2793 = ORIENTED_EDGE('',*,*,#2770,.F.);
#2794 = ORIENTED_EDGE('',*,*,#1086,.T.);
#2795 = ORIENTED_EDGE('',*,*,#2796,.T.);
#2796 = EDGE_CURVE('',#1087,#2797,#2799,.T.);
#2797 = VERTEX_POINT('',#2798);
#2798 = CARTESIAN_POINT('',(-435.,425.04330790899,2.210834384032E+03));
#2799 = SURFACE_CURVE('',#2800,(#2804,#2811),.PCURVE_S1.);
#2800 = LINE('',#2801,#2802);
#2801 = CARTESIAN_POINT('',(-485.,425.04330790899,2.210834384032E+03));
#2802 = VECTOR('',#2803,1.);
#2803 = DIRECTION('',(1.,0.,-0.));
#2804 = PCURVE('',#1102,#2805);
#2805 = DEFINITIONAL_REPRESENTATION('',(#2806),#2810);
#2806 = LINE('',#2807,#2808);
#2807 = CARTESIAN_POINT('',(40.,0.));
#2808 = VECTOR('',#2809,1.);
#2809 = DIRECTION('',(0.,1.));
#2810 = ( GEOMETRIC_REPRESENTATION_CONTEXT(2) 
PARAMETRIC_REPRESENTATION_CONTEXT() REPRESENTATION_CONTEXT('2D SPACE',''
  ) );
#2811 = PCURVE('',#1128,#2812);
#2812 = DEFINITIONAL_REPRESENTATION('',(#2813),#2817);
#2813 = LINE('',#2814,#2815);
#2814 = CARTESIAN_POINT('',(0.,1.174E+03));
#2815 = VECTOR('',#2816,1.);
#2816 = DIRECTION('',(1.,0.));
#2817 = ( GEOMETRIC_REPRESENTATION_CONTEXT(2) 
PARAMETRIC_REPRESENTATION_CONTEXT() REPRESENTATION_CONTEXT('2D SPACE',''
  ) );
#2818 = ORIENTED_EDGE('',*,*,#2819,.F.);
#2819 = EDGE_CURVE('',#2748,#2797,#2820,.T.);
#2820 = SURFACE_CURVE('',#2821,(#2825,#2832),.PCURVE_S1.);
#2821 = LINE('',#2822,#2823);
#2822 = CARTESIAN_POINT('',(-435.,418.09738080231,2.171442073911E+03));
#2823 = VECTOR('',#2824,1.);
#2824 = DIRECTION('',(0.,0.173648177667,0.984807753012));
#2825 = PCURVE('',#1102,#2826);
#2826 = DEFINITIONAL_REPRESENTATION('',(#2827),#2831);
#2827 = LINE('',#2828,#2829);
#2828 = CARTESIAN_POINT('',(0.,50.));
#2829 = VECTOR('',#2830,1.);
#2830 = DIRECTION('',(1.,0.));
#2831 = ( GEOMETRIC_REPRESENTATION_CONTEXT(2) 
PARAMETRIC_REPRESENTATION_CONTEXT() REPRESENTATION_CONTEXT('2D SPACE',''
  ) );
#2832 = PCURVE('',#1204,#2833);
#2833 = DEFINITIONAL_REPRESENTATION('',(#2834),#2838);
#2834 = LINE('',#2835,#2836);
#2835 = CARTESIAN_POINT('',(1.705302565824E-13,-1.174E+03));
#2836 = VECTOR('',#2837,1.);
#2837 = DIRECTION('',(1.,0.));
#2838 = ( GEOMETRIC_REPRESENTATION_CONTEXT(2) 
PARAMETRIC_REPRESENTATION_CONTEXT() REPRESENTATION_CONTEXT('2D SPACE',''
  ) );
#2839 = FACE_BOUND('',#2840,.T.);
#2840 = EDGE_LOOP('',(#2841,#2864,#2885,#2906));
#2841 = ORIENTED_EDGE('',*,*,#2842,.F.);
#2842 = EDGE_CURVE('',#2843,#2845,#2847,.T.);
#2843 = VERTEX_POINT('',#2844);
#2844 = CARTESIAN_POINT('',(-482.,424.52236337599,2.207879960773E+03));
#2845 = VERTEX_POINT('',#2846);
#2846 = CARTESIAN_POINT('',(-438.,424.52236337599,2.207879960773E+03));
#2847 = SURFACE_CURVE('',#2848,(#2852,#2858),.PCURVE_S1.);
#2848 = LINE('',#2849,#2850);
#2849 = CARTESIAN_POINT('',(-483.5,424.52236337599,2.207879960773E+03));
#2850 = VECTOR('',#2851,1.);
#2851 = DIRECTION('',(1.,0.,-0.));
#2852 = PCURVE('',#1102,#2853);
#2853 = DEFINITIONAL_REPRESENTATION('',(#2854),#2857);
#2854 = B_SPLINE_CURVE_WITH_KNOTS('',1,(#2855,#2856),.UNSPECIFIED.,.F.,
  .F.,(2,2),(1.5,45.5),.PIECEWISE_BEZIER_KNOTS.);
#2855 = CARTESIAN_POINT('',(37.,3.));
#2856 = CARTESIAN_POINT('',(37.,47.));
#2857 = ( GEOMETRIC_REPRESENTATION_CONTEXT(2) 
PARAMETRIC_REPRESENTATION_CONTEXT() REPRESENTATION_CONTEXT('2D SPACE',''
  ) );
#2858 = PCURVE('',#1235,#2859);
#2859 = DEFINITIONAL_REPRESENTATION('',(#2860),#2863);
#2860 = B_SPLINE_CURVE_WITH_KNOTS('',1,(#2861,#2862),.UNSPECIFIED.,.F.,
  .F.,(2,2),(1.5,45.5),.PIECEWISE_BEZIER_KNOTS.);
#2861 = CARTESIAN_POINT('',(0.,1.175E+03));
#2862 = CARTESIAN_POINT('',(44.,1.175E+03));
#2863 = ( GEOMETRIC_REPRESENTATION_CONTEXT(2) 
PARAMETRIC_REPRESENTATION_CONTEXT() REPRESENTATION_CONTEXT('2D SPACE',''
  ) );
#2864 = ORIENTED_EDGE('',*,*,#2865,.T.);
#2865 = EDGE_CURVE('',#2843,#2866,#2868,.T.);
#2866 = VERTEX_POINT('',#2867);
#2867 = CARTESIAN_POINT('',(-482.,418.61832533531,2.17439649717E+03));
#2868 = SURFACE_CURVE('',#2869,(#2873,#2879),.PCURVE_S1.);
#2869 = LINE('',#2870,#2871);
#2870 = CARTESIAN_POINT('',(-482.,418.35785306881,2.172919285541E+03));
#2871 = VECTOR('',#2872,1.);
#2872 = DIRECTION('',(-0.,-0.173648177667,-0.984807753012));
#2873 = PCURVE('',#1102,#2874);
#2874 = DEFINITIONAL_REPRESENTATION('',(#2875),#2878);
#2875 = B_SPLINE_CURVE_WITH_KNOTS('',1,(#2876,#2877),.UNSPECIFIED.,.F.,
  .F.,(2,2),(-35.5,-1.5),.PIECEWISE_BEZIER_KNOTS.);
#2876 = CARTESIAN_POINT('',(37.,3.));
#2877 = CARTESIAN_POINT('',(3.,3.));
#2878 = ( GEOMETRIC_REPRESENTATION_CONTEXT(2) 
PARAMETRIC_REPRESENTATION_CONTEXT() REPRESENTATION_CONTEXT('2D SPACE',''
  ) );
#2879 = PCURVE('',#1261,#2880);
#2880 = DEFINITIONAL_REPRESENTATION('',(#2881),#2884);
#2881 = B_SPLINE_CURVE_WITH_KNOTS('',1,(#2882,#2883),.UNSPECIFIED.,.F.,
  .F.,(2,2),(-35.5,-1.5),.PIECEWISE_BEZIER_KNOTS.);
#2882 = CARTESIAN_POINT('',(34.,-1.175E+03));
#2883 = CARTESIAN_POINT('',(0.,-1.175E+03));
#2884 = ( GEOMETRIC_REPRESENTATION_CONTEXT(2) 
PARAMETRIC_REPRESENTATION_CONTEXT() REPRESENTATION_CONTEXT('2D SPACE',''
  ) );
#2885 = ORIENTED_EDGE('',*,*,#2886,.T.);
#2886 = EDGE_CURVE('',#2866,#2887,#2889,.T.);
#2887 = VERTEX_POINT('',#2888);
#2888 = CARTESIAN_POINT('',(-438.,418.61832533531,2.17439649717E+03));
#2889 = SURFACE_CURVE('',#2890,(#2894,#2900),.PCURVE_S1.);
#2890 = LINE('',#2891,#2892);
#2891 = CARTESIAN_POINT('',(-483.5,418.61832533531,2.17439649717E+03));
#2892 = VECTOR('',#2893,1.);
#2893 = DIRECTION('',(1.,0.,-0.));
#2894 = PCURVE('',#1102,#2895);
#2895 = DEFINITIONAL_REPRESENTATION('',(#2896),#2899);
#2896 = B_SPLINE_CURVE_WITH_KNOTS('',1,(#2897,#2898),.UNSPECIFIED.,.F.,
  .F.,(2,2),(1.5,45.5),.PIECEWISE_BEZIER_KNOTS.);
#2897 = CARTESIAN_POINT('',(3.,3.));
#2898 = CARTESIAN_POINT('',(3.,47.));
#2899 = ( GEOMETRIC_REPRESENTATION_CONTEXT(2) 
PARAMETRIC_REPRESENTATION_CONTEXT() REPRESENTATION_CONTEXT('2D SPACE',''
  ) );
#2900 = PCURVE('',#1287,#2901);
#2901 = DEFINITIONAL_REPRESENTATION('',(#2902),#2905);
#2902 = B_SPLINE_CURVE_WITH_KNOTS('',1,(#2903,#2904),.UNSPECIFIED.,.F.,
  .F.,(2,2),(1.5,45.5),.PIECEWISE_BEZIER_KNOTS.);
#2903 = CARTESIAN_POINT('',(0.,1.175E+03));
#2904 = CARTESIAN_POINT('',(44.,1.175E+03));
#2905 = ( GEOMETRIC_REPRESENTATION_CONTEXT(2) 
PARAMETRIC_REPRESENTATION_CONTEXT() REPRESENTATION_CONTEXT('2D SPACE',''
  ) );
#2906 = ORIENTED_EDGE('',*,*,#2907,.F.);
#2907 = EDGE_CURVE('',#2845,#2887,#2908,.T.);
#2908 = SURFACE_CURVE('',#2909,(#2913,#2919),.PCURVE_S1.);
#2909 = LINE('',#2910,#2911);
#2910 = CARTESIAN_POINT('',(-438.,418.35785306881,2.172919285541E+03));
#2911 = VECTOR('',#2912,1.);
#2912 = DIRECTION('',(-0.,-0.173648177667,-0.984807753012));
#2913 = PCURVE('',#1102,#2914);
#2914 = DEFINITIONAL_REPRESENTATION('',(#2915),#2918);
#2915 = B_SPLINE_CURVE_WITH_KNOTS('',1,(#2916,#2917),.UNSPECIFIED.,.F.,
  .F.,(2,2),(-35.5,-1.5),.PIECEWISE_BEZIER_KNOTS.);
#2916 = CARTESIAN_POINT('',(37.,47.));
#2917 = CARTESIAN_POINT('',(3.,47.));
#2918 = ( GEOMETRIC_REPRESENTATION_CONTEXT(2) 
PARAMETRIC_REPRESENTATION_CONTEXT() REPRESENTATION_CONTEXT('2D SPACE',''
  ) );
#2919 = PCURVE('',#1311,#2920);
#2920 = DEFINITIONAL_REPRESENTATION('',(#2921),#2924);
#2921 = B_SPLINE_CURVE_WITH_KNOTS('',1,(#2922,#2923),.UNSPECIFIED.,.F.,
  .F.,(2,2),(-35.5,-1.5),.PIECEWISE_BEZIER_KNOTS.);
#2922 = CARTESIAN_POINT('',(34.,-1.175E+03));
#2923 = CARTESIAN_POINT('',(0.,-1.175E+03));
#2924 = ( GEOMETRIC_REPRESENTATION_CONTEXT(2) 
PARAMETRIC_REPRESENTATION_CONTEXT() REPRESENTATION_CONTEXT('2D SPACE',''
  ) );
#2925 = ADVANCED_FACE('',(#2926,#2952,#3066),#1128,.T.);
#2926 = FACE_BOUND('',#2927,.T.);
#2927 = EDGE_LOOP('',(#2928,#2929,#2930,#2951));
#2928 = ORIENTED_EDGE('',*,*,#1114,.F.);
#2929 = ORIENTED_EDGE('',*,*,#1167,.T.);
#2930 = ORIENTED_EDGE('',*,*,#2931,.T.);
#2931 = EDGE_CURVE('',#1168,#2797,#2932,.T.);
#2932 = SURFACE_CURVE('',#2933,(#2937,#2944),.PCURVE_S1.);
#2933 = LINE('',#2934,#2935);
#2934 = CARTESIAN_POINT('',(-435.,-731.1209941273,2.414697344613E+03));
#2935 = VECTOR('',#2936,1.);
#2936 = DIRECTION('',(0.,0.984807753012,-0.173648177667));
#2937 = PCURVE('',#1128,#2938);
#2938 = DEFINITIONAL_REPRESENTATION('',(#2939),#2943);
#2939 = LINE('',#2940,#2941);
#2940 = CARTESIAN_POINT('',(50.,0.));
#2941 = VECTOR('',#2942,1.);
#2942 = DIRECTION('',(0.,1.));
#2943 = ( GEOMETRIC_REPRESENTATION_CONTEXT(2) 
PARAMETRIC_REPRESENTATION_CONTEXT() REPRESENTATION_CONTEXT('2D SPACE',''
  ) );
#2944 = PCURVE('',#1204,#2945);
#2945 = DEFINITIONAL_REPRESENTATION('',(#2946),#2950);
#2946 = LINE('',#2947,#2948);
#2947 = CARTESIAN_POINT('',(40.,-3.552713678801E-14));
#2948 = VECTOR('',#2949,1.);
#2949 = DIRECTION('',(0.,-1.));
#2950 = ( GEOMETRIC_REPRESENTATION_CONTEXT(2) 
PARAMETRIC_REPRESENTATION_CONTEXT() REPRESENTATION_CONTEXT('2D SPACE',''
  ) );
#2951 = ORIENTED_EDGE('',*,*,#2796,.F.);
#2952 = FACE_BOUND('',#2953,.T.);
#2953 = EDGE_LOOP('',(#2954,#2984,#3012,#3040));
#2954 = ORIENTED_EDGE('',*,*,#2955,.T.);
#2955 = EDGE_CURVE('',#2956,#2958,#2960,.T.);
#2956 = VERTEX_POINT('',#2957);
#2957 = CARTESIAN_POINT('',(-480.,-726.1969553622,2.413829103724E+03));
#2958 = VERTEX_POINT('',#2959);
#2959 = CARTESIAN_POINT('',(-480.,-711.424839067,2.411224381059E+03));
#2960 = SURFACE_CURVE('',#2961,(#2965,#2972),.PCURVE_S1.);
#2961 = LINE('',#2962,#2963);
#2962 = CARTESIAN_POINT('',(-480.,-726.1969553622,2.413829103724E+03));
#2963 = VECTOR('',#2964,1.);
#2964 = DIRECTION('',(0.,0.984807753012,-0.173648177667));
#2965 = PCURVE('',#1128,#2966);
#2966 = DEFINITIONAL_REPRESENTATION('',(#2967),#2971);
#2967 = LINE('',#2968,#2969);
#2968 = CARTESIAN_POINT('',(5.,5.));
#2969 = VECTOR('',#2970,1.);
#2970 = DIRECTION('',(0.,1.));
#2971 = ( GEOMETRIC_REPRESENTATION_CONTEXT(2) 
PARAMETRIC_REPRESENTATION_CONTEXT() REPRESENTATION_CONTEXT('2D SPACE',''
  ) );
#2972 = PCURVE('',#2973,#2978);
#2973 = PLANE('',#2974);
#2974 = AXIS2_PLACEMENT_3D('',#2975,#2976,#2977);
#2975 = CARTESIAN_POINT('',(-480.,-726.1969553622,2.413829103724E+03));
#2976 = DIRECTION('',(1.,0.,-0.));
#2977 = DIRECTION('',(0.,0.173648177667,0.984807753012));
#2978 = DEFINITIONAL_REPRESENTATION('',(#2979),#2983);
#2979 = LINE('',#2980,#2981);
#2980 = CARTESIAN_POINT('',(0.,0.));
#2981 = VECTOR('',#2982,1.);
#2982 = DIRECTION('',(0.,-1.));
#2983 = ( GEOMETRIC_REPRESENTATION_CONTEXT(2) 
PARAMETRIC_REPRESENTATION_CONTEXT() REPRESENTATION_CONTEXT('2D SPACE',''
  ) );
#2984 = ORIENTED_EDGE('',*,*,#2985,.T.);
#2985 = EDGE_CURVE('',#2958,#2986,#2988,.T.);
#2986 = VERTEX_POINT('',#2987);
#2987 = CARTESIAN_POINT('',(-440.,-711.424839067,2.411224381059E+03));
#2988 = SURFACE_CURVE('',#2989,(#2993,#3000),.PCURVE_S1.);
#2989 = LINE('',#2990,#2991);
#2990 = CARTESIAN_POINT('',(-480.,-711.424839067,2.411224381059E+03));
#2991 = VECTOR('',#2992,1.);
#2992 = DIRECTION('',(1.,0.,-0.));
#2993 = PCURVE('',#1128,#2994);
#2994 = DEFINITIONAL_REPRESENTATION('',(#2995),#2999);
#2995 = LINE('',#2996,#2997);
#2996 = CARTESIAN_POINT('',(5.,20.));
#2997 = VECTOR('',#2998,1.);
#2998 = DIRECTION('',(1.,0.));
#2999 = ( GEOMETRIC_REPRESENTATION_CONTEXT(2) 
PARAMETRIC_REPRESENTATION_CONTEXT() REPRESENTATION_CONTEXT('2D SPACE',''
  ) );
#3000 = PCURVE('',#3001,#3006);
#3001 = PLANE('',#3002);
#3002 = AXIS2_PLACEMENT_3D('',#3003,#3004,#3005);
#3003 = CARTESIAN_POINT('',(-480.,-711.424839067,2.411224381059E+03));
#3004 = DIRECTION('',(0.,0.984807753012,-0.173648177667));
#3005 = DIRECTION('',(0.,0.173648177667,0.984807753012));
#3006 = DEFINITIONAL_REPRESENTATION('',(#3007),#3011);
#3007 = LINE('',#3008,#3009);
#3008 = CARTESIAN_POINT('',(0.,0.));
#3009 = VECTOR('',#3010,1.);
#3010 = DIRECTION('',(0.,1.));
#3011 = ( GEOMETRIC_REPRESENTATION_CONTEXT(2) 
PARAMETRIC_REPRESENTATION_CONTEXT() REPRESENTATION_CONTEXT('2D SPACE',''
  ) );
#3012 = ORIENTED_EDGE('',*,*,#3013,.F.);
#3013 = EDGE_CURVE('',#3014,#2986,#3016,.T.);
#3014 = VERTEX_POINT('',#3015);
#3015 = CARTESIAN_POINT('',(-440.,-726.1969553622,2.413829103724E+03));
#3016 = SURFACE_CURVE('',#3017,(#3021,#3028),.PCURVE_S1.);
#3017 = LINE('',#3018,#3019);
#3018 = CARTESIAN_POINT('',(-440.,-726.1969553622,2.413829103724E+03));
#3019 = VECTOR('',#3020,1.);
#3020 = DIRECTION('',(0.,0.984807753012,-0.173648177667));
#3021 = PCURVE('',#1128,#3022);
#3022 = DEFINITIONAL_REPRESENTATION('',(#3023),#3027);
#3023 = LINE('',#3024,#3025);
#3024 = CARTESIAN_POINT('',(45.,5.));
#3025 = VECTOR('',#3026,1.);
#3026 = DIRECTION('',(0.,1.));
#3027 = ( GEOMETRIC_REPRESENTATION_CONTEXT(2) 
PARAMETRIC_REPRESENTATION_CONTEXT() REPRESENTATION_CONTEXT('2D SPACE',''
  ) );
#3028 = PCURVE('',#3029,#3034);
#3029 = PLANE('',#3030);
#3030 = AXIS2_PLACEMENT_3D('',#3031,#3032,#3033);
#3031 = CARTESIAN_POINT('',(-440.,-726.1969553622,2.413829103724E+03));
#3032 = DIRECTION('',(1.,0.,-0.));
#3033 = DIRECTION('',(0.,0.173648177667,0.984807753012));
#3034 = DEFINITIONAL_REPRESENTATION('',(#3035),#3039);
#3035 = LINE('',#3036,#3037);
#3036 = CARTESIAN_POINT('',(0.,0.));
#3037 = VECTOR('',#3038,1.);
#3038 = DIRECTION('',(0.,-1.));
#3039 = ( GEOMETRIC_REPRESENTATION_CONTEXT(2) 
PARAMETRIC_REPRESENTATION_CONTEXT() REPRESENTATION_CONTEXT('2D SPACE',''
  ) );
#3040 = ORIENTED_EDGE('',*,*,#3041,.F.);
#3041 = EDGE_CURVE('',#2956,#3014,#3042,.T.);
#3042 = SURFACE_CURVE('',#3043,(#3047,#3054),.PCURVE_S1.);
#3043 = LINE('',#3044,#3045);
#3044 = CARTESIAN_POINT('',(-480.,-726.1969553622,2.413829103724E+03));
#3045 = VECTOR('',#3046,1.);
#3046 = DIRECTION('',(1.,0.,-0.));
#3047 = PCURVE('',#1128,#3048);
#3048 = DEFINITIONAL_REPRESENTATION('',(#3049),#3053);
#3049 = LINE('',#3050,#3051);
#3050 = CARTESIAN_POINT('',(5.,5.));
#3051 = VECTOR('',#3052,1.);
#3052 = DIRECTION('',(1.,0.));
#3053 = ( GEOMETRIC_REPRESENTATION_CONTEXT(2) 
PARAMETRIC_REPRESENTATION_CONTEXT() REPRESENTATION_CONTEXT('2D SPACE',''
  ) );
#3054 = PCURVE('',#3055,#3060);
#3055 = PLANE('',#3056);
#3056 = AXIS2_PLACEMENT_3D('',#3057,#3058,#3059);
#3057 = CARTESIAN_POINT('',(-480.,-726.1969553622,2.413829103724E+03));
#3058 = DIRECTION('',(0.,0.984807753012,-0.173648177667));
#3059 = DIRECTION('',(0.,0.173648177667,0.984807753012));
#3060 = DEFINITIONAL_REPRESENTATION('',(#3061),#3065);
#3061 = LINE('',#3062,#3063);
#3062 = CARTESIAN_POINT('',(0.,0.));
#3063 = VECTOR('',#3064,1.);
#3064 = DIRECTION('',(0.,1.));
#3065 = ( GEOMETRIC_REPRESENTATION_CONTEXT(2) 
PARAMETRIC_REPRESENTATION_CONTEXT() REPRESENTATION_CONTEXT('2D SPACE',''
  ) );
#3066 = FACE_BOUND('',#3067,.T.);
#3067 = EDGE_LOOP('',(#3068,#3098,#3126,#3154));
#3068 = ORIENTED_EDGE('',*,*,#3069,.T.);
#3069 = EDGE_CURVE('',#3070,#3072,#3074,.T.);
#3070 = VERTEX_POINT('',#3071);
#3071 = CARTESIAN_POINT('',(-480.,405.34715284875,2.214307347585E+03));
#3072 = VERTEX_POINT('',#3073);
#3073 = CARTESIAN_POINT('',(-480.,420.11926914393,2.21170262492E+03));
#3074 = SURFACE_CURVE('',#3075,(#3079,#3086),.PCURVE_S1.);
#3075 = LINE('',#3076,#3077);
#3076 = CARTESIAN_POINT('',(-480.,405.34715284875,2.214307347585E+03));
#3077 = VECTOR('',#3078,1.);
#3078 = DIRECTION('',(0.,0.984807753012,-0.173648177667));
#3079 = PCURVE('',#1128,#3080);
#3080 = DEFINITIONAL_REPRESENTATION('',(#3081),#3085);
#3081 = LINE('',#3082,#3083);
#3082 = CARTESIAN_POINT('',(5.,1.154E+03));
#3083 = VECTOR('',#3084,1.);
#3084 = DIRECTION('',(0.,1.));
#3085 = ( GEOMETRIC_REPRESENTATION_CONTEXT(2) 
PARAMETRIC_REPRESENTATION_CONTEXT() REPRESENTATION_CONTEXT('2D SPACE',''
  ) );
#3086 = PCURVE('',#3087,#3092);
#3087 = PLANE('',#3088);
#3088 = AXIS2_PLACEMENT_3D('',#3089,#3090,#3091);
#3089 = CARTESIAN_POINT('',(-480.,405.34715284875,2.214307347585E+03));
#3090 = DIRECTION('',(1.,0.,-0.));
#3091 = DIRECTION('',(0.,0.173648177667,0.984807753012));
#3092 = DEFINITIONAL_REPRESENTATION('',(#3093),#3097);
#3093 = LINE('',#3094,#3095);
#3094 = CARTESIAN_POINT('',(0.,0.));
#3095 = VECTOR('',#3096,1.);
#3096 = DIRECTION('',(0.,-1.));
#3097 = ( GEOMETRIC_REPRESENTATION_CONTEXT(2) 
PARAMETRIC_REPRESENTATION_CONTEXT() REPRESENTATION_CONTEXT('2D SPACE',''
  ) );
#3098 = ORIENTED_EDGE('',*,*,#3099,.T.);
#3099 = EDGE_CURVE('',#3072,#3100,#3102,.T.);
#3100 = VERTEX_POINT('',#3101);
#3101 = CARTESIAN_POINT('',(-440.,420.11926914393,2.21170262492E+03));
#3102 = SURFACE_CURVE('',#3103,(#3107,#3114),.PCURVE_S1.);
#3103 = LINE('',#3104,#3105);
#3104 = CARTESIAN_POINT('',(-480.,420.11926914393,2.21170262492E+03));
#3105 = VECTOR('',#3106,1.);
#3106 = DIRECTION('',(1.,0.,-0.));
#3107 = PCURVE('',#1128,#3108);
#3108 = DEFINITIONAL_REPRESENTATION('',(#3109),#3113);
#3109 = LINE('',#3110,#3111);
#3110 = CARTESIAN_POINT('',(5.,1.169E+03));
#3111 = VECTOR('',#3112,1.);
#3112 = DIRECTION('',(1.,0.));
#3113 = ( GEOMETRIC_REPRESENTATION_CONTEXT(2) 
PARAMETRIC_REPRESENTATION_CONTEXT() REPRESENTATION_CONTEXT('2D SPACE',''
  ) );
#3114 = PCURVE('',#3115,#3120);
#3115 = PLANE('',#3116);
#3116 = AXIS2_PLACEMENT_3D('',#3117,#3118,#3119);
#3117 = CARTESIAN_POINT('',(-480.,420.11926914393,2.21170262492E+03));
#3118 = DIRECTION('',(0.,0.984807753012,-0.173648177667));
#3119 = DIRECTION('',(0.,0.173648177667,0.984807753012));
#3120 = DEFINITIONAL_REPRESENTATION('',(#3121),#3125);
#3121 = LINE('',#3122,#3123);
#3122 = CARTESIAN_POINT('',(0.,0.));
#3123 = VECTOR('',#3124,1.);
#3124 = DIRECTION('',(0.,1.));
#3125 = ( GEOMETRIC_REPRESENTATION_CONTEXT(2) 
PARAMETRIC_REPRESENTATION_CONTEXT() REPRESENTATION_CONTEXT('2D SPACE',''
  ) );
#3126 = ORIENTED_EDGE('',*,*,#3127,.F.);
#3127 = EDGE_CURVE('',#3128,#3100,#3130,.T.);
#3128 = VERTEX_POINT('',#3129);
#3129 = CARTESIAN_POINT('',(-440.,405.34715284875,2.214307347585E+03));
#3130 = SURFACE_CURVE('',#3131,(#3135,#3142),.PCURVE_S1.);
#3131 = LINE('',#3132,#3133);
#3132 = CARTESIAN_POINT('',(-440.,405.34715284875,2.214307347585E+03));
#3133 = VECTOR('',#3134,1.);
#3134 = DIRECTION('',(0.,0.984807753012,-0.173648177667));
#3135 = PCURVE('',#1128,#3136);
#3136 = DEFINITIONAL_REPRESENTATION('',(#3137),#3141);
#3137 = LINE('',#3138,#3139);
#3138 = CARTESIAN_POINT('',(45.,1.154E+03));
#3139 = VECTOR('',#3140,1.);
#3140 = DIRECTION('',(0.,1.));
#3141 = ( GEOMETRIC_REPRESENTATION_CONTEXT(2) 
PARAMETRIC_REPRESENTATION_CONTEXT() REPRESENTATION_CONTEXT('2D SPACE',''
  ) );
#3142 = PCURVE('',#3143,#3148);
#3143 = PLANE('',#3144);
#3144 = AXIS2_PLACEMENT_3D('',#3145,#3146,#3147);
#3145 = CARTESIAN_POINT('',(-440.,405.34715284875,2.214307347585E+03));
#3146 = DIRECTION('',(1.,0.,-0.));
#3147 = DIRECTION('',(0.,0.173648177667,0.984807753012));
#3148 = DEFINITIONAL_REPRESENTATION('',(#3149),#3153);
#3149 = LINE('',#3150,#3151);
#3150 = CARTESIAN_POINT('',(0.,0.));
#3151 = VECTOR('',#3152,1.);
#3152 = DIRECTION('',(0.,-1.));
#3153 = ( GEOMETRIC_REPRESENTATION_CONTEXT(2) 
PARAMETRIC_REPRESENTATION_CONTEXT() REPRESENTATION_CONTEXT('2D SPACE',''
  ) );
#3154 = ORIENTED_EDGE('',*,*,#3155,.F.);
#3155 = EDGE_CURVE('',#3070,#3128,#3156,.T.);
#3156 = SURFACE_CURVE('',#3157,(#3161,#3168),.PCURVE_S1.);
#3157 = LINE('',#3158,#3159);
#3158 = CARTESIAN_POINT('',(-480.,405.34715284875,2.214307347585E+03));
#3159 = VECTOR('',#3160,1.);
#3160 = DIRECTION('',(1.,0.,-0.));
#3161 = PCURVE('',#1128,#3162);
#3162 = DEFINITIONAL_REPRESENTATION('',(#3163),#3167);
#3163 = LINE('',#3164,#3165);
#3164 = CARTESIAN_POINT('',(5.,1.154E+03));
#3165 = VECTOR('',#3166,1.);
#3166 = DIRECTION('',(1.,0.));
#3167 = ( GEOMETRIC_REPRESENTATION_CONTEXT(2) 
PARAMETRIC_REPRESENTATION_CONTEXT() REPRESENTATION_CONTEXT('2D SPACE',''
  ) );
#3168 = PCURVE('',#3169,#3174);
#3169 = PLANE('',#3170);
#3170 = AXIS2_PLACEMENT_3D('',#3171,#3172,#3173);
#3171 = CARTESIAN_POINT('',(-480.,405.34715284875,2.214307347585E+03));
#3172 = DIRECTION('',(0.,0.984807753012,-0.173648177667));
#3173 = DIRECTION('',(0.,0.173648177667,0.984807753012));
#3174 = DEFINITIONAL_REPRESENTATION('',(#3175),#3179);
#3175 = LINE('',#3176,#3177);
#3176 = CARTESIAN_POINT('',(0.,0.));
#3177 = VECTOR('',#3178,1.);
#3178 = DIRECTION('',(0.,1.));
#3179 = ( GEOMETRIC_REPRESENTATION_CONTEXT(2) 
PARAMETRIC_REPRESENTATION_CONTEXT() REPRESENTATION_CONTEXT('2D SPACE',''
  ) );
#3180 = ADVANCED_FACE('',(#3181),#1204,.T.);
#3181 = FACE_BOUND('',#3182,.T.);
#3182 = EDGE_LOOP('',(#3183,#3184,#3185,#3186,#3187,#3188,#3189,#3190,
    #3191,#3192,#3193,#3194,#3195,#3196,#3197,#3198,#3199,#3200,#3201,
    #3202,#3203,#3204,#3205,#3206,#3207,#3208,#3209,#3210));
#3183 = ORIENTED_EDGE('',*,*,#1190,.F.);
#3184 = ORIENTED_EDGE('',*,*,#1327,.T.);
#3185 = ORIENTED_EDGE('',*,*,#1399,.F.);
#3186 = ORIENTED_EDGE('',*,*,#1425,.T.);
#3187 = ORIENTED_EDGE('',*,*,#1471,.F.);
#3188 = ORIENTED_EDGE('',*,*,#1544,.F.);
#3189 = ORIENTED_EDGE('',*,*,#1625,.F.);
#3190 = ORIENTED_EDGE('',*,*,#1651,.T.);
#3191 = ORIENTED_EDGE('',*,*,#1785,.T.);
#3192 = ORIENTED_EDGE('',*,*,#1833,.F.);
#3193 = ORIENTED_EDGE('',*,*,#1889,.T.);
#3194 = ORIENTED_EDGE('',*,*,#1939,.T.);
#3195 = ORIENTED_EDGE('',*,*,#2011,.T.);
#3196 = ORIENTED_EDGE('',*,*,#2037,.T.);
#3197 = ORIENTED_EDGE('',*,*,#2109,.F.);
#3198 = ORIENTED_EDGE('',*,*,#2135,.T.);
#3199 = ORIENTED_EDGE('',*,*,#2181,.F.);
#3200 = ORIENTED_EDGE('',*,*,#2254,.F.);
#3201 = ORIENTED_EDGE('',*,*,#2335,.F.);
#3202 = ORIENTED_EDGE('',*,*,#2361,.T.);
#3203 = ORIENTED_EDGE('',*,*,#2495,.T.);
#3204 = ORIENTED_EDGE('',*,*,#2543,.F.);
#3205 = ORIENTED_EDGE('',*,*,#2599,.T.);
#3206 = ORIENTED_EDGE('',*,*,#2649,.T.);
#3207 = ORIENTED_EDGE('',*,*,#2721,.T.);
#3208 = ORIENTED_EDGE('',*,*,#2747,.T.);
#3209 = ORIENTED_EDGE('',*,*,#2819,.T.);
#3210 = ORIENTED_EDGE('',*,*,#2931,.F.);
#3211 = ADVANCED_FACE('',(#3212),#1235,.F.);
#3212 = FACE_BOUND('',#3213,.F.);
#3213 = EDGE_LOOP('',(#3214,#3235,#3236,#3257));
#3214 = ORIENTED_EDGE('',*,*,#3215,.F.);
#3215 = EDGE_CURVE('',#1219,#2843,#3216,.T.);
#3216 = SURFACE_CURVE('',#3217,(#3221,#3228),.PCURVE_S1.);
#3217 = LINE('',#3218,#3219);
#3218 = CARTESIAN_POINT('',(-482.,-732.6267464133,2.411916569531E+03));
#3219 = VECTOR('',#3220,1.);
#3220 = DIRECTION('',(0.,0.984807753012,-0.173648177667));
#3221 = PCURVE('',#1235,#3222);
#3222 = DEFINITIONAL_REPRESENTATION('',(#3223),#3227);
#3223 = LINE('',#3224,#3225);
#3224 = CARTESIAN_POINT('',(0.,0.));
#3225 = VECTOR('',#3226,1.);
#3226 = DIRECTION('',(0.,1.));
#3227 = ( GEOMETRIC_REPRESENTATION_CONTEXT(2) 
PARAMETRIC_REPRESENTATION_CONTEXT() REPRESENTATION_CONTEXT('2D SPACE',''
  ) );
#3228 = PCURVE('',#1261,#3229);
#3229 = DEFINITIONAL_REPRESENTATION('',(#3230),#3234);
#3230 = LINE('',#3231,#3232);
#3231 = CARTESIAN_POINT('',(34.,0.));
#3232 = VECTOR('',#3233,1.);
#3233 = DIRECTION('',(0.,-1.));
#3234 = ( GEOMETRIC_REPRESENTATION_CONTEXT(2) 
PARAMETRIC_REPRESENTATION_CONTEXT() REPRESENTATION_CONTEXT('2D SPACE',''
  ) );
#3235 = ORIENTED_EDGE('',*,*,#1218,.T.);
#3236 = ORIENTED_EDGE('',*,*,#3237,.T.);
#3237 = EDGE_CURVE('',#1221,#2845,#3238,.T.);
#3238 = SURFACE_CURVE('',#3239,(#3243,#3250),.PCURVE_S1.);
#3239 = LINE('',#3240,#3241);
#3240 = CARTESIAN_POINT('',(-438.,-732.6267464133,2.411916569531E+03));
#3241 = VECTOR('',#3242,1.);
#3242 = DIRECTION('',(0.,0.984807753012,-0.173648177667));
#3243 = PCURVE('',#1235,#3244);
#3244 = DEFINITIONAL_REPRESENTATION('',(#3245),#3249);
#3245 = LINE('',#3246,#3247);
#3246 = CARTESIAN_POINT('',(44.,0.));
#3247 = VECTOR('',#3248,1.);
#3248 = DIRECTION('',(0.,1.));
#3249 = ( GEOMETRIC_REPRESENTATION_CONTEXT(2) 
PARAMETRIC_REPRESENTATION_CONTEXT() REPRESENTATION_CONTEXT('2D SPACE',''
  ) );
#3250 = PCURVE('',#1311,#3251);
#3251 = DEFINITIONAL_REPRESENTATION('',(#3252),#3256);
#3252 = LINE('',#3253,#3254);
#3253 = CARTESIAN_POINT('',(34.,0.));
#3254 = VECTOR('',#3255,1.);
#3255 = DIRECTION('',(0.,-1.));
#3256 = ( GEOMETRIC_REPRESENTATION_CONTEXT(2) 
PARAMETRIC_REPRESENTATION_CONTEXT() REPRESENTATION_CONTEXT('2D SPACE',''
  ) );
#3257 = ORIENTED_EDGE('',*,*,#2842,.F.);
#3258 = ADVANCED_FACE('',(#3259),#1311,.F.);
#3259 = FACE_BOUND('',#3260,.F.);
#3260 = EDGE_LOOP('',(#3261,#3262,#3263,#3284));
#3261 = ORIENTED_EDGE('',*,*,#3237,.F.);
#3262 = ORIENTED_EDGE('',*,*,#1298,.T.);
#3263 = ORIENTED_EDGE('',*,*,#3264,.T.);
#3264 = EDGE_CURVE('',#1273,#2887,#3265,.T.);
#3265 = SURFACE_CURVE('',#3266,(#3270,#3277),.PCURVE_S1.);
#3266 = LINE('',#3267,#3268);
#3267 = CARTESIAN_POINT('',(-438.,-738.530784454,2.378433105929E+03));
#3268 = VECTOR('',#3269,1.);
#3269 = DIRECTION('',(0.,0.984807753012,-0.173648177667));
#3270 = PCURVE('',#1311,#3271);
#3271 = DEFINITIONAL_REPRESENTATION('',(#3272),#3276);
#3272 = LINE('',#3273,#3274);
#3273 = CARTESIAN_POINT('',(0.,0.));
#3274 = VECTOR('',#3275,1.);
#3275 = DIRECTION('',(0.,-1.));
#3276 = ( GEOMETRIC_REPRESENTATION_CONTEXT(2) 
PARAMETRIC_REPRESENTATION_CONTEXT() REPRESENTATION_CONTEXT('2D SPACE',''
  ) );
#3277 = PCURVE('',#1287,#3278);
#3278 = DEFINITIONAL_REPRESENTATION('',(#3279),#3283);
#3279 = LINE('',#3280,#3281);
#3280 = CARTESIAN_POINT('',(44.,0.));
#3281 = VECTOR('',#3282,1.);
#3282 = DIRECTION('',(0.,1.));
#3283 = ( GEOMETRIC_REPRESENTATION_CONTEXT(2) 
PARAMETRIC_REPRESENTATION_CONTEXT() REPRESENTATION_CONTEXT('2D SPACE',''
  ) );
#3284 = ORIENTED_EDGE('',*,*,#2907,.F.);
#3285 = ADVANCED_FACE('',(#3286),#1287,.T.);
#3286 = FACE_BOUND('',#3287,.T.);
#3287 = EDGE_LOOP('',(#3288,#3309,#3310,#3311));
#3288 = ORIENTED_EDGE('',*,*,#3289,.F.);
#3289 = EDGE_CURVE('',#1247,#2866,#3290,.T.);
#3290 = SURFACE_CURVE('',#3291,(#3295,#3302),.PCURVE_S1.);
#3291 = LINE('',#3292,#3293);
#3292 = CARTESIAN_POINT('',(-482.,-738.530784454,2.378433105929E+03));
#3293 = VECTOR('',#3294,1.);
#3294 = DIRECTION('',(0.,0.984807753012,-0.173648177667));
#3295 = PCURVE('',#1287,#3296);
#3296 = DEFINITIONAL_REPRESENTATION('',(#3297),#3301);
#3297 = LINE('',#3298,#3299);
#3298 = CARTESIAN_POINT('',(0.,0.));
#3299 = VECTOR('',#3300,1.);
#3300 = DIRECTION('',(0.,1.));
#3301 = ( GEOMETRIC_REPRESENTATION_CONTEXT(2) 
PARAMETRIC_REPRESENTATION_CONTEXT() REPRESENTATION_CONTEXT('2D SPACE',''
  ) );
#3302 = PCURVE('',#1261,#3303);
#3303 = DEFINITIONAL_REPRESENTATION('',(#3304),#3308);
#3304 = LINE('',#3305,#3306);
#3305 = CARTESIAN_POINT('',(0.,0.));
#3306 = VECTOR('',#3307,1.);
#3307 = DIRECTION('',(0.,-1.));
#3308 = ( GEOMETRIC_REPRESENTATION_CONTEXT(2) 
PARAMETRIC_REPRESENTATION_CONTEXT() REPRESENTATION_CONTEXT('2D SPACE',''
  ) );
#3309 = ORIENTED_EDGE('',*,*,#1272,.T.);
#3310 = ORIENTED_EDGE('',*,*,#3264,.T.);
#3311 = ORIENTED_EDGE('',*,*,#2886,.F.);
#3312 = ADVANCED_FACE('',(#3313),#1261,.T.);
#3313 = FACE_BOUND('',#3314,.T.);
#3314 = EDGE_LOOP('',(#3315,#3316,#3317,#3318));
#3315 = ORIENTED_EDGE('',*,*,#3215,.F.);
#3316 = ORIENTED_EDGE('',*,*,#1246,.T.);
#3317 = ORIENTED_EDGE('',*,*,#3289,.T.);
#3318 = ORIENTED_EDGE('',*,*,#2865,.F.);
#3319 = ADVANCED_FACE('',(#3320),#1585,.T.);
#3320 = FACE_BOUND('',#3321,.T.);
#3321 = EDGE_LOOP('',(#3322,#3351,#3372,#3373));
#3322 = ORIENTED_EDGE('',*,*,#3323,.F.);
#3323 = EDGE_CURVE('',#3324,#3324,#3326,.T.);
#3324 = VERTEX_POINT('',#3325);
#3325 = CARTESIAN_POINT('',(-451.5,-235.,1.515E+03));
#3326 = SURFACE_CURVE('',#3327,(#3332,#3339),.PCURVE_S1.);
#3327 = CIRCLE('',#3328,8.5);
#3328 = AXIS2_PLACEMENT_3D('',#3329,#3330,#3331);
#3329 = CARTESIAN_POINT('',(-460.,-235.,1.515E+03));
#3330 = DIRECTION('',(0.,0.,1.));
#3331 = DIRECTION('',(1.,0.,-0.));
#3332 = PCURVE('',#1585,#3333);
#3333 = DEFINITIONAL_REPRESENTATION('',(#3334),#3338);
#3334 = LINE('',#3335,#3336);
#3335 = CARTESIAN_POINT('',(0.,7.));
#3336 = VECTOR('',#3337,1.);
#3337 = DIRECTION('',(1.,0.));
#3338 = ( GEOMETRIC_REPRESENTATION_CONTEXT(2) 
PARAMETRIC_REPRESENTATION_CONTEXT() REPRESENTATION_CONTEXT('2D SPACE',''
  ) );
#3339 = PCURVE('',#3340,#3345);
#3340 = PLANE('',#3341);
#3341 = AXIS2_PLACEMENT_3D('',#3342,#3343,#3344);
#3342 = CARTESIAN_POINT('',(-460.,-235.,1.515E+03));
#3343 = DIRECTION('',(0.,0.,1.));
#3344 = DIRECTION('',(1.,0.,-0.));
#3345 = DEFINITIONAL_REPRESENTATION('',(#3346),#3350);
#3346 = CIRCLE('',#3347,8.5);
#3347 = AXIS2_PLACEMENT_2D('',#3348,#3349);
#3348 = CARTESIAN_POINT('',(0.,0.));
#3349 = DIRECTION('',(1.,0.));
#3350 = ( GEOMETRIC_REPRESENTATION_CONTEXT(2) 
PARAMETRIC_REPRESENTATION_CONTEXT() REPRESENTATION_CONTEXT('2D SPACE',''
  ) );
#3351 = ORIENTED_EDGE('',*,*,#3352,.F.);
#3352 = EDGE_CURVE('',#1569,#3324,#3353,.T.);
#3353 = SEAM_CURVE('',#3354,(#3358,#3365),.PCURVE_S1.);
#3354 = LINE('',#3355,#3356);
#3355 = CARTESIAN_POINT('',(-451.5,-235.,1.508E+03));
#3356 = VECTOR('',#3357,1.);
#3357 = DIRECTION('',(0.,0.,1.));
#3358 = PCURVE('',#1585,#3359);
#3359 = DEFINITIONAL_REPRESENTATION('',(#3360),#3364);
#3360 = LINE('',#3361,#3362);
#3361 = CARTESIAN_POINT('',(6.28318530718,-0.));
#3362 = VECTOR('',#3363,1.);
#3363 = DIRECTION('',(0.,1.));
#3364 = ( GEOMETRIC_REPRESENTATION_CONTEXT(2) 
PARAMETRIC_REPRESENTATION_CONTEXT() REPRESENTATION_CONTEXT('2D SPACE',''
  ) );
#3365 = PCURVE('',#1585,#3366);
#3366 = DEFINITIONAL_REPRESENTATION('',(#3367),#3371);
#3367 = LINE('',#3368,#3369);
#3368 = CARTESIAN_POINT('',(0.,-0.));
#3369 = VECTOR('',#3370,1.);
#3370 = DIRECTION('',(0.,1.));
#3371 = ( GEOMETRIC_REPRESENTATION_CONTEXT(2) 
PARAMETRIC_REPRESENTATION_CONTEXT() REPRESENTATION_CONTEXT('2D SPACE',''
  ) );
#3372 = ORIENTED_EDGE('',*,*,#1568,.T.);
#3373 = ORIENTED_EDGE('',*,*,#3352,.T.);
#3374 = ADVANCED_FACE('',(#3375),#1714,.F.);
#3375 = FACE_BOUND('',#3376,.F.);
#3376 = EDGE_LOOP('',(#3377,#3406,#3427,#3428));
#3377 = ORIENTED_EDGE('',*,*,#3378,.F.);
#3378 = EDGE_CURVE('',#3379,#3379,#3381,.T.);
#3379 = VERTEX_POINT('',#3380);
#3380 = CARTESIAN_POINT('',(-454.5,-235.,1.508E+03));
#3381 = SURFACE_CURVE('',#3382,(#3387,#3394),.PCURVE_S1.);
#3382 = CIRCLE('',#3383,5.5);
#3383 = AXIS2_PLACEMENT_3D('',#3384,#3385,#3386);
#3384 = CARTESIAN_POINT('',(-460.,-235.,1.508E+03));
#3385 = DIRECTION('',(0.,0.,1.));
#3386 = DIRECTION('',(1.,0.,-0.));
#3387 = PCURVE('',#1714,#3388);
#3388 = DEFINITIONAL_REPRESENTATION('',(#3389),#3393);
#3389 = LINE('',#3390,#3391);
#3390 = CARTESIAN_POINT('',(0.,9.));
#3391 = VECTOR('',#3392,1.);
#3392 = DIRECTION('',(1.,0.));
#3393 = ( GEOMETRIC_REPRESENTATION_CONTEXT(2) 
PARAMETRIC_REPRESENTATION_CONTEXT() REPRESENTATION_CONTEXT('2D SPACE',''
  ) );
#3394 = PCURVE('',#3395,#3400);
#3395 = PLANE('',#3396);
#3396 = AXIS2_PLACEMENT_3D('',#3397,#3398,#3399);
#3397 = CARTESIAN_POINT('',(-460.,-235.,1.508E+03));
#3398 = DIRECTION('',(0.,0.,1.));
#3399 = DIRECTION('',(1.,0.,-0.));
#3400 = DEFINITIONAL_REPRESENTATION('',(#3401),#3405);
#3401 = CIRCLE('',#3402,5.5);
#3402 = AXIS2_PLACEMENT_2D('',#3403,#3404);
#3403 = CARTESIAN_POINT('',(0.,0.));
#3404 = DIRECTION('',(1.,0.));
#3405 = ( GEOMETRIC_REPRESENTATION_CONTEXT(2) 
PARAMETRIC_REPRESENTATION_CONTEXT() REPRESENTATION_CONTEXT('2D SPACE',''
  ) );
#3406 = ORIENTED_EDGE('',*,*,#3407,.F.);
#3407 = EDGE_CURVE('',#1698,#3379,#3408,.T.);
#3408 = SEAM_CURVE('',#3409,(#3413,#3420),.PCURVE_S1.);
#3409 = LINE('',#3410,#3411);
#3410 = CARTESIAN_POINT('',(-454.5,-235.,1.499E+03));
#3411 = VECTOR('',#3412,1.);
#3412 = DIRECTION('',(0.,0.,1.));
#3413 = PCURVE('',#1714,#3414);
#3414 = DEFINITIONAL_REPRESENTATION('',(#3415),#3419);
#3415 = LINE('',#3416,#3417);
#3416 = CARTESIAN_POINT('',(6.28318530718,-0.));
#3417 = VECTOR('',#3418,1.);
#3418 = DIRECTION('',(0.,1.));
#3419 = ( GEOMETRIC_REPRESENTATION_CONTEXT(2) 
PARAMETRIC_REPRESENTATION_CONTEXT() REPRESENTATION_CONTEXT('2D SPACE',''
  ) );
#3420 = PCURVE('',#1714,#3421);
#3421 = DEFINITIONAL_REPRESENTATION('',(#3422),#3426);
#3422 = LINE('',#3423,#3424);
#3423 = CARTESIAN_POINT('',(0.,-0.));
#3424 = VECTOR('',#3425,1.);
#3425 = DIRECTION('',(0.,1.));
#3426 = ( GEOMETRIC_REPRESENTATION_CONTEXT(2) 
PARAMETRIC_REPRESENTATION_CONTEXT() REPRESENTATION_CONTEXT('2D SPACE',''
  ) );
#3427 = ORIENTED_EDGE('',*,*,#1697,.T.);
#3428 = ORIENTED_EDGE('',*,*,#3407,.T.);
#3429 = ADVANCED_FACE('',(#3430),#1745,.F.);
#3430 = FACE_BOUND('',#3431,.F.);
#3431 = EDGE_LOOP('',(#3432,#3461,#3482,#3483));
#3432 = ORIENTED_EDGE('',*,*,#3433,.F.);
#3433 = EDGE_CURVE('',#3434,#3434,#3436,.T.);
#3434 = VERTEX_POINT('',#3435);
#3435 = CARTESIAN_POINT('',(-454.5,-165.,1.508E+03));
#3436 = SURFACE_CURVE('',#3437,(#3442,#3449),.PCURVE_S1.);
#3437 = CIRCLE('',#3438,5.5);
#3438 = AXIS2_PLACEMENT_3D('',#3439,#3440,#3441);
#3439 = CARTESIAN_POINT('',(-460.,-165.,1.508E+03));
#3440 = DIRECTION('',(0.,0.,1.));
#3441 = DIRECTION('',(1.,0.,-0.));
#3442 = PCURVE('',#1745,#3443);
#3443 = DEFINITIONAL_REPRESENTATION('',(#3444),#3448);
#3444 = LINE('',#3445,#3446);
#3445 = CARTESIAN_POINT('',(0.,9.));
#3446 = VECTOR('',#3447,1.);
#3447 = DIRECTION('',(1.,0.));
#3448 = ( GEOMETRIC_REPRESENTATION_CONTEXT(2) 
PARAMETRIC_REPRESENTATION_CONTEXT() REPRESENTATION_CONTEXT('2D SPACE',''
  ) );
#3449 = PCURVE('',#3450,#3455);
#3450 = PLANE('',#3451);
#3451 = AXIS2_PLACEMENT_3D('',#3452,#3453,#3454);
#3452 = CARTESIAN_POINT('',(-460.,-165.,1.508E+03));
#3453 = DIRECTION('',(0.,0.,1.));
#3454 = DIRECTION('',(1.,0.,-0.));
#3455 = DEFINITIONAL_REPRESENTATION('',(#3456),#3460);
#3456 = CIRCLE('',#3457,5.5);
#3457 = AXIS2_PLACEMENT_2D('',#3458,#3459);
#3458 = CARTESIAN_POINT('',(0.,0.));
#3459 = DIRECTION('',(1.,0.));
#3460 = ( GEOMETRIC_REPRESENTATION_CONTEXT(2) 
PARAMETRIC_REPRESENTATION_CONTEXT() REPRESENTATION_CONTEXT('2D SPACE',''
  ) );
#3461 = ORIENTED_EDGE('',*,*,#3462,.F.);
#3462 = EDGE_CURVE('',#1729,#3434,#3463,.T.);
#3463 = SEAM_CURVE('',#3464,(#3468,#3475),.PCURVE_S1.);
#3464 = LINE('',#3465,#3466);
#3465 = CARTESIAN_POINT('',(-454.5,-165.,1.499E+03));
#3466 = VECTOR('',#3467,1.);
#3467 = DIRECTION('',(0.,0.,1.));
#3468 = PCURVE('',#1745,#3469);
#3469 = DEFINITIONAL_REPRESENTATION('',(#3470),#3474);
#3470 = LINE('',#3471,#3472);
#3471 = CARTESIAN_POINT('',(6.28318530718,-0.));
#3472 = VECTOR('',#3473,1.);
#3473 = DIRECTION('',(0.,1.));
#3474 = ( GEOMETRIC_REPRESENTATION_CONTEXT(2) 
PARAMETRIC_REPRESENTATION_CONTEXT() REPRESENTATION_CONTEXT('2D SPACE',''
  ) );
#3475 = PCURVE('',#1745,#3476);
#3476 = DEFINITIONAL_REPRESENTATION('',(#3477),#3481);
#3477 = LINE('',#3478,#3479);
#3478 = CARTESIAN_POINT('',(0.,-0.));
#3479 = VECTOR('',#3480,1.);
#3480 = DIRECTION('',(0.,1.));
#3481 = ( GEOMETRIC_REPRESENTATION_CONTEXT(2) 
PARAMETRIC_REPRESENTATION_CONTEXT() REPRESENTATION_CONTEXT('2D SPACE',''
  ) );
#3482 = ORIENTED_EDGE('',*,*,#1728,.T.);
#3483 = ORIENTED_EDGE('',*,*,#3462,.T.);
#3484 = ADVANCED_FACE('',(#3485),#1874,.T.);
#3485 = FACE_BOUND('',#3486,.T.);
#3486 = EDGE_LOOP('',(#3487,#3516,#3537,#3538));
#3487 = ORIENTED_EDGE('',*,*,#3488,.F.);
#3488 = EDGE_CURVE('',#3489,#3489,#3491,.T.);
#3489 = VERTEX_POINT('',#3490);
#3490 = CARTESIAN_POINT('',(-451.5,-165.,1.515E+03));
#3491 = SURFACE_CURVE('',#3492,(#3497,#3504),.PCURVE_S1.);
#3492 = CIRCLE('',#3493,8.5);
#3493 = AXIS2_PLACEMENT_3D('',#3494,#3495,#3496);
#3494 = CARTESIAN_POINT('',(-460.,-165.,1.515E+03));
#3495 = DIRECTION('',(0.,0.,1.));
#3496 = DIRECTION('',(1.,0.,-0.));
#3497 = PCURVE('',#1874,#3498);
#3498 = DEFINITIONAL_REPRESENTATION('',(#3499),#3503);
#3499 = LINE('',#3500,#3501);
#3500 = CARTESIAN_POINT('',(0.,7.));
#3501 = VECTOR('',#3502,1.);
#3502 = DIRECTION('',(1.,0.));
#3503 = ( GEOMETRIC_REPRESENTATION_CONTEXT(2) 
PARAMETRIC_REPRESENTATION_CONTEXT() REPRESENTATION_CONTEXT('2D SPACE',''
  ) );
#3504 = PCURVE('',#3505,#3510);
#3505 = PLANE('',#3506);
#3506 = AXIS2_PLACEMENT_3D('',#3507,#3508,#3509);
#3507 = CARTESIAN_POINT('',(-460.,-165.,1.515E+03));
#3508 = DIRECTION('',(0.,0.,1.));
#3509 = DIRECTION('',(1.,0.,-0.));
#3510 = DEFINITIONAL_REPRESENTATION('',(#3511),#3515);
#3511 = CIRCLE('',#3512,8.5);
#3512 = AXIS2_PLACEMENT_2D('',#3513,#3514);
#3513 = CARTESIAN_POINT('',(0.,0.));
#3514 = DIRECTION('',(1.,0.));
#3515 = ( GEOMETRIC_REPRESENTATION_CONTEXT(2) 
PARAMETRIC_REPRESENTATION_CONTEXT() REPRESENTATION_CONTEXT('2D SPACE',''
  ) );
#3516 = ORIENTED_EDGE('',*,*,#3517,.F.);
#3517 = EDGE_CURVE('',#1858,#3489,#3518,.T.);
#3518 = SEAM_CURVE('',#3519,(#3523,#3530),.PCURVE_S1.);
#3519 = LINE('',#3520,#3521);
#3520 = CARTESIAN_POINT('',(-451.5,-165.,1.508E+03));
#3521 = VECTOR('',#3522,1.);
#3522 = DIRECTION('',(0.,0.,1.));
#3523 = PCURVE('',#1874,#3524);
#3524 = DEFINITIONAL_REPRESENTATION('',(#3525),#3529);
#3525 = LINE('',#3526,#3527);
#3526 = CARTESIAN_POINT('',(6.28318530718,-0.));
#3527 = VECTOR('',#3528,1.);
#3528 = DIRECTION('',(0.,1.));
#3529 = ( GEOMETRIC_REPRESENTATION_CONTEXT(2) 
PARAMETRIC_REPRESENTATION_CONTEXT() REPRESENTATION_CONTEXT('2D SPACE',''
  ) );
#3530 = PCURVE('',#1874,#3531);
#3531 = DEFINITIONAL_REPRESENTATION('',(#3532),#3536);
#3532 = LINE('',#3533,#3534);
#3533 = CARTESIAN_POINT('',(0.,-0.));
#3534 = VECTOR('',#3535,1.);
#3535 = DIRECTION('',(0.,1.));
#3536 = ( GEOMETRIC_REPRESENTATION_CONTEXT(2) 
PARAMETRIC_REPRESENTATION_CONTEXT() REPRESENTATION_CONTEXT('2D SPACE',''
  ) );
#3537 = ORIENTED_EDGE('',*,*,#1857,.T.);
#3538 = ORIENTED_EDGE('',*,*,#3517,.T.);
#3539 = ADVANCED_FACE('',(#3540),#2295,.T.);
#3540 = FACE_BOUND('',#3541,.T.);
#3541 = EDGE_LOOP('',(#3542,#3571,#3592,#3593));
#3542 = ORIENTED_EDGE('',*,*,#3543,.F.);
#3543 = EDGE_CURVE('',#3544,#3544,#3546,.T.);
#3544 = VERTEX_POINT('',#3545);
#3545 = CARTESIAN_POINT('',(-451.5,165.,1.515E+03));
#3546 = SURFACE_CURVE('',#3547,(#3552,#3559),.PCURVE_S1.);
#3547 = CIRCLE('',#3548,8.5);
#3548 = AXIS2_PLACEMENT_3D('',#3549,#3550,#3551);
#3549 = CARTESIAN_POINT('',(-460.,165.,1.515E+03));
#3550 = DIRECTION('',(0.,0.,1.));
#3551 = DIRECTION('',(1.,0.,-0.));
#3552 = PCURVE('',#2295,#3553);
#3553 = DEFINITIONAL_REPRESENTATION('',(#3554),#3558);
#3554 = LINE('',#3555,#3556);
#3555 = CARTESIAN_POINT('',(0.,7.));
#3556 = VECTOR('',#3557,1.);
#3557 = DIRECTION('',(1.,0.));
#3558 = ( GEOMETRIC_REPRESENTATION_CONTEXT(2) 
PARAMETRIC_REPRESENTATION_CONTEXT() REPRESENTATION_CONTEXT('2D SPACE',''
  ) );
#3559 = PCURVE('',#3560,#3565);
#3560 = PLANE('',#3561);
#3561 = AXIS2_PLACEMENT_3D('',#3562,#3563,#3564);
#3562 = CARTESIAN_POINT('',(-460.,165.,1.515E+03));
#3563 = DIRECTION('',(0.,0.,1.));
#3564 = DIRECTION('',(1.,0.,-0.));
#3565 = DEFINITIONAL_REPRESENTATION('',(#3566),#3570);
#3566 = CIRCLE('',#3567,8.5);
#3567 = AXIS2_PLACEMENT_2D('',#3568,#3569);
#3568 = CARTESIAN_POINT('',(0.,0.));
#3569 = DIRECTION('',(1.,0.));
#3570 = ( GEOMETRIC_REPRESENTATION_CONTEXT(2) 
PARAMETRIC_REPRESENTATION_CONTEXT() REPRESENTATION_CONTEXT('2D SPACE',''
  ) );
#3571 = ORIENTED_EDGE('',*,*,#3572,.F.);
#3572 = EDGE_CURVE('',#2279,#3544,#3573,.T.);
#3573 = SEAM_CURVE('',#3574,(#3578,#3585),.PCURVE_S1.);
#3574 = LINE('',#3575,#3576);
#3575 = CARTESIAN_POINT('',(-451.5,165.,1.508E+03));
#3576 = VECTOR('',#3577,1.);
#3577 = DIRECTION('',(0.,0.,1.));
#3578 = PCURVE('',#2295,#3579);
#3579 = DEFINITIONAL_REPRESENTATION('',(#3580),#3584);
#3580 = LINE('',#3581,#3582);
#3581 = CARTESIAN_POINT('',(6.28318530718,-0.));
#3582 = VECTOR('',#3583,1.);
#3583 = DIRECTION('',(0.,1.));
#3584 = ( GEOMETRIC_REPRESENTATION_CONTEXT(2) 
PARAMETRIC_REPRESENTATION_CONTEXT() REPRESENTATION_CONTEXT('2D SPACE',''
  ) );
#3585 = PCURVE('',#2295,#3586);
#3586 = DEFINITIONAL_REPRESENTATION('',(#3587),#3591);
#3587 = LINE('',#3588,#3589);
#3588 = CARTESIAN_POINT('',(0.,-0.));
#3589 = VECTOR('',#3590,1.);
#3590 = DIRECTION('',(0.,1.));
#3591 = ( GEOMETRIC_REPRESENTATION_CONTEXT(2) 
PARAMETRIC_REPRESENTATION_CONTEXT() REPRESENTATION_CONTEXT('2D SPACE',''
  ) );
#3592 = ORIENTED_EDGE('',*,*,#2278,.T.);
#3593 = ORIENTED_EDGE('',*,*,#3572,.T.);
#3594 = ADVANCED_FACE('',(#3595),#2424,.F.);
#3595 = FACE_BOUND('',#3596,.F.);
#3596 = EDGE_LOOP('',(#3597,#3626,#3647,#3648));
#3597 = ORIENTED_EDGE('',*,*,#3598,.F.);
#3598 = EDGE_CURVE('',#3599,#3599,#3601,.T.);
#3599 = VERTEX_POINT('',#3600);
#3600 = CARTESIAN_POINT('',(-454.5,165.,1.508E+03));
#3601 = SURFACE_CURVE('',#3602,(#3607,#3614),.PCURVE_S1.);
#3602 = CIRCLE('',#3603,5.5);
#3603 = AXIS2_PLACEMENT_3D('',#3604,#3605,#3606);
#3604 = CARTESIAN_POINT('',(-460.,165.,1.508E+03));
#3605 = DIRECTION('',(0.,0.,1.));
#3606 = DIRECTION('',(1.,0.,-0.));
#3607 = PCURVE('',#2424,#3608);
#3608 = DEFINITIONAL_REPRESENTATION('',(#3609),#3613);
#3609 = LINE('',#3610,#3611);
#3610 = CARTESIAN_POINT('',(0.,9.));
#3611 = VECTOR('',#3612,1.);
#3612 = DIRECTION('',(1.,0.));
#3613 = ( GEOMETRIC_REPRESENTATION_CONTEXT(2) 
PARAMETRIC_REPRESENTATION_CONTEXT() REPRESENTATION_CONTEXT('2D SPACE',''
  ) );
#3614 = PCURVE('',#3615,#3620);
#3615 = PLANE('',#3616);
#3616 = AXIS2_PLACEMENT_3D('',#3617,#3618,#3619);
#3617 = CARTESIAN_POINT('',(-460.,165.,1.508E+03));
#3618 = DIRECTION('',(0.,0.,1.));
#3619 = DIRECTION('',(1.,0.,-0.));
#3620 = DEFINITIONAL_REPRESENTATION('',(#3621),#3625);
#3621 = CIRCLE('',#3622,5.5);
#3622 = AXIS2_PLACEMENT_2D('',#3623,#3624);
#3623 = CARTESIAN_POINT('',(0.,0.));
#3624 = DIRECTION('',(1.,0.));
#3625 = ( GEOMETRIC_REPRESENTATION_CONTEXT(2) 
PARAMETRIC_REPRESENTATION_CONTEXT() REPRESENTATION_CONTEXT('2D SPACE',''
  ) );
#3626 = ORIENTED_EDGE('',*,*,#3627,.F.);
#3627 = EDGE_CURVE('',#2408,#3599,#3628,.T.);
#3628 = SEAM_CURVE('',#3629,(#3633,#3640),.PCURVE_S1.);
#3629 = LINE('',#3630,#3631);
#3630 = CARTESIAN_POINT('',(-454.5,165.,1.499E+03));
#3631 = VECTOR('',#3632,1.);
#3632 = DIRECTION('',(0.,0.,1.));
#3633 = PCURVE('',#2424,#3634);
#3634 = DEFINITIONAL_REPRESENTATION('',(#3635),#3639);
#3635 = LINE('',#3636,#3637);
#3636 = CARTESIAN_POINT('',(6.28318530718,-0.));
#3637 = VECTOR('',#3638,1.);
#3638 = DIRECTION('',(0.,1.));
#3639 = ( GEOMETRIC_REPRESENTATION_CONTEXT(2) 
PARAMETRIC_REPRESENTATION_CONTEXT() REPRESENTATION_CONTEXT('2D SPACE',''
  ) );
#3640 = PCURVE('',#2424,#3641);
#3641 = DEFINITIONAL_REPRESENTATION('',(#3642),#3646);
#3642 = LINE('',#3643,#3644);
#3643 = CARTESIAN_POINT('',(0.,-0.));
#3644 = VECTOR('',#3645,1.);
#3645 = DIRECTION('',(0.,1.));
#3646 = ( GEOMETRIC_REPRESENTATION_CONTEXT(2) 
PARAMETRIC_REPRESENTATION_CONTEXT() REPRESENTATION_CONTEXT('2D SPACE',''
  ) );
#3647 = ORIENTED_EDGE('',*,*,#2407,.T.);
#3648 = ORIENTED_EDGE('',*,*,#3627,.T.);
#3649 = ADVANCED_FACE('',(#3650),#2455,.F.);
#3650 = FACE_BOUND('',#3651,.F.);
#3651 = EDGE_LOOP('',(#3652,#3681,#3702,#3703));
#3652 = ORIENTED_EDGE('',*,*,#3653,.F.);
#3653 = EDGE_CURVE('',#3654,#3654,#3656,.T.);
#3654 = VERTEX_POINT('',#3655);
#3655 = CARTESIAN_POINT('',(-454.5,235.,1.508E+03));
#3656 = SURFACE_CURVE('',#3657,(#3662,#3669),.PCURVE_S1.);
#3657 = CIRCLE('',#3658,5.5);
#3658 = AXIS2_PLACEMENT_3D('',#3659,#3660,#3661);
#3659 = CARTESIAN_POINT('',(-460.,235.,1.508E+03));
#3660 = DIRECTION('',(0.,0.,1.));
#3661 = DIRECTION('',(1.,0.,-0.));
#3662 = PCURVE('',#2455,#3663);
#3663 = DEFINITIONAL_REPRESENTATION('',(#3664),#3668);
#3664 = LINE('',#3665,#3666);
#3665 = CARTESIAN_POINT('',(0.,9.));
#3666 = VECTOR('',#3667,1.);
#3667 = DIRECTION('',(1.,0.));
#3668 = ( GEOMETRIC_REPRESENTATION_CONTEXT(2) 
PARAMETRIC_REPRESENTATION_CONTEXT() REPRESENTATION_CONTEXT('2D SPACE',''
  ) );
#3669 = PCURVE('',#3670,#3675);
#3670 = PLANE('',#3671);
#3671 = AXIS2_PLACEMENT_3D('',#3672,#3673,#3674);
#3672 = CARTESIAN_POINT('',(-460.,235.,1.508E+03));
#3673 = DIRECTION('',(0.,0.,1.));
#3674 = DIRECTION('',(1.,0.,-0.));
#3675 = DEFINITIONAL_REPRESENTATION('',(#3676),#3680);
#3676 = CIRCLE('',#3677,5.5);
#3677 = AXIS2_PLACEMENT_2D('',#3678,#3679);
#3678 = CARTESIAN_POINT('',(0.,0.));
#3679 = DIRECTION('',(1.,0.));
#3680 = ( GEOMETRIC_REPRESENTATION_CONTEXT(2) 
PARAMETRIC_REPRESENTATION_CONTEXT() REPRESENTATION_CONTEXT('2D SPACE',''
  ) );
#3681 = ORIENTED_EDGE('',*,*,#3682,.F.);
#3682 = EDGE_CURVE('',#2439,#3654,#3683,.T.);
#3683 = SEAM_CURVE('',#3684,(#3688,#3695),.PCURVE_S1.);
#3684 = LINE('',#3685,#3686);
#3685 = CARTESIAN_POINT('',(-454.5,235.,1.499E+03));
#3686 = VECTOR('',#3687,1.);
#3687 = DIRECTION('',(0.,0.,1.));
#3688 = PCURVE('',#2455,#3689);
#3689 = DEFINITIONAL_REPRESENTATION('',(#3690),#3694);
#3690 = LINE('',#3691,#3692);
#3691 = CARTESIAN_POINT('',(6.28318530718,-0.));
#3692 = VECTOR('',#3693,1.);
#3693 = DIRECTION('',(0.,1.));
#3694 = ( GEOMETRIC_REPRESENTATION_CONTEXT(2) 
PARAMETRIC_REPRESENTATION_CONTEXT() REPRESENTATION_CONTEXT('2D SPACE',''
  ) );
#3695 = PCURVE('',#2455,#3696);
#3696 = DEFINITIONAL_REPRESENTATION('',(#3697),#3701);
#3697 = LINE('',#3698,#3699);
#3698 = CARTESIAN_POINT('',(0.,-0.));
#3699 = VECTOR('',#3700,1.);
#3700 = DIRECTION('',(0.,1.));
#3701 = ( GEOMETRIC_REPRESENTATION_CONTEXT(2) 
PARAMETRIC_REPRESENTATION_CONTEXT() REPRESENTATION_CONTEXT('2D SPACE',''
  ) );
#3702 = ORIENTED_EDGE('',*,*,#2438,.T.);
#3703 = ORIENTED_EDGE('',*,*,#3682,.T.);
#3704 = ADVANCED_FACE('',(#3705),#2584,.T.);
#3705 = FACE_BOUND('',#3706,.T.);
#3706 = EDGE_LOOP('',(#3707,#3736,#3757,#3758));
#3707 = ORIENTED_EDGE('',*,*,#3708,.F.);
#3708 = EDGE_CURVE('',#3709,#3709,#3711,.T.);
#3709 = VERTEX_POINT('',#3710);
#3710 = CARTESIAN_POINT('',(-451.5,235.,1.515E+03));
#3711 = SURFACE_CURVE('',#3712,(#3717,#3724),.PCURVE_S1.);
#3712 = CIRCLE('',#3713,8.5);
#3713 = AXIS2_PLACEMENT_3D('',#3714,#3715,#3716);
#3714 = CARTESIAN_POINT('',(-460.,235.,1.515E+03));
#3715 = DIRECTION('',(0.,0.,1.));
#3716 = DIRECTION('',(1.,0.,-0.));
#3717 = PCURVE('',#2584,#3718);
#3718 = DEFINITIONAL_REPRESENTATION('',(#3719),#3723);
#3719 = LINE('',#3720,#3721);
#3720 = CARTESIAN_POINT('',(0.,7.));
#3721 = VECTOR('',#3722,1.);
#3722 = DIRECTION('',(1.,0.));
#3723 = ( GEOMETRIC_REPRESENTATION_CONTEXT(2) 
PARAMETRIC_REPRESENTATION_CONTEXT() REPRESENTATION_CONTEXT('2D SPACE',''
  ) );
#3724 = PCURVE('',#3725,#3730);
#3725 = PLANE('',#3726);
#3726 = AXIS2_PLACEMENT_3D('',#3727,#3728,#3729);
#3727 = CARTESIAN_POINT('',(-460.,235.,1.515E+03));
#3728 = DIRECTION('',(0.,0.,1.));
#3729 = DIRECTION('',(1.,0.,-0.));
#3730 = DEFINITIONAL_REPRESENTATION('',(#3731),#3735);
#3731 = CIRCLE('',#3732,8.5);
#3732 = AXIS2_PLACEMENT_2D('',#3733,#3734);
#3733 = CARTESIAN_POINT('',(0.,0.));
#3734 = DIRECTION('',(1.,0.));
#3735 = ( GEOMETRIC_REPRESENTATION_CONTEXT(2) 
PARAMETRIC_REPRESENTATION_CONTEXT() REPRESENTATION_CONTEXT('2D SPACE',''
  ) );
#3736 = ORIENTED_EDGE('',*,*,#3737,.F.);
#3737 = EDGE_CURVE('',#2568,#3709,#3738,.T.);
#3738 = SEAM_CURVE('',#3739,(#3743,#3750),.PCURVE_S1.);
#3739 = LINE('',#3740,#3741);
#3740 = CARTESIAN_POINT('',(-451.5,235.,1.508E+03));
#3741 = VECTOR('',#3742,1.);
#3742 = DIRECTION('',(0.,0.,1.));
#3743 = PCURVE('',#2584,#3744);
#3744 = DEFINITIONAL_REPRESENTATION('',(#3745),#3749);
#3745 = LINE('',#3746,#3747);
#3746 = CARTESIAN_POINT('',(6.28318530718,-0.));
#3747 = VECTOR('',#3748,1.);
#3748 = DIRECTION('',(0.,1.));
#3749 = ( GEOMETRIC_REPRESENTATION_CONTEXT(2) 
PARAMETRIC_REPRESENTATION_CONTEXT() REPRESENTATION_CONTEXT('2D SPACE',''
  ) );
#3750 = PCURVE('',#2584,#3751);
#3751 = DEFINITIONAL_REPRESENTATION('',(#3752),#3756);
#3752 = LINE('',#3753,#3754);
#3753 = CARTESIAN_POINT('',(0.,-0.));
#3754 = VECTOR('',#3755,1.);
#3755 = DIRECTION('',(0.,1.));
#3756 = ( GEOMETRIC_REPRESENTATION_CONTEXT(2) 
PARAMETRIC_REPRESENTATION_CONTEXT() REPRESENTATION_CONTEXT('2D SPACE',''
  ) );
#3757 = ORIENTED_EDGE('',*,*,#2567,.T.);
#3758 = ORIENTED_EDGE('',*,*,#3737,.T.);
#3759 = ADVANCED_FACE('',(#3760),#2973,.F.);
#3760 = FACE_BOUND('',#3761,.F.);
#3761 = EDGE_LOOP('',(#3762,#3785,#3786,#3809,#3837,#3865));
#3762 = ORIENTED_EDGE('',*,*,#3763,.F.);
#3763 = EDGE_CURVE('',#2956,#3764,#3766,.T.);
#3764 = VERTEX_POINT('',#3765);
#3765 = CARTESIAN_POINT('',(-480.,-719.4246764332,2.452236606092E+03));
#3766 = SURFACE_CURVE('',#3767,(#3771,#3778),.PCURVE_S1.);
#3767 = LINE('',#3768,#3769);
#3768 = CARTESIAN_POINT('',(-480.,-726.1969553622,2.413829103724E+03));
#3769 = VECTOR('',#3770,1.);
#3770 = DIRECTION('',(0.,0.173648177667,0.984807753012));
#3771 = PCURVE('',#2973,#3772);
#3772 = DEFINITIONAL_REPRESENTATION('',(#3773),#3777);
#3773 = LINE('',#3774,#3775);
#3774 = CARTESIAN_POINT('',(0.,0.));
#3775 = VECTOR('',#3776,1.);
#3776 = DIRECTION('',(1.,0.));
#3777 = ( GEOMETRIC_REPRESENTATION_CONTEXT(2) 
PARAMETRIC_REPRESENTATION_CONTEXT() REPRESENTATION_CONTEXT('2D SPACE',''
  ) );
#3778 = PCURVE('',#3055,#3779);
#3779 = DEFINITIONAL_REPRESENTATION('',(#3780),#3784);
#3780 = LINE('',#3781,#3782);
#3781 = CARTESIAN_POINT('',(0.,0.));
#3782 = VECTOR('',#3783,1.);
#3783 = DIRECTION('',(1.,0.));
#3784 = ( GEOMETRIC_REPRESENTATION_CONTEXT(2) 
PARAMETRIC_REPRESENTATION_CONTEXT() REPRESENTATION_CONTEXT('2D SPACE',''
  ) );
#3785 = ORIENTED_EDGE('',*,*,#2955,.T.);
#3786 = ORIENTED_EDGE('',*,*,#3787,.T.);
#3787 = EDGE_CURVE('',#2958,#3788,#3790,.T.);
#3788 = VERTEX_POINT('',#3789);
#3789 = CARTESIAN_POINT('',(-480.,-705.3471528487,2.445692652415E+03));
#3790 = SURFACE_CURVE('',#3791,(#3795,#3802),.PCURVE_S1.);
#3791 = LINE('',#3792,#3793);
#3792 = CARTESIAN_POINT('',(-480.,-711.424839067,2.411224381059E+03));
#3793 = VECTOR('',#3794,1.);
#3794 = DIRECTION('',(0.,0.173648177667,0.984807753012));
#3795 = PCURVE('',#2973,#3796);
#3796 = DEFINITIONAL_REPRESENTATION('',(#3797),#3801);
#3797 = LINE('',#3798,#3799);
#3798 = CARTESIAN_POINT('',(0.,-15.));
#3799 = VECTOR('',#3800,1.);
#3800 = DIRECTION('',(1.,0.));
#3801 = ( GEOMETRIC_REPRESENTATION_CONTEXT(2) 
PARAMETRIC_REPRESENTATION_CONTEXT() REPRESENTATION_CONTEXT('2D SPACE',''
  ) );
#3802 = PCURVE('',#3001,#3803);
#3803 = DEFINITIONAL_REPRESENTATION('',(#3804),#3808);
#3804 = LINE('',#3805,#3806);
#3805 = CARTESIAN_POINT('',(0.,0.));
#3806 = VECTOR('',#3807,1.);
#3807 = DIRECTION('',(1.,0.));
#3808 = ( GEOMETRIC_REPRESENTATION_CONTEXT(2) 
PARAMETRIC_REPRESENTATION_CONTEXT() REPRESENTATION_CONTEXT('2D SPACE',''
  ) );
#3809 = ORIENTED_EDGE('',*,*,#3810,.T.);
#3810 = EDGE_CURVE('',#3788,#3811,#3813,.T.);
#3811 = VERTEX_POINT('',#3812);
#3812 = CARTESIAN_POINT('',(-480.,-697.4686908246,2.444303466994E+03));
#3813 = SURFACE_CURVE('',#3814,(#3818,#3825),.PCURVE_S1.);
#3814 = LINE('',#3815,#3816);
#3815 = CARTESIAN_POINT('',(-480.,-720.1192691439,2.44829737508E+03));
#3816 = VECTOR('',#3817,1.);
#3817 = DIRECTION('',(0.,0.984807753012,-0.173648177667));
#3818 = PCURVE('',#2973,#3819);
#3819 = DEFINITIONAL_REPRESENTATION('',(#3820),#3824);
#3820 = LINE('',#3821,#3822);
#3821 = CARTESIAN_POINT('',(35.,0.));
#3822 = VECTOR('',#3823,1.);
#3823 = DIRECTION('',(0.,-1.));
#3824 = ( GEOMETRIC_REPRESENTATION_CONTEXT(2) 
PARAMETRIC_REPRESENTATION_CONTEXT() REPRESENTATION_CONTEXT('2D SPACE',''
  ) );
#3825 = PCURVE('',#3826,#3831);
#3826 = PLANE('',#3827);
#3827 = AXIS2_PLACEMENT_3D('',#3828,#3829,#3830);
#3828 = CARTESIAN_POINT('',(-480.,-720.1192691439,2.44829737508E+03));
#3829 = DIRECTION('',(0.,0.173648177667,0.984807753012));
#3830 = DIRECTION('',(1.,0.,-0.));
#3831 = DEFINITIONAL_REPRESENTATION('',(#3832),#3836);
#3832 = LINE('',#3833,#3834);
#3833 = CARTESIAN_POINT('',(0.,0.));
#3834 = VECTOR('',#3835,1.);
#3835 = DIRECTION('',(0.,1.));
#3836 = ( GEOMETRIC_REPRESENTATION_CONTEXT(2) 
PARAMETRIC_REPRESENTATION_CONTEXT() REPRESENTATION_CONTEXT('2D SPACE',''
  ) );
#3837 = ORIENTED_EDGE('',*,*,#3838,.T.);
#3838 = EDGE_CURVE('',#3811,#3839,#3841,.T.);
#3839 = VERTEX_POINT('',#3840);
#3840 = CARTESIAN_POINT('',(-480.,-696.7740981139,2.448242698006E+03));
#3841 = SURFACE_CURVE('',#3842,(#3846,#3853),.PCURVE_S1.);
#3842 = LINE('',#3843,#3844);
#3843 = CARTESIAN_POINT('',(-480.,-697.4686908246,2.444303466994E+03));
#3844 = VECTOR('',#3845,1.);
#3845 = DIRECTION('',(0.,0.173648177667,0.984807753012));
#3846 = PCURVE('',#2973,#3847);
#3847 = DEFINITIONAL_REPRESENTATION('',(#3848),#3852);
#3848 = LINE('',#3849,#3850);
#3849 = CARTESIAN_POINT('',(35.,-23.));
#3850 = VECTOR('',#3851,1.);
#3851 = DIRECTION('',(1.,0.));
#3852 = ( GEOMETRIC_REPRESENTATION_CONTEXT(2) 
PARAMETRIC_REPRESENTATION_CONTEXT() REPRESENTATION_CONTEXT('2D SPACE',''
  ) );
#3853 = PCURVE('',#3854,#3859);
#3854 = PLANE('',#3855);
#3855 = AXIS2_PLACEMENT_3D('',#3856,#3857,#3858);
#3856 = CARTESIAN_POINT('',(-480.,-697.4686908246,2.444303466994E+03));
#3857 = DIRECTION('',(0.,0.984807753012,-0.173648177667));
#3858 = DIRECTION('',(0.,0.173648177667,0.984807753012));
#3859 = DEFINITIONAL_REPRESENTATION('',(#3860),#3864);
#3860 = LINE('',#3861,#3862);
#3861 = CARTESIAN_POINT('',(0.,0.));
#3862 = VECTOR('',#3863,1.);
#3863 = DIRECTION('',(1.,0.));
#3864 = ( GEOMETRIC_REPRESENTATION_CONTEXT(2) 
PARAMETRIC_REPRESENTATION_CONTEXT() REPRESENTATION_CONTEXT('2D SPACE',''
  ) );
#3865 = ORIENTED_EDGE('',*,*,#3866,.F.);
#3866 = EDGE_CURVE('',#3764,#3839,#3867,.T.);
#3867 = SURFACE_CURVE('',#3868,(#3872,#3879),.PCURVE_S1.);
#3868 = LINE('',#3869,#3870);
#3869 = CARTESIAN_POINT('',(-480.,-719.4246764332,2.452236606092E+03));
#3870 = VECTOR('',#3871,1.);
#3871 = DIRECTION('',(0.,0.984807753012,-0.173648177667));
#3872 = PCURVE('',#2973,#3873);
#3873 = DEFINITIONAL_REPRESENTATION('',(#3874),#3878);
#3874 = LINE('',#3875,#3876);
#3875 = CARTESIAN_POINT('',(39.,0.));
#3876 = VECTOR('',#3877,1.);
#3877 = DIRECTION('',(0.,-1.));
#3878 = ( GEOMETRIC_REPRESENTATION_CONTEXT(2) 
PARAMETRIC_REPRESENTATION_CONTEXT() REPRESENTATION_CONTEXT('2D SPACE',''
  ) );
#3879 = PCURVE('',#3880,#3885);
#3880 = PLANE('',#3881);
#3881 = AXIS2_PLACEMENT_3D('',#3882,#3883,#3884);
#3882 = CARTESIAN_POINT('',(-480.,-719.4246764332,2.452236606092E+03));
#3883 = DIRECTION('',(0.,0.173648177667,0.984807753012));
#3884 = DIRECTION('',(1.,0.,-0.));
#3885 = DEFINITIONAL_REPRESENTATION('',(#3886),#3890);
#3886 = LINE('',#3887,#3888);
#3887 = CARTESIAN_POINT('',(0.,0.));
#3888 = VECTOR('',#3889,1.);
#3889 = DIRECTION('',(0.,1.));
#3890 = ( GEOMETRIC_REPRESENTATION_CONTEXT(2) 
PARAMETRIC_REPRESENTATION_CONTEXT() REPRESENTATION_CONTEXT('2D SPACE',''
  ) );
#3891 = ADVANCED_FACE('',(#3892),#3055,.F.);
#3892 = FACE_BOUND('',#3893,.F.);
#3893 = EDGE_LOOP('',(#3894,#3917,#3918,#3919));
#3894 = ORIENTED_EDGE('',*,*,#3895,.F.);
#3895 = EDGE_CURVE('',#3014,#3896,#3898,.T.);
#3896 = VERTEX_POINT('',#3897);
#3897 = CARTESIAN_POINT('',(-440.,-719.4246764332,2.452236606092E+03));
#3898 = SURFACE_CURVE('',#3899,(#3903,#3910),.PCURVE_S1.);
#3899 = LINE('',#3900,#3901);
#3900 = CARTESIAN_POINT('',(-440.,-726.1969553622,2.413829103724E+03));
#3901 = VECTOR('',#3902,1.);
#3902 = DIRECTION('',(0.,0.173648177667,0.984807753012));
#3903 = PCURVE('',#3055,#3904);
#3904 = DEFINITIONAL_REPRESENTATION('',(#3905),#3909);
#3905 = LINE('',#3906,#3907);
#3906 = CARTESIAN_POINT('',(0.,40.));
#3907 = VECTOR('',#3908,1.);
#3908 = DIRECTION('',(1.,0.));
#3909 = ( GEOMETRIC_REPRESENTATION_CONTEXT(2) 
PARAMETRIC_REPRESENTATION_CONTEXT() REPRESENTATION_CONTEXT('2D SPACE',''
  ) );
#3910 = PCURVE('',#3029,#3911);
#3911 = DEFINITIONAL_REPRESENTATION('',(#3912),#3916);
#3912 = LINE('',#3913,#3914);
#3913 = CARTESIAN_POINT('',(0.,0.));
#3914 = VECTOR('',#3915,1.);
#3915 = DIRECTION('',(1.,0.));
#3916 = ( GEOMETRIC_REPRESENTATION_CONTEXT(2) 
PARAMETRIC_REPRESENTATION_CONTEXT() REPRESENTATION_CONTEXT('2D SPACE',''
  ) );
#3917 = ORIENTED_EDGE('',*,*,#3041,.F.);
#3918 = ORIENTED_EDGE('',*,*,#3763,.T.);
#3919 = ORIENTED_EDGE('',*,*,#3920,.T.);
#3920 = EDGE_CURVE('',#3764,#3896,#3921,.T.);
#3921 = SURFACE_CURVE('',#3922,(#3926,#3933),.PCURVE_S1.);
#3922 = LINE('',#3923,#3924);
#3923 = CARTESIAN_POINT('',(-480.,-719.4246764332,2.452236606092E+03));
#3924 = VECTOR('',#3925,1.);
#3925 = DIRECTION('',(1.,0.,-0.));
#3926 = PCURVE('',#3055,#3927);
#3927 = DEFINITIONAL_REPRESENTATION('',(#3928),#3932);
#3928 = LINE('',#3929,#3930);
#3929 = CARTESIAN_POINT('',(39.,0.));
#3930 = VECTOR('',#3931,1.);
#3931 = DIRECTION('',(0.,1.));
#3932 = ( GEOMETRIC_REPRESENTATION_CONTEXT(2) 
PARAMETRIC_REPRESENTATION_CONTEXT() REPRESENTATION_CONTEXT('2D SPACE',''
  ) );
#3933 = PCURVE('',#3880,#3934);
#3934 = DEFINITIONAL_REPRESENTATION('',(#3935),#3939);
#3935 = LINE('',#3936,#3937);
#3936 = CARTESIAN_POINT('',(0.,0.));
#3937 = VECTOR('',#3938,1.);
#3938 = DIRECTION('',(1.,0.));
#3939 = ( GEOMETRIC_REPRESENTATION_CONTEXT(2) 
PARAMETRIC_REPRESENTATION_CONTEXT() REPRESENTATION_CONTEXT('2D SPACE',''
  ) );
#3940 = ADVANCED_FACE('',(#3941),#3029,.T.);
#3941 = FACE_BOUND('',#3942,.T.);
#3942 = EDGE_LOOP('',(#3943,#3944,#3945,#3968,#3991,#4014));
#3943 = ORIENTED_EDGE('',*,*,#3895,.F.);
#3944 = ORIENTED_EDGE('',*,*,#3013,.T.);
#3945 = ORIENTED_EDGE('',*,*,#3946,.T.);
#3946 = EDGE_CURVE('',#2986,#3947,#3949,.T.);
#3947 = VERTEX_POINT('',#3948);
#3948 = CARTESIAN_POINT('',(-440.,-705.3471528487,2.445692652415E+03));
#3949 = SURFACE_CURVE('',#3950,(#3954,#3961),.PCURVE_S1.);
#3950 = LINE('',#3951,#3952);
#3951 = CARTESIAN_POINT('',(-440.,-711.424839067,2.411224381059E+03));
#3952 = VECTOR('',#3953,1.);
#3953 = DIRECTION('',(0.,0.173648177667,0.984807753012));
#3954 = PCURVE('',#3029,#3955);
#3955 = DEFINITIONAL_REPRESENTATION('',(#3956),#3960);
#3956 = LINE('',#3957,#3958);
#3957 = CARTESIAN_POINT('',(0.,-15.));
#3958 = VECTOR('',#3959,1.);
#3959 = DIRECTION('',(1.,0.));
#3960 = ( GEOMETRIC_REPRESENTATION_CONTEXT(2) 
PARAMETRIC_REPRESENTATION_CONTEXT() REPRESENTATION_CONTEXT('2D SPACE',''
  ) );
#3961 = PCURVE('',#3001,#3962);
#3962 = DEFINITIONAL_REPRESENTATION('',(#3963),#3967);
#3963 = LINE('',#3964,#3965);
#3964 = CARTESIAN_POINT('',(0.,40.));
#3965 = VECTOR('',#3966,1.);
#3966 = DIRECTION('',(1.,0.));
#3967 = ( GEOMETRIC_REPRESENTATION_CONTEXT(2) 
PARAMETRIC_REPRESENTATION_CONTEXT() REPRESENTATION_CONTEXT('2D SPACE',''
  ) );
#3968 = ORIENTED_EDGE('',*,*,#3969,.T.);
#3969 = EDGE_CURVE('',#3947,#3970,#3972,.T.);
#3970 = VERTEX_POINT('',#3971);
#3971 = CARTESIAN_POINT('',(-440.,-697.4686908246,2.444303466994E+03));
#3972 = SURFACE_CURVE('',#3973,(#3977,#3984),.PCURVE_S1.);
#3973 = LINE('',#3974,#3975);
#3974 = CARTESIAN_POINT('',(-440.,-720.1192691439,2.44829737508E+03));
#3975 = VECTOR('',#3976,1.);
#3976 = DIRECTION('',(0.,0.984807753012,-0.173648177667));
#3977 = PCURVE('',#3029,#3978);
#3978 = DEFINITIONAL_REPRESENTATION('',(#3979),#3983);
#3979 = LINE('',#3980,#3981);
#3980 = CARTESIAN_POINT('',(35.,0.));
#3981 = VECTOR('',#3982,1.);
#3982 = DIRECTION('',(0.,-1.));
#3983 = ( GEOMETRIC_REPRESENTATION_CONTEXT(2) 
PARAMETRIC_REPRESENTATION_CONTEXT() REPRESENTATION_CONTEXT('2D SPACE',''
  ) );
#3984 = PCURVE('',#3826,#3985);
#3985 = DEFINITIONAL_REPRESENTATION('',(#3986),#3990);
#3986 = LINE('',#3987,#3988);
#3987 = CARTESIAN_POINT('',(40.,0.));
#3988 = VECTOR('',#3989,1.);
#3989 = DIRECTION('',(0.,1.));
#3990 = ( GEOMETRIC_REPRESENTATION_CONTEXT(2) 
PARAMETRIC_REPRESENTATION_CONTEXT() REPRESENTATION_CONTEXT('2D SPACE',''
  ) );
#3991 = ORIENTED_EDGE('',*,*,#3992,.T.);
#3992 = EDGE_CURVE('',#3970,#3993,#3995,.T.);
#3993 = VERTEX_POINT('',#3994);
#3994 = CARTESIAN_POINT('',(-440.,-696.7740981139,2.448242698006E+03));
#3995 = SURFACE_CURVE('',#3996,(#4000,#4007),.PCURVE_S1.);
#3996 = LINE('',#3997,#3998);
#3997 = CARTESIAN_POINT('',(-440.,-697.4686908246,2.444303466994E+03));
#3998 = VECTOR('',#3999,1.);
#3999 = DIRECTION('',(0.,0.173648177667,0.984807753012));
#4000 = PCURVE('',#3029,#4001);
#4001 = DEFINITIONAL_REPRESENTATION('',(#4002),#4006);
#4002 = LINE('',#4003,#4004);
#4003 = CARTESIAN_POINT('',(35.,-23.));
#4004 = VECTOR('',#4005,1.);
#4005 = DIRECTION('',(1.,0.));
#4006 = ( GEOMETRIC_REPRESENTATION_CONTEXT(2) 
PARAMETRIC_REPRESENTATION_CONTEXT() REPRESENTATION_CONTEXT('2D SPACE',''
  ) );
#4007 = PCURVE('',#3854,#4008);
#4008 = DEFINITIONAL_REPRESENTATION('',(#4009),#4013);
#4009 = LINE('',#4010,#4011);
#4010 = CARTESIAN_POINT('',(0.,40.));
#4011 = VECTOR('',#4012,1.);
#4012 = DIRECTION('',(1.,0.));
#4013 = ( GEOMETRIC_REPRESENTATION_CONTEXT(2) 
PARAMETRIC_REPRESENTATION_CONTEXT() REPRESENTATION_CONTEXT('2D SPACE',''
  ) );
#4014 = ORIENTED_EDGE('',*,*,#4015,.T.);
#4015 = EDGE_CURVE('',#3993,#3896,#4016,.T.);
#4016 = SURFACE_CURVE('',#4017,(#4021,#4028),.PCURVE_S1.);
#4017 = LINE('',#4018,#4019);
#4018 = CARTESIAN_POINT('',(-440.,-696.7740981139,2.448242698006E+03));
#4019 = VECTOR('',#4020,1.);
#4020 = DIRECTION('',(0.,-0.984807753012,0.173648177667));
#4021 = PCURVE('',#3029,#4022);
#4022 = DEFINITIONAL_REPRESENTATION('',(#4023),#4027);
#4023 = LINE('',#4024,#4025);
#4024 = CARTESIAN_POINT('',(39.,-23.));
#4025 = VECTOR('',#4026,1.);
#4026 = DIRECTION('',(0.,1.));
#4027 = ( GEOMETRIC_REPRESENTATION_CONTEXT(2) 
PARAMETRIC_REPRESENTATION_CONTEXT() REPRESENTATION_CONTEXT('2D SPACE',''
  ) );
#4028 = PCURVE('',#3880,#4029);
#4029 = DEFINITIONAL_REPRESENTATION('',(#4030),#4034);
#4030 = LINE('',#4031,#4032);
#4031 = CARTESIAN_POINT('',(40.,23.));
#4032 = VECTOR('',#4033,1.);
#4033 = DIRECTION('',(0.,-1.));
#4034 = ( GEOMETRIC_REPRESENTATION_CONTEXT(2) 
PARAMETRIC_REPRESENTATION_CONTEXT() REPRESENTATION_CONTEXT('2D SPACE',''
  ) );
#4035 = ADVANCED_FACE('',(#4036),#3001,.T.);
#4036 = FACE_BOUND('',#4037,.T.);
#4037 = EDGE_LOOP('',(#4038,#4039,#4040,#4041));
#4038 = ORIENTED_EDGE('',*,*,#3946,.F.);
#4039 = ORIENTED_EDGE('',*,*,#2985,.F.);
#4040 = ORIENTED_EDGE('',*,*,#3787,.T.);
#4041 = ORIENTED_EDGE('',*,*,#4042,.T.);
#4042 = EDGE_CURVE('',#3788,#3947,#4043,.T.);
#4043 = SURFACE_CURVE('',#4044,(#4048,#4054),.PCURVE_S1.);
#4044 = LINE('',#4045,#4046);
#4045 = CARTESIAN_POINT('',(-480.,-705.3471528487,2.445692652415E+03));
#4046 = VECTOR('',#4047,1.);
#4047 = DIRECTION('',(1.,0.,-0.));
#4048 = PCURVE('',#3001,#4049);
#4049 = DEFINITIONAL_REPRESENTATION('',(#4050),#4053);
#4050 = B_SPLINE_CURVE_WITH_KNOTS('',1,(#4051,#4052),.UNSPECIFIED.,.F.,
  .F.,(2,2),(0.,40.),.PIECEWISE_BEZIER_KNOTS.);
#4051 = CARTESIAN_POINT('',(35.,0.));
#4052 = CARTESIAN_POINT('',(35.,40.));
#4053 = ( GEOMETRIC_REPRESENTATION_CONTEXT(2) 
PARAMETRIC_REPRESENTATION_CONTEXT() REPRESENTATION_CONTEXT('2D SPACE',''
  ) );
#4054 = PCURVE('',#3826,#4055);
#4055 = DEFINITIONAL_REPRESENTATION('',(#4056),#4059);
#4056 = B_SPLINE_CURVE_WITH_KNOTS('',1,(#4057,#4058),.UNSPECIFIED.,.F.,
  .F.,(2,2),(0.,40.),.PIECEWISE_BEZIER_KNOTS.);
#4057 = CARTESIAN_POINT('',(0.,15.));
#4058 = CARTESIAN_POINT('',(40.,15.));
#4059 = ( GEOMETRIC_REPRESENTATION_CONTEXT(2) 
PARAMETRIC_REPRESENTATION_CONTEXT() REPRESENTATION_CONTEXT('2D SPACE',''
  ) );
#4060 = ADVANCED_FACE('',(#4061),#3087,.F.);
#4061 = FACE_BOUND('',#4062,.F.);
#4062 = EDGE_LOOP('',(#4063,#4086,#4087,#4110,#4138,#4166));
#4063 = ORIENTED_EDGE('',*,*,#4064,.F.);
#4064 = EDGE_CURVE('',#3070,#4065,#4067,.T.);
#4065 = VERTEX_POINT('',#4066);
#4066 = CARTESIAN_POINT('',(-480.,411.42483906709,2.248775618941E+03));
#4067 = SURFACE_CURVE('',#4068,(#4072,#4079),.PCURVE_S1.);
#4068 = LINE('',#4069,#4070);
#4069 = CARTESIAN_POINT('',(-480.,405.34715284875,2.214307347585E+03));
#4070 = VECTOR('',#4071,1.);
#4071 = DIRECTION('',(0.,0.173648177667,0.984807753012));
#4072 = PCURVE('',#3087,#4073);
#4073 = DEFINITIONAL_REPRESENTATION('',(#4074),#4078);
#4074 = LINE('',#4075,#4076);
#4075 = CARTESIAN_POINT('',(0.,0.));
#4076 = VECTOR('',#4077,1.);
#4077 = DIRECTION('',(1.,0.));
#4078 = ( GEOMETRIC_REPRESENTATION_CONTEXT(2) 
PARAMETRIC_REPRESENTATION_CONTEXT() REPRESENTATION_CONTEXT('2D SPACE',''
  ) );
#4079 = PCURVE('',#3169,#4080);
#4080 = DEFINITIONAL_REPRESENTATION('',(#4081),#4085);
#4081 = LINE('',#4082,#4083);
#4082 = CARTESIAN_POINT('',(0.,0.));
#4083 = VECTOR('',#4084,1.);
#4084 = DIRECTION('',(1.,0.));
#4085 = ( GEOMETRIC_REPRESENTATION_CONTEXT(2) 
PARAMETRIC_REPRESENTATION_CONTEXT() REPRESENTATION_CONTEXT('2D SPACE',''
  ) );
#4086 = ORIENTED_EDGE('',*,*,#3069,.T.);
#4087 = ORIENTED_EDGE('',*,*,#4088,.F.);
#4088 = EDGE_CURVE('',#4089,#3072,#4091,.T.);
#4089 = VERTEX_POINT('',#4090);
#4090 = CARTESIAN_POINT('',(-480.,426.89154807294,2.250110127288E+03));
#4091 = SURFACE_CURVE('',#4092,(#4096,#4103),.PCURVE_S1.);
#4092 = LINE('',#4093,#4094);
#4093 = CARTESIAN_POINT('',(-480.,426.89154807294,2.250110127288E+03));
#4094 = VECTOR('',#4095,1.);
#4095 = DIRECTION('',(0.,-0.173648177667,-0.984807753012));
#4096 = PCURVE('',#3087,#4097);
#4097 = DEFINITIONAL_REPRESENTATION('',(#4098),#4102);
#4098 = LINE('',#4099,#4100);
#4099 = CARTESIAN_POINT('',(39.,-15.));
#4100 = VECTOR('',#4101,1.);
#4101 = DIRECTION('',(-1.,0.));
#4102 = ( GEOMETRIC_REPRESENTATION_CONTEXT(2) 
PARAMETRIC_REPRESENTATION_CONTEXT() REPRESENTATION_CONTEXT('2D SPACE',''
  ) );
#4103 = PCURVE('',#3115,#4104);
#4104 = DEFINITIONAL_REPRESENTATION('',(#4105),#4109);
#4105 = LINE('',#4106,#4107);
#4106 = CARTESIAN_POINT('',(39.,0.));
#4107 = VECTOR('',#4108,1.);
#4108 = DIRECTION('',(-1.,0.));
#4109 = ( GEOMETRIC_REPRESENTATION_CONTEXT(2) 
PARAMETRIC_REPRESENTATION_CONTEXT() REPRESENTATION_CONTEXT('2D SPACE',''
  ) );
#4110 = ORIENTED_EDGE('',*,*,#4111,.F.);
#4111 = EDGE_CURVE('',#4112,#4089,#4114,.T.);
#4112 = VERTEX_POINT('',#4113);
#4113 = CARTESIAN_POINT('',(-480.,404.24096975366,2.254104035374E+03));
#4114 = SURFACE_CURVE('',#4115,(#4119,#4126),.PCURVE_S1.);
#4115 = LINE('',#4116,#4117);
#4116 = CARTESIAN_POINT('',(-480.,404.24096975366,2.254104035374E+03));
#4117 = VECTOR('',#4118,1.);
#4118 = DIRECTION('',(0.,0.984807753012,-0.173648177667));
#4119 = PCURVE('',#3087,#4120);
#4120 = DEFINITIONAL_REPRESENTATION('',(#4121),#4125);
#4121 = LINE('',#4122,#4123);
#4122 = CARTESIAN_POINT('',(39.,8.));
#4123 = VECTOR('',#4124,1.);
#4124 = DIRECTION('',(0.,-1.));
#4125 = ( GEOMETRIC_REPRESENTATION_CONTEXT(2) 
PARAMETRIC_REPRESENTATION_CONTEXT() REPRESENTATION_CONTEXT('2D SPACE',''
  ) );
#4126 = PCURVE('',#4127,#4132);
#4127 = PLANE('',#4128);
#4128 = AXIS2_PLACEMENT_3D('',#4129,#4130,#4131);
#4129 = CARTESIAN_POINT('',(-480.,412.11943177776,2.252714849953E+03));
#4130 = DIRECTION('',(0.,0.173648177667,0.984807753012));
#4131 = DIRECTION('',(1.,0.,-0.));
#4132 = DEFINITIONAL_REPRESENTATION('',(#4133),#4137);
#4133 = LINE('',#4134,#4135);
#4134 = CARTESIAN_POINT('',(0.,-8.));
#4135 = VECTOR('',#4136,1.);
#4136 = DIRECTION('',(0.,1.));
#4137 = ( GEOMETRIC_REPRESENTATION_CONTEXT(2) 
PARAMETRIC_REPRESENTATION_CONTEXT() REPRESENTATION_CONTEXT('2D SPACE',''
  ) );
#4138 = ORIENTED_EDGE('',*,*,#4139,.F.);
#4139 = EDGE_CURVE('',#4140,#4112,#4142,.T.);
#4140 = VERTEX_POINT('',#4141);
#4141 = CARTESIAN_POINT('',(-480.,403.54637704299,2.250164804362E+03));
#4142 = SURFACE_CURVE('',#4143,(#4147,#4154),.PCURVE_S1.);
#4143 = LINE('',#4144,#4145);
#4144 = CARTESIAN_POINT('',(-480.,403.54637704299,2.250164804362E+03));
#4145 = VECTOR('',#4146,1.);
#4146 = DIRECTION('',(0.,0.173648177667,0.984807753012));
#4147 = PCURVE('',#3087,#4148);
#4148 = DEFINITIONAL_REPRESENTATION('',(#4149),#4153);
#4149 = LINE('',#4150,#4151);
#4150 = CARTESIAN_POINT('',(35.,8.));
#4151 = VECTOR('',#4152,1.);
#4152 = DIRECTION('',(1.,0.));
#4153 = ( GEOMETRIC_REPRESENTATION_CONTEXT(2) 
PARAMETRIC_REPRESENTATION_CONTEXT() REPRESENTATION_CONTEXT('2D SPACE',''
  ) );
#4154 = PCURVE('',#4155,#4160);
#4155 = PLANE('',#4156);
#4156 = AXIS2_PLACEMENT_3D('',#4157,#4158,#4159);
#4157 = CARTESIAN_POINT('',(-480.,403.54637704299,2.250164804362E+03));
#4158 = DIRECTION('',(0.,0.984807753012,-0.173648177667));
#4159 = DIRECTION('',(0.,0.173648177667,0.984807753012));
#4160 = DEFINITIONAL_REPRESENTATION('',(#4161),#4165);
#4161 = LINE('',#4162,#4163);
#4162 = CARTESIAN_POINT('',(0.,0.));
#4163 = VECTOR('',#4164,1.);
#4164 = DIRECTION('',(1.,0.));
#4165 = ( GEOMETRIC_REPRESENTATION_CONTEXT(2) 
PARAMETRIC_REPRESENTATION_CONTEXT() REPRESENTATION_CONTEXT('2D SPACE',''
  ) );
#4166 = ORIENTED_EDGE('',*,*,#4167,.T.);
#4167 = EDGE_CURVE('',#4140,#4065,#4168,.T.);
#4168 = SURFACE_CURVE('',#4169,(#4173,#4180),.PCURVE_S1.);
#4169 = LINE('',#4170,#4171);
#4170 = CARTESIAN_POINT('',(-480.,403.54637704299,2.250164804362E+03));
#4171 = VECTOR('',#4172,1.);
#4172 = DIRECTION('',(0.,0.984807753012,-0.173648177667));
#4173 = PCURVE('',#3087,#4174);
#4174 = DEFINITIONAL_REPRESENTATION('',(#4175),#4179);
#4175 = LINE('',#4176,#4177);
#4176 = CARTESIAN_POINT('',(35.,8.));
#4177 = VECTOR('',#4178,1.);
#4178 = DIRECTION('',(0.,-1.));
#4179 = ( GEOMETRIC_REPRESENTATION_CONTEXT(2) 
PARAMETRIC_REPRESENTATION_CONTEXT() REPRESENTATION_CONTEXT('2D SPACE',''
  ) );
#4180 = PCURVE('',#4181,#4186);
#4181 = PLANE('',#4182);
#4182 = AXIS2_PLACEMENT_3D('',#4183,#4184,#4185);
#4183 = CARTESIAN_POINT('',(-480.,403.54637704299,2.250164804362E+03));
#4184 = DIRECTION('',(0.,0.173648177667,0.984807753012));
#4185 = DIRECTION('',(1.,0.,-0.));
#4186 = DEFINITIONAL_REPRESENTATION('',(#4187),#4191);
#4187 = LINE('',#4188,#4189);
#4188 = CARTESIAN_POINT('',(0.,0.));
#4189 = VECTOR('',#4190,1.);
#4190 = DIRECTION('',(0.,1.));
#4191 = ( GEOMETRIC_REPRESENTATION_CONTEXT(2) 
PARAMETRIC_REPRESENTATION_CONTEXT() REPRESENTATION_CONTEXT('2D SPACE',''
  ) );
#4192 = ADVANCED_FACE('',(#4193),#3169,.F.);
#4193 = FACE_BOUND('',#4194,.F.);
#4194 = EDGE_LOOP('',(#4195,#4218,#4219,#4220));
#4195 = ORIENTED_EDGE('',*,*,#4196,.F.);
#4196 = EDGE_CURVE('',#3128,#4197,#4199,.T.);
#4197 = VERTEX_POINT('',#4198);
#4198 = CARTESIAN_POINT('',(-440.,411.42483906709,2.248775618941E+03));
#4199 = SURFACE_CURVE('',#4200,(#4204,#4211),.PCURVE_S1.);
#4200 = LINE('',#4201,#4202);
#4201 = CARTESIAN_POINT('',(-440.,405.34715284875,2.214307347585E+03));
#4202 = VECTOR('',#4203,1.);
#4203 = DIRECTION('',(0.,0.173648177667,0.984807753012));
#4204 = PCURVE('',#3169,#4205);
#4205 = DEFINITIONAL_REPRESENTATION('',(#4206),#4210);
#4206 = LINE('',#4207,#4208);
#4207 = CARTESIAN_POINT('',(0.,40.));
#4208 = VECTOR('',#4209,1.);
#4209 = DIRECTION('',(1.,0.));
#4210 = ( GEOMETRIC_REPRESENTATION_CONTEXT(2) 
PARAMETRIC_REPRESENTATION_CONTEXT() REPRESENTATION_CONTEXT('2D SPACE',''
  ) );
#4211 = PCURVE('',#3143,#4212);
#4212 = DEFINITIONAL_REPRESENTATION('',(#4213),#4217);
#4213 = LINE('',#4214,#4215);
#4214 = CARTESIAN_POINT('',(0.,0.));
#4215 = VECTOR('',#4216,1.);
#4216 = DIRECTION('',(1.,0.));
#4217 = ( GEOMETRIC_REPRESENTATION_CONTEXT(2) 
PARAMETRIC_REPRESENTATION_CONTEXT() REPRESENTATION_CONTEXT('2D SPACE',''
  ) );
#4218 = ORIENTED_EDGE('',*,*,#3155,.F.);
#4219 = ORIENTED_EDGE('',*,*,#4064,.T.);
#4220 = ORIENTED_EDGE('',*,*,#4221,.T.);
#4221 = EDGE_CURVE('',#4065,#4197,#4222,.T.);
#4222 = SURFACE_CURVE('',#4223,(#4227,#4233),.PCURVE_S1.);
#4223 = LINE('',#4224,#4225);
#4224 = CARTESIAN_POINT('',(-480.,411.42483906709,2.248775618941E+03));
#4225 = VECTOR('',#4226,1.);
#4226 = DIRECTION('',(1.,0.,-0.));
#4227 = PCURVE('',#3169,#4228);
#4228 = DEFINITIONAL_REPRESENTATION('',(#4229),#4232);
#4229 = B_SPLINE_CURVE_WITH_KNOTS('',1,(#4230,#4231),.UNSPECIFIED.,.F.,
  .F.,(2,2),(0.,40.),.PIECEWISE_BEZIER_KNOTS.);
#4230 = CARTESIAN_POINT('',(35.,0.));
#4231 = CARTESIAN_POINT('',(35.,40.));
#4232 = ( GEOMETRIC_REPRESENTATION_CONTEXT(2) 
PARAMETRIC_REPRESENTATION_CONTEXT() REPRESENTATION_CONTEXT('2D SPACE',''
  ) );
#4233 = PCURVE('',#4181,#4234);
#4234 = DEFINITIONAL_REPRESENTATION('',(#4235),#4238);
#4235 = B_SPLINE_CURVE_WITH_KNOTS('',1,(#4236,#4237),.UNSPECIFIED.,.F.,
  .F.,(2,2),(0.,40.),.PIECEWISE_BEZIER_KNOTS.);
#4236 = CARTESIAN_POINT('',(0.,8.));
#4237 = CARTESIAN_POINT('',(40.,8.));
#4238 = ( GEOMETRIC_REPRESENTATION_CONTEXT(2) 
PARAMETRIC_REPRESENTATION_CONTEXT() REPRESENTATION_CONTEXT('2D SPACE',''
  ) );
#4239 = ADVANCED_FACE('',(#4240),#3143,.T.);
#4240 = FACE_BOUND('',#4241,.T.);
#4241 = EDGE_LOOP('',(#4242,#4243,#4244,#4267,#4290,#4313));
#4242 = ORIENTED_EDGE('',*,*,#4196,.F.);
#4243 = ORIENTED_EDGE('',*,*,#3127,.T.);
#4244 = ORIENTED_EDGE('',*,*,#4245,.F.);
#4245 = EDGE_CURVE('',#4246,#3100,#4248,.T.);
#4246 = VERTEX_POINT('',#4247);
#4247 = CARTESIAN_POINT('',(-440.,426.89154807294,2.250110127288E+03));
#4248 = SURFACE_CURVE('',#4249,(#4253,#4260),.PCURVE_S1.);
#4249 = LINE('',#4250,#4251);
#4250 = CARTESIAN_POINT('',(-440.,426.89154807294,2.250110127288E+03));
#4251 = VECTOR('',#4252,1.);
#4252 = DIRECTION('',(0.,-0.173648177667,-0.984807753012));
#4253 = PCURVE('',#3143,#4254);
#4254 = DEFINITIONAL_REPRESENTATION('',(#4255),#4259);
#4255 = LINE('',#4256,#4257);
#4256 = CARTESIAN_POINT('',(39.,-15.));
#4257 = VECTOR('',#4258,1.);
#4258 = DIRECTION('',(-1.,0.));
#4259 = ( GEOMETRIC_REPRESENTATION_CONTEXT(2) 
PARAMETRIC_REPRESENTATION_CONTEXT() REPRESENTATION_CONTEXT('2D SPACE',''
  ) );
#4260 = PCURVE('',#3115,#4261);
#4261 = DEFINITIONAL_REPRESENTATION('',(#4262),#4266);
#4262 = LINE('',#4263,#4264);
#4263 = CARTESIAN_POINT('',(39.,40.));
#4264 = VECTOR('',#4265,1.);
#4265 = DIRECTION('',(-1.,0.));
#4266 = ( GEOMETRIC_REPRESENTATION_CONTEXT(2) 
PARAMETRIC_REPRESENTATION_CONTEXT() REPRESENTATION_CONTEXT('2D SPACE',''
  ) );
#4267 = ORIENTED_EDGE('',*,*,#4268,.T.);
#4268 = EDGE_CURVE('',#4246,#4269,#4271,.T.);
#4269 = VERTEX_POINT('',#4270);
#4270 = CARTESIAN_POINT('',(-440.,404.24096975366,2.254104035374E+03));
#4271 = SURFACE_CURVE('',#4272,(#4276,#4283),.PCURVE_S1.);
#4272 = LINE('',#4273,#4274);
#4273 = CARTESIAN_POINT('',(-440.,426.89154807294,2.250110127288E+03));
#4274 = VECTOR('',#4275,1.);
#4275 = DIRECTION('',(0.,-0.984807753012,0.173648177667));
#4276 = PCURVE('',#3143,#4277);
#4277 = DEFINITIONAL_REPRESENTATION('',(#4278),#4282);
#4278 = LINE('',#4279,#4280);
#4279 = CARTESIAN_POINT('',(39.,-15.));
#4280 = VECTOR('',#4281,1.);
#4281 = DIRECTION('',(0.,1.));
#4282 = ( GEOMETRIC_REPRESENTATION_CONTEXT(2) 
PARAMETRIC_REPRESENTATION_CONTEXT() REPRESENTATION_CONTEXT('2D SPACE',''
  ) );
#4283 = PCURVE('',#4127,#4284);
#4284 = DEFINITIONAL_REPRESENTATION('',(#4285),#4289);
#4285 = LINE('',#4286,#4287);
#4286 = CARTESIAN_POINT('',(40.,15.));
#4287 = VECTOR('',#4288,1.);
#4288 = DIRECTION('',(0.,-1.));
#4289 = ( GEOMETRIC_REPRESENTATION_CONTEXT(2) 
PARAMETRIC_REPRESENTATION_CONTEXT() REPRESENTATION_CONTEXT('2D SPACE',''
  ) );
#4290 = ORIENTED_EDGE('',*,*,#4291,.F.);
#4291 = EDGE_CURVE('',#4292,#4269,#4294,.T.);
#4292 = VERTEX_POINT('',#4293);
#4293 = CARTESIAN_POINT('',(-440.,403.54637704299,2.250164804362E+03));
#4294 = SURFACE_CURVE('',#4295,(#4299,#4306),.PCURVE_S1.);
#4295 = LINE('',#4296,#4297);
#4296 = CARTESIAN_POINT('',(-440.,403.54637704299,2.250164804362E+03));
#4297 = VECTOR('',#4298,1.);
#4298 = DIRECTION('',(0.,0.173648177667,0.984807753012));
#4299 = PCURVE('',#3143,#4300);
#4300 = DEFINITIONAL_REPRESENTATION('',(#4301),#4305);
#4301 = LINE('',#4302,#4303);
#4302 = CARTESIAN_POINT('',(35.,8.));
#4303 = VECTOR('',#4304,1.);
#4304 = DIRECTION('',(1.,0.));
#4305 = ( GEOMETRIC_REPRESENTATION_CONTEXT(2) 
PARAMETRIC_REPRESENTATION_CONTEXT() REPRESENTATION_CONTEXT('2D SPACE',''
  ) );
#4306 = PCURVE('',#4155,#4307);
#4307 = DEFINITIONAL_REPRESENTATION('',(#4308),#4312);
#4308 = LINE('',#4309,#4310);
#4309 = CARTESIAN_POINT('',(0.,40.));
#4310 = VECTOR('',#4311,1.);
#4311 = DIRECTION('',(1.,0.));
#4312 = ( GEOMETRIC_REPRESENTATION_CONTEXT(2) 
PARAMETRIC_REPRESENTATION_CONTEXT() REPRESENTATION_CONTEXT('2D SPACE',''
  ) );
#4313 = ORIENTED_EDGE('',*,*,#4314,.T.);
#4314 = EDGE_CURVE('',#4292,#4197,#4315,.T.);
#4315 = SURFACE_CURVE('',#4316,(#4320,#4327),.PCURVE_S1.);
#4316 = LINE('',#4317,#4318);
#4317 = CARTESIAN_POINT('',(-440.,403.54637704299,2.250164804362E+03));
#4318 = VECTOR('',#4319,1.);
#4319 = DIRECTION('',(0.,0.984807753012,-0.173648177667));
#4320 = PCURVE('',#3143,#4321);
#4321 = DEFINITIONAL_REPRESENTATION('',(#4322),#4326);
#4322 = LINE('',#4323,#4324);
#4323 = CARTESIAN_POINT('',(35.,8.));
#4324 = VECTOR('',#4325,1.);
#4325 = DIRECTION('',(0.,-1.));
#4326 = ( GEOMETRIC_REPRESENTATION_CONTEXT(2) 
PARAMETRIC_REPRESENTATION_CONTEXT() REPRESENTATION_CONTEXT('2D SPACE',''
  ) );
#4327 = PCURVE('',#4181,#4328);
#4328 = DEFINITIONAL_REPRESENTATION('',(#4329),#4333);
#4329 = LINE('',#4330,#4331);
#4330 = CARTESIAN_POINT('',(40.,0.));
#4331 = VECTOR('',#4332,1.);
#4332 = DIRECTION('',(0.,1.));
#4333 = ( GEOMETRIC_REPRESENTATION_CONTEXT(2) 
PARAMETRIC_REPRESENTATION_CONTEXT() REPRESENTATION_CONTEXT('2D SPACE',''
  ) );
#4334 = ADVANCED_FACE('',(#4335),#3115,.T.);
#4335 = FACE_BOUND('',#4336,.T.);
#4336 = EDGE_LOOP('',(#4337,#4338,#4339,#4360));
#4337 = ORIENTED_EDGE('',*,*,#3099,.F.);
#4338 = ORIENTED_EDGE('',*,*,#4088,.F.);
#4339 = ORIENTED_EDGE('',*,*,#4340,.T.);
#4340 = EDGE_CURVE('',#4089,#4246,#4341,.T.);
#4341 = SURFACE_CURVE('',#4342,(#4346,#4353),.PCURVE_S1.);
#4342 = LINE('',#4343,#4344);
#4343 = CARTESIAN_POINT('',(-480.,426.89154807294,2.250110127288E+03));
#4344 = VECTOR('',#4345,1.);
#4345 = DIRECTION('',(1.,0.,-0.));
#4346 = PCURVE('',#3115,#4347);
#4347 = DEFINITIONAL_REPRESENTATION('',(#4348),#4352);
#4348 = LINE('',#4349,#4350);
#4349 = CARTESIAN_POINT('',(39.,0.));
#4350 = VECTOR('',#4351,1.);
#4351 = DIRECTION('',(0.,1.));
#4352 = ( GEOMETRIC_REPRESENTATION_CONTEXT(2) 
PARAMETRIC_REPRESENTATION_CONTEXT() REPRESENTATION_CONTEXT('2D SPACE',''
  ) );
#4353 = PCURVE('',#4127,#4354);
#4354 = DEFINITIONAL_REPRESENTATION('',(#4355),#4359);
#4355 = LINE('',#4356,#4357);
#4356 = CARTESIAN_POINT('',(0.,15.));
#4357 = VECTOR('',#4358,1.);
#4358 = DIRECTION('',(1.,0.));
#4359 = ( GEOMETRIC_REPRESENTATION_CONTEXT(2) 
PARAMETRIC_REPRESENTATION_CONTEXT() REPRESENTATION_CONTEXT('2D SPACE',''
  ) );
#4360 = ORIENTED_EDGE('',*,*,#4245,.T.);
#4361 = ADVANCED_FACE('',(#4362),#3340,.T.);
#4362 = FACE_BOUND('',#4363,.T.);
#4363 = EDGE_LOOP('',(#4364));
#4364 = ORIENTED_EDGE('',*,*,#3323,.T.);
#4365 = ADVANCED_FACE('',(#4366,#4369),#3395,.F.);
#4366 = FACE_BOUND('',#4367,.F.);
#4367 = EDGE_LOOP('',(#4368));
#4368 = ORIENTED_EDGE('',*,*,#3378,.T.);
#4369 = FACE_BOUND('',#4370,.F.);
#4370 = EDGE_LOOP('',(#4371));
#4371 = ORIENTED_EDGE('',*,*,#4372,.F.);
#4372 = EDGE_CURVE('',#4373,#4373,#4375,.T.);
#4373 = VERTEX_POINT('',#4374);
#4374 = CARTESIAN_POINT('',(-455.,-235.,1.508E+03));
#4375 = SURFACE_CURVE('',#4376,(#4381,#4388),.PCURVE_S1.);
#4376 = CIRCLE('',#4377,5.);
#4377 = AXIS2_PLACEMENT_3D('',#4378,#4379,#4380);
#4378 = CARTESIAN_POINT('',(-460.,-235.,1.508E+03));
#4379 = DIRECTION('',(0.,0.,1.));
#4380 = DIRECTION('',(1.,0.,-0.));
#4381 = PCURVE('',#3395,#4382);
#4382 = DEFINITIONAL_REPRESENTATION('',(#4383),#4387);
#4383 = CIRCLE('',#4384,5.);
#4384 = AXIS2_PLACEMENT_2D('',#4385,#4386);
#4385 = CARTESIAN_POINT('',(0.,0.));
#4386 = DIRECTION('',(1.,0.));
#4387 = ( GEOMETRIC_REPRESENTATION_CONTEXT(2) 
PARAMETRIC_REPRESENTATION_CONTEXT() REPRESENTATION_CONTEXT('2D SPACE',''
  ) );
#4388 = PCURVE('',#4389,#4394);
#4389 = CYLINDRICAL_SURFACE('',#4390,5.);
#4390 = AXIS2_PLACEMENT_3D('',#4391,#4392,#4393);
#4391 = CARTESIAN_POINT('',(-460.,-235.,1.4845E+03));
#4392 = DIRECTION('',(0.,0.,1.));
#4393 = DIRECTION('',(1.,0.,-0.));
#4394 = DEFINITIONAL_REPRESENTATION('',(#4395),#4399);
#4395 = LINE('',#4396,#4397);
#4396 = CARTESIAN_POINT('',(0.,23.5));
#4397 = VECTOR('',#4398,1.);
#4398 = DIRECTION('',(1.,0.));
#4399 = ( GEOMETRIC_REPRESENTATION_CONTEXT(2) 
PARAMETRIC_REPRESENTATION_CONTEXT() REPRESENTATION_CONTEXT('2D SPACE',''
  ) );
#4400 = ADVANCED_FACE('',(#4401,#4404),#3450,.F.);
#4401 = FACE_BOUND('',#4402,.F.);
#4402 = EDGE_LOOP('',(#4403));
#4403 = ORIENTED_EDGE('',*,*,#3433,.T.);
#4404 = FACE_BOUND('',#4405,.F.);
#4405 = EDGE_LOOP('',(#4406));
#4406 = ORIENTED_EDGE('',*,*,#4407,.F.);
#4407 = EDGE_CURVE('',#4408,#4408,#4410,.T.);
#4408 = VERTEX_POINT('',#4409);
#4409 = CARTESIAN_POINT('',(-455.,-165.,1.508E+03));
#4410 = SURFACE_CURVE('',#4411,(#4416,#4423),.PCURVE_S1.);
#4411 = CIRCLE('',#4412,5.);
#4412 = AXIS2_PLACEMENT_3D('',#4413,#4414,#4415);
#4413 = CARTESIAN_POINT('',(-460.,-165.,1.508E+03));
#4414 = DIRECTION('',(0.,0.,1.));
#4415 = DIRECTION('',(1.,0.,-0.));
#4416 = PCURVE('',#3450,#4417);
#4417 = DEFINITIONAL_REPRESENTATION('',(#4418),#4422);
#4418 = CIRCLE('',#4419,5.);
#4419 = AXIS2_PLACEMENT_2D('',#4420,#4421);
#4420 = CARTESIAN_POINT('',(0.,0.));
#4421 = DIRECTION('',(1.,0.));
#4422 = ( GEOMETRIC_REPRESENTATION_CONTEXT(2) 
PARAMETRIC_REPRESENTATION_CONTEXT() REPRESENTATION_CONTEXT('2D SPACE',''
  ) );
#4423 = PCURVE('',#4424,#4429);
#4424 = CYLINDRICAL_SURFACE('',#4425,5.);
#4425 = AXIS2_PLACEMENT_3D('',#4426,#4427,#4428);
#4426 = CARTESIAN_POINT('',(-460.,-165.,1.4845E+03));
#4427 = DIRECTION('',(0.,0.,1.));
#4428 = DIRECTION('',(1.,0.,-0.));
#4429 = DEFINITIONAL_REPRESENTATION('',(#4430),#4434);
#4430 = LINE('',#4431,#4432);
#4431 = CARTESIAN_POINT('',(0.,23.5));
#4432 = VECTOR('',#4433,1.);
#4433 = DIRECTION('',(1.,0.));
#4434 = ( GEOMETRIC_REPRESENTATION_CONTEXT(2) 
PARAMETRIC_REPRESENTATION_CONTEXT() REPRESENTATION_CONTEXT('2D SPACE',''
  ) );
#4435 = ADVANCED_FACE('',(#4436),#3505,.T.);
#4436 = FACE_BOUND('',#4437,.T.);
#4437 = EDGE_LOOP('',(#4438));
#4438 = ORIENTED_EDGE('',*,*,#3488,.T.);
#4439 = ADVANCED_FACE('',(#4440),#3560,.T.);
#4440 = FACE_BOUND('',#4441,.T.);
#4441 = EDGE_LOOP('',(#4442));
#4442 = ORIENTED_EDGE('',*,*,#3543,.T.);
#4443 = ADVANCED_FACE('',(#4444,#4447),#3615,.F.);
#4444 = FACE_BOUND('',#4445,.F.);
#4445 = EDGE_LOOP('',(#4446));
#4446 = ORIENTED_EDGE('',*,*,#3598,.T.);
#4447 = FACE_BOUND('',#4448,.F.);
#4448 = EDGE_LOOP('',(#4449));
#4449 = ORIENTED_EDGE('',*,*,#4450,.F.);
#4450 = EDGE_CURVE('',#4451,#4451,#4453,.T.);
#4451 = VERTEX_POINT('',#4452);
#4452 = CARTESIAN_POINT('',(-455.,165.,1.508E+03));
#4453 = SURFACE_CURVE('',#4454,(#4459,#4466),.PCURVE_S1.);
#4454 = CIRCLE('',#4455,5.);
#4455 = AXIS2_PLACEMENT_3D('',#4456,#4457,#4458);
#4456 = CARTESIAN_POINT('',(-460.,165.,1.508E+03));
#4457 = DIRECTION('',(0.,0.,1.));
#4458 = DIRECTION('',(1.,0.,-0.));
#4459 = PCURVE('',#3615,#4460);
#4460 = DEFINITIONAL_REPRESENTATION('',(#4461),#4465);
#4461 = CIRCLE('',#4462,5.);
#4462 = AXIS2_PLACEMENT_2D('',#4463,#4464);
#4463 = CARTESIAN_POINT('',(0.,0.));
#4464 = DIRECTION('',(1.,0.));
#4465 = ( GEOMETRIC_REPRESENTATION_CONTEXT(2) 
PARAMETRIC_REPRESENTATION_CONTEXT() REPRESENTATION_CONTEXT('2D SPACE',''
  ) );
#4466 = PCURVE('',#4467,#4472);
#4467 = CYLINDRICAL_SURFACE('',#4468,5.);
#4468 = AXIS2_PLACEMENT_3D('',#4469,#4470,#4471);
#4469 = CARTESIAN_POINT('',(-460.,165.,1.4845E+03));
#4470 = DIRECTION('',(0.,0.,1.));
#4471 = DIRECTION('',(1.,0.,-0.));
#4472 = DEFINITIONAL_REPRESENTATION('',(#4473),#4477);
#4473 = LINE('',#4474,#4475);
#4474 = CARTESIAN_POINT('',(0.,23.5));
#4475 = VECTOR('',#4476,1.);
#4476 = DIRECTION('',(1.,0.));
#4477 = ( GEOMETRIC_REPRESENTATION_CONTEXT(2) 
PARAMETRIC_REPRESENTATION_CONTEXT() REPRESENTATION_CONTEXT('2D SPACE',''
  ) );
#4478 = ADVANCED_FACE('',(#4479,#4482),#3670,.F.);
#4479 = FACE_BOUND('',#4480,.F.);
#4480 = EDGE_LOOP('',(#4481));
#4481 = ORIENTED_EDGE('',*,*,#3653,.T.);
#4482 = FACE_BOUND('',#4483,.F.);
#4483 = EDGE_LOOP('',(#4484));
#4484 = ORIENTED_EDGE('',*,*,#4485,.F.);
#4485 = EDGE_CURVE('',#4486,#4486,#4488,.T.);
#4486 = VERTEX_POINT('',#4487);
#4487 = CARTESIAN_POINT('',(-455.,235.,1.508E+03));
#4488 = SURFACE_CURVE('',#4489,(#4494,#4501),.PCURVE_S1.);
#4489 = CIRCLE('',#4490,5.);
#4490 = AXIS2_PLACEMENT_3D('',#4491,#4492,#4493);
#4491 = CARTESIAN_POINT('',(-460.,235.,1.508E+03));
#4492 = DIRECTION('',(0.,0.,1.));
#4493 = DIRECTION('',(1.,0.,-0.));
#4494 = PCURVE('',#3670,#4495);
#4495 = DEFINITIONAL_REPRESENTATION('',(#4496),#4500);
#4496 = CIRCLE('',#4497,5.);
#4497 = AXIS2_PLACEMENT_2D('',#4498,#4499);
#4498 = CARTESIAN_POINT('',(0.,0.));
#4499 = DIRECTION('',(1.,0.));
#4500 = ( GEOMETRIC_REPRESENTATION_CONTEXT(2) 
PARAMETRIC_REPRESENTATION_CONTEXT() REPRESENTATION_CONTEXT('2D SPACE',''
  ) );
#4501 = PCURVE('',#4502,#4507);
#4502 = CYLINDRICAL_SURFACE('',#4503,5.);
#4503 = AXIS2_PLACEMENT_3D('',#4504,#4505,#4506);
#4504 = CARTESIAN_POINT('',(-460.,235.,1.4845E+03));
#4505 = DIRECTION('',(0.,0.,1.));
#4506 = DIRECTION('',(1.,0.,-0.));
#4507 = DEFINITIONAL_REPRESENTATION('',(#4508),#4512);
#4508 = LINE('',#4509,#4510);
#4509 = CARTESIAN_POINT('',(0.,23.5));
#4510 = VECTOR('',#4511,1.);
#4511 = DIRECTION('',(1.,0.));
#4512 = ( GEOMETRIC_REPRESENTATION_CONTEXT(2) 
PARAMETRIC_REPRESENTATION_CONTEXT() REPRESENTATION_CONTEXT('2D SPACE',''
  ) );
#4513 = ADVANCED_FACE('',(#4514),#3725,.T.);
#4514 = FACE_BOUND('',#4515,.T.);
#4515 = EDGE_LOOP('',(#4516));
#4516 = ORIENTED_EDGE('',*,*,#3708,.T.);
#4517 = ADVANCED_FACE('',(#4518),#3826,.F.);
#4518 = FACE_BOUND('',#4519,.F.);
#4519 = EDGE_LOOP('',(#4520,#4521,#4522,#4523));
#4520 = ORIENTED_EDGE('',*,*,#3810,.F.);
#4521 = ORIENTED_EDGE('',*,*,#4042,.T.);
#4522 = ORIENTED_EDGE('',*,*,#3969,.T.);
#4523 = ORIENTED_EDGE('',*,*,#4524,.F.);
#4524 = EDGE_CURVE('',#3811,#3970,#4525,.T.);
#4525 = SURFACE_CURVE('',#4526,(#4530,#4537),.PCURVE_S1.);
#4526 = LINE('',#4527,#4528);
#4527 = CARTESIAN_POINT('',(-480.,-697.4686908246,2.444303466994E+03));
#4528 = VECTOR('',#4529,1.);
#4529 = DIRECTION('',(1.,0.,-0.));
#4530 = PCURVE('',#3826,#4531);
#4531 = DEFINITIONAL_REPRESENTATION('',(#4532),#4536);
#4532 = LINE('',#4533,#4534);
#4533 = CARTESIAN_POINT('',(0.,23.));
#4534 = VECTOR('',#4535,1.);
#4535 = DIRECTION('',(1.,0.));
#4536 = ( GEOMETRIC_REPRESENTATION_CONTEXT(2) 
PARAMETRIC_REPRESENTATION_CONTEXT() REPRESENTATION_CONTEXT('2D SPACE',''
  ) );
#4537 = PCURVE('',#3854,#4538);
#4538 = DEFINITIONAL_REPRESENTATION('',(#4539),#4543);
#4539 = LINE('',#4540,#4541);
#4540 = CARTESIAN_POINT('',(0.,0.));
#4541 = VECTOR('',#4542,1.);
#4542 = DIRECTION('',(0.,1.));
#4543 = ( GEOMETRIC_REPRESENTATION_CONTEXT(2) 
PARAMETRIC_REPRESENTATION_CONTEXT() REPRESENTATION_CONTEXT('2D SPACE',''
  ) );
#4544 = ADVANCED_FACE('',(#4545),#3854,.T.);
#4545 = FACE_BOUND('',#4546,.T.);
#4546 = EDGE_LOOP('',(#4547,#4548,#4549,#4570));
#4547 = ORIENTED_EDGE('',*,*,#4524,.F.);
#4548 = ORIENTED_EDGE('',*,*,#3838,.T.);
#4549 = ORIENTED_EDGE('',*,*,#4550,.T.);
#4550 = EDGE_CURVE('',#3839,#3993,#4551,.T.);
#4551 = SURFACE_CURVE('',#4552,(#4556,#4563),.PCURVE_S1.);
#4552 = LINE('',#4553,#4554);
#4553 = CARTESIAN_POINT('',(-480.,-696.7740981139,2.448242698006E+03));
#4554 = VECTOR('',#4555,1.);
#4555 = DIRECTION('',(1.,0.,-0.));
#4556 = PCURVE('',#3854,#4557);
#4557 = DEFINITIONAL_REPRESENTATION('',(#4558),#4562);
#4558 = LINE('',#4559,#4560);
#4559 = CARTESIAN_POINT('',(4.,0.));
#4560 = VECTOR('',#4561,1.);
#4561 = DIRECTION('',(0.,1.));
#4562 = ( GEOMETRIC_REPRESENTATION_CONTEXT(2) 
PARAMETRIC_REPRESENTATION_CONTEXT() REPRESENTATION_CONTEXT('2D SPACE',''
  ) );
#4563 = PCURVE('',#3880,#4564);
#4564 = DEFINITIONAL_REPRESENTATION('',(#4565),#4569);
#4565 = LINE('',#4566,#4567);
#4566 = CARTESIAN_POINT('',(0.,23.));
#4567 = VECTOR('',#4568,1.);
#4568 = DIRECTION('',(1.,0.));
#4569 = ( GEOMETRIC_REPRESENTATION_CONTEXT(2) 
PARAMETRIC_REPRESENTATION_CONTEXT() REPRESENTATION_CONTEXT('2D SPACE',''
  ) );
#4570 = ORIENTED_EDGE('',*,*,#3992,.F.);
#4571 = ADVANCED_FACE('',(#4572),#3880,.T.);
#4572 = FACE_BOUND('',#4573,.T.);
#4573 = EDGE_LOOP('',(#4574,#4575,#4576,#4577));
#4574 = ORIENTED_EDGE('',*,*,#3866,.F.);
#4575 = ORIENTED_EDGE('',*,*,#3920,.T.);
#4576 = ORIENTED_EDGE('',*,*,#4015,.F.);
#4577 = ORIENTED_EDGE('',*,*,#4550,.F.);
#4578 = ADVANCED_FACE('',(#4579),#4127,.T.);
#4579 = FACE_BOUND('',#4580,.T.);
#4580 = EDGE_LOOP('',(#4581,#4582,#4603,#4604));
#4581 = ORIENTED_EDGE('',*,*,#4111,.F.);
#4582 = ORIENTED_EDGE('',*,*,#4583,.T.);
#4583 = EDGE_CURVE('',#4112,#4269,#4584,.T.);
#4584 = SURFACE_CURVE('',#4585,(#4589,#4596),.PCURVE_S1.);
#4585 = LINE('',#4586,#4587);
#4586 = CARTESIAN_POINT('',(-480.,404.24096975366,2.254104035374E+03));
#4587 = VECTOR('',#4588,1.);
#4588 = DIRECTION('',(1.,0.,-0.));
#4589 = PCURVE('',#4127,#4590);
#4590 = DEFINITIONAL_REPRESENTATION('',(#4591),#4595);
#4591 = LINE('',#4592,#4593);
#4592 = CARTESIAN_POINT('',(0.,-8.));
#4593 = VECTOR('',#4594,1.);
#4594 = DIRECTION('',(1.,0.));
#4595 = ( GEOMETRIC_REPRESENTATION_CONTEXT(2) 
PARAMETRIC_REPRESENTATION_CONTEXT() REPRESENTATION_CONTEXT('2D SPACE',''
  ) );
#4596 = PCURVE('',#4155,#4597);
#4597 = DEFINITIONAL_REPRESENTATION('',(#4598),#4602);
#4598 = LINE('',#4599,#4600);
#4599 = CARTESIAN_POINT('',(4.,0.));
#4600 = VECTOR('',#4601,1.);
#4601 = DIRECTION('',(0.,1.));
#4602 = ( GEOMETRIC_REPRESENTATION_CONTEXT(2) 
PARAMETRIC_REPRESENTATION_CONTEXT() REPRESENTATION_CONTEXT('2D SPACE',''
  ) );
#4603 = ORIENTED_EDGE('',*,*,#4268,.F.);
#4604 = ORIENTED_EDGE('',*,*,#4340,.F.);
#4605 = ADVANCED_FACE('',(#4606),#4155,.F.);
#4606 = FACE_BOUND('',#4607,.F.);
#4607 = EDGE_LOOP('',(#4608,#4629,#4630,#4631));
#4608 = ORIENTED_EDGE('',*,*,#4609,.F.);
#4609 = EDGE_CURVE('',#4140,#4292,#4610,.T.);
#4610 = SURFACE_CURVE('',#4611,(#4615,#4622),.PCURVE_S1.);
#4611 = LINE('',#4612,#4613);
#4612 = CARTESIAN_POINT('',(-480.,403.54637704299,2.250164804362E+03));
#4613 = VECTOR('',#4614,1.);
#4614 = DIRECTION('',(1.,0.,-0.));
#4615 = PCURVE('',#4155,#4616);
#4616 = DEFINITIONAL_REPRESENTATION('',(#4617),#4621);
#4617 = LINE('',#4618,#4619);
#4618 = CARTESIAN_POINT('',(0.,0.));
#4619 = VECTOR('',#4620,1.);
#4620 = DIRECTION('',(0.,1.));
#4621 = ( GEOMETRIC_REPRESENTATION_CONTEXT(2) 
PARAMETRIC_REPRESENTATION_CONTEXT() REPRESENTATION_CONTEXT('2D SPACE',''
  ) );
#4622 = PCURVE('',#4181,#4623);
#4623 = DEFINITIONAL_REPRESENTATION('',(#4624),#4628);
#4624 = LINE('',#4625,#4626);
#4625 = CARTESIAN_POINT('',(0.,0.));
#4626 = VECTOR('',#4627,1.);
#4627 = DIRECTION('',(1.,0.));
#4628 = ( GEOMETRIC_REPRESENTATION_CONTEXT(2) 
PARAMETRIC_REPRESENTATION_CONTEXT() REPRESENTATION_CONTEXT('2D SPACE',''
  ) );
#4629 = ORIENTED_EDGE('',*,*,#4139,.T.);
#4630 = ORIENTED_EDGE('',*,*,#4583,.T.);
#4631 = ORIENTED_EDGE('',*,*,#4291,.F.);
#4632 = ADVANCED_FACE('',(#4633),#4181,.F.);
#4633 = FACE_BOUND('',#4634,.F.);
#4634 = EDGE_LOOP('',(#4635,#4636,#4637,#4638));
#4635 = ORIENTED_EDGE('',*,*,#4167,.F.);
#4636 = ORIENTED_EDGE('',*,*,#4609,.T.);
#4637 = ORIENTED_EDGE('',*,*,#4314,.T.);
#4638 = ORIENTED_EDGE('',*,*,#4221,.F.);
#4639 = ADVANCED_FACE('',(#4640),#4389,.T.);
#4640 = FACE_BOUND('',#4641,.T.);
#4641 = EDGE_LOOP('',(#4642,#4665,#4666,#4667));
#4642 = ORIENTED_EDGE('',*,*,#4643,.T.);
#4643 = EDGE_CURVE('',#4644,#4373,#4646,.T.);
#4644 = VERTEX_POINT('',#4645);
#4645 = CARTESIAN_POINT('',(-455.,-235.,1.4945E+03));
#4646 = SEAM_CURVE('',#4647,(#4651,#4658),.PCURVE_S1.);
#4647 = LINE('',#4648,#4649);
#4648 = CARTESIAN_POINT('',(-455.,-235.,1.4845E+03));
#4649 = VECTOR('',#4650,1.);
#4650 = DIRECTION('',(0.,0.,1.));
#4651 = PCURVE('',#4389,#4652);
#4652 = DEFINITIONAL_REPRESENTATION('',(#4653),#4657);
#4653 = LINE('',#4654,#4655);
#4654 = CARTESIAN_POINT('',(6.28318530718,-0.));
#4655 = VECTOR('',#4656,1.);
#4656 = DIRECTION('',(0.,1.));
#4657 = ( GEOMETRIC_REPRESENTATION_CONTEXT(2) 
PARAMETRIC_REPRESENTATION_CONTEXT() REPRESENTATION_CONTEXT('2D SPACE',''
  ) );
#4658 = PCURVE('',#4389,#4659);
#4659 = DEFINITIONAL_REPRESENTATION('',(#4660),#4664);
#4660 = LINE('',#4661,#4662);
#4661 = CARTESIAN_POINT('',(0.,-0.));
#4662 = VECTOR('',#4663,1.);
#4663 = DIRECTION('',(0.,1.));
#4664 = ( GEOMETRIC_REPRESENTATION_CONTEXT(2) 
PARAMETRIC_REPRESENTATION_CONTEXT() REPRESENTATION_CONTEXT('2D SPACE',''
  ) );
#4665 = ORIENTED_EDGE('',*,*,#4372,.F.);
#4666 = ORIENTED_EDGE('',*,*,#4643,.F.);
#4667 = ORIENTED_EDGE('',*,*,#4668,.T.);
#4668 = EDGE_CURVE('',#4644,#4644,#4669,.T.);
#4669 = SURFACE_CURVE('',#4670,(#4675,#4682),.PCURVE_S1.);
#4670 = CIRCLE('',#4671,5.);
#4671 = AXIS2_PLACEMENT_3D('',#4672,#4673,#4674);
#4672 = CARTESIAN_POINT('',(-460.,-235.,1.4945E+03));
#4673 = DIRECTION('',(0.,0.,1.));
#4674 = DIRECTION('',(1.,0.,-0.));
#4675 = PCURVE('',#4389,#4676);
#4676 = DEFINITIONAL_REPRESENTATION('',(#4677),#4681);
#4677 = LINE('',#4678,#4679);
#4678 = CARTESIAN_POINT('',(0.,10.));
#4679 = VECTOR('',#4680,1.);
#4680 = DIRECTION('',(1.,0.));
#4681 = ( GEOMETRIC_REPRESENTATION_CONTEXT(2) 
PARAMETRIC_REPRESENTATION_CONTEXT() REPRESENTATION_CONTEXT('2D SPACE',''
  ) );
#4682 = PCURVE('',#4683,#4688);
#4683 = PLANE('',#4684);
#4684 = AXIS2_PLACEMENT_3D('',#4685,#4686,#4687);
#4685 = CARTESIAN_POINT('',(-460.,-235.,1.4945E+03));
#4686 = DIRECTION('',(0.,0.,1.));
#4687 = DIRECTION('',(1.,0.,-0.));
#4688 = DEFINITIONAL_REPRESENTATION('',(#4689),#4693);
#4689 = CIRCLE('',#4690,5.);
#4690 = AXIS2_PLACEMENT_2D('',#4691,#4692);
#4691 = CARTESIAN_POINT('',(0.,0.));
#4692 = DIRECTION('',(1.,0.));
#4693 = ( GEOMETRIC_REPRESENTATION_CONTEXT(2) 
PARAMETRIC_REPRESENTATION_CONTEXT() REPRESENTATION_CONTEXT('2D SPACE',''
  ) );
#4694 = ADVANCED_FACE('',(#4695),#4424,.T.);
#4695 = FACE_BOUND('',#4696,.T.);
#4696 = EDGE_LOOP('',(#4697,#4720,#4721,#4722));
#4697 = ORIENTED_EDGE('',*,*,#4698,.T.);
#4698 = EDGE_CURVE('',#4699,#4408,#4701,.T.);
#4699 = VERTEX_POINT('',#4700);
#4700 = CARTESIAN_POINT('',(-455.,-165.,1.4945E+03));
#4701 = SEAM_CURVE('',#4702,(#4706,#4713),.PCURVE_S1.);
#4702 = LINE('',#4703,#4704);
#4703 = CARTESIAN_POINT('',(-455.,-165.,1.4845E+03));
#4704 = VECTOR('',#4705,1.);
#4705 = DIRECTION('',(0.,0.,1.));
#4706 = PCURVE('',#4424,#4707);
#4707 = DEFINITIONAL_REPRESENTATION('',(#4708),#4712);
#4708 = LINE('',#4709,#4710);
#4709 = CARTESIAN_POINT('',(6.28318530718,-0.));
#4710 = VECTOR('',#4711,1.);
#4711 = DIRECTION('',(0.,1.));
#4712 = ( GEOMETRIC_REPRESENTATION_CONTEXT(2) 
PARAMETRIC_REPRESENTATION_CONTEXT() REPRESENTATION_CONTEXT('2D SPACE',''
  ) );
#4713 = PCURVE('',#4424,#4714);
#4714 = DEFINITIONAL_REPRESENTATION('',(#4715),#4719);
#4715 = LINE('',#4716,#4717);
#4716 = CARTESIAN_POINT('',(0.,-0.));
#4717 = VECTOR('',#4718,1.);
#4718 = DIRECTION('',(0.,1.));
#4719 = ( GEOMETRIC_REPRESENTATION_CONTEXT(2) 
PARAMETRIC_REPRESENTATION_CONTEXT() REPRESENTATION_CONTEXT('2D SPACE',''
  ) );
#4720 = ORIENTED_EDGE('',*,*,#4407,.F.);
#4721 = ORIENTED_EDGE('',*,*,#4698,.F.);
#4722 = ORIENTED_EDGE('',*,*,#4723,.T.);
#4723 = EDGE_CURVE('',#4699,#4699,#4724,.T.);
#4724 = SURFACE_CURVE('',#4725,(#4730,#4737),.PCURVE_S1.);
#4725 = CIRCLE('',#4726,5.);
#4726 = AXIS2_PLACEMENT_3D('',#4727,#4728,#4729);
#4727 = CARTESIAN_POINT('',(-460.,-165.,1.4945E+03));
#4728 = DIRECTION('',(0.,0.,1.));
#4729 = DIRECTION('',(1.,0.,-0.));
#4730 = PCURVE('',#4424,#4731);
#4731 = DEFINITIONAL_REPRESENTATION('',(#4732),#4736);
#4732 = LINE('',#4733,#4734);
#4733 = CARTESIAN_POINT('',(0.,10.));
#4734 = VECTOR('',#4735,1.);
#4735 = DIRECTION('',(1.,0.));
#4736 = ( GEOMETRIC_REPRESENTATION_CONTEXT(2) 
PARAMETRIC_REPRESENTATION_CONTEXT() REPRESENTATION_CONTEXT('2D SPACE',''
  ) );
#4737 = PCURVE('',#4738,#4743);
#4738 = PLANE('',#4739);
#4739 = AXIS2_PLACEMENT_3D('',#4740,#4741,#4742);
#4740 = CARTESIAN_POINT('',(-460.,-165.,1.4945E+03));
#4741 = DIRECTION('',(0.,0.,1.));
#4742 = DIRECTION('',(1.,0.,-0.));
#4743 = DEFINITIONAL_REPRESENTATION('',(#4744),#4748);
#4744 = CIRCLE('',#4745,5.);
#4745 = AXIS2_PLACEMENT_2D('',#4746,#4747);
#4746 = CARTESIAN_POINT('',(0.,0.));
#4747 = DIRECTION('',(1.,0.));
#4748 = ( GEOMETRIC_REPRESENTATION_CONTEXT(2) 
PARAMETRIC_REPRESENTATION_CONTEXT() REPRESENTATION_CONTEXT('2D SPACE',''
  ) );
#4749 = ADVANCED_FACE('',(#4750),#4467,.T.);
#4750 = FACE_BOUND('',#4751,.T.);
#4751 = EDGE_LOOP('',(#4752,#4775,#4776,#4777));
#4752 = ORIENTED_EDGE('',*,*,#4753,.T.);
#4753 = EDGE_CURVE('',#4754,#4451,#4756,.T.);
#4754 = VERTEX_POINT('',#4755);
#4755 = CARTESIAN_POINT('',(-455.,165.,1.4945E+03));
#4756 = SEAM_CURVE('',#4757,(#4761,#4768),.PCURVE_S1.);
#4757 = LINE('',#4758,#4759);
#4758 = CARTESIAN_POINT('',(-455.,165.,1.4845E+03));
#4759 = VECTOR('',#4760,1.);
#4760 = DIRECTION('',(0.,0.,1.));
#4761 = PCURVE('',#4467,#4762);
#4762 = DEFINITIONAL_REPRESENTATION('',(#4763),#4767);
#4763 = LINE('',#4764,#4765);
#4764 = CARTESIAN_POINT('',(6.28318530718,-0.));
#4765 = VECTOR('',#4766,1.);
#4766 = DIRECTION('',(0.,1.));
#4767 = ( GEOMETRIC_REPRESENTATION_CONTEXT(2) 
PARAMETRIC_REPRESENTATION_CONTEXT() REPRESENTATION_CONTEXT('2D SPACE',''
  ) );
#4768 = PCURVE('',#4467,#4769);
#4769 = DEFINITIONAL_REPRESENTATION('',(#4770),#4774);
#4770 = LINE('',#4771,#4772);
#4771 = CARTESIAN_POINT('',(0.,-0.));
#4772 = VECTOR('',#4773,1.);
#4773 = DIRECTION('',(0.,1.));
#4774 = ( GEOMETRIC_REPRESENTATION_CONTEXT(2) 
PARAMETRIC_REPRESENTATION_CONTEXT() REPRESENTATION_CONTEXT('2D SPACE',''
  ) );
#4775 = ORIENTED_EDGE('',*,*,#4450,.F.);
#4776 = ORIENTED_EDGE('',*,*,#4753,.F.);
#4777 = ORIENTED_EDGE('',*,*,#4778,.T.);
#4778 = EDGE_CURVE('',#4754,#4754,#4779,.T.);
#4779 = SURFACE_CURVE('',#4780,(#4785,#4792),.PCURVE_S1.);
#4780 = CIRCLE('',#4781,5.);
#4781 = AXIS2_PLACEMENT_3D('',#4782,#4783,#4784);
#4782 = CARTESIAN_POINT('',(-460.,165.,1.4945E+03));
#4783 = DIRECTION('',(0.,0.,1.));
#4784 = DIRECTION('',(1.,0.,-0.));
#4785 = PCURVE('',#4467,#4786);
#4786 = DEFINITIONAL_REPRESENTATION('',(#4787),#4791);
#4787 = LINE('',#4788,#4789);
#4788 = CARTESIAN_POINT('',(0.,10.));
#4789 = VECTOR('',#4790,1.);
#4790 = DIRECTION('',(1.,0.));
#4791 = ( GEOMETRIC_REPRESENTATION_CONTEXT(2) 
PARAMETRIC_REPRESENTATION_CONTEXT() REPRESENTATION_CONTEXT('2D SPACE',''
  ) );
#4792 = PCURVE('',#4793,#4798);
#4793 = PLANE('',#4794);
#4794 = AXIS2_PLACEMENT_3D('',#4795,#4796,#4797);
#4795 = CARTESIAN_POINT('',(-460.,165.,1.4945E+03));
#4796 = DIRECTION('',(0.,0.,1.));
#4797 = DIRECTION('',(1.,0.,-0.));
#4798 = DEFINITIONAL_REPRESENTATION('',(#4799),#4803);
#4799 = CIRCLE('',#4800,5.);
#4800 = AXIS2_PLACEMENT_2D('',#4801,#4802);
#4801 = CARTESIAN_POINT('',(0.,0.));
#4802 = DIRECTION('',(1.,0.));
#4803 = ( GEOMETRIC_REPRESENTATION_CONTEXT(2) 
PARAMETRIC_REPRESENTATION_CONTEXT() REPRESENTATION_CONTEXT('2D SPACE',''
  ) );
#4804 = ADVANCED_FACE('',(#4805),#4502,.T.);
#4805 = FACE_BOUND('',#4806,.T.);
#4806 = EDGE_LOOP('',(#4807,#4830,#4831,#4832));
#4807 = ORIENTED_EDGE('',*,*,#4808,.T.);
#4808 = EDGE_CURVE('',#4809,#4486,#4811,.T.);
#4809 = VERTEX_POINT('',#4810);
#4810 = CARTESIAN_POINT('',(-455.,235.,1.4945E+03));
#4811 = SEAM_CURVE('',#4812,(#4816,#4823),.PCURVE_S1.);
#4812 = LINE('',#4813,#4814);
#4813 = CARTESIAN_POINT('',(-455.,235.,1.4845E+03));
#4814 = VECTOR('',#4815,1.);
#4815 = DIRECTION('',(0.,0.,1.));
#4816 = PCURVE('',#4502,#4817);
#4817 = DEFINITIONAL_REPRESENTATION('',(#4818),#4822);
#4818 = LINE('',#4819,#4820);
#4819 = CARTESIAN_POINT('',(6.28318530718,-0.));
#4820 = VECTOR('',#4821,1.);
#4821 = DIRECTION('',(0.,1.));
#4822 = ( GEOMETRIC_REPRESENTATION_CONTEXT(2) 
PARAMETRIC_REPRESENTATION_CONTEXT() REPRESENTATION_CONTEXT('2D SPACE',''
  ) );
#4823 = PCURVE('',#4502,#4824);
#4824 = DEFINITIONAL_REPRESENTATION('',(#4825),#4829);
#4825 = LINE('',#4826,#4827);
#4826 = CARTESIAN_POINT('',(0.,-0.));
#4827 = VECTOR('',#4828,1.);
#4828 = DIRECTION('',(0.,1.));
#4829 = ( GEOMETRIC_REPRESENTATION_CONTEXT(2) 
PARAMETRIC_REPRESENTATION_CONTEXT() REPRESENTATION_CONTEXT('2D SPACE',''
  ) );
#4830 = ORIENTED_EDGE('',*,*,#4485,.F.);
#4831 = ORIENTED_EDGE('',*,*,#4808,.F.);
#4832 = ORIENTED_EDGE('',*,*,#4833,.T.);
#4833 = EDGE_CURVE('',#4809,#4809,#4834,.T.);
#4834 = SURFACE_CURVE('',#4835,(#4840,#4847),.PCURVE_S1.);
#4835 = CIRCLE('',#4836,5.);
#4836 = AXIS2_PLACEMENT_3D('',#4837,#4838,#4839);
#4837 = CARTESIAN_POINT('',(-460.,235.,1.4945E+03));
#4838 = DIRECTION('',(0.,0.,1.));
#4839 = DIRECTION('',(1.,0.,-0.));
#4840 = PCURVE('',#4502,#4841);
#4841 = DEFINITIONAL_REPRESENTATION('',(#4842),#4846);
#4842 = LINE('',#4843,#4844);
#4843 = CARTESIAN_POINT('',(0.,10.));
#4844 = VECTOR('',#4845,1.);
#4845 = DIRECTION('',(1.,0.));
#4846 = ( GEOMETRIC_REPRESENTATION_CONTEXT(2) 
PARAMETRIC_REPRESENTATION_CONTEXT() REPRESENTATION_CONTEXT('2D SPACE',''
  ) );
#4847 = PCURVE('',#4848,#4853);
#4848 = PLANE('',#4849);
#4849 = AXIS2_PLACEMENT_3D('',#4850,#4851,#4852);
#4850 = CARTESIAN_POINT('',(-460.,235.,1.4945E+03));
#4851 = DIRECTION('',(0.,0.,1.));
#4852 = DIRECTION('',(1.,0.,-0.));
#4853 = DEFINITIONAL_REPRESENTATION('',(#4854),#4858);
#4854 = CIRCLE('',#4855,5.);
#4855 = AXIS2_PLACEMENT_2D('',#4856,#4857);
#4856 = CARTESIAN_POINT('',(0.,0.));
#4857 = DIRECTION('',(1.,0.));
#4858 = ( GEOMETRIC_REPRESENTATION_CONTEXT(2) 
PARAMETRIC_REPRESENTATION_CONTEXT() REPRESENTATION_CONTEXT('2D SPACE',''
  ) );
#4859 = ADVANCED_FACE('',(#4860,#4891),#4683,.T.);
#4860 = FACE_BOUND('',#4861,.T.);
#4861 = EDGE_LOOP('',(#4862));
#4862 = ORIENTED_EDGE('',*,*,#4863,.T.);
#4863 = EDGE_CURVE('',#4864,#4864,#4866,.T.);
#4864 = VERTEX_POINT('',#4865);
#4865 = CARTESIAN_POINT('',(-451.5,-235.,1.4945E+03));
#4866 = SURFACE_CURVE('',#4867,(#4872,#4879),.PCURVE_S1.);
#4867 = CIRCLE('',#4868,8.5);
#4868 = AXIS2_PLACEMENT_3D('',#4869,#4870,#4871);
#4869 = CARTESIAN_POINT('',(-460.,-235.,1.4945E+03));
#4870 = DIRECTION('',(0.,0.,1.));
#4871 = DIRECTION('',(1.,0.,-0.));
#4872 = PCURVE('',#4683,#4873);
#4873 = DEFINITIONAL_REPRESENTATION('',(#4874),#4878);
#4874 = CIRCLE('',#4875,8.5);
#4875 = AXIS2_PLACEMENT_2D('',#4876,#4877);
#4876 = CARTESIAN_POINT('',(0.,0.));
#4877 = DIRECTION('',(1.,0.));
#4878 = ( GEOMETRIC_REPRESENTATION_CONTEXT(2) 
PARAMETRIC_REPRESENTATION_CONTEXT() REPRESENTATION_CONTEXT('2D SPACE',''
  ) );
#4879 = PCURVE('',#4880,#4885);
#4880 = CYLINDRICAL_SURFACE('',#4881,8.5);
#4881 = AXIS2_PLACEMENT_3D('',#4882,#4883,#4884);
#4882 = CARTESIAN_POINT('',(-460.,-235.,1.4855E+03));
#4883 = DIRECTION('',(0.,0.,1.));
#4884 = DIRECTION('',(1.,0.,-0.));
#4885 = DEFINITIONAL_REPRESENTATION('',(#4886),#4890);
#4886 = LINE('',#4887,#4888);
#4887 = CARTESIAN_POINT('',(0.,9.));
#4888 = VECTOR('',#4889,1.);
#4889 = DIRECTION('',(1.,0.));
#4890 = ( GEOMETRIC_REPRESENTATION_CONTEXT(2) 
PARAMETRIC_REPRESENTATION_CONTEXT() REPRESENTATION_CONTEXT('2D SPACE',''
  ) );
#4891 = FACE_BOUND('',#4892,.T.);
#4892 = EDGE_LOOP('',(#4893));
#4893 = ORIENTED_EDGE('',*,*,#4668,.F.);
#4894 = ADVANCED_FACE('',(#4895,#4926),#4738,.T.);
#4895 = FACE_BOUND('',#4896,.T.);
#4896 = EDGE_LOOP('',(#4897));
#4897 = ORIENTED_EDGE('',*,*,#4898,.T.);
#4898 = EDGE_CURVE('',#4899,#4899,#4901,.T.);
#4899 = VERTEX_POINT('',#4900);
#4900 = CARTESIAN_POINT('',(-451.5,-165.,1.4945E+03));
#4901 = SURFACE_CURVE('',#4902,(#4907,#4914),.PCURVE_S1.);
#4902 = CIRCLE('',#4903,8.5);
#4903 = AXIS2_PLACEMENT_3D('',#4904,#4905,#4906);
#4904 = CARTESIAN_POINT('',(-460.,-165.,1.4945E+03));
#4905 = DIRECTION('',(0.,0.,1.));
#4906 = DIRECTION('',(1.,0.,-0.));
#4907 = PCURVE('',#4738,#4908);
#4908 = DEFINITIONAL_REPRESENTATION('',(#4909),#4913);
#4909 = CIRCLE('',#4910,8.5);
#4910 = AXIS2_PLACEMENT_2D('',#4911,#4912);
#4911 = CARTESIAN_POINT('',(0.,0.));
#4912 = DIRECTION('',(1.,0.));
#4913 = ( GEOMETRIC_REPRESENTATION_CONTEXT(2) 
PARAMETRIC_REPRESENTATION_CONTEXT() REPRESENTATION_CONTEXT('2D SPACE',''
  ) );
#4914 = PCURVE('',#4915,#4920);
#4915 = CYLINDRICAL_SURFACE('',#4916,8.5);
#4916 = AXIS2_PLACEMENT_3D('',#4917,#4918,#4919);
#4917 = CARTESIAN_POINT('',(-460.,-165.,1.4855E+03));
#4918 = DIRECTION('',(0.,0.,1.));
#4919 = DIRECTION('',(1.,0.,-0.));
#4920 = DEFINITIONAL_REPRESENTATION('',(#4921),#4925);
#4921 = LINE('',#4922,#4923);
#4922 = CARTESIAN_POINT('',(0.,9.));
#4923 = VECTOR('',#4924,1.);
#4924 = DIRECTION('',(1.,0.));
#4925 = ( GEOMETRIC_REPRESENTATION_CONTEXT(2) 
PARAMETRIC_REPRESENTATION_CONTEXT() REPRESENTATION_CONTEXT('2D SPACE',''
  ) );
#4926 = FACE_BOUND('',#4927,.T.);
#4927 = EDGE_LOOP('',(#4928));
#4928 = ORIENTED_EDGE('',*,*,#4723,.F.);
#4929 = ADVANCED_FACE('',(#4930,#4961),#4793,.T.);
#4930 = FACE_BOUND('',#4931,.T.);
#4931 = EDGE_LOOP('',(#4932));
#4932 = ORIENTED_EDGE('',*,*,#4933,.T.);
#4933 = EDGE_CURVE('',#4934,#4934,#4936,.T.);
#4934 = VERTEX_POINT('',#4935);
#4935 = CARTESIAN_POINT('',(-451.5,165.,1.4945E+03));
#4936 = SURFACE_CURVE('',#4937,(#4942,#4949),.PCURVE_S1.);
#4937 = CIRCLE('',#4938,8.5);
#4938 = AXIS2_PLACEMENT_3D('',#4939,#4940,#4941);
#4939 = CARTESIAN_POINT('',(-460.,165.,1.4945E+03));
#4940 = DIRECTION('',(0.,0.,1.));
#4941 = DIRECTION('',(1.,0.,-0.));
#4942 = PCURVE('',#4793,#4943);
#4943 = DEFINITIONAL_REPRESENTATION('',(#4944),#4948);
#4944 = CIRCLE('',#4945,8.5);
#4945 = AXIS2_PLACEMENT_2D('',#4946,#4947);
#4946 = CARTESIAN_POINT('',(0.,0.));
#4947 = DIRECTION('',(1.,0.));
#4948 = ( GEOMETRIC_REPRESENTATION_CONTEXT(2) 
PARAMETRIC_REPRESENTATION_CONTEXT() REPRESENTATION_CONTEXT('2D SPACE',''
  ) );
#4949 = PCURVE('',#4950,#4955);
#4950 = CYLINDRICAL_SURFACE('',#4951,8.5);
#4951 = AXIS2_PLACEMENT_3D('',#4952,#4953,#4954);
#4952 = CARTESIAN_POINT('',(-460.,165.,1.4855E+03));
#4953 = DIRECTION('',(0.,0.,1.));
#4954 = DIRECTION('',(1.,0.,-0.));
#4955 = DEFINITIONAL_REPRESENTATION('',(#4956),#4960);
#4956 = LINE('',#4957,#4958);
#4957 = CARTESIAN_POINT('',(0.,9.));
#4958 = VECTOR('',#4959,1.);
#4959 = DIRECTION('',(1.,0.));
#4960 = ( GEOMETRIC_REPRESENTATION_CONTEXT(2) 
PARAMETRIC_REPRESENTATION_CONTEXT() REPRESENTATION_CONTEXT('2D SPACE',''
  ) );
#4961 = FACE_BOUND('',#4962,.T.);
#4962 = EDGE_LOOP('',(#4963));
#4963 = ORIENTED_EDGE('',*,*,#4778,.F.);
#4964 = ADVANCED_FACE('',(#4965,#4996),#4848,.T.);
#4965 = FACE_BOUND('',#4966,.T.);
#4966 = EDGE_LOOP('',(#4967));
#4967 = ORIENTED_EDGE('',*,*,#4968,.T.);
#4968 = EDGE_CURVE('',#4969,#4969,#4971,.T.);
#4969 = VERTEX_POINT('',#4970);
#4970 = CARTESIAN_POINT('',(-451.5,235.,1.4945E+03));
#4971 = SURFACE_CURVE('',#4972,(#4977,#4984),.PCURVE_S1.);
#4972 = CIRCLE('',#4973,8.5);
#4973 = AXIS2_PLACEMENT_3D('',#4974,#4975,#4976);
#4974 = CARTESIAN_POINT('',(-460.,235.,1.4945E+03));
#4975 = DIRECTION('',(0.,0.,1.));
#4976 = DIRECTION('',(1.,0.,-0.));
#4977 = PCURVE('',#4848,#4978);
#4978 = DEFINITIONAL_REPRESENTATION('',(#4979),#4983);
#4979 = CIRCLE('',#4980,8.5);
#4980 = AXIS2_PLACEMENT_2D('',#4981,#4982);
#4981 = CARTESIAN_POINT('',(0.,0.));
#4982 = DIRECTION('',(1.,0.));
#4983 = ( GEOMETRIC_REPRESENTATION_CONTEXT(2) 
PARAMETRIC_REPRESENTATION_CONTEXT() REPRESENTATION_CONTEXT('2D SPACE',''
  ) );
#4984 = PCURVE('',#4985,#4990);
#4985 = CYLINDRICAL_SURFACE('',#4986,8.5);
#4986 = AXIS2_PLACEMENT_3D('',#4987,#4988,#4989);
#4987 = CARTESIAN_POINT('',(-460.,235.,1.4855E+03));
#4988 = DIRECTION('',(0.,0.,1.));
#4989 = DIRECTION('',(1.,0.,-0.));
#4990 = DEFINITIONAL_REPRESENTATION('',(#4991),#4995);
#4991 = LINE('',#4992,#4993);
#4992 = CARTESIAN_POINT('',(0.,9.));
#4993 = VECTOR('',#4994,1.);
#4994 = DIRECTION('',(1.,0.));
#4995 = ( GEOMETRIC_REPRESENTATION_CONTEXT(2) 
PARAMETRIC_REPRESENTATION_CONTEXT() REPRESENTATION_CONTEXT('2D SPACE',''
  ) );
#4996 = FACE_BOUND('',#4997,.T.);
#4997 = EDGE_LOOP('',(#4998));
#4998 = ORIENTED_EDGE('',*,*,#4833,.F.);
#4999 = ADVANCED_FACE('',(#5000),#4880,.T.);
#5000 = FACE_BOUND('',#5001,.T.);
#5001 = EDGE_LOOP('',(#5002,#5003,#5026,#5053));
#5002 = ORIENTED_EDGE('',*,*,#4863,.F.);
#5003 = ORIENTED_EDGE('',*,*,#5004,.F.);
#5004 = EDGE_CURVE('',#5005,#4864,#5007,.T.);
#5005 = VERTEX_POINT('',#5006);
#5006 = CARTESIAN_POINT('',(-451.5,-235.,1.4855E+03));
#5007 = SEAM_CURVE('',#5008,(#5012,#5019),.PCURVE_S1.);
#5008 = LINE('',#5009,#5010);
#5009 = CARTESIAN_POINT('',(-451.5,-235.,1.4855E+03));
#5010 = VECTOR('',#5011,1.);
#5011 = DIRECTION('',(0.,0.,1.));
#5012 = PCURVE('',#4880,#5013);
#5013 = DEFINITIONAL_REPRESENTATION('',(#5014),#5018);
#5014 = LINE('',#5015,#5016);
#5015 = CARTESIAN_POINT('',(6.28318530718,-0.));
#5016 = VECTOR('',#5017,1.);
#5017 = DIRECTION('',(0.,1.));
#5018 = ( GEOMETRIC_REPRESENTATION_CONTEXT(2) 
PARAMETRIC_REPRESENTATION_CONTEXT() REPRESENTATION_CONTEXT('2D SPACE',''
  ) );
#5019 = PCURVE('',#4880,#5020);
#5020 = DEFINITIONAL_REPRESENTATION('',(#5021),#5025);
#5021 = LINE('',#5022,#5023);
#5022 = CARTESIAN_POINT('',(0.,-0.));
#5023 = VECTOR('',#5024,1.);
#5024 = DIRECTION('',(0.,1.));
#5025 = ( GEOMETRIC_REPRESENTATION_CONTEXT(2) 
PARAMETRIC_REPRESENTATION_CONTEXT() REPRESENTATION_CONTEXT('2D SPACE',''
  ) );
#5026 = ORIENTED_EDGE('',*,*,#5027,.T.);
#5027 = EDGE_CURVE('',#5005,#5005,#5028,.T.);
#5028 = SURFACE_CURVE('',#5029,(#5034,#5041),.PCURVE_S1.);
#5029 = CIRCLE('',#5030,8.5);
#5030 = AXIS2_PLACEMENT_3D('',#5031,#5032,#5033);
#5031 = CARTESIAN_POINT('',(-460.,-235.,1.4855E+03));
#5032 = DIRECTION('',(0.,0.,1.));
#5033 = DIRECTION('',(1.,0.,-0.));
#5034 = PCURVE('',#4880,#5035);
#5035 = DEFINITIONAL_REPRESENTATION('',(#5036),#5040);
#5036 = LINE('',#5037,#5038);
#5037 = CARTESIAN_POINT('',(0.,0.));
#5038 = VECTOR('',#5039,1.);
#5039 = DIRECTION('',(1.,0.));
#5040 = ( GEOMETRIC_REPRESENTATION_CONTEXT(2) 
PARAMETRIC_REPRESENTATION_CONTEXT() REPRESENTATION_CONTEXT('2D SPACE',''
  ) );
#5041 = PCURVE('',#5042,#5047);
#5042 = PLANE('',#5043);
#5043 = AXIS2_PLACEMENT_3D('',#5044,#5045,#5046);
#5044 = CARTESIAN_POINT('',(-460.,-235.,1.4855E+03));
#5045 = DIRECTION('',(0.,0.,1.));
#5046 = DIRECTION('',(1.,0.,-0.));
#5047 = DEFINITIONAL_REPRESENTATION('',(#5048),#5052);
#5048 = CIRCLE('',#5049,8.5);
#5049 = AXIS2_PLACEMENT_2D('',#5050,#5051);
#5050 = CARTESIAN_POINT('',(0.,0.));
#5051 = DIRECTION('',(1.,0.));
#5052 = ( GEOMETRIC_REPRESENTATION_CONTEXT(2) 
PARAMETRIC_REPRESENTATION_CONTEXT() REPRESENTATION_CONTEXT('2D SPACE',''
  ) );
#5053 = ORIENTED_EDGE('',*,*,#5004,.T.);
#5054 = ADVANCED_FACE('',(#5055),#4915,.T.);
#5055 = FACE_BOUND('',#5056,.T.);
#5056 = EDGE_LOOP('',(#5057,#5058,#5081,#5108));
#5057 = ORIENTED_EDGE('',*,*,#4898,.F.);
#5058 = ORIENTED_EDGE('',*,*,#5059,.F.);
#5059 = EDGE_CURVE('',#5060,#4899,#5062,.T.);
#5060 = VERTEX_POINT('',#5061);
#5061 = CARTESIAN_POINT('',(-451.5,-165.,1.4855E+03));
#5062 = SEAM_CURVE('',#5063,(#5067,#5074),.PCURVE_S1.);
#5063 = LINE('',#5064,#5065);
#5064 = CARTESIAN_POINT('',(-451.5,-165.,1.4855E+03));
#5065 = VECTOR('',#5066,1.);
#5066 = DIRECTION('',(0.,0.,1.));
#5067 = PCURVE('',#4915,#5068);
#5068 = DEFINITIONAL_REPRESENTATION('',(#5069),#5073);
#5069 = LINE('',#5070,#5071);
#5070 = CARTESIAN_POINT('',(6.28318530718,-0.));
#5071 = VECTOR('',#5072,1.);
#5072 = DIRECTION('',(0.,1.));
#5073 = ( GEOMETRIC_REPRESENTATION_CONTEXT(2) 
PARAMETRIC_REPRESENTATION_CONTEXT() REPRESENTATION_CONTEXT('2D SPACE',''
  ) );
#5074 = PCURVE('',#4915,#5075);
#5075 = DEFINITIONAL_REPRESENTATION('',(#5076),#5080);
#5076 = LINE('',#5077,#5078);
#5077 = CARTESIAN_POINT('',(0.,-0.));
#5078 = VECTOR('',#5079,1.);
#5079 = DIRECTION('',(0.,1.));
#5080 = ( GEOMETRIC_REPRESENTATION_CONTEXT(2) 
PARAMETRIC_REPRESENTATION_CONTEXT() REPRESENTATION_CONTEXT('2D SPACE',''
  ) );
#5081 = ORIENTED_EDGE('',*,*,#5082,.T.);
#5082 = EDGE_CURVE('',#5060,#5060,#5083,.T.);
#5083 = SURFACE_CURVE('',#5084,(#5089,#5096),.PCURVE_S1.);
#5084 = CIRCLE('',#5085,8.5);
#5085 = AXIS2_PLACEMENT_3D('',#5086,#5087,#5088);
#5086 = CARTESIAN_POINT('',(-460.,-165.,1.4855E+03));
#5087 = DIRECTION('',(0.,0.,1.));
#5088 = DIRECTION('',(1.,0.,-0.));
#5089 = PCURVE('',#4915,#5090);
#5090 = DEFINITIONAL_REPRESENTATION('',(#5091),#5095);
#5091 = LINE('',#5092,#5093);
#5092 = CARTESIAN_POINT('',(0.,0.));
#5093 = VECTOR('',#5094,1.);
#5094 = DIRECTION('',(1.,0.));
#5095 = ( GEOMETRIC_REPRESENTATION_CONTEXT(2) 
PARAMETRIC_REPRESENTATION_CONTEXT() REPRESENTATION_CONTEXT('2D SPACE',''
  ) );
#5096 = PCURVE('',#5097,#5102);
#5097 = PLANE('',#5098);
#5098 = AXIS2_PLACEMENT_3D('',#5099,#5100,#5101);
#5099 = CARTESIAN_POINT('',(-460.,-165.,1.4855E+03));
#5100 = DIRECTION('',(0.,0.,1.));
#5101 = DIRECTION('',(1.,0.,-0.));
#5102 = DEFINITIONAL_REPRESENTATION('',(#5103),#5107);
#5103 = CIRCLE('',#5104,8.5);
#5104 = AXIS2_PLACEMENT_2D('',#5105,#5106);
#5105 = CARTESIAN_POINT('',(0.,0.));
#5106 = DIRECTION('',(1.,0.));
#5107 = ( GEOMETRIC_REPRESENTATION_CONTEXT(2) 
PARAMETRIC_REPRESENTATION_CONTEXT() REPRESENTATION_CONTEXT('2D SPACE',''
  ) );
#5108 = ORIENTED_EDGE('',*,*,#5059,.T.);
#5109 = ADVANCED_FACE('',(#5110),#4950,.T.);
#5110 = FACE_BOUND('',#5111,.T.);
#5111 = EDGE_LOOP('',(#5112,#5113,#5136,#5163));
#5112 = ORIENTED_EDGE('',*,*,#4933,.F.);
#5113 = ORIENTED_EDGE('',*,*,#5114,.F.);
#5114 = EDGE_CURVE('',#5115,#4934,#5117,.T.);
#5115 = VERTEX_POINT('',#5116);
#5116 = CARTESIAN_POINT('',(-451.5,165.,1.4855E+03));
#5117 = SEAM_CURVE('',#5118,(#5122,#5129),.PCURVE_S1.);
#5118 = LINE('',#5119,#5120);
#5119 = CARTESIAN_POINT('',(-451.5,165.,1.4855E+03));
#5120 = VECTOR('',#5121,1.);
#5121 = DIRECTION('',(0.,0.,1.));
#5122 = PCURVE('',#4950,#5123);
#5123 = DEFINITIONAL_REPRESENTATION('',(#5124),#5128);
#5124 = LINE('',#5125,#5126);
#5125 = CARTESIAN_POINT('',(6.28318530718,-0.));
#5126 = VECTOR('',#5127,1.);
#5127 = DIRECTION('',(0.,1.));
#5128 = ( GEOMETRIC_REPRESENTATION_CONTEXT(2) 
PARAMETRIC_REPRESENTATION_CONTEXT() REPRESENTATION_CONTEXT('2D SPACE',''
  ) );
#5129 = PCURVE('',#4950,#5130);
#5130 = DEFINITIONAL_REPRESENTATION('',(#5131),#5135);
#5131 = LINE('',#5132,#5133);
#5132 = CARTESIAN_POINT('',(0.,-0.));
#5133 = VECTOR('',#5134,1.);
#5134 = DIRECTION('',(0.,1.));
#5135 = ( GEOMETRIC_REPRESENTATION_CONTEXT(2) 
PARAMETRIC_REPRESENTATION_CONTEXT() REPRESENTATION_CONTEXT('2D SPACE',''
  ) );
#5136 = ORIENTED_EDGE('',*,*,#5137,.T.);
#5137 = EDGE_CURVE('',#5115,#5115,#5138,.T.);
#5138 = SURFACE_CURVE('',#5139,(#5144,#5151),.PCURVE_S1.);
#5139 = CIRCLE('',#5140,8.5);
#5140 = AXIS2_PLACEMENT_3D('',#5141,#5142,#5143);
#5141 = CARTESIAN_POINT('',(-460.,165.,1.4855E+03));
#5142 = DIRECTION('',(0.,0.,1.));
#5143 = DIRECTION('',(1.,0.,-0.));
#5144 = PCURVE('',#4950,#5145);
#5145 = DEFINITIONAL_REPRESENTATION('',(#5146),#5150);
#5146 = LINE('',#5147,#5148);
#5147 = CARTESIAN_POINT('',(0.,0.));
#5148 = VECTOR('',#5149,1.);
#5149 = DIRECTION('',(1.,0.));
#5150 = ( GEOMETRIC_REPRESENTATION_CONTEXT(2) 
PARAMETRIC_REPRESENTATION_CONTEXT() REPRESENTATION_CONTEXT('2D SPACE',''
  ) );
#5151 = PCURVE('',#5152,#5157);
#5152 = PLANE('',#5153);
#5153 = AXIS2_PLACEMENT_3D('',#5154,#5155,#5156);
#5154 = CARTESIAN_POINT('',(-460.,165.,1.4855E+03));
#5155 = DIRECTION('',(0.,0.,1.));
#5156 = DIRECTION('',(1.,0.,-0.));
#5157 = DEFINITIONAL_REPRESENTATION('',(#5158),#5162);
#5158 = CIRCLE('',#5159,8.5);
#5159 = AXIS2_PLACEMENT_2D('',#5160,#5161);
#5160 = CARTESIAN_POINT('',(0.,0.));
#5161 = DIRECTION('',(1.,0.));
#5162 = ( GEOMETRIC_REPRESENTATION_CONTEXT(2) 
PARAMETRIC_REPRESENTATION_CONTEXT() REPRESENTATION_CONTEXT('2D SPACE',''
  ) );
#5163 = ORIENTED_EDGE('',*,*,#5114,.T.);
#5164 = ADVANCED_FACE('',(#5165),#4985,.T.);
#5165 = FACE_BOUND('',#5166,.T.);
#5166 = EDGE_LOOP('',(#5167,#5168,#5191,#5218));
#5167 = ORIENTED_EDGE('',*,*,#4968,.F.);
#5168 = ORIENTED_EDGE('',*,*,#5169,.F.);
#5169 = EDGE_CURVE('',#5170,#4969,#5172,.T.);
#5170 = VERTEX_POINT('',#5171);
#5171 = CARTESIAN_POINT('',(-451.5,235.,1.4855E+03));
#5172 = SEAM_CURVE('',#5173,(#5177,#5184),.PCURVE_S1.);
#5173 = LINE('',#5174,#5175);
#5174 = CARTESIAN_POINT('',(-451.5,235.,1.4855E+03));
#5175 = VECTOR('',#5176,1.);
#5176 = DIRECTION('',(0.,0.,1.));
#5177 = PCURVE('',#4985,#5178);
#5178 = DEFINITIONAL_REPRESENTATION('',(#5179),#5183);
#5179 = LINE('',#5180,#5181);
#5180 = CARTESIAN_POINT('',(6.28318530718,-0.));
#5181 = VECTOR('',#5182,1.);
#5182 = DIRECTION('',(0.,1.));
#5183 = ( GEOMETRIC_REPRESENTATION_CONTEXT(2) 
PARAMETRIC_REPRESENTATION_CONTEXT() REPRESENTATION_CONTEXT('2D SPACE',''
  ) );
#5184 = PCURVE('',#4985,#5185);
#5185 = DEFINITIONAL_REPRESENTATION('',(#5186),#5190);
#5186 = LINE('',#5187,#5188);
#5187 = CARTESIAN_POINT('',(0.,-0.));
#5188 = VECTOR('',#5189,1.);
#5189 = DIRECTION('',(0.,1.));
#5190 = ( GEOMETRIC_REPRESENTATION_CONTEXT(2) 
PARAMETRIC_REPRESENTATION_CONTEXT() REPRESENTATION_CONTEXT('2D SPACE',''
  ) );
#5191 = ORIENTED_EDGE('',*,*,#5192,.T.);
#5192 = EDGE_CURVE('',#5170,#5170,#5193,.T.);
#5193 = SURFACE_CURVE('',#5194,(#5199,#5206),.PCURVE_S1.);
#5194 = CIRCLE('',#5195,8.5);
#5195 = AXIS2_PLACEMENT_3D('',#5196,#5197,#5198);
#5196 = CARTESIAN_POINT('',(-460.,235.,1.4855E+03));
#5197 = DIRECTION('',(0.,0.,1.));
#5198 = DIRECTION('',(1.,0.,-0.));
#5199 = PCURVE('',#4985,#5200);
#5200 = DEFINITIONAL_REPRESENTATION('',(#5201),#5205);
#5201 = LINE('',#5202,#5203);
#5202 = CARTESIAN_POINT('',(0.,0.));
#5203 = VECTOR('',#5204,1.);
#5204 = DIRECTION('',(1.,0.));
#5205 = ( GEOMETRIC_REPRESENTATION_CONTEXT(2) 
PARAMETRIC_REPRESENTATION_CONTEXT() REPRESENTATION_CONTEXT('2D SPACE',''
  ) );
#5206 = PCURVE('',#5207,#5212);
#5207 = PLANE('',#5208);
#5208 = AXIS2_PLACEMENT_3D('',#5209,#5210,#5211);
#5209 = CARTESIAN_POINT('',(-460.,235.,1.4855E+03));
#5210 = DIRECTION('',(0.,0.,1.));
#5211 = DIRECTION('',(1.,0.,-0.));
#5212 = DEFINITIONAL_REPRESENTATION('',(#5213),#5217);
#5213 = CIRCLE('',#5214,8.5);
#5214 = AXIS2_PLACEMENT_2D('',#5215,#5216);
#5215 = CARTESIAN_POINT('',(0.,0.));
#5216 = DIRECTION('',(1.,0.));
#5217 = ( GEOMETRIC_REPRESENTATION_CONTEXT(2) 
PARAMETRIC_REPRESENTATION_CONTEXT() REPRESENTATION_CONTEXT('2D SPACE',''
  ) );
#5218 = ORIENTED_EDGE('',*,*,#5169,.T.);
#5219 = ADVANCED_FACE('',(#5220,#5223),#5042,.F.);
#5220 = FACE_BOUND('',#5221,.F.);
#5221 = EDGE_LOOP('',(#5222));
#5222 = ORIENTED_EDGE('',*,*,#5027,.T.);
#5223 = FACE_BOUND('',#5224,.F.);
#5224 = EDGE_LOOP('',(#5225));
#5225 = ORIENTED_EDGE('',*,*,#5226,.F.);
#5226 = EDGE_CURVE('',#5227,#5227,#5229,.T.);
#5227 = VERTEX_POINT('',#5228);
#5228 = CARTESIAN_POINT('',(-455.,-235.,1.4855E+03));
#5229 = SURFACE_CURVE('',#5230,(#5235,#5242),.PCURVE_S1.);
#5230 = CIRCLE('',#5231,5.);
#5231 = AXIS2_PLACEMENT_3D('',#5232,#5233,#5234);
#5232 = CARTESIAN_POINT('',(-460.,-235.,1.4855E+03));
#5233 = DIRECTION('',(0.,0.,1.));
#5234 = DIRECTION('',(1.,0.,-0.));
#5235 = PCURVE('',#5042,#5236);
#5236 = DEFINITIONAL_REPRESENTATION('',(#5237),#5241);
#5237 = CIRCLE('',#5238,5.);
#5238 = AXIS2_PLACEMENT_2D('',#5239,#5240);
#5239 = CARTESIAN_POINT('',(0.,0.));
#5240 = DIRECTION('',(1.,0.));
#5241 = ( GEOMETRIC_REPRESENTATION_CONTEXT(2) 
PARAMETRIC_REPRESENTATION_CONTEXT() REPRESENTATION_CONTEXT('2D SPACE',''
  ) );
#5242 = PCURVE('',#5243,#5248);
#5243 = CYLINDRICAL_SURFACE('',#5244,5.);
#5244 = AXIS2_PLACEMENT_3D('',#5245,#5246,#5247);
#5245 = CARTESIAN_POINT('',(-460.,-235.,1.4845E+03));
#5246 = DIRECTION('',(0.,0.,1.));
#5247 = DIRECTION('',(1.,0.,-0.));
#5248 = DEFINITIONAL_REPRESENTATION('',(#5249),#5253);
#5249 = LINE('',#5250,#5251);
#5250 = CARTESIAN_POINT('',(0.,1.));
#5251 = VECTOR('',#5252,1.);
#5252 = DIRECTION('',(1.,0.));
#5253 = ( GEOMETRIC_REPRESENTATION_CONTEXT(2) 
PARAMETRIC_REPRESENTATION_CONTEXT() REPRESENTATION_CONTEXT('2D SPACE',''
  ) );
#5254 = ADVANCED_FACE('',(#5255,#5258),#5097,.F.);
#5255 = FACE_BOUND('',#5256,.F.);
#5256 = EDGE_LOOP('',(#5257));
#5257 = ORIENTED_EDGE('',*,*,#5082,.T.);
#5258 = FACE_BOUND('',#5259,.F.);
#5259 = EDGE_LOOP('',(#5260));
#5260 = ORIENTED_EDGE('',*,*,#5261,.F.);
#5261 = EDGE_CURVE('',#5262,#5262,#5264,.T.);
#5262 = VERTEX_POINT('',#5263);
#5263 = CARTESIAN_POINT('',(-455.,-165.,1.4855E+03));
#5264 = SURFACE_CURVE('',#5265,(#5270,#5277),.PCURVE_S1.);
#5265 = CIRCLE('',#5266,5.);
#5266 = AXIS2_PLACEMENT_3D('',#5267,#5268,#5269);
#5267 = CARTESIAN_POINT('',(-460.,-165.,1.4855E+03));
#5268 = DIRECTION('',(0.,0.,1.));
#5269 = DIRECTION('',(1.,0.,-0.));
#5270 = PCURVE('',#5097,#5271);
#5271 = DEFINITIONAL_REPRESENTATION('',(#5272),#5276);
#5272 = CIRCLE('',#5273,5.);
#5273 = AXIS2_PLACEMENT_2D('',#5274,#5275);
#5274 = CARTESIAN_POINT('',(0.,0.));
#5275 = DIRECTION('',(1.,0.));
#5276 = ( GEOMETRIC_REPRESENTATION_CONTEXT(2) 
PARAMETRIC_REPRESENTATION_CONTEXT() REPRESENTATION_CONTEXT('2D SPACE',''
  ) );
#5277 = PCURVE('',#5278,#5283);
#5278 = CYLINDRICAL_SURFACE('',#5279,5.);
#5279 = AXIS2_PLACEMENT_3D('',#5280,#5281,#5282);
#5280 = CARTESIAN_POINT('',(-460.,-165.,1.4845E+03));
#5281 = DIRECTION('',(0.,0.,1.));
#5282 = DIRECTION('',(1.,0.,-0.));
#5283 = DEFINITIONAL_REPRESENTATION('',(#5284),#5288);
#5284 = LINE('',#5285,#5286);
#5285 = CARTESIAN_POINT('',(0.,1.));
#5286 = VECTOR('',#5287,1.);
#5287 = DIRECTION('',(1.,0.));
#5288 = ( GEOMETRIC_REPRESENTATION_CONTEXT(2) 
PARAMETRIC_REPRESENTATION_CONTEXT() REPRESENTATION_CONTEXT('2D SPACE',''
  ) );
#5289 = ADVANCED_FACE('',(#5290,#5293),#5152,.F.);
#5290 = FACE_BOUND('',#5291,.F.);
#5291 = EDGE_LOOP('',(#5292));
#5292 = ORIENTED_EDGE('',*,*,#5137,.T.);
#5293 = FACE_BOUND('',#5294,.F.);
#5294 = EDGE_LOOP('',(#5295));
#5295 = ORIENTED_EDGE('',*,*,#5296,.F.);
#5296 = EDGE_CURVE('',#5297,#5297,#5299,.T.);
#5297 = VERTEX_POINT('',#5298);
#5298 = CARTESIAN_POINT('',(-455.,165.,1.4855E+03));
#5299 = SURFACE_CURVE('',#5300,(#5305,#5312),.PCURVE_S1.);
#5300 = CIRCLE('',#5301,5.);
#5301 = AXIS2_PLACEMENT_3D('',#5302,#5303,#5304);
#5302 = CARTESIAN_POINT('',(-460.,165.,1.4855E+03));
#5303 = DIRECTION('',(0.,0.,1.));
#5304 = DIRECTION('',(1.,0.,-0.));
#5305 = PCURVE('',#5152,#5306);
#5306 = DEFINITIONAL_REPRESENTATION('',(#5307),#5311);
#5307 = CIRCLE('',#5308,5.);
#5308 = AXIS2_PLACEMENT_2D('',#5309,#5310);
#5309 = CARTESIAN_POINT('',(0.,0.));
#5310 = DIRECTION('',(1.,0.));
#5311 = ( GEOMETRIC_REPRESENTATION_CONTEXT(2) 
PARAMETRIC_REPRESENTATION_CONTEXT() REPRESENTATION_CONTEXT('2D SPACE',''
  ) );
#5312 = PCURVE('',#5313,#5318);
#5313 = CYLINDRICAL_SURFACE('',#5314,5.);
#5314 = AXIS2_PLACEMENT_3D('',#5315,#5316,#5317);
#5315 = CARTESIAN_POINT('',(-460.,165.,1.4845E+03));
#5316 = DIRECTION('',(0.,0.,1.));
#5317 = DIRECTION('',(1.,0.,-0.));
#5318 = DEFINITIONAL_REPRESENTATION('',(#5319),#5323);
#5319 = LINE('',#5320,#5321);
#5320 = CARTESIAN_POINT('',(0.,1.));
#5321 = VECTOR('',#5322,1.);
#5322 = DIRECTION('',(1.,0.));
#5323 = ( GEOMETRIC_REPRESENTATION_CONTEXT(2) 
PARAMETRIC_REPRESENTATION_CONTEXT() REPRESENTATION_CONTEXT('2D SPACE',''
  ) );
#5324 = ADVANCED_FACE('',(#5325,#5328),#5207,.F.);
#5325 = FACE_BOUND('',#5326,.F.);
#5326 = EDGE_LOOP('',(#5327));
#5327 = ORIENTED_EDGE('',*,*,#5192,.T.);
#5328 = FACE_BOUND('',#5329,.F.);
#5329 = EDGE_LOOP('',(#5330));
#5330 = ORIENTED_EDGE('',*,*,#5331,.F.);
#5331 = EDGE_CURVE('',#5332,#5332,#5334,.T.);
#5332 = VERTEX_POINT('',#5333);
#5333 = CARTESIAN_POINT('',(-455.,235.,1.4855E+03));
#5334 = SURFACE_CURVE('',#5335,(#5340,#5347),.PCURVE_S1.);
#5335 = CIRCLE('',#5336,5.);
#5336 = AXIS2_PLACEMENT_3D('',#5337,#5338,#5339);
#5337 = CARTESIAN_POINT('',(-460.,235.,1.4855E+03));
#5338 = DIRECTION('',(0.,0.,1.));
#5339 = DIRECTION('',(1.,0.,-0.));
#5340 = PCURVE('',#5207,#5341);
#5341 = DEFINITIONAL_REPRESENTATION('',(#5342),#5346);
#5342 = CIRCLE('',#5343,5.);
#5343 = AXIS2_PLACEMENT_2D('',#5344,#5345);
#5344 = CARTESIAN_POINT('',(0.,0.));
#5345 = DIRECTION('',(1.,0.));
#5346 = ( GEOMETRIC_REPRESENTATION_CONTEXT(2) 
PARAMETRIC_REPRESENTATION_CONTEXT() REPRESENTATION_CONTEXT('2D SPACE',''
  ) );
#5347 = PCURVE('',#5348,#5353);
#5348 = CYLINDRICAL_SURFACE('',#5349,5.);
#5349 = AXIS2_PLACEMENT_3D('',#5350,#5351,#5352);
#5350 = CARTESIAN_POINT('',(-460.,235.,1.4845E+03));
#5351 = DIRECTION('',(0.,0.,1.));
#5352 = DIRECTION('',(1.,0.,-0.));
#5353 = DEFINITIONAL_REPRESENTATION('',(#5354),#5358);
#5354 = LINE('',#5355,#5356);
#5355 = CARTESIAN_POINT('',(0.,1.));
#5356 = VECTOR('',#5357,1.);
#5357 = DIRECTION('',(1.,0.));
#5358 = ( GEOMETRIC_REPRESENTATION_CONTEXT(2) 
PARAMETRIC_REPRESENTATION_CONTEXT() REPRESENTATION_CONTEXT('2D SPACE',''
  ) );
#5359 = ADVANCED_FACE('',(#5360),#5243,.T.);
#5360 = FACE_BOUND('',#5361,.T.);
#5361 = EDGE_LOOP('',(#5362,#5363,#5386,#5413));
#5362 = ORIENTED_EDGE('',*,*,#5226,.F.);
#5363 = ORIENTED_EDGE('',*,*,#5364,.F.);
#5364 = EDGE_CURVE('',#5365,#5227,#5367,.T.);
#5365 = VERTEX_POINT('',#5366);
#5366 = CARTESIAN_POINT('',(-455.,-235.,1.4845E+03));
#5367 = SEAM_CURVE('',#5368,(#5372,#5379),.PCURVE_S1.);
#5368 = LINE('',#5369,#5370);
#5369 = CARTESIAN_POINT('',(-455.,-235.,1.4845E+03));
#5370 = VECTOR('',#5371,1.);
#5371 = DIRECTION('',(0.,0.,1.));
#5372 = PCURVE('',#5243,#5373);
#5373 = DEFINITIONAL_REPRESENTATION('',(#5374),#5378);
#5374 = LINE('',#5375,#5376);
#5375 = CARTESIAN_POINT('',(6.28318530718,-0.));
#5376 = VECTOR('',#5377,1.);
#5377 = DIRECTION('',(0.,1.));
#5378 = ( GEOMETRIC_REPRESENTATION_CONTEXT(2) 
PARAMETRIC_REPRESENTATION_CONTEXT() REPRESENTATION_CONTEXT('2D SPACE',''
  ) );
#5379 = PCURVE('',#5243,#5380);
#5380 = DEFINITIONAL_REPRESENTATION('',(#5381),#5385);
#5381 = LINE('',#5382,#5383);
#5382 = CARTESIAN_POINT('',(0.,-0.));
#5383 = VECTOR('',#5384,1.);
#5384 = DIRECTION('',(0.,1.));
#5385 = ( GEOMETRIC_REPRESENTATION_CONTEXT(2) 
PARAMETRIC_REPRESENTATION_CONTEXT() REPRESENTATION_CONTEXT('2D SPACE',''
  ) );
#5386 = ORIENTED_EDGE('',*,*,#5387,.T.);
#5387 = EDGE_CURVE('',#5365,#5365,#5388,.T.);
#5388 = SURFACE_CURVE('',#5389,(#5394,#5401),.PCURVE_S1.);
#5389 = CIRCLE('',#5390,5.);
#5390 = AXIS2_PLACEMENT_3D('',#5391,#5392,#5393);
#5391 = CARTESIAN_POINT('',(-460.,-235.,1.4845E+03));
#5392 = DIRECTION('',(0.,0.,1.));
#5393 = DIRECTION('',(1.,0.,-0.));
#5394 = PCURVE('',#5243,#5395);
#5395 = DEFINITIONAL_REPRESENTATION('',(#5396),#5400);
#5396 = LINE('',#5397,#5398);
#5397 = CARTESIAN_POINT('',(0.,0.));
#5398 = VECTOR('',#5399,1.);
#5399 = DIRECTION('',(1.,0.));
#5400 = ( GEOMETRIC_REPRESENTATION_CONTEXT(2) 
PARAMETRIC_REPRESENTATION_CONTEXT() REPRESENTATION_CONTEXT('2D SPACE',''
  ) );
#5401 = PCURVE('',#5402,#5407);
#5402 = PLANE('',#5403);
#5403 = AXIS2_PLACEMENT_3D('',#5404,#5405,#5406);
#5404 = CARTESIAN_POINT('',(-460.,-235.,1.4845E+03));
#5405 = DIRECTION('',(0.,0.,1.));
#5406 = DIRECTION('',(1.,0.,-0.));
#5407 = DEFINITIONAL_REPRESENTATION('',(#5408),#5412);
#5408 = CIRCLE('',#5409,5.);
#5409 = AXIS2_PLACEMENT_2D('',#5410,#5411);
#5410 = CARTESIAN_POINT('',(0.,0.));
#5411 = DIRECTION('',(1.,0.));
#5412 = ( GEOMETRIC_REPRESENTATION_CONTEXT(2) 
PARAMETRIC_REPRESENTATION_CONTEXT() REPRESENTATION_CONTEXT('2D SPACE',''
  ) );
#5413 = ORIENTED_EDGE('',*,*,#5364,.T.);
#5414 = ADVANCED_FACE('',(#5415),#5278,.T.);
#5415 = FACE_BOUND('',#5416,.T.);
#5416 = EDGE_LOOP('',(#5417,#5418,#5441,#5468));
#5417 = ORIENTED_EDGE('',*,*,#5261,.F.);
#5418 = ORIENTED_EDGE('',*,*,#5419,.F.);
#5419 = EDGE_CURVE('',#5420,#5262,#5422,.T.);
#5420 = VERTEX_POINT('',#5421);
#5421 = CARTESIAN_POINT('',(-455.,-165.,1.4845E+03));
#5422 = SEAM_CURVE('',#5423,(#5427,#5434),.PCURVE_S1.);
#5423 = LINE('',#5424,#5425);
#5424 = CARTESIAN_POINT('',(-455.,-165.,1.4845E+03));
#5425 = VECTOR('',#5426,1.);
#5426 = DIRECTION('',(0.,0.,1.));
#5427 = PCURVE('',#5278,#5428);
#5428 = DEFINITIONAL_REPRESENTATION('',(#5429),#5433);
#5429 = LINE('',#5430,#5431);
#5430 = CARTESIAN_POINT('',(6.28318530718,-0.));
#5431 = VECTOR('',#5432,1.);
#5432 = DIRECTION('',(0.,1.));
#5433 = ( GEOMETRIC_REPRESENTATION_CONTEXT(2) 
PARAMETRIC_REPRESENTATION_CONTEXT() REPRESENTATION_CONTEXT('2D SPACE',''
  ) );
#5434 = PCURVE('',#5278,#5435);
#5435 = DEFINITIONAL_REPRESENTATION('',(#5436),#5440);
#5436 = LINE('',#5437,#5438);
#5437 = CARTESIAN_POINT('',(0.,-0.));
#5438 = VECTOR('',#5439,1.);
#5439 = DIRECTION('',(0.,1.));
#5440 = ( GEOMETRIC_REPRESENTATION_CONTEXT(2) 
PARAMETRIC_REPRESENTATION_CONTEXT() REPRESENTATION_CONTEXT('2D SPACE',''
  ) );
#5441 = ORIENTED_EDGE('',*,*,#5442,.T.);
#5442 = EDGE_CURVE('',#5420,#5420,#5443,.T.);
#5443 = SURFACE_CURVE('',#5444,(#5449,#5456),.PCURVE_S1.);
#5444 = CIRCLE('',#5445,5.);
#5445 = AXIS2_PLACEMENT_3D('',#5446,#5447,#5448);
#5446 = CARTESIAN_POINT('',(-460.,-165.,1.4845E+03));
#5447 = DIRECTION('',(0.,0.,1.));
#5448 = DIRECTION('',(1.,0.,-0.));
#5449 = PCURVE('',#5278,#5450);
#5450 = DEFINITIONAL_REPRESENTATION('',(#5451),#5455);
#5451 = LINE('',#5452,#5453);
#5452 = CARTESIAN_POINT('',(0.,0.));
#5453 = VECTOR('',#5454,1.);
#5454 = DIRECTION('',(1.,0.));
#5455 = ( GEOMETRIC_REPRESENTATION_CONTEXT(2) 
PARAMETRIC_REPRESENTATION_CONTEXT() REPRESENTATION_CONTEXT('2D SPACE',''
  ) );
#5456 = PCURVE('',#5457,#5462);
#5457 = PLANE('',#5458);
#5458 = AXIS2_PLACEMENT_3D('',#5459,#5460,#5461);
#5459 = CARTESIAN_POINT('',(-460.,-165.,1.4845E+03));
#5460 = DIRECTION('',(0.,0.,1.));
#5461 = DIRECTION('',(1.,0.,-0.));
#5462 = DEFINITIONAL_REPRESENTATION('',(#5463),#5467);
#5463 = CIRCLE('',#5464,5.);
#5464 = AXIS2_PLACEMENT_2D('',#5465,#5466);
#5465 = CARTESIAN_POINT('',(0.,0.));
#5466 = DIRECTION('',(1.,0.));
#5467 = ( GEOMETRIC_REPRESENTATION_CONTEXT(2) 
PARAMETRIC_REPRESENTATION_CONTEXT() REPRESENTATION_CONTEXT('2D SPACE',''
  ) );
#5468 = ORIENTED_EDGE('',*,*,#5419,.T.);
#5469 = ADVANCED_FACE('',(#5470),#5313,.T.);
#5470 = FACE_BOUND('',#5471,.T.);
#5471 = EDGE_LOOP('',(#5472,#5473,#5496,#5523));
#5472 = ORIENTED_EDGE('',*,*,#5296,.F.);
#5473 = ORIENTED_EDGE('',*,*,#5474,.F.);
#5474 = EDGE_CURVE('',#5475,#5297,#5477,.T.);
#5475 = VERTEX_POINT('',#5476);
#5476 = CARTESIAN_POINT('',(-455.,165.,1.4845E+03));
#5477 = SEAM_CURVE('',#5478,(#5482,#5489),.PCURVE_S1.);
#5478 = LINE('',#5479,#5480);
#5479 = CARTESIAN_POINT('',(-455.,165.,1.4845E+03));
#5480 = VECTOR('',#5481,1.);
#5481 = DIRECTION('',(0.,0.,1.));
#5482 = PCURVE('',#5313,#5483);
#5483 = DEFINITIONAL_REPRESENTATION('',(#5484),#5488);
#5484 = LINE('',#5485,#5486);
#5485 = CARTESIAN_POINT('',(6.28318530718,-0.));
#5486 = VECTOR('',#5487,1.);
#5487 = DIRECTION('',(0.,1.));
#5488 = ( GEOMETRIC_REPRESENTATION_CONTEXT(2) 
PARAMETRIC_REPRESENTATION_CONTEXT() REPRESENTATION_CONTEXT('2D SPACE',''
  ) );
#5489 = PCURVE('',#5313,#5490);
#5490 = DEFINITIONAL_REPRESENTATION('',(#5491),#5495);
#5491 = LINE('',#5492,#5493);
#5492 = CARTESIAN_POINT('',(0.,-0.));
#5493 = VECTOR('',#5494,1.);
#5494 = DIRECTION('',(0.,1.));
#5495 = ( GEOMETRIC_REPRESENTATION_CONTEXT(2) 
PARAMETRIC_REPRESENTATION_CONTEXT() REPRESENTATION_CONTEXT('2D SPACE',''
  ) );
#5496 = ORIENTED_EDGE('',*,*,#5497,.T.);
#5497 = EDGE_CURVE('',#5475,#5475,#5498,.T.);
#5498 = SURFACE_CURVE('',#5499,(#5504,#5511),.PCURVE_S1.);
#5499 = CIRCLE('',#5500,5.);
#5500 = AXIS2_PLACEMENT_3D('',#5501,#5502,#5503);
#5501 = CARTESIAN_POINT('',(-460.,165.,1.4845E+03));
#5502 = DIRECTION('',(0.,0.,1.));
#5503 = DIRECTION('',(1.,0.,-0.));
#5504 = PCURVE('',#5313,#5505);
#5505 = DEFINITIONAL_REPRESENTATION('',(#5506),#5510);
#5506 = LINE('',#5507,#5508);
#5507 = CARTESIAN_POINT('',(0.,0.));
#5508 = VECTOR('',#5509,1.);
#5509 = DIRECTION('',(1.,0.));
#5510 = ( GEOMETRIC_REPRESENTATION_CONTEXT(2) 
PARAMETRIC_REPRESENTATION_CONTEXT() REPRESENTATION_CONTEXT('2D SPACE',''
  ) );
#5511 = PCURVE('',#5512,#5517);
#5512 = PLANE('',#5513);
#5513 = AXIS2_PLACEMENT_3D('',#5514,#5515,#5516);
#5514 = CARTESIAN_POINT('',(-460.,165.,1.4845E+03));
#5515 = DIRECTION('',(0.,0.,1.));
#5516 = DIRECTION('',(1.,0.,-0.));
#5517 = DEFINITIONAL_REPRESENTATION('',(#5518),#5522);
#5518 = CIRCLE('',#5519,5.);
#5519 = AXIS2_PLACEMENT_2D('',#5520,#5521);
#5520 = CARTESIAN_POINT('',(0.,0.));
#5521 = DIRECTION('',(1.,0.));
#5522 = ( GEOMETRIC_REPRESENTATION_CONTEXT(2) 
PARAMETRIC_REPRESENTATION_CONTEXT() REPRESENTATION_CONTEXT('2D SPACE',''
  ) );
#5523 = ORIENTED_EDGE('',*,*,#5474,.T.);
#5524 = ADVANCED_FACE('',(#5525),#5348,.T.);
#5525 = FACE_BOUND('',#5526,.T.);
#5526 = EDGE_LOOP('',(#5527,#5528,#5551,#5578));
#5527 = ORIENTED_EDGE('',*,*,#5331,.F.);
#5528 = ORIENTED_EDGE('',*,*,#5529,.F.);
#5529 = EDGE_CURVE('',#5530,#5332,#5532,.T.);
#5530 = VERTEX_POINT('',#5531);
#5531 = CARTESIAN_POINT('',(-455.,235.,1.4845E+03));
#5532 = SEAM_CURVE('',#5533,(#5537,#5544),.PCURVE_S1.);
#5533 = LINE('',#5534,#5535);
#5534 = CARTESIAN_POINT('',(-455.,235.,1.4845E+03));
#5535 = VECTOR('',#5536,1.);
#5536 = DIRECTION('',(0.,0.,1.));
#5537 = PCURVE('',#5348,#5538);
#5538 = DEFINITIONAL_REPRESENTATION('',(#5539),#5543);
#5539 = LINE('',#5540,#5541);
#5540 = CARTESIAN_POINT('',(6.28318530718,-0.));
#5541 = VECTOR('',#5542,1.);
#5542 = DIRECTION('',(0.,1.));
#5543 = ( GEOMETRIC_REPRESENTATION_CONTEXT(2) 
PARAMETRIC_REPRESENTATION_CONTEXT() REPRESENTATION_CONTEXT('2D SPACE',''
  ) );
#5544 = PCURVE('',#5348,#5545);
#5545 = DEFINITIONAL_REPRESENTATION('',(#5546),#5550);
#5546 = LINE('',#5547,#5548);
#5547 = CARTESIAN_POINT('',(0.,-0.));
#5548 = VECTOR('',#5549,1.);
#5549 = DIRECTION('',(0.,1.));
#5550 = ( GEOMETRIC_REPRESENTATION_CONTEXT(2) 
PARAMETRIC_REPRESENTATION_CONTEXT() REPRESENTATION_CONTEXT('2D SPACE',''
  ) );
#5551 = ORIENTED_EDGE('',*,*,#5552,.T.);
#5552 = EDGE_CURVE('',#5530,#5530,#5553,.T.);
#5553 = SURFACE_CURVE('',#5554,(#5559,#5566),.PCURVE_S1.);
#5554 = CIRCLE('',#5555,5.);
#5555 = AXIS2_PLACEMENT_3D('',#5556,#5557,#5558);
#5556 = CARTESIAN_POINT('',(-460.,235.,1.4845E+03));
#5557 = DIRECTION('',(0.,0.,1.));
#5558 = DIRECTION('',(1.,0.,-0.));
#5559 = PCURVE('',#5348,#5560);
#5560 = DEFINITIONAL_REPRESENTATION('',(#5561),#5565);
#5561 = LINE('',#5562,#5563);
#5562 = CARTESIAN_POINT('',(0.,0.));
#5563 = VECTOR('',#5564,1.);
#5564 = DIRECTION('',(1.,0.));
#5565 = ( GEOMETRIC_REPRESENTATION_CONTEXT(2) 
PARAMETRIC_REPRESENTATION_CONTEXT() REPRESENTATION_CONTEXT('2D SPACE',''
  ) );
#5566 = PCURVE('',#5567,#5572);
#5567 = PLANE('',#5568);
#5568 = AXIS2_PLACEMENT_3D('',#5569,#5570,#5571);
#5569 = CARTESIAN_POINT('',(-460.,235.,1.4845E+03));
#5570 = DIRECTION('',(0.,0.,1.));
#5571 = DIRECTION('',(1.,0.,-0.));
#5572 = DEFINITIONAL_REPRESENTATION('',(#5573),#5577);
#5573 = CIRCLE('',#5574,5.);
#5574 = AXIS2_PLACEMENT_2D('',#5575,#5576);
#5575 = CARTESIAN_POINT('',(0.,0.));
#5576 = DIRECTION('',(1.,0.));
#5577 = ( GEOMETRIC_REPRESENTATION_CONTEXT(2) 
PARAMETRIC_REPRESENTATION_CONTEXT() REPRESENTATION_CONTEXT('2D SPACE',''
  ) );
#5578 = ORIENTED_EDGE('',*,*,#5529,.T.);
#5579 = ADVANCED_FACE('',(#5580),#5402,.F.);
#5580 = FACE_BOUND('',#5581,.T.);
#5581 = EDGE_LOOP('',(#5582));
#5582 = ORIENTED_EDGE('',*,*,#5387,.F.);
#5583 = ADVANCED_FACE('',(#5584),#5457,.F.);
#5584 = FACE_BOUND('',#5585,.T.);
#5585 = EDGE_LOOP('',(#5586));
#5586 = ORIENTED_EDGE('',*,*,#5442,.F.);
#5587 = ADVANCED_FACE('',(#5588),#5512,.F.);
#5588 = FACE_BOUND('',#5589,.T.);
#5589 = EDGE_LOOP('',(#5590));
#5590 = ORIENTED_EDGE('',*,*,#5497,.F.);
#5591 = ADVANCED_FACE('',(#5592),#5567,.F.);
#5592 = FACE_BOUND('',#5593,.T.);
#5593 = EDGE_LOOP('',(#5594));
#5594 = ORIENTED_EDGE('',*,*,#5552,.F.);
#5595 = ORIENTED_CLOSED_SHELL('',*,#5596,.F.);
#5596 = CLOSED_SHELL('',(#5597,#5713,#5788,#5836,#5884,#5910));
#5597 = ADVANCED_FACE('',(#5598),#5612,.F.);
#5598 = FACE_BOUND('',#5599,.F.);
#5599 = EDGE_LOOP('',(#5600,#5634,#5661,#5688));
#5600 = ORIENTED_EDGE('',*,*,#5601,.F.);
#5601 = EDGE_CURVE('',#5602,#5604,#5606,.T.);
#5602 = VERTEX_POINT('',#5603);
#5603 = CARTESIAN_POINT('',(-438.,178.,1.508E+03));
#5604 = VERTEX_POINT('',#5605);
#5605 = CARTESIAN_POINT('',(-482.,178.,1.508E+03));
#5606 = SURFACE_CURVE('',#5607,(#5611,#5623),.PCURVE_S1.);
#5607 = LINE('',#5608,#5609);
#5608 = CARTESIAN_POINT('',(-483.5,178.,1.508E+03));
#5609 = VECTOR('',#5610,1.);
#5610 = DIRECTION('',(-1.,-0.,0.));
#5611 = PCURVE('',#5612,#5617);
#5612 = PLANE('',#5613);
#5613 = AXIS2_PLACEMENT_3D('',#5614,#5615,#5616);
#5614 = CARTESIAN_POINT('',(-485.,150.,1.508E+03));
#5615 = DIRECTION('',(0.,0.,1.));
#5616 = DIRECTION('',(1.,0.,-0.));
#5617 = DEFINITIONAL_REPRESENTATION('',(#5618),#5622);
#5618 = LINE('',#5619,#5620);
#5619 = CARTESIAN_POINT('',(1.5,28.));
#5620 = VECTOR('',#5621,1.);
#5621 = DIRECTION('',(-1.,0.));
#5622 = ( GEOMETRIC_REPRESENTATION_CONTEXT(2) 
PARAMETRIC_REPRESENTATION_CONTEXT() REPRESENTATION_CONTEXT('2D SPACE',''
  ) );
#5623 = PCURVE('',#5624,#5629);
#5624 = PLANE('',#5625);
#5625 = AXIS2_PLACEMENT_3D('',#5626,#5627,#5628);
#5626 = CARTESIAN_POINT('',(-482.,178.,1.507E+03));
#5627 = DIRECTION('',(-0.,1.,0.));
#5628 = DIRECTION('',(0.,0.,1.));
#5629 = DEFINITIONAL_REPRESENTATION('',(#5630),#5633);
#5630 = B_SPLINE_CURVE_WITH_KNOTS('',1,(#5631,#5632),.UNSPECIFIED.,.F.,
  .F.,(2,2),(-45.5,-1.5),.PIECEWISE_BEZIER_KNOTS.);
#5631 = CARTESIAN_POINT('',(1.,44.));
#5632 = CARTESIAN_POINT('',(1.,0.));
#5633 = ( GEOMETRIC_REPRESENTATION_CONTEXT(2) 
PARAMETRIC_REPRESENTATION_CONTEXT() REPRESENTATION_CONTEXT('2D SPACE',''
  ) );
#5634 = ORIENTED_EDGE('',*,*,#5635,.T.);
#5635 = EDGE_CURVE('',#5602,#5636,#5638,.T.);
#5636 = VERTEX_POINT('',#5637);
#5637 = CARTESIAN_POINT('',(-438.,222.,1.508E+03));
#5638 = SURFACE_CURVE('',#5639,(#5643,#5650),.PCURVE_S1.);
#5639 = LINE('',#5640,#5641);
#5640 = CARTESIAN_POINT('',(-438.,176.5,1.508E+03));
#5641 = VECTOR('',#5642,1.);
#5642 = DIRECTION('',(-0.,1.,0.));
#5643 = PCURVE('',#5612,#5644);
#5644 = DEFINITIONAL_REPRESENTATION('',(#5645),#5649);
#5645 = LINE('',#5646,#5647);
#5646 = CARTESIAN_POINT('',(47.,26.5));
#5647 = VECTOR('',#5648,1.);
#5648 = DIRECTION('',(0.,1.));
#5649 = ( GEOMETRIC_REPRESENTATION_CONTEXT(2) 
PARAMETRIC_REPRESENTATION_CONTEXT() REPRESENTATION_CONTEXT('2D SPACE',''
  ) );
#5650 = PCURVE('',#5651,#5656);
#5651 = PLANE('',#5652);
#5652 = AXIS2_PLACEMENT_3D('',#5653,#5654,#5655);
#5653 = CARTESIAN_POINT('',(-438.,178.,1.507E+03));
#5654 = DIRECTION('',(1.,0.,-0.));
#5655 = DIRECTION('',(0.,0.,1.));
#5656 = DEFINITIONAL_REPRESENTATION('',(#5657),#5660);
#5657 = B_SPLINE_CURVE_WITH_KNOTS('',1,(#5658,#5659),.UNSPECIFIED.,.F.,
  .F.,(2,2),(1.5,45.5),.PIECEWISE_BEZIER_KNOTS.);
#5658 = CARTESIAN_POINT('',(1.,0.));
#5659 = CARTESIAN_POINT('',(1.,-44.));
#5660 = ( GEOMETRIC_REPRESENTATION_CONTEXT(2) 
PARAMETRIC_REPRESENTATION_CONTEXT() REPRESENTATION_CONTEXT('2D SPACE',''
  ) );
#5661 = ORIENTED_EDGE('',*,*,#5662,.T.);
#5662 = EDGE_CURVE('',#5636,#5663,#5665,.T.);
#5663 = VERTEX_POINT('',#5664);
#5664 = CARTESIAN_POINT('',(-482.,222.,1.508E+03));
#5665 = SURFACE_CURVE('',#5666,(#5670,#5677),.PCURVE_S1.);
#5666 = LINE('',#5667,#5668);
#5667 = CARTESIAN_POINT('',(-483.5,222.,1.508E+03));
#5668 = VECTOR('',#5669,1.);
#5669 = DIRECTION('',(-1.,-0.,0.));
#5670 = PCURVE('',#5612,#5671);
#5671 = DEFINITIONAL_REPRESENTATION('',(#5672),#5676);
#5672 = LINE('',#5673,#5674);
#5673 = CARTESIAN_POINT('',(1.5,72.));
#5674 = VECTOR('',#5675,1.);
#5675 = DIRECTION('',(-1.,0.));
#5676 = ( GEOMETRIC_REPRESENTATION_CONTEXT(2) 
PARAMETRIC_REPRESENTATION_CONTEXT() REPRESENTATION_CONTEXT('2D SPACE',''
  ) );
#5677 = PCURVE('',#5678,#5683);
#5678 = PLANE('',#5679);
#5679 = AXIS2_PLACEMENT_3D('',#5680,#5681,#5682);
#5680 = CARTESIAN_POINT('',(-482.,222.,1.507E+03));
#5681 = DIRECTION('',(-0.,1.,0.));
#5682 = DIRECTION('',(0.,0.,1.));
#5683 = DEFINITIONAL_REPRESENTATION('',(#5684),#5687);
#5684 = B_SPLINE_CURVE_WITH_KNOTS('',1,(#5685,#5686),.UNSPECIFIED.,.F.,
  .F.,(2,2),(-45.5,-1.5),.PIECEWISE_BEZIER_KNOTS.);
#5685 = CARTESIAN_POINT('',(1.,44.));
#5686 = CARTESIAN_POINT('',(1.,0.));
#5687 = ( GEOMETRIC_REPRESENTATION_CONTEXT(2) 
PARAMETRIC_REPRESENTATION_CONTEXT() REPRESENTATION_CONTEXT('2D SPACE',''
  ) );
#5688 = ORIENTED_EDGE('',*,*,#5689,.F.);
#5689 = EDGE_CURVE('',#5604,#5663,#5690,.T.);
#5690 = SURFACE_CURVE('',#5691,(#5695,#5702),.PCURVE_S1.);
#5691 = LINE('',#5692,#5693);
#5692 = CARTESIAN_POINT('',(-482.,176.5,1.508E+03));
#5693 = VECTOR('',#5694,1.);
#5694 = DIRECTION('',(-0.,1.,0.));
#5695 = PCURVE('',#5612,#5696);
#5696 = DEFINITIONAL_REPRESENTATION('',(#5697),#5701);
#5697 = LINE('',#5698,#5699);
#5698 = CARTESIAN_POINT('',(3.,26.5));
#5699 = VECTOR('',#5700,1.);
#5700 = DIRECTION('',(0.,1.));
#5701 = ( GEOMETRIC_REPRESENTATION_CONTEXT(2) 
PARAMETRIC_REPRESENTATION_CONTEXT() REPRESENTATION_CONTEXT('2D SPACE',''
  ) );
#5702 = PCURVE('',#5703,#5708);
#5703 = PLANE('',#5704);
#5704 = AXIS2_PLACEMENT_3D('',#5705,#5706,#5707);
#5705 = CARTESIAN_POINT('',(-482.,178.,1.507E+03));
#5706 = DIRECTION('',(1.,0.,-0.));
#5707 = DIRECTION('',(0.,0.,1.));
#5708 = DEFINITIONAL_REPRESENTATION('',(#5709),#5712);
#5709 = B_SPLINE_CURVE_WITH_KNOTS('',1,(#5710,#5711),.UNSPECIFIED.,.F.,
  .F.,(2,2),(1.5,45.5),.PIECEWISE_BEZIER_KNOTS.);
#5710 = CARTESIAN_POINT('',(1.,0.));
#5711 = CARTESIAN_POINT('',(1.,-44.));
#5712 = ( GEOMETRIC_REPRESENTATION_CONTEXT(2) 
PARAMETRIC_REPRESENTATION_CONTEXT() REPRESENTATION_CONTEXT('2D SPACE',''
  ) );
#5713 = ADVANCED_FACE('',(#5714),#5624,.F.);
#5714 = FACE_BOUND('',#5715,.F.);
#5715 = EDGE_LOOP('',(#5716,#5739,#5740,#5763));
#5716 = ORIENTED_EDGE('',*,*,#5717,.F.);
#5717 = EDGE_CURVE('',#5602,#5718,#5720,.T.);
#5718 = VERTEX_POINT('',#5719);
#5719 = CARTESIAN_POINT('',(-438.,178.,2.207685160473E+03));
#5720 = SURFACE_CURVE('',#5721,(#5725,#5732),.PCURVE_S1.);
#5721 = LINE('',#5722,#5723);
#5722 = CARTESIAN_POINT('',(-438.,178.,1.507E+03));
#5723 = VECTOR('',#5724,1.);
#5724 = DIRECTION('',(0.,0.,1.));
#5725 = PCURVE('',#5624,#5726);
#5726 = DEFINITIONAL_REPRESENTATION('',(#5727),#5731);
#5727 = LINE('',#5728,#5729);
#5728 = CARTESIAN_POINT('',(0.,44.));
#5729 = VECTOR('',#5730,1.);
#5730 = DIRECTION('',(1.,0.));
#5731 = ( GEOMETRIC_REPRESENTATION_CONTEXT(2) 
PARAMETRIC_REPRESENTATION_CONTEXT() REPRESENTATION_CONTEXT('2D SPACE',''
  ) );
#5732 = PCURVE('',#5651,#5733);
#5733 = DEFINITIONAL_REPRESENTATION('',(#5734),#5738);
#5734 = LINE('',#5735,#5736);
#5735 = CARTESIAN_POINT('',(0.,0.));
#5736 = VECTOR('',#5737,1.);
#5737 = DIRECTION('',(1.,0.));
#5738 = ( GEOMETRIC_REPRESENTATION_CONTEXT(2) 
PARAMETRIC_REPRESENTATION_CONTEXT() REPRESENTATION_CONTEXT('2D SPACE',''
  ) );
#5739 = ORIENTED_EDGE('',*,*,#5601,.T.);
#5740 = ORIENTED_EDGE('',*,*,#5741,.T.);
#5741 = EDGE_CURVE('',#5604,#5742,#5744,.T.);
#5742 = VERTEX_POINT('',#5743);
#5743 = CARTESIAN_POINT('',(-482.,178.,2.207685160473E+03));
#5744 = SURFACE_CURVE('',#5745,(#5749,#5756),.PCURVE_S1.);
#5745 = LINE('',#5746,#5747);
#5746 = CARTESIAN_POINT('',(-482.,178.,1.507E+03));
#5747 = VECTOR('',#5748,1.);
#5748 = DIRECTION('',(0.,0.,1.));
#5749 = PCURVE('',#5624,#5750);
#5750 = DEFINITIONAL_REPRESENTATION('',(#5751),#5755);
#5751 = LINE('',#5752,#5753);
#5752 = CARTESIAN_POINT('',(0.,0.));
#5753 = VECTOR('',#5754,1.);
#5754 = DIRECTION('',(1.,0.));
#5755 = ( GEOMETRIC_REPRESENTATION_CONTEXT(2) 
PARAMETRIC_REPRESENTATION_CONTEXT() REPRESENTATION_CONTEXT('2D SPACE',''
  ) );
#5756 = PCURVE('',#5703,#5757);
#5757 = DEFINITIONAL_REPRESENTATION('',(#5758),#5762);
#5758 = LINE('',#5759,#5760);
#5759 = CARTESIAN_POINT('',(0.,0.));
#5760 = VECTOR('',#5761,1.);
#5761 = DIRECTION('',(1.,0.));
#5762 = ( GEOMETRIC_REPRESENTATION_CONTEXT(2) 
PARAMETRIC_REPRESENTATION_CONTEXT() REPRESENTATION_CONTEXT('2D SPACE',''
  ) );
#5763 = ORIENTED_EDGE('',*,*,#5764,.T.);
#5764 = EDGE_CURVE('',#5742,#5718,#5765,.T.);
#5765 = SURFACE_CURVE('',#5766,(#5770,#5776),.PCURVE_S1.);
#5766 = LINE('',#5767,#5768);
#5767 = CARTESIAN_POINT('',(-1.741E+03,178.,2.207685160473E+03));
#5768 = VECTOR('',#5769,1.);
#5769 = DIRECTION('',(1.,0.,-0.));
#5770 = PCURVE('',#5624,#5771);
#5771 = DEFINITIONAL_REPRESENTATION('',(#5772),#5775);
#5772 = B_SPLINE_CURVE_WITH_KNOTS('',1,(#5773,#5774),.UNSPECIFIED.,.F.,
  .F.,(2,2),(1.259E+03,1.303E+03),.PIECEWISE_BEZIER_KNOTS.);
#5773 = CARTESIAN_POINT('',(700.68516047287,0.));
#5774 = CARTESIAN_POINT('',(700.68516047287,44.));
#5775 = ( GEOMETRIC_REPRESENTATION_CONTEXT(2) 
PARAMETRIC_REPRESENTATION_CONTEXT() REPRESENTATION_CONTEXT('2D SPACE',''
  ) );
#5776 = PCURVE('',#5777,#5782);
#5777 = PLANE('',#5778);
#5778 = AXIS2_PLACEMENT_3D('',#5779,#5780,#5781);
#5779 = CARTESIAN_POINT('',(-485.,165.53172864457,2.209883653116E+03));
#5780 = DIRECTION('',(0.,0.173648177667,0.984807753012));
#5781 = DIRECTION('',(1.,0.,-0.));
#5782 = DEFINITIONAL_REPRESENTATION('',(#5783),#5787);
#5783 = LINE('',#5784,#5785);
#5784 = CARTESIAN_POINT('',(-1.256E+03,12.660614538514));
#5785 = VECTOR('',#5786,1.);
#5786 = DIRECTION('',(1.,0.));
#5787 = ( GEOMETRIC_REPRESENTATION_CONTEXT(2) 
PARAMETRIC_REPRESENTATION_CONTEXT() REPRESENTATION_CONTEXT('2D SPACE',''
  ) );
#5788 = ADVANCED_FACE('',(#5789),#5703,.F.);
#5789 = FACE_BOUND('',#5790,.F.);
#5790 = EDGE_LOOP('',(#5791,#5792,#5793,#5816));
#5791 = ORIENTED_EDGE('',*,*,#5741,.F.);
#5792 = ORIENTED_EDGE('',*,*,#5689,.T.);
#5793 = ORIENTED_EDGE('',*,*,#5794,.T.);
#5794 = EDGE_CURVE('',#5663,#5795,#5797,.T.);
#5795 = VERTEX_POINT('',#5796);
#5796 = CARTESIAN_POINT('',(-482.,222.,2.199926773322E+03));
#5797 = SURFACE_CURVE('',#5798,(#5802,#5809),.PCURVE_S1.);
#5798 = LINE('',#5799,#5800);
#5799 = CARTESIAN_POINT('',(-482.,222.,1.507E+03));
#5800 = VECTOR('',#5801,1.);
#5801 = DIRECTION('',(0.,0.,1.));
#5802 = PCURVE('',#5703,#5803);
#5803 = DEFINITIONAL_REPRESENTATION('',(#5804),#5808);
#5804 = LINE('',#5805,#5806);
#5805 = CARTESIAN_POINT('',(0.,-44.));
#5806 = VECTOR('',#5807,1.);
#5807 = DIRECTION('',(1.,0.));
#5808 = ( GEOMETRIC_REPRESENTATION_CONTEXT(2) 
PARAMETRIC_REPRESENTATION_CONTEXT() REPRESENTATION_CONTEXT('2D SPACE',''
  ) );
#5809 = PCURVE('',#5678,#5810);
#5810 = DEFINITIONAL_REPRESENTATION('',(#5811),#5815);
#5811 = LINE('',#5812,#5813);
#5812 = CARTESIAN_POINT('',(0.,0.));
#5813 = VECTOR('',#5814,1.);
#5814 = DIRECTION('',(1.,0.));
#5815 = ( GEOMETRIC_REPRESENTATION_CONTEXT(2) 
PARAMETRIC_REPRESENTATION_CONTEXT() REPRESENTATION_CONTEXT('2D SPACE',''
  ) );
#5816 = ORIENTED_EDGE('',*,*,#5817,.T.);
#5817 = EDGE_CURVE('',#5795,#5742,#5818,.T.);
#5818 = SURFACE_CURVE('',#5819,(#5823,#5829),.PCURVE_S1.);
#5819 = LINE('',#5820,#5821);
#5820 = CARTESIAN_POINT('',(-482.,-1.408812849406E+03,2.487483079158E+03
    ));
#5821 = VECTOR('',#5822,1.);
#5822 = DIRECTION('',(0.,-0.984807753012,0.173648177667));
#5823 = PCURVE('',#5703,#5824);
#5824 = DEFINITIONAL_REPRESENTATION('',(#5825),#5828);
#5825 = B_SPLINE_CURVE_WITH_KNOTS('',1,(#5826,#5827),.UNSPECIFIED.,.F.,
  .F.,(2,2),(-1.655970766293E+03,-1.61129199537E+03),
  .PIECEWISE_BEZIER_KNOTS.);
#5826 = CARTESIAN_POINT('',(692.9267733217,-44.));
#5827 = CARTESIAN_POINT('',(700.68516047287,-2.273736754432E-13));
#5828 = ( GEOMETRIC_REPRESENTATION_CONTEXT(2) 
PARAMETRIC_REPRESENTATION_CONTEXT() REPRESENTATION_CONTEXT('2D SPACE',''
  ) );
#5829 = PCURVE('',#5777,#5830);
#5830 = DEFINITIONAL_REPRESENTATION('',(#5831),#5835);
#5831 = LINE('',#5832,#5833);
#5832 = CARTESIAN_POINT('',(3.,-1.598631380831E+03));
#5833 = VECTOR('',#5834,1.);
#5834 = DIRECTION('',(0.,-1.));
#5835 = ( GEOMETRIC_REPRESENTATION_CONTEXT(2) 
PARAMETRIC_REPRESENTATION_CONTEXT() REPRESENTATION_CONTEXT('2D SPACE',''
  ) );
#5836 = ADVANCED_FACE('',(#5837),#5678,.T.);
#5837 = FACE_BOUND('',#5838,.T.);
#5838 = EDGE_LOOP('',(#5839,#5862,#5863,#5864));
#5839 = ORIENTED_EDGE('',*,*,#5840,.F.);
#5840 = EDGE_CURVE('',#5636,#5841,#5843,.T.);
#5841 = VERTEX_POINT('',#5842);
#5842 = CARTESIAN_POINT('',(-438.,222.,2.199926773322E+03));
#5843 = SURFACE_CURVE('',#5844,(#5848,#5855),.PCURVE_S1.);
#5844 = LINE('',#5845,#5846);
#5845 = CARTESIAN_POINT('',(-438.,222.,1.507E+03));
#5846 = VECTOR('',#5847,1.);
#5847 = DIRECTION('',(0.,0.,1.));
#5848 = PCURVE('',#5678,#5849);
#5849 = DEFINITIONAL_REPRESENTATION('',(#5850),#5854);
#5850 = LINE('',#5851,#5852);
#5851 = CARTESIAN_POINT('',(0.,44.));
#5852 = VECTOR('',#5853,1.);
#5853 = DIRECTION('',(1.,0.));
#5854 = ( GEOMETRIC_REPRESENTATION_CONTEXT(2) 
PARAMETRIC_REPRESENTATION_CONTEXT() REPRESENTATION_CONTEXT('2D SPACE',''
  ) );
#5855 = PCURVE('',#5651,#5856);
#5856 = DEFINITIONAL_REPRESENTATION('',(#5857),#5861);
#5857 = LINE('',#5858,#5859);
#5858 = CARTESIAN_POINT('',(0.,-44.));
#5859 = VECTOR('',#5860,1.);
#5860 = DIRECTION('',(1.,0.));
#5861 = ( GEOMETRIC_REPRESENTATION_CONTEXT(2) 
PARAMETRIC_REPRESENTATION_CONTEXT() REPRESENTATION_CONTEXT('2D SPACE',''
  ) );
#5862 = ORIENTED_EDGE('',*,*,#5662,.T.);
#5863 = ORIENTED_EDGE('',*,*,#5794,.T.);
#5864 = ORIENTED_EDGE('',*,*,#5865,.T.);
#5865 = EDGE_CURVE('',#5795,#5841,#5866,.T.);
#5866 = SURFACE_CURVE('',#5867,(#5871,#5877),.PCURVE_S1.);
#5867 = LINE('',#5868,#5869);
#5868 = CARTESIAN_POINT('',(-1.741E+03,222.,2.199926773322E+03));
#5869 = VECTOR('',#5870,1.);
#5870 = DIRECTION('',(1.,0.,-0.));
#5871 = PCURVE('',#5678,#5872);
#5872 = DEFINITIONAL_REPRESENTATION('',(#5873),#5876);
#5873 = B_SPLINE_CURVE_WITH_KNOTS('',1,(#5874,#5875),.UNSPECIFIED.,.F.,
  .F.,(2,2),(1.259E+03,1.303E+03),.PIECEWISE_BEZIER_KNOTS.);
#5874 = CARTESIAN_POINT('',(692.9267733217,0.));
#5875 = CARTESIAN_POINT('',(692.9267733217,44.));
#5876 = ( GEOMETRIC_REPRESENTATION_CONTEXT(2) 
PARAMETRIC_REPRESENTATION_CONTEXT() REPRESENTATION_CONTEXT('2D SPACE',''
  ) );
#5877 = PCURVE('',#5777,#5878);
#5878 = DEFINITIONAL_REPRESENTATION('',(#5879),#5883);
#5879 = LINE('',#5880,#5881);
#5880 = CARTESIAN_POINT('',(-1.256E+03,57.339385461487));
#5881 = VECTOR('',#5882,1.);
#5882 = DIRECTION('',(1.,0.));
#5883 = ( GEOMETRIC_REPRESENTATION_CONTEXT(2) 
PARAMETRIC_REPRESENTATION_CONTEXT() REPRESENTATION_CONTEXT('2D SPACE',''
  ) );
#5884 = ADVANCED_FACE('',(#5885),#5651,.T.);
#5885 = FACE_BOUND('',#5886,.T.);
#5886 = EDGE_LOOP('',(#5887,#5888,#5889,#5890));
#5887 = ORIENTED_EDGE('',*,*,#5717,.F.);
#5888 = ORIENTED_EDGE('',*,*,#5635,.T.);
#5889 = ORIENTED_EDGE('',*,*,#5840,.T.);
#5890 = ORIENTED_EDGE('',*,*,#5891,.T.);
#5891 = EDGE_CURVE('',#5841,#5718,#5892,.T.);
#5892 = SURFACE_CURVE('',#5893,(#5897,#5903),.PCURVE_S1.);
#5893 = LINE('',#5894,#5895);
#5894 = CARTESIAN_POINT('',(-438.,-1.408812849406E+03,2.487483079158E+03
    ));
#5895 = VECTOR('',#5896,1.);
#5896 = DIRECTION('',(0.,-0.984807753012,0.173648177667));
#5897 = PCURVE('',#5651,#5898);
#5898 = DEFINITIONAL_REPRESENTATION('',(#5899),#5902);
#5899 = B_SPLINE_CURVE_WITH_KNOTS('',1,(#5900,#5901),.UNSPECIFIED.,.F.,
  .F.,(2,2),(-1.655970766293E+03,-1.61129199537E+03),
  .PIECEWISE_BEZIER_KNOTS.);
#5900 = CARTESIAN_POINT('',(692.9267733217,-44.));
#5901 = CARTESIAN_POINT('',(700.68516047287,-2.273736754432E-13));
#5902 = ( GEOMETRIC_REPRESENTATION_CONTEXT(2) 
PARAMETRIC_REPRESENTATION_CONTEXT() REPRESENTATION_CONTEXT('2D SPACE',''
  ) );
#5903 = PCURVE('',#5777,#5904);
#5904 = DEFINITIONAL_REPRESENTATION('',(#5905),#5909);
#5905 = LINE('',#5906,#5907);
#5906 = CARTESIAN_POINT('',(47.,-1.598631380831E+03));
#5907 = VECTOR('',#5908,1.);
#5908 = DIRECTION('',(0.,-1.));
#5909 = ( GEOMETRIC_REPRESENTATION_CONTEXT(2) 
PARAMETRIC_REPRESENTATION_CONTEXT() REPRESENTATION_CONTEXT('2D SPACE',''
  ) );
#5910 = ADVANCED_FACE('',(#5911),#5777,.T.);
#5911 = FACE_BOUND('',#5912,.T.);
#5912 = EDGE_LOOP('',(#5913,#5914,#5915,#5916));
#5913 = ORIENTED_EDGE('',*,*,#5817,.T.);
#5914 = ORIENTED_EDGE('',*,*,#5764,.T.);
#5915 = ORIENTED_EDGE('',*,*,#5891,.F.);
#5916 = ORIENTED_EDGE('',*,*,#5865,.F.);
#5917 = ORIENTED_CLOSED_SHELL('',*,#5918,.F.);
#5918 = CLOSED_SHELL('',(#5919,#6035,#6110,#6158,#6206,#6232));
#5919 = ADVANCED_FACE('',(#5920),#5934,.F.);
#5920 = FACE_BOUND('',#5921,.F.);
#5921 = EDGE_LOOP('',(#5922,#5956,#5983,#6010));
#5922 = ORIENTED_EDGE('',*,*,#5923,.F.);
#5923 = EDGE_CURVE('',#5924,#5926,#5928,.T.);
#5924 = VERTEX_POINT('',#5925);
#5925 = CARTESIAN_POINT('',(-438.,-222.,1.508E+03));
#5926 = VERTEX_POINT('',#5927);
#5927 = CARTESIAN_POINT('',(-482.,-222.,1.508E+03));
#5928 = SURFACE_CURVE('',#5929,(#5933,#5945),.PCURVE_S1.);
#5929 = LINE('',#5930,#5931);
#5930 = CARTESIAN_POINT('',(-483.5,-222.,1.508E+03));
#5931 = VECTOR('',#5932,1.);
#5932 = DIRECTION('',(-1.,-0.,0.));
#5933 = PCURVE('',#5934,#5939);
#5934 = PLANE('',#5935);
#5935 = AXIS2_PLACEMENT_3D('',#5936,#5937,#5938);
#5936 = CARTESIAN_POINT('',(-485.,-250.,1.508E+03));
#5937 = DIRECTION('',(0.,0.,1.));
#5938 = DIRECTION('',(1.,0.,-0.));
#5939 = DEFINITIONAL_REPRESENTATION('',(#5940),#5944);
#5940 = LINE('',#5941,#5942);
#5941 = CARTESIAN_POINT('',(1.5,28.));
#5942 = VECTOR('',#5943,1.);
#5943 = DIRECTION('',(-1.,0.));
#5944 = ( GEOMETRIC_REPRESENTATION_CONTEXT(2) 
PARAMETRIC_REPRESENTATION_CONTEXT() REPRESENTATION_CONTEXT('2D SPACE',''
  ) );
#5945 = PCURVE('',#5946,#5951);
#5946 = PLANE('',#5947);
#5947 = AXIS2_PLACEMENT_3D('',#5948,#5949,#5950);
#5948 = CARTESIAN_POINT('',(-482.,-222.,1.507E+03));
#5949 = DIRECTION('',(-0.,1.,0.));
#5950 = DIRECTION('',(0.,0.,1.));
#5951 = DEFINITIONAL_REPRESENTATION('',(#5952),#5955);
#5952 = B_SPLINE_CURVE_WITH_KNOTS('',1,(#5953,#5954),.UNSPECIFIED.,.F.,
  .F.,(2,2),(-45.5,-1.5),.PIECEWISE_BEZIER_KNOTS.);
#5953 = CARTESIAN_POINT('',(1.,44.));
#5954 = CARTESIAN_POINT('',(1.,0.));
#5955 = ( GEOMETRIC_REPRESENTATION_CONTEXT(2) 
PARAMETRIC_REPRESENTATION_CONTEXT() REPRESENTATION_CONTEXT('2D SPACE',''
  ) );
#5956 = ORIENTED_EDGE('',*,*,#5957,.T.);
#5957 = EDGE_CURVE('',#5924,#5958,#5960,.T.);
#5958 = VERTEX_POINT('',#5959);
#5959 = CARTESIAN_POINT('',(-438.,-178.,1.508E+03));
#5960 = SURFACE_CURVE('',#5961,(#5965,#5972),.PCURVE_S1.);
#5961 = LINE('',#5962,#5963);
#5962 = CARTESIAN_POINT('',(-438.,-223.5,1.508E+03));
#5963 = VECTOR('',#5964,1.);
#5964 = DIRECTION('',(-0.,1.,0.));
#5965 = PCURVE('',#5934,#5966);
#5966 = DEFINITIONAL_REPRESENTATION('',(#5967),#5971);
#5967 = LINE('',#5968,#5969);
#5968 = CARTESIAN_POINT('',(47.,26.5));
#5969 = VECTOR('',#5970,1.);
#5970 = DIRECTION('',(0.,1.));
#5971 = ( GEOMETRIC_REPRESENTATION_CONTEXT(2) 
PARAMETRIC_REPRESENTATION_CONTEXT() REPRESENTATION_CONTEXT('2D SPACE',''
  ) );
#5972 = PCURVE('',#5973,#5978);
#5973 = PLANE('',#5974);
#5974 = AXIS2_PLACEMENT_3D('',#5975,#5976,#5977);
#5975 = CARTESIAN_POINT('',(-438.,-222.,1.507E+03));
#5976 = DIRECTION('',(1.,0.,-0.));
#5977 = DIRECTION('',(0.,0.,1.));
#5978 = DEFINITIONAL_REPRESENTATION('',(#5979),#5982);
#5979 = B_SPLINE_CURVE_WITH_KNOTS('',1,(#5980,#5981),.UNSPECIFIED.,.F.,
  .F.,(2,2),(1.5,45.5),.PIECEWISE_BEZIER_KNOTS.);
#5980 = CARTESIAN_POINT('',(1.,0.));
#5981 = CARTESIAN_POINT('',(1.,-44.));
#5982 = ( GEOMETRIC_REPRESENTATION_CONTEXT(2) 
PARAMETRIC_REPRESENTATION_CONTEXT() REPRESENTATION_CONTEXT('2D SPACE',''
  ) );
#5983 = ORIENTED_EDGE('',*,*,#5984,.T.);
#5984 = EDGE_CURVE('',#5958,#5985,#5987,.T.);
#5985 = VERTEX_POINT('',#5986);
#5986 = CARTESIAN_POINT('',(-482.,-178.,1.508E+03));
#5987 = SURFACE_CURVE('',#5988,(#5992,#5999),.PCURVE_S1.);
#5988 = LINE('',#5989,#5990);
#5989 = CARTESIAN_POINT('',(-483.5,-178.,1.508E+03));
#5990 = VECTOR('',#5991,1.);
#5991 = DIRECTION('',(-1.,-0.,0.));
#5992 = PCURVE('',#5934,#5993);
#5993 = DEFINITIONAL_REPRESENTATION('',(#5994),#5998);
#5994 = LINE('',#5995,#5996);
#5995 = CARTESIAN_POINT('',(1.5,72.));
#5996 = VECTOR('',#5997,1.);
#5997 = DIRECTION('',(-1.,0.));
#5998 = ( GEOMETRIC_REPRESENTATION_CONTEXT(2) 
PARAMETRIC_REPRESENTATION_CONTEXT() REPRESENTATION_CONTEXT('2D SPACE',''
  ) );
#5999 = PCURVE('',#6000,#6005);
#6000 = PLANE('',#6001);
#6001 = AXIS2_PLACEMENT_3D('',#6002,#6003,#6004);
#6002 = CARTESIAN_POINT('',(-482.,-178.,1.507E+03));
#6003 = DIRECTION('',(-0.,1.,0.));
#6004 = DIRECTION('',(0.,0.,1.));
#6005 = DEFINITIONAL_REPRESENTATION('',(#6006),#6009);
#6006 = B_SPLINE_CURVE_WITH_KNOTS('',1,(#6007,#6008),.UNSPECIFIED.,.F.,
  .F.,(2,2),(-45.5,-1.5),.PIECEWISE_BEZIER_KNOTS.);
#6007 = CARTESIAN_POINT('',(1.,44.));
#6008 = CARTESIAN_POINT('',(1.,0.));
#6009 = ( GEOMETRIC_REPRESENTATION_CONTEXT(2) 
PARAMETRIC_REPRESENTATION_CONTEXT() REPRESENTATION_CONTEXT('2D SPACE',''
  ) );
#6010 = ORIENTED_EDGE('',*,*,#6011,.F.);
#6011 = EDGE_CURVE('',#5926,#5985,#6012,.T.);
#6012 = SURFACE_CURVE('',#6013,(#6017,#6024),.PCURVE_S1.);
#6013 = LINE('',#6014,#6015);
#6014 = CARTESIAN_POINT('',(-482.,-223.5,1.508E+03));
#6015 = VECTOR('',#6016,1.);
#6016 = DIRECTION('',(-0.,1.,0.));
#6017 = PCURVE('',#5934,#6018);
#6018 = DEFINITIONAL_REPRESENTATION('',(#6019),#6023);
#6019 = LINE('',#6020,#6021);
#6020 = CARTESIAN_POINT('',(3.,26.5));
#6021 = VECTOR('',#6022,1.);
#6022 = DIRECTION('',(0.,1.));
#6023 = ( GEOMETRIC_REPRESENTATION_CONTEXT(2) 
PARAMETRIC_REPRESENTATION_CONTEXT() REPRESENTATION_CONTEXT('2D SPACE',''
  ) );
#6024 = PCURVE('',#6025,#6030);
#6025 = PLANE('',#6026);
#6026 = AXIS2_PLACEMENT_3D('',#6027,#6028,#6029);
#6027 = CARTESIAN_POINT('',(-482.,-222.,1.507E+03));
#6028 = DIRECTION('',(1.,0.,-0.));
#6029 = DIRECTION('',(0.,0.,1.));
#6030 = DEFINITIONAL_REPRESENTATION('',(#6031),#6034);
#6031 = B_SPLINE_CURVE_WITH_KNOTS('',1,(#6032,#6033),.UNSPECIFIED.,.F.,
  .F.,(2,2),(1.5,45.5),.PIECEWISE_BEZIER_KNOTS.);
#6032 = CARTESIAN_POINT('',(1.,0.));
#6033 = CARTESIAN_POINT('',(1.,-44.));
#6034 = ( GEOMETRIC_REPRESENTATION_CONTEXT(2) 
PARAMETRIC_REPRESENTATION_CONTEXT() REPRESENTATION_CONTEXT('2D SPACE',''
  ) );
#6035 = ADVANCED_FACE('',(#6036),#5946,.F.);
#6036 = FACE_BOUND('',#6037,.F.);
#6037 = EDGE_LOOP('',(#6038,#6061,#6062,#6085));
#6038 = ORIENTED_EDGE('',*,*,#6039,.F.);
#6039 = EDGE_CURVE('',#5924,#6040,#6042,.T.);
#6040 = VERTEX_POINT('',#6041);
#6041 = CARTESIAN_POINT('',(-438.,-222.,2.278215952756E+03));
#6042 = SURFACE_CURVE('',#6043,(#6047,#6054),.PCURVE_S1.);
#6043 = LINE('',#6044,#6045);
#6044 = CARTESIAN_POINT('',(-438.,-222.,1.507E+03));
#6045 = VECTOR('',#6046,1.);
#6046 = DIRECTION('',(0.,0.,1.));
#6047 = PCURVE('',#5946,#6048);
#6048 = DEFINITIONAL_REPRESENTATION('',(#6049),#6053);
#6049 = LINE('',#6050,#6051);
#6050 = CARTESIAN_POINT('',(0.,44.));
#6051 = VECTOR('',#6052,1.);
#6052 = DIRECTION('',(1.,0.));
#6053 = ( GEOMETRIC_REPRESENTATION_CONTEXT(2) 
PARAMETRIC_REPRESENTATION_CONTEXT() REPRESENTATION_CONTEXT('2D SPACE',''
  ) );
#6054 = PCURVE('',#5973,#6055);
#6055 = DEFINITIONAL_REPRESENTATION('',(#6056),#6060);
#6056 = LINE('',#6057,#6058);
#6057 = CARTESIAN_POINT('',(0.,0.));
#6058 = VECTOR('',#6059,1.);
#6059 = DIRECTION('',(1.,0.));
#6060 = ( GEOMETRIC_REPRESENTATION_CONTEXT(2) 
PARAMETRIC_REPRESENTATION_CONTEXT() REPRESENTATION_CONTEXT('2D SPACE',''
  ) );
#6061 = ORIENTED_EDGE('',*,*,#5923,.T.);
#6062 = ORIENTED_EDGE('',*,*,#6063,.T.);
#6063 = EDGE_CURVE('',#5926,#6064,#6066,.T.);
#6064 = VERTEX_POINT('',#6065);
#6065 = CARTESIAN_POINT('',(-482.,-222.,2.278215952756E+03));
#6066 = SURFACE_CURVE('',#6067,(#6071,#6078),.PCURVE_S1.);
#6067 = LINE('',#6068,#6069);
#6068 = CARTESIAN_POINT('',(-482.,-222.,1.507E+03));
#6069 = VECTOR('',#6070,1.);
#6070 = DIRECTION('',(0.,0.,1.));
#6071 = PCURVE('',#5946,#6072);
#6072 = DEFINITIONAL_REPRESENTATION('',(#6073),#6077);
#6073 = LINE('',#6074,#6075);
#6074 = CARTESIAN_POINT('',(0.,0.));
#6075 = VECTOR('',#6076,1.);
#6076 = DIRECTION('',(1.,0.));
#6077 = ( GEOMETRIC_REPRESENTATION_CONTEXT(2) 
PARAMETRIC_REPRESENTATION_CONTEXT() REPRESENTATION_CONTEXT('2D SPACE',''
  ) );
#6078 = PCURVE('',#6025,#6079);
#6079 = DEFINITIONAL_REPRESENTATION('',(#6080),#6084);
#6080 = LINE('',#6081,#6082);
#6081 = CARTESIAN_POINT('',(0.,0.));
#6082 = VECTOR('',#6083,1.);
#6083 = DIRECTION('',(1.,0.));
#6084 = ( GEOMETRIC_REPRESENTATION_CONTEXT(2) 
PARAMETRIC_REPRESENTATION_CONTEXT() REPRESENTATION_CONTEXT('2D SPACE',''
  ) );
#6085 = ORIENTED_EDGE('',*,*,#6086,.T.);
#6086 = EDGE_CURVE('',#6064,#6040,#6087,.T.);
#6087 = SURFACE_CURVE('',#6088,(#6092,#6098),.PCURVE_S1.);
#6088 = LINE('',#6089,#6090);
#6089 = CARTESIAN_POINT('',(-1.741E+03,-222.,2.278215952756E+03));
#6090 = VECTOR('',#6091,1.);
#6091 = DIRECTION('',(1.,0.,-0.));
#6092 = PCURVE('',#5946,#6093);
#6093 = DEFINITIONAL_REPRESENTATION('',(#6094),#6097);
#6094 = B_SPLINE_CURVE_WITH_KNOTS('',1,(#6095,#6096),.UNSPECIFIED.,.F.,
  .F.,(2,2),(1.259E+03,1.303E+03),.PIECEWISE_BEZIER_KNOTS.);
#6095 = CARTESIAN_POINT('',(771.21595275626,0.));
#6096 = CARTESIAN_POINT('',(771.21595275626,44.));
#6097 = ( GEOMETRIC_REPRESENTATION_CONTEXT(2) 
PARAMETRIC_REPRESENTATION_CONTEXT() REPRESENTATION_CONTEXT('2D SPACE',''
  ) );
#6098 = PCURVE('',#6099,#6104);
#6099 = PLANE('',#6100);
#6100 = AXIS2_PLACEMENT_3D('',#6101,#6102,#6103);
#6101 = CARTESIAN_POINT('',(-485.,-234.4682713554,2.280414445399E+03));
#6102 = DIRECTION('',(0.,0.173648177667,0.984807753012));
#6103 = DIRECTION('',(1.,0.,-0.));
#6104 = DEFINITIONAL_REPRESENTATION('',(#6105),#6109);
#6105 = LINE('',#6106,#6107);
#6106 = CARTESIAN_POINT('',(-1.256E+03,12.660614538514));
#6107 = VECTOR('',#6108,1.);
#6108 = DIRECTION('',(1.,0.));
#6109 = ( GEOMETRIC_REPRESENTATION_CONTEXT(2) 
PARAMETRIC_REPRESENTATION_CONTEXT() REPRESENTATION_CONTEXT('2D SPACE',''
  ) );
#6110 = ADVANCED_FACE('',(#6111),#6025,.F.);
#6111 = FACE_BOUND('',#6112,.F.);
#6112 = EDGE_LOOP('',(#6113,#6114,#6115,#6138));
#6113 = ORIENTED_EDGE('',*,*,#6063,.F.);
#6114 = ORIENTED_EDGE('',*,*,#6011,.T.);
#6115 = ORIENTED_EDGE('',*,*,#6116,.T.);
#6116 = EDGE_CURVE('',#5985,#6117,#6119,.T.);
#6117 = VERTEX_POINT('',#6118);
#6118 = CARTESIAN_POINT('',(-482.,-178.,2.270457565605E+03));
#6119 = SURFACE_CURVE('',#6120,(#6124,#6131),.PCURVE_S1.);
#6120 = LINE('',#6121,#6122);
#6121 = CARTESIAN_POINT('',(-482.,-178.,1.507E+03));
#6122 = VECTOR('',#6123,1.);
#6123 = DIRECTION('',(0.,0.,1.));
#6124 = PCURVE('',#6025,#6125);
#6125 = DEFINITIONAL_REPRESENTATION('',(#6126),#6130);
#6126 = LINE('',#6127,#6128);
#6127 = CARTESIAN_POINT('',(0.,-44.));
#6128 = VECTOR('',#6129,1.);
#6129 = DIRECTION('',(1.,0.));
#6130 = ( GEOMETRIC_REPRESENTATION_CONTEXT(2) 
PARAMETRIC_REPRESENTATION_CONTEXT() REPRESENTATION_CONTEXT('2D SPACE',''
  ) );
#6131 = PCURVE('',#6000,#6132);
#6132 = DEFINITIONAL_REPRESENTATION('',(#6133),#6137);
#6133 = LINE('',#6134,#6135);
#6134 = CARTESIAN_POINT('',(0.,0.));
#6135 = VECTOR('',#6136,1.);
#6136 = DIRECTION('',(1.,0.));
#6137 = ( GEOMETRIC_REPRESENTATION_CONTEXT(2) 
PARAMETRIC_REPRESENTATION_CONTEXT() REPRESENTATION_CONTEXT('2D SPACE',''
  ) );
#6138 = ORIENTED_EDGE('',*,*,#6139,.T.);
#6139 = EDGE_CURVE('',#6117,#6064,#6140,.T.);
#6140 = SURFACE_CURVE('',#6141,(#6145,#6151),.PCURVE_S1.);
#6141 = LINE('',#6142,#6143);
#6142 = CARTESIAN_POINT('',(-482.,-1.602782111485E+03,2.521685093491E+03
    ));
#6143 = VECTOR('',#6144,1.);
#6144 = DIRECTION('',(0.,-0.984807753012,0.173648177667));
#6145 = PCURVE('',#6025,#6146);
#6146 = DEFINITIONAL_REPRESENTATION('',(#6147),#6150);
#6147 = B_SPLINE_CURVE_WITH_KNOTS('',1,(#6148,#6149),.UNSPECIFIED.,.F.,
  .F.,(2,2),(-1.446761672141E+03,-1.402082901218E+03),
  .PIECEWISE_BEZIER_KNOTS.);
#6148 = CARTESIAN_POINT('',(763.45756560509,-44.));
#6149 = CARTESIAN_POINT('',(771.21595275626,-2.273736754432E-13));
#6150 = ( GEOMETRIC_REPRESENTATION_CONTEXT(2) 
PARAMETRIC_REPRESENTATION_CONTEXT() REPRESENTATION_CONTEXT('2D SPACE',''
  ) );
#6151 = PCURVE('',#6099,#6152);
#6152 = DEFINITIONAL_REPRESENTATION('',(#6153),#6157);
#6153 = LINE('',#6154,#6155);
#6154 = CARTESIAN_POINT('',(3.,-1.389422286679E+03));
#6155 = VECTOR('',#6156,1.);
#6156 = DIRECTION('',(0.,-1.));
#6157 = ( GEOMETRIC_REPRESENTATION_CONTEXT(2) 
PARAMETRIC_REPRESENTATION_CONTEXT() REPRESENTATION_CONTEXT('2D SPACE',''
  ) );
#6158 = ADVANCED_FACE('',(#6159),#6000,.T.);
#6159 = FACE_BOUND('',#6160,.T.);
#6160 = EDGE_LOOP('',(#6161,#6184,#6185,#6186));
#6161 = ORIENTED_EDGE('',*,*,#6162,.F.);
#6162 = EDGE_CURVE('',#5958,#6163,#6165,.T.);
#6163 = VERTEX_POINT('',#6164);
#6164 = CARTESIAN_POINT('',(-438.,-178.,2.270457565605E+03));
#6165 = SURFACE_CURVE('',#6166,(#6170,#6177),.PCURVE_S1.);
#6166 = LINE('',#6167,#6168);
#6167 = CARTESIAN_POINT('',(-438.,-178.,1.507E+03));
#6168 = VECTOR('',#6169,1.);
#6169 = DIRECTION('',(0.,0.,1.));
#6170 = PCURVE('',#6000,#6171);
#6171 = DEFINITIONAL_REPRESENTATION('',(#6172),#6176);
#6172 = LINE('',#6173,#6174);
#6173 = CARTESIAN_POINT('',(0.,44.));
#6174 = VECTOR('',#6175,1.);
#6175 = DIRECTION('',(1.,0.));
#6176 = ( GEOMETRIC_REPRESENTATION_CONTEXT(2) 
PARAMETRIC_REPRESENTATION_CONTEXT() REPRESENTATION_CONTEXT('2D SPACE',''
  ) );
#6177 = PCURVE('',#5973,#6178);
#6178 = DEFINITIONAL_REPRESENTATION('',(#6179),#6183);
#6179 = LINE('',#6180,#6181);
#6180 = CARTESIAN_POINT('',(0.,-44.));
#6181 = VECTOR('',#6182,1.);
#6182 = DIRECTION('',(1.,0.));
#6183 = ( GEOMETRIC_REPRESENTATION_CONTEXT(2) 
PARAMETRIC_REPRESENTATION_CONTEXT() REPRESENTATION_CONTEXT('2D SPACE',''
  ) );
#6184 = ORIENTED_EDGE('',*,*,#5984,.T.);
#6185 = ORIENTED_EDGE('',*,*,#6116,.T.);
#6186 = ORIENTED_EDGE('',*,*,#6187,.T.);
#6187 = EDGE_CURVE('',#6117,#6163,#6188,.T.);
#6188 = SURFACE_CURVE('',#6189,(#6193,#6199),.PCURVE_S1.);
#6189 = LINE('',#6190,#6191);
#6190 = CARTESIAN_POINT('',(-1.741E+03,-178.,2.270457565605E+03));
#6191 = VECTOR('',#6192,1.);
#6192 = DIRECTION('',(1.,0.,-0.));
#6193 = PCURVE('',#6000,#6194);
#6194 = DEFINITIONAL_REPRESENTATION('',(#6195),#6198);
#6195 = B_SPLINE_CURVE_WITH_KNOTS('',1,(#6196,#6197),.UNSPECIFIED.,.F.,
  .F.,(2,2),(1.259E+03,1.303E+03),.PIECEWISE_BEZIER_KNOTS.);
#6196 = CARTESIAN_POINT('',(763.45756560509,0.));
#6197 = CARTESIAN_POINT('',(763.45756560509,44.));
#6198 = ( GEOMETRIC_REPRESENTATION_CONTEXT(2) 
PARAMETRIC_REPRESENTATION_CONTEXT() REPRESENTATION_CONTEXT('2D SPACE',''
  ) );
#6199 = PCURVE('',#6099,#6200);
#6200 = DEFINITIONAL_REPRESENTATION('',(#6201),#6205);
#6201 = LINE('',#6202,#6203);
#6202 = CARTESIAN_POINT('',(-1.256E+03,57.339385461487));
#6203 = VECTOR('',#6204,1.);
#6204 = DIRECTION('',(1.,0.));
#6205 = ( GEOMETRIC_REPRESENTATION_CONTEXT(2) 
PARAMETRIC_REPRESENTATION_CONTEXT() REPRESENTATION_CONTEXT('2D SPACE',''
  ) );
#6206 = ADVANCED_FACE('',(#6207),#5973,.T.);
#6207 = FACE_BOUND('',#6208,.T.);
#6208 = EDGE_LOOP('',(#6209,#6210,#6211,#6212));
#6209 = ORIENTED_EDGE('',*,*,#6039,.F.);
#6210 = ORIENTED_EDGE('',*,*,#5957,.T.);
#6211 = ORIENTED_EDGE('',*,*,#6162,.T.);
#6212 = ORIENTED_EDGE('',*,*,#6213,.T.);
#6213 = EDGE_CURVE('',#6163,#6040,#6214,.T.);
#6214 = SURFACE_CURVE('',#6215,(#6219,#6225),.PCURVE_S1.);
#6215 = LINE('',#6216,#6217);
#6216 = CARTESIAN_POINT('',(-438.,-1.602782111485E+03,2.521685093491E+03
    ));
#6217 = VECTOR('',#6218,1.);
#6218 = DIRECTION('',(0.,-0.984807753012,0.173648177667));
#6219 = PCURVE('',#5973,#6220);
#6220 = DEFINITIONAL_REPRESENTATION('',(#6221),#6224);
#6221 = B_SPLINE_CURVE_WITH_KNOTS('',1,(#6222,#6223),.UNSPECIFIED.,.F.,
  .F.,(2,2),(-1.446761672141E+03,-1.402082901218E+03),
  .PIECEWISE_BEZIER_KNOTS.);
#6222 = CARTESIAN_POINT('',(763.45756560509,-44.));
#6223 = CARTESIAN_POINT('',(771.21595275626,-2.273736754432E-13));
#6224 = ( GEOMETRIC_REPRESENTATION_CONTEXT(2) 
PARAMETRIC_REPRESENTATION_CONTEXT() REPRESENTATION_CONTEXT('2D SPACE',''
  ) );
#6225 = PCURVE('',#6099,#6226);
#6226 = DEFINITIONAL_REPRESENTATION('',(#6227),#6231);
#6227 = LINE('',#6228,#6229);
#6228 = CARTESIAN_POINT('',(47.,-1.389422286679E+03));
#6229 = VECTOR('',#6230,1.);
#6230 = DIRECTION('',(0.,-1.));
#6231 = ( GEOMETRIC_REPRESENTATION_CONTEXT(2) 
PARAMETRIC_REPRESENTATION_CONTEXT() REPRESENTATION_CONTEXT('2D SPACE',''
  ) );
#6232 = ADVANCED_FACE('',(#6233),#6099,.T.);
#6233 = FACE_BOUND('',#6234,.T.);
#6234 = EDGE_LOOP('',(#6235,#6236,#6237,#6238));
#6235 = ORIENTED_EDGE('',*,*,#6139,.T.);
#6236 = ORIENTED_EDGE('',*,*,#6086,.T.);
#6237 = ORIENTED_EDGE('',*,*,#6213,.F.);
#6238 = ORIENTED_EDGE('',*,*,#6187,.F.);
#6239 = BREP_WITH_VOIDS('',#6240,(#11489,#11811));
#6240 = CLOSED_SHELL('',(#6241,#7033,#7215,#7264,#7313,#7361,#7410,#7490
    ,#7539,#7650,#7699,#7779,#7827,#7876,#7925,#7974,#8023,#8071,#8120,
    #8200,#8249,#8360,#8409,#8489,#8537,#8586,#8635,#8684,#8819,#9074,
    #9105,#9152,#9179,#9206,#9213,#9268,#9323,#9378,#9433,#9488,#9543,
    #9598,#9653,#9785,#9834,#9929,#9954,#10086,#10133,#10228,#10255,
    #10259,#10294,#10329,#10333,#10337,#10372,#10407,#10411,#10438,
    #10465,#10472,#10499,#10526,#10533,#10588,#10643,#10698,#10753,
    #10788,#10823,#10858,#10893,#10948,#11003,#11058,#11113,#11148,
    #11183,#11218,#11253,#11308,#11363,#11418,#11473,#11477,#11481,
    #11485));
#6241 = ADVANCED_FACE('',(#6242),#6256,.F.);
#6242 = FACE_BOUND('',#6243,.F.);
#6243 = EDGE_LOOP('',(#6244,#6279,#6307,#6335,#6363,#6391,#6419,#6447,
    #6475,#6503,#6531,#6559,#6587,#6615,#6643,#6671,#6699,#6727,#6755,
    #6783,#6811,#6839,#6867,#6895,#6923,#6951,#6979,#7007));
#6244 = ORIENTED_EDGE('',*,*,#6245,.F.);
#6245 = EDGE_CURVE('',#6246,#6248,#6250,.T.);
#6246 = VERTEX_POINT('',#6247);
#6247 = CARTESIAN_POINT('',(435.,-738.066921234,2.375305034492E+03));
#6248 = VERTEX_POINT('',#6249);
#6249 = CARTESIAN_POINT('',(435.,-731.1209941273,2.414697344613E+03));
#6250 = SURFACE_CURVE('',#6251,(#6255,#6267),.PCURVE_S1.);
#6251 = LINE('',#6252,#6253);
#6252 = CARTESIAN_POINT('',(435.,-738.066921234,2.375305034492E+03));
#6253 = VECTOR('',#6254,1.);
#6254 = DIRECTION('',(0.,0.173648177667,0.984807753012));
#6255 = PCURVE('',#6256,#6261);
#6256 = PLANE('',#6257);
#6257 = AXIS2_PLACEMENT_3D('',#6258,#6259,#6260);
#6258 = CARTESIAN_POINT('',(435.,-738.066921234,2.375305034492E+03));
#6259 = DIRECTION('',(1.,0.,-0.));
#6260 = DIRECTION('',(0.,0.173648177667,0.984807753012));
#6261 = DEFINITIONAL_REPRESENTATION('',(#6262),#6266);
#6262 = LINE('',#6263,#6264);
#6263 = CARTESIAN_POINT('',(0.,0.));
#6264 = VECTOR('',#6265,1.);
#6265 = DIRECTION('',(1.,0.));
#6266 = ( GEOMETRIC_REPRESENTATION_CONTEXT(2) 
PARAMETRIC_REPRESENTATION_CONTEXT() REPRESENTATION_CONTEXT('2D SPACE',''
  ) );
#6267 = PCURVE('',#6268,#6273);
#6268 = PLANE('',#6269);
#6269 = AXIS2_PLACEMENT_3D('',#6270,#6271,#6272);
#6270 = CARTESIAN_POINT('',(435.,-738.066921234,2.375305034492E+03));
#6271 = DIRECTION('',(0.,0.984807753012,-0.173648177667));
#6272 = DIRECTION('',(0.,0.173648177667,0.984807753012));
#6273 = DEFINITIONAL_REPRESENTATION('',(#6274),#6278);
#6274 = LINE('',#6275,#6276);
#6275 = CARTESIAN_POINT('',(0.,0.));
#6276 = VECTOR('',#6277,1.);
#6277 = DIRECTION('',(1.,0.));
#6278 = ( GEOMETRIC_REPRESENTATION_CONTEXT(2) 
PARAMETRIC_REPRESENTATION_CONTEXT() REPRESENTATION_CONTEXT('2D SPACE',''
  ) );
#6279 = ORIENTED_EDGE('',*,*,#6280,.T.);
#6280 = EDGE_CURVE('',#6246,#6281,#6283,.T.);
#6281 = VERTEX_POINT('',#6282);
#6282 = CARTESIAN_POINT('',(435.,-233.4263822894,2.286323291917E+03));
#6283 = SURFACE_CURVE('',#6284,(#6288,#6295),.PCURVE_S1.);
#6284 = LINE('',#6285,#6286);
#6285 = CARTESIAN_POINT('',(435.,-738.066921234,2.375305034492E+03));
#6286 = VECTOR('',#6287,1.);
#6287 = DIRECTION('',(0.,0.984807753012,-0.173648177667));
#6288 = PCURVE('',#6256,#6289);
#6289 = DEFINITIONAL_REPRESENTATION('',(#6290),#6294);
#6290 = LINE('',#6291,#6292);
#6291 = CARTESIAN_POINT('',(0.,0.));
#6292 = VECTOR('',#6293,1.);
#6293 = DIRECTION('',(0.,-1.));
#6294 = ( GEOMETRIC_REPRESENTATION_CONTEXT(2) 
PARAMETRIC_REPRESENTATION_CONTEXT() REPRESENTATION_CONTEXT('2D SPACE',''
  ) );
#6295 = PCURVE('',#6296,#6301);
#6296 = PLANE('',#6297);
#6297 = AXIS2_PLACEMENT_3D('',#6298,#6299,#6300);
#6298 = CARTESIAN_POINT('',(435.,-738.066921234,2.375305034492E+03));
#6299 = DIRECTION('',(0.,0.173648177667,0.984807753012));
#6300 = DIRECTION('',(1.,0.,-0.));
#6301 = DEFINITIONAL_REPRESENTATION('',(#6302),#6306);
#6302 = LINE('',#6303,#6304);
#6303 = CARTESIAN_POINT('',(0.,0.));
#6304 = VECTOR('',#6305,1.);
#6305 = DIRECTION('',(0.,1.));
#6306 = ( GEOMETRIC_REPRESENTATION_CONTEXT(2) 
PARAMETRIC_REPRESENTATION_CONTEXT() REPRESENTATION_CONTEXT('2D SPACE',''
  ) );
#6307 = ORIENTED_EDGE('',*,*,#6308,.F.);
#6308 = EDGE_CURVE('',#6309,#6281,#6311,.T.);
#6309 = VERTEX_POINT('',#6310);
#6310 = CARTESIAN_POINT('',(435.,-234.4682713554,2.280414445399E+03));
#6311 = SURFACE_CURVE('',#6312,(#6316,#6323),.PCURVE_S1.);
#6312 = LINE('',#6313,#6314);
#6313 = CARTESIAN_POINT('',(435.,-234.4682713554,2.280414445399E+03));
#6314 = VECTOR('',#6315,1.);
#6315 = DIRECTION('',(0.,0.173648177667,0.984807753012));
#6316 = PCURVE('',#6256,#6317);
#6317 = DEFINITIONAL_REPRESENTATION('',(#6318),#6322);
#6318 = LINE('',#6319,#6320);
#6319 = CARTESIAN_POINT('',(-6.,-512.4254326807));
#6320 = VECTOR('',#6321,1.);
#6321 = DIRECTION('',(1.,0.));
#6322 = ( GEOMETRIC_REPRESENTATION_CONTEXT(2) 
PARAMETRIC_REPRESENTATION_CONTEXT() REPRESENTATION_CONTEXT('2D SPACE',''
  ) );
#6323 = PCURVE('',#6324,#6329);
#6324 = PLANE('',#6325);
#6325 = AXIS2_PLACEMENT_3D('',#6326,#6327,#6328);
#6326 = CARTESIAN_POINT('',(435.,-234.4682713554,2.280414445399E+03));
#6327 = DIRECTION('',(0.,0.984807753012,-0.173648177667));
#6328 = DIRECTION('',(0.,0.173648177667,0.984807753012));
#6329 = DEFINITIONAL_REPRESENTATION('',(#6330),#6334);
#6330 = LINE('',#6331,#6332);
#6331 = CARTESIAN_POINT('',(0.,0.));
#6332 = VECTOR('',#6333,1.);
#6333 = DIRECTION('',(1.,0.));
#6334 = ( GEOMETRIC_REPRESENTATION_CONTEXT(2) 
PARAMETRIC_REPRESENTATION_CONTEXT() REPRESENTATION_CONTEXT('2D SPACE',''
  ) );
#6335 = ORIENTED_EDGE('',*,*,#6336,.T.);
#6336 = EDGE_CURVE('',#6309,#6337,#6339,.T.);
#6337 = VERTEX_POINT('',#6338);
#6338 = CARTESIAN_POINT('',(435.,-225.,2.278744933698E+03));
#6339 = SURFACE_CURVE('',#6340,(#6344,#6351),.PCURVE_S1.);
#6340 = LINE('',#6341,#6342);
#6341 = CARTESIAN_POINT('',(435.,-234.4682713554,2.280414445399E+03));
#6342 = VECTOR('',#6343,1.);
#6343 = DIRECTION('',(0.,0.984807753012,-0.173648177667));
#6344 = PCURVE('',#6256,#6345);
#6345 = DEFINITIONAL_REPRESENTATION('',(#6346),#6350);
#6346 = LINE('',#6347,#6348);
#6347 = CARTESIAN_POINT('',(-6.,-512.4254326807));
#6348 = VECTOR('',#6349,1.);
#6349 = DIRECTION('',(0.,-1.));
#6350 = ( GEOMETRIC_REPRESENTATION_CONTEXT(2) 
PARAMETRIC_REPRESENTATION_CONTEXT() REPRESENTATION_CONTEXT('2D SPACE',''
  ) );
#6351 = PCURVE('',#6352,#6357);
#6352 = PLANE('',#6353);
#6353 = AXIS2_PLACEMENT_3D('',#6354,#6355,#6356);
#6354 = CARTESIAN_POINT('',(435.,-234.4682713554,2.280414445399E+03));
#6355 = DIRECTION('',(0.,0.173648177667,0.984807753012));
#6356 = DIRECTION('',(1.,0.,-0.));
#6357 = DEFINITIONAL_REPRESENTATION('',(#6358),#6362);
#6358 = LINE('',#6359,#6360);
#6359 = CARTESIAN_POINT('',(0.,0.));
#6360 = VECTOR('',#6361,1.);
#6361 = DIRECTION('',(0.,1.));
#6362 = ( GEOMETRIC_REPRESENTATION_CONTEXT(2) 
PARAMETRIC_REPRESENTATION_CONTEXT() REPRESENTATION_CONTEXT('2D SPACE',''
  ) );
#6363 = ORIENTED_EDGE('',*,*,#6364,.F.);
#6364 = EDGE_CURVE('',#6365,#6337,#6367,.T.);
#6365 = VERTEX_POINT('',#6366);
#6366 = CARTESIAN_POINT('',(435.,-225.,1.508E+03));
#6367 = SURFACE_CURVE('',#6368,(#6372,#6379),.PCURVE_S1.);
#6368 = LINE('',#6369,#6370);
#6369 = CARTESIAN_POINT('',(435.,-225.,1.508E+03));
#6370 = VECTOR('',#6371,1.);
#6371 = DIRECTION('',(0.,0.,1.));
#6372 = PCURVE('',#6256,#6373);
#6373 = DEFINITIONAL_REPRESENTATION('',(#6374),#6378);
#6374 = LINE('',#6375,#6376);
#6375 = CARTESIAN_POINT('',(-765.035586301,-655.8782205663));
#6376 = VECTOR('',#6377,1.);
#6377 = DIRECTION('',(0.984807753012,0.173648177667));
#6378 = ( GEOMETRIC_REPRESENTATION_CONTEXT(2) 
PARAMETRIC_REPRESENTATION_CONTEXT() REPRESENTATION_CONTEXT('2D SPACE',''
  ) );
#6379 = PCURVE('',#6380,#6385);
#6380 = PLANE('',#6381);
#6381 = AXIS2_PLACEMENT_3D('',#6382,#6383,#6384);
#6382 = CARTESIAN_POINT('',(435.,-225.,1.508E+03));
#6383 = DIRECTION('',(-0.,1.,0.));
#6384 = DIRECTION('',(0.,0.,1.));
#6385 = DEFINITIONAL_REPRESENTATION('',(#6386),#6390);
#6386 = LINE('',#6387,#6388);
#6387 = CARTESIAN_POINT('',(0.,0.));
#6388 = VECTOR('',#6389,1.);
#6389 = DIRECTION('',(1.,0.));
#6390 = ( GEOMETRIC_REPRESENTATION_CONTEXT(2) 
PARAMETRIC_REPRESENTATION_CONTEXT() REPRESENTATION_CONTEXT('2D SPACE',''
  ) );
#6391 = ORIENTED_EDGE('',*,*,#6392,.F.);
#6392 = EDGE_CURVE('',#6393,#6365,#6395,.T.);
#6393 = VERTEX_POINT('',#6394);
#6394 = CARTESIAN_POINT('',(435.,-250.,1.508E+03));
#6395 = SURFACE_CURVE('',#6396,(#6400,#6407),.PCURVE_S1.);
#6396 = LINE('',#6397,#6398);
#6397 = CARTESIAN_POINT('',(435.,-250.,1.508E+03));
#6398 = VECTOR('',#6399,1.);
#6399 = DIRECTION('',(-0.,1.,0.));
#6400 = PCURVE('',#6256,#6401);
#6401 = DEFINITIONAL_REPRESENTATION('',(#6402),#6406);
#6402 = LINE('',#6403,#6404);
#6403 = CARTESIAN_POINT('',(-769.3767907427,-631.2580267409));
#6404 = VECTOR('',#6405,1.);
#6405 = DIRECTION('',(0.173648177667,-0.984807753012));
#6406 = ( GEOMETRIC_REPRESENTATION_CONTEXT(2) 
PARAMETRIC_REPRESENTATION_CONTEXT() REPRESENTATION_CONTEXT('2D SPACE',''
  ) );
#6407 = PCURVE('',#6408,#6413);
#6408 = PLANE('',#6409);
#6409 = AXIS2_PLACEMENT_3D('',#6410,#6411,#6412);
#6410 = CARTESIAN_POINT('',(435.,-250.,1.508E+03));
#6411 = DIRECTION('',(0.,0.,1.));
#6412 = DIRECTION('',(1.,0.,-0.));
#6413 = DEFINITIONAL_REPRESENTATION('',(#6414),#6418);
#6414 = LINE('',#6415,#6416);
#6415 = CARTESIAN_POINT('',(0.,0.));
#6416 = VECTOR('',#6417,1.);
#6417 = DIRECTION('',(0.,1.));
#6418 = ( GEOMETRIC_REPRESENTATION_CONTEXT(2) 
PARAMETRIC_REPRESENTATION_CONTEXT() REPRESENTATION_CONTEXT('2D SPACE',''
  ) );
#6419 = ORIENTED_EDGE('',*,*,#6420,.F.);
#6420 = EDGE_CURVE('',#6421,#6393,#6423,.T.);
#6421 = VERTEX_POINT('',#6422);
#6422 = CARTESIAN_POINT('',(435.,-250.,1.5E+03));
#6423 = SURFACE_CURVE('',#6424,(#6428,#6435),.PCURVE_S1.);
#6424 = LINE('',#6425,#6426);
#6425 = CARTESIAN_POINT('',(435.,-250.,1.5E+03));
#6426 = VECTOR('',#6427,1.);
#6427 = DIRECTION('',(0.,0.,1.));
#6428 = PCURVE('',#6256,#6429);
#6429 = DEFINITIONAL_REPRESENTATION('',(#6430),#6434);
#6430 = LINE('',#6431,#6432);
#6431 = CARTESIAN_POINT('',(-777.2552527668,-632.6472121623));
#6432 = VECTOR('',#6433,1.);
#6433 = DIRECTION('',(0.984807753012,0.173648177667));
#6434 = ( GEOMETRIC_REPRESENTATION_CONTEXT(2) 
PARAMETRIC_REPRESENTATION_CONTEXT() REPRESENTATION_CONTEXT('2D SPACE',''
  ) );
#6435 = PCURVE('',#6436,#6441);
#6436 = PLANE('',#6437);
#6437 = AXIS2_PLACEMENT_3D('',#6438,#6439,#6440);
#6438 = CARTESIAN_POINT('',(435.,-250.,1.5E+03));
#6439 = DIRECTION('',(-0.,1.,0.));
#6440 = DIRECTION('',(0.,0.,1.));
#6441 = DEFINITIONAL_REPRESENTATION('',(#6442),#6446);
#6442 = LINE('',#6443,#6444);
#6443 = CARTESIAN_POINT('',(0.,0.));
#6444 = VECTOR('',#6445,1.);
#6445 = DIRECTION('',(1.,0.));
#6446 = ( GEOMETRIC_REPRESENTATION_CONTEXT(2) 
PARAMETRIC_REPRESENTATION_CONTEXT() REPRESENTATION_CONTEXT('2D SPACE',''
  ) );
#6447 = ORIENTED_EDGE('',*,*,#6448,.T.);
#6448 = EDGE_CURVE('',#6421,#6449,#6451,.T.);
#6449 = VERTEX_POINT('',#6450);
#6450 = CARTESIAN_POINT('',(435.,-150.,1.5E+03));
#6451 = SURFACE_CURVE('',#6452,(#6456,#6463),.PCURVE_S1.);
#6452 = LINE('',#6453,#6454);
#6453 = CARTESIAN_POINT('',(435.,-250.,1.5E+03));
#6454 = VECTOR('',#6455,1.);
#6455 = DIRECTION('',(-0.,1.,0.));
#6456 = PCURVE('',#6256,#6457);
#6457 = DEFINITIONAL_REPRESENTATION('',(#6458),#6462);
#6458 = LINE('',#6459,#6460);
#6459 = CARTESIAN_POINT('',(-777.2552527668,-632.6472121623));
#6460 = VECTOR('',#6461,1.);
#6461 = DIRECTION('',(0.173648177667,-0.984807753012));
#6462 = ( GEOMETRIC_REPRESENTATION_CONTEXT(2) 
PARAMETRIC_REPRESENTATION_CONTEXT() REPRESENTATION_CONTEXT('2D SPACE',''
  ) );
#6463 = PCURVE('',#6464,#6469);
#6464 = PLANE('',#6465);
#6465 = AXIS2_PLACEMENT_3D('',#6466,#6467,#6468);
#6466 = CARTESIAN_POINT('',(435.,-250.,1.5E+03));
#6467 = DIRECTION('',(0.,0.,1.));
#6468 = DIRECTION('',(1.,0.,-0.));
#6469 = DEFINITIONAL_REPRESENTATION('',(#6470),#6474);
#6470 = LINE('',#6471,#6472);
#6471 = CARTESIAN_POINT('',(0.,0.));
#6472 = VECTOR('',#6473,1.);
#6473 = DIRECTION('',(0.,1.));
#6474 = ( GEOMETRIC_REPRESENTATION_CONTEXT(2) 
PARAMETRIC_REPRESENTATION_CONTEXT() REPRESENTATION_CONTEXT('2D SPACE',''
  ) );
#6475 = ORIENTED_EDGE('',*,*,#6476,.T.);
#6476 = EDGE_CURVE('',#6449,#6477,#6479,.T.);
#6477 = VERTEX_POINT('',#6478);
#6478 = CARTESIAN_POINT('',(435.,-150.,1.508E+03));
#6479 = SURFACE_CURVE('',#6480,(#6484,#6491),.PCURVE_S1.);
#6480 = LINE('',#6481,#6482);
#6481 = CARTESIAN_POINT('',(435.,-150.,1.5E+03));
#6482 = VECTOR('',#6483,1.);
#6483 = DIRECTION('',(0.,0.,1.));
#6484 = PCURVE('',#6256,#6485);
#6485 = DEFINITIONAL_REPRESENTATION('',(#6486),#6490);
#6486 = LINE('',#6487,#6488);
#6487 = CARTESIAN_POINT('',(-759.8904350001,-731.1279874635));
#6488 = VECTOR('',#6489,1.);
#6489 = DIRECTION('',(0.984807753012,0.173648177667));
#6490 = ( GEOMETRIC_REPRESENTATION_CONTEXT(2) 
PARAMETRIC_REPRESENTATION_CONTEXT() REPRESENTATION_CONTEXT('2D SPACE',''
  ) );
#6491 = PCURVE('',#6492,#6497);
#6492 = PLANE('',#6493);
#6493 = AXIS2_PLACEMENT_3D('',#6494,#6495,#6496);
#6494 = CARTESIAN_POINT('',(435.,-150.,1.5E+03));
#6495 = DIRECTION('',(-0.,1.,0.));
#6496 = DIRECTION('',(0.,0.,1.));
#6497 = DEFINITIONAL_REPRESENTATION('',(#6498),#6502);
#6498 = LINE('',#6499,#6500);
#6499 = CARTESIAN_POINT('',(0.,0.));
#6500 = VECTOR('',#6501,1.);
#6501 = DIRECTION('',(1.,0.));
#6502 = ( GEOMETRIC_REPRESENTATION_CONTEXT(2) 
PARAMETRIC_REPRESENTATION_CONTEXT() REPRESENTATION_CONTEXT('2D SPACE',''
  ) );
#6503 = ORIENTED_EDGE('',*,*,#6504,.F.);
#6504 = EDGE_CURVE('',#6505,#6477,#6507,.T.);
#6505 = VERTEX_POINT('',#6506);
#6506 = CARTESIAN_POINT('',(435.,-175.,1.508E+03));
#6507 = SURFACE_CURVE('',#6508,(#6512,#6519),.PCURVE_S1.);
#6508 = LINE('',#6509,#6510);
#6509 = CARTESIAN_POINT('',(435.,-250.,1.508E+03));
#6510 = VECTOR('',#6511,1.);
#6511 = DIRECTION('',(-0.,1.,0.));
#6512 = PCURVE('',#6256,#6513);
#6513 = DEFINITIONAL_REPRESENTATION('',(#6514),#6518);
#6514 = LINE('',#6515,#6516);
#6515 = CARTESIAN_POINT('',(-769.3767907427,-631.2580267409));
#6516 = VECTOR('',#6517,1.);
#6517 = DIRECTION('',(0.173648177667,-0.984807753012));
#6518 = ( GEOMETRIC_REPRESENTATION_CONTEXT(2) 
PARAMETRIC_REPRESENTATION_CONTEXT() REPRESENTATION_CONTEXT('2D SPACE',''
  ) );
#6519 = PCURVE('',#6520,#6525);
#6520 = PLANE('',#6521);
#6521 = AXIS2_PLACEMENT_3D('',#6522,#6523,#6524);
#6522 = CARTESIAN_POINT('',(435.,-250.,1.508E+03));
#6523 = DIRECTION('',(0.,0.,1.));
#6524 = DIRECTION('',(1.,0.,-0.));
#6525 = DEFINITIONAL_REPRESENTATION('',(#6526),#6530);
#6526 = LINE('',#6527,#6528);
#6527 = CARTESIAN_POINT('',(0.,0.));
#6528 = VECTOR('',#6529,1.);
#6529 = DIRECTION('',(0.,1.));
#6530 = ( GEOMETRIC_REPRESENTATION_CONTEXT(2) 
PARAMETRIC_REPRESENTATION_CONTEXT() REPRESENTATION_CONTEXT('2D SPACE',''
  ) );
#6531 = ORIENTED_EDGE('',*,*,#6532,.T.);
#6532 = EDGE_CURVE('',#6505,#6533,#6535,.T.);
#6533 = VERTEX_POINT('',#6534);
#6534 = CARTESIAN_POINT('',(435.,-175.,2.269928584663E+03));
#6535 = SURFACE_CURVE('',#6536,(#6540,#6547),.PCURVE_S1.);
#6536 = LINE('',#6537,#6538);
#6537 = CARTESIAN_POINT('',(435.,-175.,1.508E+03));
#6538 = VECTOR('',#6539,1.);
#6539 = DIRECTION('',(0.,0.,1.));
#6540 = PCURVE('',#6256,#6541);
#6541 = DEFINITIONAL_REPRESENTATION('',(#6542),#6546);
#6542 = LINE('',#6543,#6544);
#6543 = CARTESIAN_POINT('',(-756.3531774177,-705.1186082169));
#6544 = VECTOR('',#6545,1.);
#6545 = DIRECTION('',(0.984807753012,0.173648177667));
#6546 = ( GEOMETRIC_REPRESENTATION_CONTEXT(2) 
PARAMETRIC_REPRESENTATION_CONTEXT() REPRESENTATION_CONTEXT('2D SPACE',''
  ) );
#6547 = PCURVE('',#6548,#6553);
#6548 = PLANE('',#6549);
#6549 = AXIS2_PLACEMENT_3D('',#6550,#6551,#6552);
#6550 = CARTESIAN_POINT('',(435.,-175.,1.508E+03));
#6551 = DIRECTION('',(-0.,1.,0.));
#6552 = DIRECTION('',(0.,0.,1.));
#6553 = DEFINITIONAL_REPRESENTATION('',(#6554),#6558);
#6554 = LINE('',#6555,#6556);
#6555 = CARTESIAN_POINT('',(0.,0.));
#6556 = VECTOR('',#6557,1.);
#6557 = DIRECTION('',(1.,0.));
#6558 = ( GEOMETRIC_REPRESENTATION_CONTEXT(2) 
PARAMETRIC_REPRESENTATION_CONTEXT() REPRESENTATION_CONTEXT('2D SPACE',''
  ) );
#6559 = ORIENTED_EDGE('',*,*,#6560,.T.);
#6560 = EDGE_CURVE('',#6533,#6561,#6563,.T.);
#6561 = VERTEX_POINT('',#6562);
#6562 = CARTESIAN_POINT('',(435.,-165.5317286445,2.268259072962E+03));
#6563 = SURFACE_CURVE('',#6564,(#6568,#6575),.PCURVE_S1.);
#6564 = LINE('',#6565,#6566);
#6565 = CARTESIAN_POINT('',(435.,-234.4682713554,2.280414445399E+03));
#6566 = VECTOR('',#6567,1.);
#6567 = DIRECTION('',(0.,0.984807753012,-0.173648177667));
#6568 = PCURVE('',#6256,#6569);
#6569 = DEFINITIONAL_REPRESENTATION('',(#6570),#6574);
#6570 = LINE('',#6571,#6572);
#6571 = CARTESIAN_POINT('',(-6.,-512.4254326807));
#6572 = VECTOR('',#6573,1.);
#6573 = DIRECTION('',(0.,-1.));
#6574 = ( GEOMETRIC_REPRESENTATION_CONTEXT(2) 
PARAMETRIC_REPRESENTATION_CONTEXT() REPRESENTATION_CONTEXT('2D SPACE',''
  ) );
#6575 = PCURVE('',#6576,#6581);
#6576 = PLANE('',#6577);
#6577 = AXIS2_PLACEMENT_3D('',#6578,#6579,#6580);
#6578 = CARTESIAN_POINT('',(435.,-234.4682713554,2.280414445399E+03));
#6579 = DIRECTION('',(0.,0.173648177667,0.984807753012));
#6580 = DIRECTION('',(1.,0.,-0.));
#6581 = DEFINITIONAL_REPRESENTATION('',(#6582),#6586);
#6582 = LINE('',#6583,#6584);
#6583 = CARTESIAN_POINT('',(0.,0.));
#6584 = VECTOR('',#6585,1.);
#6585 = DIRECTION('',(0.,1.));
#6586 = ( GEOMETRIC_REPRESENTATION_CONTEXT(2) 
PARAMETRIC_REPRESENTATION_CONTEXT() REPRESENTATION_CONTEXT('2D SPACE',''
  ) );
#6587 = ORIENTED_EDGE('',*,*,#6588,.T.);
#6588 = EDGE_CURVE('',#6561,#6589,#6591,.T.);
#6589 = VERTEX_POINT('',#6590);
#6590 = CARTESIAN_POINT('',(435.,-164.4898395785,2.27416791948E+03));
#6591 = SURFACE_CURVE('',#6592,(#6596,#6603),.PCURVE_S1.);
#6592 = LINE('',#6593,#6594);
#6593 = CARTESIAN_POINT('',(435.,-165.5317286445,2.268259072962E+03));
#6594 = VECTOR('',#6595,1.);
#6595 = DIRECTION('',(0.,0.173648177667,0.984807753012));
#6596 = PCURVE('',#6256,#6597);
#6597 = DEFINITIONAL_REPRESENTATION('',(#6598),#6602);
#6598 = LINE('',#6599,#6600);
#6599 = CARTESIAN_POINT('',(-6.,-582.4254326807));
#6600 = VECTOR('',#6601,1.);
#6601 = DIRECTION('',(1.,0.));
#6602 = ( GEOMETRIC_REPRESENTATION_CONTEXT(2) 
PARAMETRIC_REPRESENTATION_CONTEXT() REPRESENTATION_CONTEXT('2D SPACE',''
  ) );
#6603 = PCURVE('',#6604,#6609);
#6604 = PLANE('',#6605);
#6605 = AXIS2_PLACEMENT_3D('',#6606,#6607,#6608);
#6606 = CARTESIAN_POINT('',(435.,-165.5317286445,2.268259072962E+03));
#6607 = DIRECTION('',(0.,0.984807753012,-0.173648177667));
#6608 = DIRECTION('',(0.,0.173648177667,0.984807753012));
#6609 = DEFINITIONAL_REPRESENTATION('',(#6610),#6614);
#6610 = LINE('',#6611,#6612);
#6611 = CARTESIAN_POINT('',(0.,0.));
#6612 = VECTOR('',#6613,1.);
#6613 = DIRECTION('',(1.,0.));
#6614 = ( GEOMETRIC_REPRESENTATION_CONTEXT(2) 
PARAMETRIC_REPRESENTATION_CONTEXT() REPRESENTATION_CONTEXT('2D SPACE',''
  ) );
#6615 = ORIENTED_EDGE('',*,*,#6616,.T.);
#6616 = EDGE_CURVE('',#6589,#6617,#6619,.T.);
#6617 = VERTEX_POINT('',#6618);
#6618 = CARTESIAN_POINT('',(435.,166.57361771057,2.215792499634E+03));
#6619 = SURFACE_CURVE('',#6620,(#6624,#6631),.PCURVE_S1.);
#6620 = LINE('',#6621,#6622);
#6621 = CARTESIAN_POINT('',(435.,-738.066921234,2.375305034492E+03));
#6622 = VECTOR('',#6623,1.);
#6623 = DIRECTION('',(0.,0.984807753012,-0.173648177667));
#6624 = PCURVE('',#6256,#6625);
#6625 = DEFINITIONAL_REPRESENTATION('',(#6626),#6630);
#6626 = LINE('',#6627,#6628);
#6627 = CARTESIAN_POINT('',(0.,0.));
#6628 = VECTOR('',#6629,1.);
#6629 = DIRECTION('',(0.,-1.));
#6630 = ( GEOMETRIC_REPRESENTATION_CONTEXT(2) 
PARAMETRIC_REPRESENTATION_CONTEXT() REPRESENTATION_CONTEXT('2D SPACE',''
  ) );
#6631 = PCURVE('',#6632,#6637);
#6632 = PLANE('',#6633);
#6633 = AXIS2_PLACEMENT_3D('',#6634,#6635,#6636);
#6634 = CARTESIAN_POINT('',(435.,-738.066921234,2.375305034492E+03));
#6635 = DIRECTION('',(0.,0.173648177667,0.984807753012));
#6636 = DIRECTION('',(1.,0.,-0.));
#6637 = DEFINITIONAL_REPRESENTATION('',(#6638),#6642);
#6638 = LINE('',#6639,#6640);
#6639 = CARTESIAN_POINT('',(0.,0.));
#6640 = VECTOR('',#6641,1.);
#6641 = DIRECTION('',(0.,1.));
#6642 = ( GEOMETRIC_REPRESENTATION_CONTEXT(2) 
PARAMETRIC_REPRESENTATION_CONTEXT() REPRESENTATION_CONTEXT('2D SPACE',''
  ) );
#6643 = ORIENTED_EDGE('',*,*,#6644,.F.);
#6644 = EDGE_CURVE('',#6645,#6617,#6647,.T.);
#6645 = VERTEX_POINT('',#6646);
#6646 = CARTESIAN_POINT('',(435.,165.53172864457,2.209883653116E+03));
#6647 = SURFACE_CURVE('',#6648,(#6652,#6659),.PCURVE_S1.);
#6648 = LINE('',#6649,#6650);
#6649 = CARTESIAN_POINT('',(435.,165.53172864457,2.209883653116E+03));
#6650 = VECTOR('',#6651,1.);
#6651 = DIRECTION('',(0.,0.173648177667,0.984807753012));
#6652 = PCURVE('',#6256,#6653);
#6653 = DEFINITIONAL_REPRESENTATION('',(#6654),#6658);
#6654 = LINE('',#6655,#6656);
#6655 = CARTESIAN_POINT('',(-6.,-918.5960774349));
#6656 = VECTOR('',#6657,1.);
#6657 = DIRECTION('',(1.,0.));
#6658 = ( GEOMETRIC_REPRESENTATION_CONTEXT(2) 
PARAMETRIC_REPRESENTATION_CONTEXT() REPRESENTATION_CONTEXT('2D SPACE',''
  ) );
#6659 = PCURVE('',#6660,#6665);
#6660 = PLANE('',#6661);
#6661 = AXIS2_PLACEMENT_3D('',#6662,#6663,#6664);
#6662 = CARTESIAN_POINT('',(435.,165.53172864457,2.209883653116E+03));
#6663 = DIRECTION('',(0.,0.984807753012,-0.173648177667));
#6664 = DIRECTION('',(0.,0.173648177667,0.984807753012));
#6665 = DEFINITIONAL_REPRESENTATION('',(#6666),#6670);
#6666 = LINE('',#6667,#6668);
#6667 = CARTESIAN_POINT('',(0.,0.));
#6668 = VECTOR('',#6669,1.);
#6669 = DIRECTION('',(1.,0.));
#6670 = ( GEOMETRIC_REPRESENTATION_CONTEXT(2) 
PARAMETRIC_REPRESENTATION_CONTEXT() REPRESENTATION_CONTEXT('2D SPACE',''
  ) );
#6671 = ORIENTED_EDGE('',*,*,#6672,.T.);
#6672 = EDGE_CURVE('',#6645,#6673,#6675,.T.);
#6673 = VERTEX_POINT('',#6674);
#6674 = CARTESIAN_POINT('',(435.,175.,2.208214141415E+03));
#6675 = SURFACE_CURVE('',#6676,(#6680,#6687),.PCURVE_S1.);
#6676 = LINE('',#6677,#6678);
#6677 = CARTESIAN_POINT('',(435.,165.53172864457,2.209883653116E+03));
#6678 = VECTOR('',#6679,1.);
#6679 = DIRECTION('',(0.,0.984807753012,-0.173648177667));
#6680 = PCURVE('',#6256,#6681);
#6681 = DEFINITIONAL_REPRESENTATION('',(#6682),#6686);
#6682 = LINE('',#6683,#6684);
#6683 = CARTESIAN_POINT('',(-6.,-918.5960774349));
#6684 = VECTOR('',#6685,1.);
#6685 = DIRECTION('',(0.,-1.));
#6686 = ( GEOMETRIC_REPRESENTATION_CONTEXT(2) 
PARAMETRIC_REPRESENTATION_CONTEXT() REPRESENTATION_CONTEXT('2D SPACE',''
  ) );
#6687 = PCURVE('',#6688,#6693);
#6688 = PLANE('',#6689);
#6689 = AXIS2_PLACEMENT_3D('',#6690,#6691,#6692);
#6690 = CARTESIAN_POINT('',(435.,165.53172864457,2.209883653116E+03));
#6691 = DIRECTION('',(0.,0.173648177667,0.984807753012));
#6692 = DIRECTION('',(1.,0.,-0.));
#6693 = DEFINITIONAL_REPRESENTATION('',(#6694),#6698);
#6694 = LINE('',#6695,#6696);
#6695 = CARTESIAN_POINT('',(0.,0.));
#6696 = VECTOR('',#6697,1.);
#6697 = DIRECTION('',(0.,1.));
#6698 = ( GEOMETRIC_REPRESENTATION_CONTEXT(2) 
PARAMETRIC_REPRESENTATION_CONTEXT() REPRESENTATION_CONTEXT('2D SPACE',''
  ) );
#6699 = ORIENTED_EDGE('',*,*,#6700,.F.);
#6700 = EDGE_CURVE('',#6701,#6673,#6703,.T.);
#6701 = VERTEX_POINT('',#6702);
#6702 = CARTESIAN_POINT('',(435.,175.,1.508E+03));
#6703 = SURFACE_CURVE('',#6704,(#6708,#6715),.PCURVE_S1.);
#6704 = LINE('',#6705,#6706);
#6705 = CARTESIAN_POINT('',(435.,175.,1.508E+03));
#6706 = VECTOR('',#6707,1.);
#6707 = DIRECTION('',(0.,0.,1.));
#6708 = PCURVE('',#6256,#6709);
#6709 = DEFINITIONAL_REPRESENTATION('',(#6710),#6714);
#6710 = LINE('',#6711,#6712);
#6711 = CARTESIAN_POINT('',(-695.5763152342,-1.049801321771E+03));
#6712 = VECTOR('',#6713,1.);
#6713 = DIRECTION('',(0.984807753012,0.173648177667));
#6714 = ( GEOMETRIC_REPRESENTATION_CONTEXT(2) 
PARAMETRIC_REPRESENTATION_CONTEXT() REPRESENTATION_CONTEXT('2D SPACE',''
  ) );
#6715 = PCURVE('',#6716,#6721);
#6716 = PLANE('',#6717);
#6717 = AXIS2_PLACEMENT_3D('',#6718,#6719,#6720);
#6718 = CARTESIAN_POINT('',(435.,175.,1.508E+03));
#6719 = DIRECTION('',(-0.,1.,0.));
#6720 = DIRECTION('',(0.,0.,1.));
#6721 = DEFINITIONAL_REPRESENTATION('',(#6722),#6726);
#6722 = LINE('',#6723,#6724);
#6723 = CARTESIAN_POINT('',(0.,0.));
#6724 = VECTOR('',#6725,1.);
#6725 = DIRECTION('',(1.,0.));
#6726 = ( GEOMETRIC_REPRESENTATION_CONTEXT(2) 
PARAMETRIC_REPRESENTATION_CONTEXT() REPRESENTATION_CONTEXT('2D SPACE',''
  ) );
#6727 = ORIENTED_EDGE('',*,*,#6728,.F.);
#6728 = EDGE_CURVE('',#6729,#6701,#6731,.T.);
#6729 = VERTEX_POINT('',#6730);
#6730 = CARTESIAN_POINT('',(435.,150.,1.508E+03));
#6731 = SURFACE_CURVE('',#6732,(#6736,#6743),.PCURVE_S1.);
#6732 = LINE('',#6733,#6734);
#6733 = CARTESIAN_POINT('',(435.,150.,1.508E+03));
#6734 = VECTOR('',#6735,1.);
#6735 = DIRECTION('',(-0.,1.,0.));
#6736 = PCURVE('',#6256,#6737);
#6737 = DEFINITIONAL_REPRESENTATION('',(#6738),#6742);
#6738 = LINE('',#6739,#6740);
#6739 = CARTESIAN_POINT('',(-699.9175196759,-1.025181127946E+03));
#6740 = VECTOR('',#6741,1.);
#6741 = DIRECTION('',(0.173648177667,-0.984807753012));
#6742 = ( GEOMETRIC_REPRESENTATION_CONTEXT(2) 
PARAMETRIC_REPRESENTATION_CONTEXT() REPRESENTATION_CONTEXT('2D SPACE',''
  ) );
#6743 = PCURVE('',#6744,#6749);
#6744 = PLANE('',#6745);
#6745 = AXIS2_PLACEMENT_3D('',#6746,#6747,#6748);
#6746 = CARTESIAN_POINT('',(435.,150.,1.508E+03));
#6747 = DIRECTION('',(0.,0.,1.));
#6748 = DIRECTION('',(1.,0.,-0.));
#6749 = DEFINITIONAL_REPRESENTATION('',(#6750),#6754);
#6750 = LINE('',#6751,#6752);
#6751 = CARTESIAN_POINT('',(0.,0.));
#6752 = VECTOR('',#6753,1.);
#6753 = DIRECTION('',(0.,1.));
#6754 = ( GEOMETRIC_REPRESENTATION_CONTEXT(2) 
PARAMETRIC_REPRESENTATION_CONTEXT() REPRESENTATION_CONTEXT('2D SPACE',''
  ) );
#6755 = ORIENTED_EDGE('',*,*,#6756,.F.);
#6756 = EDGE_CURVE('',#6757,#6729,#6759,.T.);
#6757 = VERTEX_POINT('',#6758);
#6758 = CARTESIAN_POINT('',(435.,150.,1.5E+03));
#6759 = SURFACE_CURVE('',#6760,(#6764,#6771),.PCURVE_S1.);
#6760 = LINE('',#6761,#6762);
#6761 = CARTESIAN_POINT('',(435.,150.,1.5E+03));
#6762 = VECTOR('',#6763,1.);
#6763 = DIRECTION('',(0.,0.,1.));
#6764 = PCURVE('',#6256,#6765);
#6765 = DEFINITIONAL_REPRESENTATION('',(#6766),#6770);
#6766 = LINE('',#6767,#6768);
#6767 = CARTESIAN_POINT('',(-707.7959817,-1.026570313367E+03));
#6768 = VECTOR('',#6769,1.);
#6769 = DIRECTION('',(0.984807753012,0.173648177667));
#6770 = ( GEOMETRIC_REPRESENTATION_CONTEXT(2) 
PARAMETRIC_REPRESENTATION_CONTEXT() REPRESENTATION_CONTEXT('2D SPACE',''
  ) );
#6771 = PCURVE('',#6772,#6777);
#6772 = PLANE('',#6773);
#6773 = AXIS2_PLACEMENT_3D('',#6774,#6775,#6776);
#6774 = CARTESIAN_POINT('',(435.,150.,1.5E+03));
#6775 = DIRECTION('',(-0.,1.,0.));
#6776 = DIRECTION('',(0.,0.,1.));
#6777 = DEFINITIONAL_REPRESENTATION('',(#6778),#6782);
#6778 = LINE('',#6779,#6780);
#6779 = CARTESIAN_POINT('',(0.,0.));
#6780 = VECTOR('',#6781,1.);
#6781 = DIRECTION('',(1.,0.));
#6782 = ( GEOMETRIC_REPRESENTATION_CONTEXT(2) 
PARAMETRIC_REPRESENTATION_CONTEXT() REPRESENTATION_CONTEXT('2D SPACE',''
  ) );
#6783 = ORIENTED_EDGE('',*,*,#6784,.T.);
#6784 = EDGE_CURVE('',#6757,#6785,#6787,.T.);
#6785 = VERTEX_POINT('',#6786);
#6786 = CARTESIAN_POINT('',(435.,250.,1.5E+03));
#6787 = SURFACE_CURVE('',#6788,(#6792,#6799),.PCURVE_S1.);
#6788 = LINE('',#6789,#6790);
#6789 = CARTESIAN_POINT('',(435.,150.,1.5E+03));
#6790 = VECTOR('',#6791,1.);
#6791 = DIRECTION('',(-0.,1.,0.));
#6792 = PCURVE('',#6256,#6793);
#6793 = DEFINITIONAL_REPRESENTATION('',(#6794),#6798);
#6794 = LINE('',#6795,#6796);
#6795 = CARTESIAN_POINT('',(-707.7959817,-1.026570313367E+03));
#6796 = VECTOR('',#6797,1.);
#6797 = DIRECTION('',(0.173648177667,-0.984807753012));
#6798 = ( GEOMETRIC_REPRESENTATION_CONTEXT(2) 
PARAMETRIC_REPRESENTATION_CONTEXT() REPRESENTATION_CONTEXT('2D SPACE',''
  ) );
#6799 = PCURVE('',#6800,#6805);
#6800 = PLANE('',#6801);
#6801 = AXIS2_PLACEMENT_3D('',#6802,#6803,#6804);
#6802 = CARTESIAN_POINT('',(435.,150.,1.5E+03));
#6803 = DIRECTION('',(0.,0.,1.));
#6804 = DIRECTION('',(1.,0.,-0.));
#6805 = DEFINITIONAL_REPRESENTATION('',(#6806),#6810);
#6806 = LINE('',#6807,#6808);
#6807 = CARTESIAN_POINT('',(0.,0.));
#6808 = VECTOR('',#6809,1.);
#6809 = DIRECTION('',(0.,1.));
#6810 = ( GEOMETRIC_REPRESENTATION_CONTEXT(2) 
PARAMETRIC_REPRESENTATION_CONTEXT() REPRESENTATION_CONTEXT('2D SPACE',''
  ) );
#6811 = ORIENTED_EDGE('',*,*,#6812,.T.);
#6812 = EDGE_CURVE('',#6785,#6813,#6815,.T.);
#6813 = VERTEX_POINT('',#6814);
#6814 = CARTESIAN_POINT('',(435.,250.,1.508E+03));
#6815 = SURFACE_CURVE('',#6816,(#6820,#6827),.PCURVE_S1.);
#6816 = LINE('',#6817,#6818);
#6817 = CARTESIAN_POINT('',(435.,250.,1.5E+03));
#6818 = VECTOR('',#6819,1.);
#6819 = DIRECTION('',(0.,0.,1.));
#6820 = PCURVE('',#6256,#6821);
#6821 = DEFINITIONAL_REPRESENTATION('',(#6822),#6826);
#6822 = LINE('',#6823,#6824);
#6823 = CARTESIAN_POINT('',(-690.4311639333,-1.125051088668E+03));
#6824 = VECTOR('',#6825,1.);
#6825 = DIRECTION('',(0.984807753012,0.173648177667));
#6826 = ( GEOMETRIC_REPRESENTATION_CONTEXT(2) 
PARAMETRIC_REPRESENTATION_CONTEXT() REPRESENTATION_CONTEXT('2D SPACE',''
  ) );
#6827 = PCURVE('',#6828,#6833);
#6828 = PLANE('',#6829);
#6829 = AXIS2_PLACEMENT_3D('',#6830,#6831,#6832);
#6830 = CARTESIAN_POINT('',(435.,250.,1.5E+03));
#6831 = DIRECTION('',(-0.,1.,0.));
#6832 = DIRECTION('',(0.,0.,1.));
#6833 = DEFINITIONAL_REPRESENTATION('',(#6834),#6838);
#6834 = LINE('',#6835,#6836);
#6835 = CARTESIAN_POINT('',(0.,0.));
#6836 = VECTOR('',#6837,1.);
#6837 = DIRECTION('',(1.,0.));
#6838 = ( GEOMETRIC_REPRESENTATION_CONTEXT(2) 
PARAMETRIC_REPRESENTATION_CONTEXT() REPRESENTATION_CONTEXT('2D SPACE',''
  ) );
#6839 = ORIENTED_EDGE('',*,*,#6840,.F.);
#6840 = EDGE_CURVE('',#6841,#6813,#6843,.T.);
#6841 = VERTEX_POINT('',#6842);
#6842 = CARTESIAN_POINT('',(435.,225.,1.508E+03));
#6843 = SURFACE_CURVE('',#6844,(#6848,#6855),.PCURVE_S1.);
#6844 = LINE('',#6845,#6846);
#6845 = CARTESIAN_POINT('',(435.,150.,1.508E+03));
#6846 = VECTOR('',#6847,1.);
#6847 = DIRECTION('',(-0.,1.,0.));
#6848 = PCURVE('',#6256,#6849);
#6849 = DEFINITIONAL_REPRESENTATION('',(#6850),#6854);
#6850 = LINE('',#6851,#6852);
#6851 = CARTESIAN_POINT('',(-699.9175196759,-1.025181127946E+03));
#6852 = VECTOR('',#6853,1.);
#6853 = DIRECTION('',(0.173648177667,-0.984807753012));
#6854 = ( GEOMETRIC_REPRESENTATION_CONTEXT(2) 
PARAMETRIC_REPRESENTATION_CONTEXT() REPRESENTATION_CONTEXT('2D SPACE',''
  ) );
#6855 = PCURVE('',#6856,#6861);
#6856 = PLANE('',#6857);
#6857 = AXIS2_PLACEMENT_3D('',#6858,#6859,#6860);
#6858 = CARTESIAN_POINT('',(435.,150.,1.508E+03));
#6859 = DIRECTION('',(0.,0.,1.));
#6860 = DIRECTION('',(1.,0.,-0.));
#6861 = DEFINITIONAL_REPRESENTATION('',(#6862),#6866);
#6862 = LINE('',#6863,#6864);
#6863 = CARTESIAN_POINT('',(0.,0.));
#6864 = VECTOR('',#6865,1.);
#6865 = DIRECTION('',(0.,1.));
#6866 = ( GEOMETRIC_REPRESENTATION_CONTEXT(2) 
PARAMETRIC_REPRESENTATION_CONTEXT() REPRESENTATION_CONTEXT('2D SPACE',''
  ) );
#6867 = ORIENTED_EDGE('',*,*,#6868,.T.);
#6868 = EDGE_CURVE('',#6841,#6869,#6871,.T.);
#6869 = VERTEX_POINT('',#6870);
#6870 = CARTESIAN_POINT('',(435.,225.,2.19939779238E+03));
#6871 = SURFACE_CURVE('',#6872,(#6876,#6883),.PCURVE_S1.);
#6872 = LINE('',#6873,#6874);
#6873 = CARTESIAN_POINT('',(435.,225.,1.508E+03));
#6874 = VECTOR('',#6875,1.);
#6875 = DIRECTION('',(0.,0.,1.));
#6876 = PCURVE('',#6256,#6877);
#6877 = DEFINITIONAL_REPRESENTATION('',(#6878),#6882);
#6878 = LINE('',#6879,#6880);
#6879 = CARTESIAN_POINT('',(-686.8939063509,-1.099041709422E+03));
#6880 = VECTOR('',#6881,1.);
#6881 = DIRECTION('',(0.984807753012,0.173648177667));
#6882 = ( GEOMETRIC_REPRESENTATION_CONTEXT(2) 
PARAMETRIC_REPRESENTATION_CONTEXT() REPRESENTATION_CONTEXT('2D SPACE',''
  ) );
#6883 = PCURVE('',#6884,#6889);
#6884 = PLANE('',#6885);
#6885 = AXIS2_PLACEMENT_3D('',#6886,#6887,#6888);
#6886 = CARTESIAN_POINT('',(435.,225.,1.508E+03));
#6887 = DIRECTION('',(-0.,1.,0.));
#6888 = DIRECTION('',(0.,0.,1.));
#6889 = DEFINITIONAL_REPRESENTATION('',(#6890),#6894);
#6890 = LINE('',#6891,#6892);
#6891 = CARTESIAN_POINT('',(0.,0.));
#6892 = VECTOR('',#6893,1.);
#6893 = DIRECTION('',(1.,0.));
#6894 = ( GEOMETRIC_REPRESENTATION_CONTEXT(2) 
PARAMETRIC_REPRESENTATION_CONTEXT() REPRESENTATION_CONTEXT('2D SPACE',''
  ) );
#6895 = ORIENTED_EDGE('',*,*,#6896,.T.);
#6896 = EDGE_CURVE('',#6869,#6897,#6899,.T.);
#6897 = VERTEX_POINT('',#6898);
#6898 = CARTESIAN_POINT('',(435.,234.46827135542,2.197728280679E+03));
#6899 = SURFACE_CURVE('',#6900,(#6904,#6911),.PCURVE_S1.);
#6900 = LINE('',#6901,#6902);
#6901 = CARTESIAN_POINT('',(435.,165.53172864457,2.209883653116E+03));
#6902 = VECTOR('',#6903,1.);
#6903 = DIRECTION('',(0.,0.984807753012,-0.173648177667));
#6904 = PCURVE('',#6256,#6905);
#6905 = DEFINITIONAL_REPRESENTATION('',(#6906),#6910);
#6906 = LINE('',#6907,#6908);
#6907 = CARTESIAN_POINT('',(-6.,-918.5960774349));
#6908 = VECTOR('',#6909,1.);
#6909 = DIRECTION('',(0.,-1.));
#6910 = ( GEOMETRIC_REPRESENTATION_CONTEXT(2) 
PARAMETRIC_REPRESENTATION_CONTEXT() REPRESENTATION_CONTEXT('2D SPACE',''
  ) );
#6911 = PCURVE('',#6912,#6917);
#6912 = PLANE('',#6913);
#6913 = AXIS2_PLACEMENT_3D('',#6914,#6915,#6916);
#6914 = CARTESIAN_POINT('',(435.,165.53172864457,2.209883653116E+03));
#6915 = DIRECTION('',(0.,0.173648177667,0.984807753012));
#6916 = DIRECTION('',(1.,0.,-0.));
#6917 = DEFINITIONAL_REPRESENTATION('',(#6918),#6922);
#6918 = LINE('',#6919,#6920);
#6919 = CARTESIAN_POINT('',(0.,0.));
#6920 = VECTOR('',#6921,1.);
#6921 = DIRECTION('',(0.,1.));
#6922 = ( GEOMETRIC_REPRESENTATION_CONTEXT(2) 
PARAMETRIC_REPRESENTATION_CONTEXT() REPRESENTATION_CONTEXT('2D SPACE',''
  ) );
#6923 = ORIENTED_EDGE('',*,*,#6924,.T.);
#6924 = EDGE_CURVE('',#6897,#6925,#6927,.T.);
#6925 = VERTEX_POINT('',#6926);
#6926 = CARTESIAN_POINT('',(435.,235.51016042142,2.203637127197E+03));
#6927 = SURFACE_CURVE('',#6928,(#6932,#6939),.PCURVE_S1.);
#6928 = LINE('',#6929,#6930);
#6929 = CARTESIAN_POINT('',(435.,234.46827135542,2.197728280679E+03));
#6930 = VECTOR('',#6931,1.);
#6931 = DIRECTION('',(0.,0.173648177667,0.984807753012));
#6932 = PCURVE('',#6256,#6933);
#6933 = DEFINITIONAL_REPRESENTATION('',(#6934),#6938);
#6934 = LINE('',#6935,#6936);
#6935 = CARTESIAN_POINT('',(-6.,-988.5960774349));
#6936 = VECTOR('',#6937,1.);
#6937 = DIRECTION('',(1.,0.));
#6938 = ( GEOMETRIC_REPRESENTATION_CONTEXT(2) 
PARAMETRIC_REPRESENTATION_CONTEXT() REPRESENTATION_CONTEXT('2D SPACE',''
  ) );
#6939 = PCURVE('',#6940,#6945);
#6940 = PLANE('',#6941);
#6941 = AXIS2_PLACEMENT_3D('',#6942,#6943,#6944);
#6942 = CARTESIAN_POINT('',(435.,234.46827135542,2.197728280679E+03));
#6943 = DIRECTION('',(0.,0.984807753012,-0.173648177667));
#6944 = DIRECTION('',(0.,0.173648177667,0.984807753012));
#6945 = DEFINITIONAL_REPRESENTATION('',(#6946),#6950);
#6946 = LINE('',#6947,#6948);
#6947 = CARTESIAN_POINT('',(0.,0.));
#6948 = VECTOR('',#6949,1.);
#6949 = DIRECTION('',(1.,0.));
#6950 = ( GEOMETRIC_REPRESENTATION_CONTEXT(2) 
PARAMETRIC_REPRESENTATION_CONTEXT() REPRESENTATION_CONTEXT('2D SPACE',''
  ) );
#6951 = ORIENTED_EDGE('',*,*,#6952,.T.);
#6952 = EDGE_CURVE('',#6925,#6953,#6955,.T.);
#6953 = VERTEX_POINT('',#6954);
#6954 = CARTESIAN_POINT('',(435.,418.09738080231,2.171442073911E+03));
#6955 = SURFACE_CURVE('',#6956,(#6960,#6967),.PCURVE_S1.);
#6956 = LINE('',#6957,#6958);
#6957 = CARTESIAN_POINT('',(435.,-738.066921234,2.375305034492E+03));
#6958 = VECTOR('',#6959,1.);
#6959 = DIRECTION('',(0.,0.984807753012,-0.173648177667));
#6960 = PCURVE('',#6256,#6961);
#6961 = DEFINITIONAL_REPRESENTATION('',(#6962),#6966);
#6962 = LINE('',#6963,#6964);
#6963 = CARTESIAN_POINT('',(0.,0.));
#6964 = VECTOR('',#6965,1.);
#6965 = DIRECTION('',(0.,-1.));
#6966 = ( GEOMETRIC_REPRESENTATION_CONTEXT(2) 
PARAMETRIC_REPRESENTATION_CONTEXT() REPRESENTATION_CONTEXT('2D SPACE',''
  ) );
#6967 = PCURVE('',#6968,#6973);
#6968 = PLANE('',#6969);
#6969 = AXIS2_PLACEMENT_3D('',#6970,#6971,#6972);
#6970 = CARTESIAN_POINT('',(435.,-738.066921234,2.375305034492E+03));
#6971 = DIRECTION('',(0.,0.173648177667,0.984807753012));
#6972 = DIRECTION('',(1.,0.,-0.));
#6973 = DEFINITIONAL_REPRESENTATION('',(#6974),#6978);
#6974 = LINE('',#6975,#6976);
#6975 = CARTESIAN_POINT('',(0.,0.));
#6976 = VECTOR('',#6977,1.);
#6977 = DIRECTION('',(0.,1.));
#6978 = ( GEOMETRIC_REPRESENTATION_CONTEXT(2) 
PARAMETRIC_REPRESENTATION_CONTEXT() REPRESENTATION_CONTEXT('2D SPACE',''
  ) );
#6979 = ORIENTED_EDGE('',*,*,#6980,.T.);
#6980 = EDGE_CURVE('',#6953,#6981,#6983,.T.);
#6981 = VERTEX_POINT('',#6982);
#6982 = CARTESIAN_POINT('',(435.,425.04330790899,2.210834384032E+03));
#6983 = SURFACE_CURVE('',#6984,(#6988,#6995),.PCURVE_S1.);
#6984 = LINE('',#6985,#6986);
#6985 = CARTESIAN_POINT('',(435.,418.09738080231,2.171442073911E+03));
#6986 = VECTOR('',#6987,1.);
#6987 = DIRECTION('',(0.,0.173648177667,0.984807753012));
#6988 = PCURVE('',#6256,#6989);
#6989 = DEFINITIONAL_REPRESENTATION('',(#6990),#6994);
#6990 = LINE('',#6991,#6992);
#6991 = CARTESIAN_POINT('',(1.705302565824E-13,-1.174E+03));
#6992 = VECTOR('',#6993,1.);
#6993 = DIRECTION('',(1.,0.));
#6994 = ( GEOMETRIC_REPRESENTATION_CONTEXT(2) 
PARAMETRIC_REPRESENTATION_CONTEXT() REPRESENTATION_CONTEXT('2D SPACE',''
  ) );
#6995 = PCURVE('',#6996,#7001);
#6996 = PLANE('',#6997);
#6997 = AXIS2_PLACEMENT_3D('',#6998,#6999,#7000);
#6998 = CARTESIAN_POINT('',(435.,418.09738080231,2.171442073911E+03));
#6999 = DIRECTION('',(0.,0.984807753012,-0.173648177667));
#7000 = DIRECTION('',(0.,0.173648177667,0.984807753012));
#7001 = DEFINITIONAL_REPRESENTATION('',(#7002),#7006);
#7002 = LINE('',#7003,#7004);
#7003 = CARTESIAN_POINT('',(0.,0.));
#7004 = VECTOR('',#7005,1.);
#7005 = DIRECTION('',(1.,0.));
#7006 = ( GEOMETRIC_REPRESENTATION_CONTEXT(2) 
PARAMETRIC_REPRESENTATION_CONTEXT() REPRESENTATION_CONTEXT('2D SPACE',''
  ) );
#7007 = ORIENTED_EDGE('',*,*,#7008,.F.);
#7008 = EDGE_CURVE('',#6248,#6981,#7009,.T.);
#7009 = SURFACE_CURVE('',#7010,(#7014,#7021),.PCURVE_S1.);
#7010 = LINE('',#7011,#7012);
#7011 = CARTESIAN_POINT('',(435.,-731.1209941273,2.414697344613E+03));
#7012 = VECTOR('',#7013,1.);
#7013 = DIRECTION('',(0.,0.984807753012,-0.173648177667));
#7014 = PCURVE('',#6256,#7015);
#7015 = DEFINITIONAL_REPRESENTATION('',(#7016),#7020);
#7016 = LINE('',#7017,#7018);
#7017 = CARTESIAN_POINT('',(40.,-3.552713678801E-14));
#7018 = VECTOR('',#7019,1.);
#7019 = DIRECTION('',(0.,-1.));
#7020 = ( GEOMETRIC_REPRESENTATION_CONTEXT(2) 
PARAMETRIC_REPRESENTATION_CONTEXT() REPRESENTATION_CONTEXT('2D SPACE',''
  ) );
#7021 = PCURVE('',#7022,#7027);
#7022 = PLANE('',#7023);
#7023 = AXIS2_PLACEMENT_3D('',#7024,#7025,#7026);
#7024 = CARTESIAN_POINT('',(435.,-731.1209941273,2.414697344613E+03));
#7025 = DIRECTION('',(0.,0.173648177667,0.984807753012));
#7026 = DIRECTION('',(1.,0.,-0.));
#7027 = DEFINITIONAL_REPRESENTATION('',(#7028),#7032);
#7028 = LINE('',#7029,#7030);
#7029 = CARTESIAN_POINT('',(0.,0.));
#7030 = VECTOR('',#7031,1.);
#7031 = DIRECTION('',(0.,1.));
#7032 = ( GEOMETRIC_REPRESENTATION_CONTEXT(2) 
PARAMETRIC_REPRESENTATION_CONTEXT() REPRESENTATION_CONTEXT('2D SPACE',''
  ) );
#7033 = ADVANCED_FACE('',(#7034,#7109),#6268,.F.);
#7034 = FACE_BOUND('',#7035,.F.);
#7035 = EDGE_LOOP('',(#7036,#7059,#7060,#7083));
#7036 = ORIENTED_EDGE('',*,*,#7037,.F.);
#7037 = EDGE_CURVE('',#6246,#7038,#7040,.T.);
#7038 = VERTEX_POINT('',#7039);
#7039 = CARTESIAN_POINT('',(485.,-738.066921234,2.375305034492E+03));
#7040 = SURFACE_CURVE('',#7041,(#7045,#7052),.PCURVE_S1.);
#7041 = LINE('',#7042,#7043);
#7042 = CARTESIAN_POINT('',(435.,-738.066921234,2.375305034492E+03));
#7043 = VECTOR('',#7044,1.);
#7044 = DIRECTION('',(1.,0.,-0.));
#7045 = PCURVE('',#6268,#7046);
#7046 = DEFINITIONAL_REPRESENTATION('',(#7047),#7051);
#7047 = LINE('',#7048,#7049);
#7048 = CARTESIAN_POINT('',(0.,0.));
#7049 = VECTOR('',#7050,1.);
#7050 = DIRECTION('',(0.,1.));
#7051 = ( GEOMETRIC_REPRESENTATION_CONTEXT(2) 
PARAMETRIC_REPRESENTATION_CONTEXT() REPRESENTATION_CONTEXT('2D SPACE',''
  ) );
#7052 = PCURVE('',#6296,#7053);
#7053 = DEFINITIONAL_REPRESENTATION('',(#7054),#7058);
#7054 = LINE('',#7055,#7056);
#7055 = CARTESIAN_POINT('',(0.,0.));
#7056 = VECTOR('',#7057,1.);
#7057 = DIRECTION('',(1.,0.));
#7058 = ( GEOMETRIC_REPRESENTATION_CONTEXT(2) 
PARAMETRIC_REPRESENTATION_CONTEXT() REPRESENTATION_CONTEXT('2D SPACE',''
  ) );
#7059 = ORIENTED_EDGE('',*,*,#6245,.T.);
#7060 = ORIENTED_EDGE('',*,*,#7061,.T.);
#7061 = EDGE_CURVE('',#6248,#7062,#7064,.T.);
#7062 = VERTEX_POINT('',#7063);
#7063 = CARTESIAN_POINT('',(485.,-731.1209941273,2.414697344613E+03));
#7064 = SURFACE_CURVE('',#7065,(#7069,#7076),.PCURVE_S1.);
#7065 = LINE('',#7066,#7067);
#7066 = CARTESIAN_POINT('',(435.,-731.1209941273,2.414697344613E+03));
#7067 = VECTOR('',#7068,1.);
#7068 = DIRECTION('',(1.,0.,-0.));
#7069 = PCURVE('',#6268,#7070);
#7070 = DEFINITIONAL_REPRESENTATION('',(#7071),#7075);
#7071 = LINE('',#7072,#7073);
#7072 = CARTESIAN_POINT('',(40.,0.));
#7073 = VECTOR('',#7074,1.);
#7074 = DIRECTION('',(0.,1.));
#7075 = ( GEOMETRIC_REPRESENTATION_CONTEXT(2) 
PARAMETRIC_REPRESENTATION_CONTEXT() REPRESENTATION_CONTEXT('2D SPACE',''
  ) );
#7076 = PCURVE('',#7022,#7077);
#7077 = DEFINITIONAL_REPRESENTATION('',(#7078),#7082);
#7078 = LINE('',#7079,#7080);
#7079 = CARTESIAN_POINT('',(0.,0.));
#7080 = VECTOR('',#7081,1.);
#7081 = DIRECTION('',(1.,0.));
#7082 = ( GEOMETRIC_REPRESENTATION_CONTEXT(2) 
PARAMETRIC_REPRESENTATION_CONTEXT() REPRESENTATION_CONTEXT('2D SPACE',''
  ) );
#7083 = ORIENTED_EDGE('',*,*,#7084,.F.);
#7084 = EDGE_CURVE('',#7038,#7062,#7085,.T.);
#7085 = SURFACE_CURVE('',#7086,(#7090,#7097),.PCURVE_S1.);
#7086 = LINE('',#7087,#7088);
#7087 = CARTESIAN_POINT('',(485.,-738.066921234,2.375305034492E+03));
#7088 = VECTOR('',#7089,1.);
#7089 = DIRECTION('',(0.,0.173648177667,0.984807753012));
#7090 = PCURVE('',#6268,#7091);
#7091 = DEFINITIONAL_REPRESENTATION('',(#7092),#7096);
#7092 = LINE('',#7093,#7094);
#7093 = CARTESIAN_POINT('',(0.,50.));
#7094 = VECTOR('',#7095,1.);
#7095 = DIRECTION('',(1.,0.));
#7096 = ( GEOMETRIC_REPRESENTATION_CONTEXT(2) 
PARAMETRIC_REPRESENTATION_CONTEXT() REPRESENTATION_CONTEXT('2D SPACE',''
  ) );
#7097 = PCURVE('',#7098,#7103);
#7098 = PLANE('',#7099);
#7099 = AXIS2_PLACEMENT_3D('',#7100,#7101,#7102);
#7100 = CARTESIAN_POINT('',(485.,-738.066921234,2.375305034492E+03));
#7101 = DIRECTION('',(1.,0.,-0.));
#7102 = DIRECTION('',(0.,0.173648177667,0.984807753012));
#7103 = DEFINITIONAL_REPRESENTATION('',(#7104),#7108);
#7104 = LINE('',#7105,#7106);
#7105 = CARTESIAN_POINT('',(0.,0.));
#7106 = VECTOR('',#7107,1.);
#7107 = DIRECTION('',(1.,0.));
#7108 = ( GEOMETRIC_REPRESENTATION_CONTEXT(2) 
PARAMETRIC_REPRESENTATION_CONTEXT() REPRESENTATION_CONTEXT('2D SPACE',''
  ) );
#7109 = FACE_BOUND('',#7110,.F.);
#7110 = EDGE_LOOP('',(#7111,#7139,#7165,#7191));
#7111 = ORIENTED_EDGE('',*,*,#7112,.F.);
#7112 = EDGE_CURVE('',#7113,#7115,#7117,.T.);
#7113 = VERTEX_POINT('',#7114);
#7114 = CARTESIAN_POINT('',(438.,-731.6419386603,2.411742921354E+03));
#7115 = VERTEX_POINT('',#7116);
#7116 = CARTESIAN_POINT('',(482.,-731.6419386603,2.411742921354E+03));
#7117 = SURFACE_CURVE('',#7118,(#7122,#7128),.PCURVE_S1.);
#7118 = LINE('',#7119,#7120);
#7119 = CARTESIAN_POINT('',(436.5,-731.6419386603,2.411742921354E+03));
#7120 = VECTOR('',#7121,1.);
#7121 = DIRECTION('',(1.,0.,-0.));
#7122 = PCURVE('',#6268,#7123);
#7123 = DEFINITIONAL_REPRESENTATION('',(#7124),#7127);
#7124 = B_SPLINE_CURVE_WITH_KNOTS('',1,(#7125,#7126),.UNSPECIFIED.,.F.,
  .F.,(2,2),(1.5,45.5),.PIECEWISE_BEZIER_KNOTS.);
#7125 = CARTESIAN_POINT('',(37.,3.));
#7126 = CARTESIAN_POINT('',(37.,47.));
#7127 = ( GEOMETRIC_REPRESENTATION_CONTEXT(2) 
PARAMETRIC_REPRESENTATION_CONTEXT() REPRESENTATION_CONTEXT('2D SPACE',''
  ) );
#7128 = PCURVE('',#7129,#7134);
#7129 = PLANE('',#7130);
#7130 = AXIS2_PLACEMENT_3D('',#7131,#7132,#7133);
#7131 = CARTESIAN_POINT('',(438.,-732.6267464133,2.411916569531E+03));
#7132 = DIRECTION('',(0.,0.173648177667,0.984807753012));
#7133 = DIRECTION('',(1.,0.,-0.));
#7134 = DEFINITIONAL_REPRESENTATION('',(#7135),#7138);
#7135 = B_SPLINE_CURVE_WITH_KNOTS('',1,(#7136,#7137),.UNSPECIFIED.,.F.,
  .F.,(2,2),(1.5,45.5),.PIECEWISE_BEZIER_KNOTS.);
#7136 = CARTESIAN_POINT('',(0.,1.));
#7137 = CARTESIAN_POINT('',(44.,1.));
#7138 = ( GEOMETRIC_REPRESENTATION_CONTEXT(2) 
PARAMETRIC_REPRESENTATION_CONTEXT() REPRESENTATION_CONTEXT('2D SPACE',''
  ) );
#7139 = ORIENTED_EDGE('',*,*,#7140,.T.);
#7140 = EDGE_CURVE('',#7113,#7141,#7143,.T.);
#7141 = VERTEX_POINT('',#7142);
#7142 = CARTESIAN_POINT('',(438.,-737.545976701,2.378259457751E+03));
#7143 = SURFACE_CURVE('',#7144,(#7148,#7154),.PCURVE_S1.);
#7144 = LINE('',#7145,#7146);
#7145 = CARTESIAN_POINT('',(438.,-737.8064489675,2.376782246122E+03));
#7146 = VECTOR('',#7147,1.);
#7147 = DIRECTION('',(-0.,-0.173648177667,-0.984807753012));
#7148 = PCURVE('',#6268,#7149);
#7149 = DEFINITIONAL_REPRESENTATION('',(#7150),#7153);
#7150 = B_SPLINE_CURVE_WITH_KNOTS('',1,(#7151,#7152),.UNSPECIFIED.,.F.,
  .F.,(2,2),(-35.5,-1.5),.PIECEWISE_BEZIER_KNOTS.);
#7151 = CARTESIAN_POINT('',(37.,3.));
#7152 = CARTESIAN_POINT('',(3.,3.));
#7153 = ( GEOMETRIC_REPRESENTATION_CONTEXT(2) 
PARAMETRIC_REPRESENTATION_CONTEXT() REPRESENTATION_CONTEXT('2D SPACE',''
  ) );
#7154 = PCURVE('',#7155,#7160);
#7155 = PLANE('',#7156);
#7156 = AXIS2_PLACEMENT_3D('',#7157,#7158,#7159);
#7157 = CARTESIAN_POINT('',(438.,-738.530784454,2.378433105929E+03));
#7158 = DIRECTION('',(1.,0.,-0.));
#7159 = DIRECTION('',(0.,0.173648177667,0.984807753012));
#7160 = DEFINITIONAL_REPRESENTATION('',(#7161),#7164);
#7161 = B_SPLINE_CURVE_WITH_KNOTS('',1,(#7162,#7163),.UNSPECIFIED.,.F.,
  .F.,(2,2),(-35.5,-1.5),.PIECEWISE_BEZIER_KNOTS.);
#7162 = CARTESIAN_POINT('',(34.,-1.));
#7163 = CARTESIAN_POINT('',(0.,-1.));
#7164 = ( GEOMETRIC_REPRESENTATION_CONTEXT(2) 
PARAMETRIC_REPRESENTATION_CONTEXT() REPRESENTATION_CONTEXT('2D SPACE',''
  ) );
#7165 = ORIENTED_EDGE('',*,*,#7166,.T.);
#7166 = EDGE_CURVE('',#7141,#7167,#7169,.T.);
#7167 = VERTEX_POINT('',#7168);
#7168 = CARTESIAN_POINT('',(482.,-737.545976701,2.378259457751E+03));
#7169 = SURFACE_CURVE('',#7170,(#7174,#7180),.PCURVE_S1.);
#7170 = LINE('',#7171,#7172);
#7171 = CARTESIAN_POINT('',(436.5,-737.545976701,2.378259457751E+03));
#7172 = VECTOR('',#7173,1.);
#7173 = DIRECTION('',(1.,0.,-0.));
#7174 = PCURVE('',#6268,#7175);
#7175 = DEFINITIONAL_REPRESENTATION('',(#7176),#7179);
#7176 = B_SPLINE_CURVE_WITH_KNOTS('',1,(#7177,#7178),.UNSPECIFIED.,.F.,
  .F.,(2,2),(1.5,45.5),.PIECEWISE_BEZIER_KNOTS.);
#7177 = CARTESIAN_POINT('',(3.,3.));
#7178 = CARTESIAN_POINT('',(3.,47.));
#7179 = ( GEOMETRIC_REPRESENTATION_CONTEXT(2) 
PARAMETRIC_REPRESENTATION_CONTEXT() REPRESENTATION_CONTEXT('2D SPACE',''
  ) );
#7180 = PCURVE('',#7181,#7186);
#7181 = PLANE('',#7182);
#7182 = AXIS2_PLACEMENT_3D('',#7183,#7184,#7185);
#7183 = CARTESIAN_POINT('',(438.,-738.530784454,2.378433105929E+03));
#7184 = DIRECTION('',(0.,0.173648177667,0.984807753012));
#7185 = DIRECTION('',(1.,0.,-0.));
#7186 = DEFINITIONAL_REPRESENTATION('',(#7187),#7190);
#7187 = B_SPLINE_CURVE_WITH_KNOTS('',1,(#7188,#7189),.UNSPECIFIED.,.F.,
  .F.,(2,2),(1.5,45.5),.PIECEWISE_BEZIER_KNOTS.);
#7188 = CARTESIAN_POINT('',(0.,1.));
#7189 = CARTESIAN_POINT('',(44.,1.));
#7190 = ( GEOMETRIC_REPRESENTATION_CONTEXT(2) 
PARAMETRIC_REPRESENTATION_CONTEXT() REPRESENTATION_CONTEXT('2D SPACE',''
  ) );
#7191 = ORIENTED_EDGE('',*,*,#7192,.F.);
#7192 = EDGE_CURVE('',#7115,#7167,#7193,.T.);
#7193 = SURFACE_CURVE('',#7194,(#7198,#7204),.PCURVE_S1.);
#7194 = LINE('',#7195,#7196);
#7195 = CARTESIAN_POINT('',(482.,-737.8064489675,2.376782246122E+03));
#7196 = VECTOR('',#7197,1.);
#7197 = DIRECTION('',(-0.,-0.173648177667,-0.984807753012));
#7198 = PCURVE('',#6268,#7199);
#7199 = DEFINITIONAL_REPRESENTATION('',(#7200),#7203);
#7200 = B_SPLINE_CURVE_WITH_KNOTS('',1,(#7201,#7202),.UNSPECIFIED.,.F.,
  .F.,(2,2),(-35.5,-1.5),.PIECEWISE_BEZIER_KNOTS.);
#7201 = CARTESIAN_POINT('',(37.,47.));
#7202 = CARTESIAN_POINT('',(3.,47.));
#7203 = ( GEOMETRIC_REPRESENTATION_CONTEXT(2) 
PARAMETRIC_REPRESENTATION_CONTEXT() REPRESENTATION_CONTEXT('2D SPACE',''
  ) );
#7204 = PCURVE('',#7205,#7210);
#7205 = PLANE('',#7206);
#7206 = AXIS2_PLACEMENT_3D('',#7207,#7208,#7209);
#7207 = CARTESIAN_POINT('',(482.,-738.530784454,2.378433105929E+03));
#7208 = DIRECTION('',(1.,0.,-0.));
#7209 = DIRECTION('',(0.,0.173648177667,0.984807753012));
#7210 = DEFINITIONAL_REPRESENTATION('',(#7211),#7214);
#7211 = B_SPLINE_CURVE_WITH_KNOTS('',1,(#7212,#7213),.UNSPECIFIED.,.F.,
  .F.,(2,2),(-35.5,-1.5),.PIECEWISE_BEZIER_KNOTS.);
#7212 = CARTESIAN_POINT('',(34.,-1.));
#7213 = CARTESIAN_POINT('',(0.,-1.));
#7214 = ( GEOMETRIC_REPRESENTATION_CONTEXT(2) 
PARAMETRIC_REPRESENTATION_CONTEXT() REPRESENTATION_CONTEXT('2D SPACE',''
  ) );
#7215 = ADVANCED_FACE('',(#7216),#6296,.F.);
#7216 = FACE_BOUND('',#7217,.F.);
#7217 = EDGE_LOOP('',(#7218,#7219,#7220,#7243));
#7218 = ORIENTED_EDGE('',*,*,#6280,.F.);
#7219 = ORIENTED_EDGE('',*,*,#7037,.T.);
#7220 = ORIENTED_EDGE('',*,*,#7221,.T.);
#7221 = EDGE_CURVE('',#7038,#7222,#7224,.T.);
#7222 = VERTEX_POINT('',#7223);
#7223 = CARTESIAN_POINT('',(485.,-233.4263822894,2.286323291917E+03));
#7224 = SURFACE_CURVE('',#7225,(#7229,#7236),.PCURVE_S1.);
#7225 = LINE('',#7226,#7227);
#7226 = CARTESIAN_POINT('',(485.,-738.066921234,2.375305034492E+03));
#7227 = VECTOR('',#7228,1.);
#7228 = DIRECTION('',(0.,0.984807753012,-0.173648177667));
#7229 = PCURVE('',#6296,#7230);
#7230 = DEFINITIONAL_REPRESENTATION('',(#7231),#7235);
#7231 = LINE('',#7232,#7233);
#7232 = CARTESIAN_POINT('',(50.,0.));
#7233 = VECTOR('',#7234,1.);
#7234 = DIRECTION('',(0.,1.));
#7235 = ( GEOMETRIC_REPRESENTATION_CONTEXT(2) 
PARAMETRIC_REPRESENTATION_CONTEXT() REPRESENTATION_CONTEXT('2D SPACE',''
  ) );
#7236 = PCURVE('',#7098,#7237);
#7237 = DEFINITIONAL_REPRESENTATION('',(#7238),#7242);
#7238 = LINE('',#7239,#7240);
#7239 = CARTESIAN_POINT('',(0.,0.));
#7240 = VECTOR('',#7241,1.);
#7241 = DIRECTION('',(0.,-1.));
#7242 = ( GEOMETRIC_REPRESENTATION_CONTEXT(2) 
PARAMETRIC_REPRESENTATION_CONTEXT() REPRESENTATION_CONTEXT('2D SPACE',''
  ) );
#7243 = ORIENTED_EDGE('',*,*,#7244,.F.);
#7244 = EDGE_CURVE('',#6281,#7222,#7245,.T.);
#7245 = SURFACE_CURVE('',#7246,(#7250,#7257),.PCURVE_S1.);
#7246 = LINE('',#7247,#7248);
#7247 = CARTESIAN_POINT('',(435.,-233.4263822894,2.286323291917E+03));
#7248 = VECTOR('',#7249,1.);
#7249 = DIRECTION('',(1.,0.,-0.));
#7250 = PCURVE('',#6296,#7251);
#7251 = DEFINITIONAL_REPRESENTATION('',(#7252),#7256);
#7252 = LINE('',#7253,#7254);
#7253 = CARTESIAN_POINT('',(0.,512.4254326807));
#7254 = VECTOR('',#7255,1.);
#7255 = DIRECTION('',(1.,0.));
#7256 = ( GEOMETRIC_REPRESENTATION_CONTEXT(2) 
PARAMETRIC_REPRESENTATION_CONTEXT() REPRESENTATION_CONTEXT('2D SPACE',''
  ) );
#7257 = PCURVE('',#6324,#7258);
#7258 = DEFINITIONAL_REPRESENTATION('',(#7259),#7263);
#7259 = LINE('',#7260,#7261);
#7260 = CARTESIAN_POINT('',(6.,0.));
#7261 = VECTOR('',#7262,1.);
#7262 = DIRECTION('',(0.,1.));
#7263 = ( GEOMETRIC_REPRESENTATION_CONTEXT(2) 
PARAMETRIC_REPRESENTATION_CONTEXT() REPRESENTATION_CONTEXT('2D SPACE',''
  ) );
#7264 = ADVANCED_FACE('',(#7265),#6324,.F.);
#7265 = FACE_BOUND('',#7266,.F.);
#7266 = EDGE_LOOP('',(#7267,#7290,#7291,#7292));
#7267 = ORIENTED_EDGE('',*,*,#7268,.F.);
#7268 = EDGE_CURVE('',#6309,#7269,#7271,.T.);
#7269 = VERTEX_POINT('',#7270);
#7270 = CARTESIAN_POINT('',(485.,-234.4682713554,2.280414445399E+03));
#7271 = SURFACE_CURVE('',#7272,(#7276,#7283),.PCURVE_S1.);
#7272 = LINE('',#7273,#7274);
#7273 = CARTESIAN_POINT('',(435.,-234.4682713554,2.280414445399E+03));
#7274 = VECTOR('',#7275,1.);
#7275 = DIRECTION('',(1.,0.,-0.));
#7276 = PCURVE('',#6324,#7277);
#7277 = DEFINITIONAL_REPRESENTATION('',(#7278),#7282);
#7278 = LINE('',#7279,#7280);
#7279 = CARTESIAN_POINT('',(0.,0.));
#7280 = VECTOR('',#7281,1.);
#7281 = DIRECTION('',(0.,1.));
#7282 = ( GEOMETRIC_REPRESENTATION_CONTEXT(2) 
PARAMETRIC_REPRESENTATION_CONTEXT() REPRESENTATION_CONTEXT('2D SPACE',''
  ) );
#7283 = PCURVE('',#6352,#7284);
#7284 = DEFINITIONAL_REPRESENTATION('',(#7285),#7289);
#7285 = LINE('',#7286,#7287);
#7286 = CARTESIAN_POINT('',(0.,0.));
#7287 = VECTOR('',#7288,1.);
#7288 = DIRECTION('',(1.,0.));
#7289 = ( GEOMETRIC_REPRESENTATION_CONTEXT(2) 
PARAMETRIC_REPRESENTATION_CONTEXT() REPRESENTATION_CONTEXT('2D SPACE',''
  ) );
#7290 = ORIENTED_EDGE('',*,*,#6308,.T.);
#7291 = ORIENTED_EDGE('',*,*,#7244,.T.);
#7292 = ORIENTED_EDGE('',*,*,#7293,.F.);
#7293 = EDGE_CURVE('',#7269,#7222,#7294,.T.);
#7294 = SURFACE_CURVE('',#7295,(#7299,#7306),.PCURVE_S1.);
#7295 = LINE('',#7296,#7297);
#7296 = CARTESIAN_POINT('',(485.,-234.4682713554,2.280414445399E+03));
#7297 = VECTOR('',#7298,1.);
#7298 = DIRECTION('',(0.,0.173648177667,0.984807753012));
#7299 = PCURVE('',#6324,#7300);
#7300 = DEFINITIONAL_REPRESENTATION('',(#7301),#7305);
#7301 = LINE('',#7302,#7303);
#7302 = CARTESIAN_POINT('',(0.,50.));
#7303 = VECTOR('',#7304,1.);
#7304 = DIRECTION('',(1.,0.));
#7305 = ( GEOMETRIC_REPRESENTATION_CONTEXT(2) 
PARAMETRIC_REPRESENTATION_CONTEXT() REPRESENTATION_CONTEXT('2D SPACE',''
  ) );
#7306 = PCURVE('',#7098,#7307);
#7307 = DEFINITIONAL_REPRESENTATION('',(#7308),#7312);
#7308 = LINE('',#7309,#7310);
#7309 = CARTESIAN_POINT('',(-6.,-512.4254326807));
#7310 = VECTOR('',#7311,1.);
#7311 = DIRECTION('',(1.,0.));
#7312 = ( GEOMETRIC_REPRESENTATION_CONTEXT(2) 
PARAMETRIC_REPRESENTATION_CONTEXT() REPRESENTATION_CONTEXT('2D SPACE',''
  ) );
#7313 = ADVANCED_FACE('',(#7314),#6352,.F.);
#7314 = FACE_BOUND('',#7315,.F.);
#7315 = EDGE_LOOP('',(#7316,#7317,#7318,#7341));
#7316 = ORIENTED_EDGE('',*,*,#6336,.F.);
#7317 = ORIENTED_EDGE('',*,*,#7268,.T.);
#7318 = ORIENTED_EDGE('',*,*,#7319,.T.);
#7319 = EDGE_CURVE('',#7269,#7320,#7322,.T.);
#7320 = VERTEX_POINT('',#7321);
#7321 = CARTESIAN_POINT('',(485.,-225.,2.278744933698E+03));
#7322 = SURFACE_CURVE('',#7323,(#7327,#7334),.PCURVE_S1.);
#7323 = LINE('',#7324,#7325);
#7324 = CARTESIAN_POINT('',(485.,-234.4682713554,2.280414445399E+03));
#7325 = VECTOR('',#7326,1.);
#7326 = DIRECTION('',(0.,0.984807753012,-0.173648177667));
#7327 = PCURVE('',#6352,#7328);
#7328 = DEFINITIONAL_REPRESENTATION('',(#7329),#7333);
#7329 = LINE('',#7330,#7331);
#7330 = CARTESIAN_POINT('',(50.,0.));
#7331 = VECTOR('',#7332,1.);
#7332 = DIRECTION('',(0.,1.));
#7333 = ( GEOMETRIC_REPRESENTATION_CONTEXT(2) 
PARAMETRIC_REPRESENTATION_CONTEXT() REPRESENTATION_CONTEXT('2D SPACE',''
  ) );
#7334 = PCURVE('',#7098,#7335);
#7335 = DEFINITIONAL_REPRESENTATION('',(#7336),#7340);
#7336 = LINE('',#7337,#7338);
#7337 = CARTESIAN_POINT('',(-6.,-512.4254326807));
#7338 = VECTOR('',#7339,1.);
#7339 = DIRECTION('',(0.,-1.));
#7340 = ( GEOMETRIC_REPRESENTATION_CONTEXT(2) 
PARAMETRIC_REPRESENTATION_CONTEXT() REPRESENTATION_CONTEXT('2D SPACE',''
  ) );
#7341 = ORIENTED_EDGE('',*,*,#7342,.F.);
#7342 = EDGE_CURVE('',#6337,#7320,#7343,.T.);
#7343 = SURFACE_CURVE('',#7344,(#7348,#7355),.PCURVE_S1.);
#7344 = LINE('',#7345,#7346);
#7345 = CARTESIAN_POINT('',(-1.2825E+03,-225.,2.278744933698E+03));
#7346 = VECTOR('',#7347,1.);
#7347 = DIRECTION('',(1.,0.,-0.));
#7348 = PCURVE('',#6352,#7349);
#7349 = DEFINITIONAL_REPRESENTATION('',(#7350),#7354);
#7350 = LINE('',#7351,#7352);
#7351 = CARTESIAN_POINT('',(-1.7175E+03,9.614334702856));
#7352 = VECTOR('',#7353,1.);
#7353 = DIRECTION('',(1.,0.));
#7354 = ( GEOMETRIC_REPRESENTATION_CONTEXT(2) 
PARAMETRIC_REPRESENTATION_CONTEXT() REPRESENTATION_CONTEXT('2D SPACE',''
  ) );
#7355 = PCURVE('',#6380,#7356);
#7356 = DEFINITIONAL_REPRESENTATION('',(#7357),#7360);
#7357 = B_SPLINE_CURVE_WITH_KNOTS('',1,(#7358,#7359),.UNSPECIFIED.,.F.,
  .F.,(2,2),(1.7175E+03,1.7675E+03),.PIECEWISE_BEZIER_KNOTS.);
#7358 = CARTESIAN_POINT('',(770.74493369839,0.));
#7359 = CARTESIAN_POINT('',(770.74493369839,50.));
#7360 = ( GEOMETRIC_REPRESENTATION_CONTEXT(2) 
PARAMETRIC_REPRESENTATION_CONTEXT() REPRESENTATION_CONTEXT('2D SPACE',''
  ) );
#7361 = ADVANCED_FACE('',(#7362),#6380,.F.);
#7362 = FACE_BOUND('',#7363,.F.);
#7363 = EDGE_LOOP('',(#7364,#7387,#7408,#7409));
#7364 = ORIENTED_EDGE('',*,*,#7365,.F.);
#7365 = EDGE_CURVE('',#7366,#7320,#7368,.T.);
#7366 = VERTEX_POINT('',#7367);
#7367 = CARTESIAN_POINT('',(485.,-225.,1.508E+03));
#7368 = SURFACE_CURVE('',#7369,(#7373,#7380),.PCURVE_S1.);
#7369 = LINE('',#7370,#7371);
#7370 = CARTESIAN_POINT('',(485.,-225.,1.508E+03));
#7371 = VECTOR('',#7372,1.);
#7372 = DIRECTION('',(0.,0.,1.));
#7373 = PCURVE('',#6380,#7374);
#7374 = DEFINITIONAL_REPRESENTATION('',(#7375),#7379);
#7375 = LINE('',#7376,#7377);
#7376 = CARTESIAN_POINT('',(0.,50.));
#7377 = VECTOR('',#7378,1.);
#7378 = DIRECTION('',(1.,0.));
#7379 = ( GEOMETRIC_REPRESENTATION_CONTEXT(2) 
PARAMETRIC_REPRESENTATION_CONTEXT() REPRESENTATION_CONTEXT('2D SPACE',''
  ) );
#7380 = PCURVE('',#7098,#7381);
#7381 = DEFINITIONAL_REPRESENTATION('',(#7382),#7386);
#7382 = LINE('',#7383,#7384);
#7383 = CARTESIAN_POINT('',(-765.035586301,-655.8782205663));
#7384 = VECTOR('',#7385,1.);
#7385 = DIRECTION('',(0.984807753012,0.173648177667));
#7386 = ( GEOMETRIC_REPRESENTATION_CONTEXT(2) 
PARAMETRIC_REPRESENTATION_CONTEXT() REPRESENTATION_CONTEXT('2D SPACE',''
  ) );
#7387 = ORIENTED_EDGE('',*,*,#7388,.F.);
#7388 = EDGE_CURVE('',#6365,#7366,#7389,.T.);
#7389 = SURFACE_CURVE('',#7390,(#7394,#7401),.PCURVE_S1.);
#7390 = LINE('',#7391,#7392);
#7391 = CARTESIAN_POINT('',(435.,-225.,1.508E+03));
#7392 = VECTOR('',#7393,1.);
#7393 = DIRECTION('',(1.,0.,-0.));
#7394 = PCURVE('',#6380,#7395);
#7395 = DEFINITIONAL_REPRESENTATION('',(#7396),#7400);
#7396 = LINE('',#7397,#7398);
#7397 = CARTESIAN_POINT('',(0.,0.));
#7398 = VECTOR('',#7399,1.);
#7399 = DIRECTION('',(0.,1.));
#7400 = ( GEOMETRIC_REPRESENTATION_CONTEXT(2) 
PARAMETRIC_REPRESENTATION_CONTEXT() REPRESENTATION_CONTEXT('2D SPACE',''
  ) );
#7401 = PCURVE('',#6408,#7402);
#7402 = DEFINITIONAL_REPRESENTATION('',(#7403),#7407);
#7403 = LINE('',#7404,#7405);
#7404 = CARTESIAN_POINT('',(0.,25.));
#7405 = VECTOR('',#7406,1.);
#7406 = DIRECTION('',(1.,0.));
#7407 = ( GEOMETRIC_REPRESENTATION_CONTEXT(2) 
PARAMETRIC_REPRESENTATION_CONTEXT() REPRESENTATION_CONTEXT('2D SPACE',''
  ) );
#7408 = ORIENTED_EDGE('',*,*,#6364,.T.);
#7409 = ORIENTED_EDGE('',*,*,#7342,.T.);
#7410 = ADVANCED_FACE('',(#7411,#7459),#6408,.T.);
#7411 = FACE_BOUND('',#7412,.T.);
#7412 = EDGE_LOOP('',(#7413,#7414,#7437,#7458));
#7413 = ORIENTED_EDGE('',*,*,#6392,.F.);
#7414 = ORIENTED_EDGE('',*,*,#7415,.T.);
#7415 = EDGE_CURVE('',#6393,#7416,#7418,.T.);
#7416 = VERTEX_POINT('',#7417);
#7417 = CARTESIAN_POINT('',(485.,-250.,1.508E+03));
#7418 = SURFACE_CURVE('',#7419,(#7423,#7430),.PCURVE_S1.);
#7419 = LINE('',#7420,#7421);
#7420 = CARTESIAN_POINT('',(435.,-250.,1.508E+03));
#7421 = VECTOR('',#7422,1.);
#7422 = DIRECTION('',(1.,0.,-0.));
#7423 = PCURVE('',#6408,#7424);
#7424 = DEFINITIONAL_REPRESENTATION('',(#7425),#7429);
#7425 = LINE('',#7426,#7427);
#7426 = CARTESIAN_POINT('',(0.,0.));
#7427 = VECTOR('',#7428,1.);
#7428 = DIRECTION('',(1.,0.));
#7429 = ( GEOMETRIC_REPRESENTATION_CONTEXT(2) 
PARAMETRIC_REPRESENTATION_CONTEXT() REPRESENTATION_CONTEXT('2D SPACE',''
  ) );
#7430 = PCURVE('',#6436,#7431);
#7431 = DEFINITIONAL_REPRESENTATION('',(#7432),#7436);
#7432 = LINE('',#7433,#7434);
#7433 = CARTESIAN_POINT('',(8.,0.));
#7434 = VECTOR('',#7435,1.);
#7435 = DIRECTION('',(0.,1.));
#7436 = ( GEOMETRIC_REPRESENTATION_CONTEXT(2) 
PARAMETRIC_REPRESENTATION_CONTEXT() REPRESENTATION_CONTEXT('2D SPACE',''
  ) );
#7437 = ORIENTED_EDGE('',*,*,#7438,.T.);
#7438 = EDGE_CURVE('',#7416,#7366,#7439,.T.);
#7439 = SURFACE_CURVE('',#7440,(#7444,#7451),.PCURVE_S1.);
#7440 = LINE('',#7441,#7442);
#7441 = CARTESIAN_POINT('',(485.,-250.,1.508E+03));
#7442 = VECTOR('',#7443,1.);
#7443 = DIRECTION('',(-0.,1.,0.));
#7444 = PCURVE('',#6408,#7445);
#7445 = DEFINITIONAL_REPRESENTATION('',(#7446),#7450);
#7446 = LINE('',#7447,#7448);
#7447 = CARTESIAN_POINT('',(50.,0.));
#7448 = VECTOR('',#7449,1.);
#7449 = DIRECTION('',(0.,1.));
#7450 = ( GEOMETRIC_REPRESENTATION_CONTEXT(2) 
PARAMETRIC_REPRESENTATION_CONTEXT() REPRESENTATION_CONTEXT('2D SPACE',''
  ) );
#7451 = PCURVE('',#7098,#7452);
#7452 = DEFINITIONAL_REPRESENTATION('',(#7453),#7457);
#7453 = LINE('',#7454,#7455);
#7454 = CARTESIAN_POINT('',(-769.3767907427,-631.2580267409));
#7455 = VECTOR('',#7456,1.);
#7456 = DIRECTION('',(0.173648177667,-0.984807753012));
#7457 = ( GEOMETRIC_REPRESENTATION_CONTEXT(2) 
PARAMETRIC_REPRESENTATION_CONTEXT() REPRESENTATION_CONTEXT('2D SPACE',''
  ) );
#7458 = ORIENTED_EDGE('',*,*,#7388,.F.);
#7459 = FACE_BOUND('',#7460,.T.);
#7460 = EDGE_LOOP('',(#7461));
#7461 = ORIENTED_EDGE('',*,*,#7462,.F.);
#7462 = EDGE_CURVE('',#7463,#7463,#7465,.T.);
#7463 = VERTEX_POINT('',#7464);
#7464 = CARTESIAN_POINT('',(468.5,-235.,1.508E+03));
#7465 = SURFACE_CURVE('',#7466,(#7471,#7478),.PCURVE_S1.);
#7466 = CIRCLE('',#7467,8.5);
#7467 = AXIS2_PLACEMENT_3D('',#7468,#7469,#7470);
#7468 = CARTESIAN_POINT('',(460.,-235.,1.508E+03));
#7469 = DIRECTION('',(0.,0.,1.));
#7470 = DIRECTION('',(1.,0.,-0.));
#7471 = PCURVE('',#6408,#7472);
#7472 = DEFINITIONAL_REPRESENTATION('',(#7473),#7477);
#7473 = CIRCLE('',#7474,8.5);
#7474 = AXIS2_PLACEMENT_2D('',#7475,#7476);
#7475 = CARTESIAN_POINT('',(25.,15.));
#7476 = DIRECTION('',(1.,0.));
#7477 = ( GEOMETRIC_REPRESENTATION_CONTEXT(2) 
PARAMETRIC_REPRESENTATION_CONTEXT() REPRESENTATION_CONTEXT('2D SPACE',''
  ) );
#7478 = PCURVE('',#7479,#7484);
#7479 = CYLINDRICAL_SURFACE('',#7480,8.5);
#7480 = AXIS2_PLACEMENT_3D('',#7481,#7482,#7483);
#7481 = CARTESIAN_POINT('',(460.,-235.,1.508E+03));
#7482 = DIRECTION('',(0.,0.,1.));
#7483 = DIRECTION('',(1.,0.,-0.));
#7484 = DEFINITIONAL_REPRESENTATION('',(#7485),#7489);
#7485 = LINE('',#7486,#7487);
#7486 = CARTESIAN_POINT('',(0.,0.));
#7487 = VECTOR('',#7488,1.);
#7488 = DIRECTION('',(1.,0.));
#7489 = ( GEOMETRIC_REPRESENTATION_CONTEXT(2) 
PARAMETRIC_REPRESENTATION_CONTEXT() REPRESENTATION_CONTEXT('2D SPACE',''
  ) );
#7490 = ADVANCED_FACE('',(#7491),#6436,.F.);
#7491 = FACE_BOUND('',#7492,.F.);
#7492 = EDGE_LOOP('',(#7493,#7516,#7517,#7518));
#7493 = ORIENTED_EDGE('',*,*,#7494,.F.);
#7494 = EDGE_CURVE('',#6421,#7495,#7497,.T.);
#7495 = VERTEX_POINT('',#7496);
#7496 = CARTESIAN_POINT('',(485.,-250.,1.5E+03));
#7497 = SURFACE_CURVE('',#7498,(#7502,#7509),.PCURVE_S1.);
#7498 = LINE('',#7499,#7500);
#7499 = CARTESIAN_POINT('',(435.,-250.,1.5E+03));
#7500 = VECTOR('',#7501,1.);
#7501 = DIRECTION('',(1.,0.,-0.));
#7502 = PCURVE('',#6436,#7503);
#7503 = DEFINITIONAL_REPRESENTATION('',(#7504),#7508);
#7504 = LINE('',#7505,#7506);
#7505 = CARTESIAN_POINT('',(0.,0.));
#7506 = VECTOR('',#7507,1.);
#7507 = DIRECTION('',(0.,1.));
#7508 = ( GEOMETRIC_REPRESENTATION_CONTEXT(2) 
PARAMETRIC_REPRESENTATION_CONTEXT() REPRESENTATION_CONTEXT('2D SPACE',''
  ) );
#7509 = PCURVE('',#6464,#7510);
#7510 = DEFINITIONAL_REPRESENTATION('',(#7511),#7515);
#7511 = LINE('',#7512,#7513);
#7512 = CARTESIAN_POINT('',(0.,0.));
#7513 = VECTOR('',#7514,1.);
#7514 = DIRECTION('',(1.,0.));
#7515 = ( GEOMETRIC_REPRESENTATION_CONTEXT(2) 
PARAMETRIC_REPRESENTATION_CONTEXT() REPRESENTATION_CONTEXT('2D SPACE',''
  ) );
#7516 = ORIENTED_EDGE('',*,*,#6420,.T.);
#7517 = ORIENTED_EDGE('',*,*,#7415,.T.);
#7518 = ORIENTED_EDGE('',*,*,#7519,.F.);
#7519 = EDGE_CURVE('',#7495,#7416,#7520,.T.);
#7520 = SURFACE_CURVE('',#7521,(#7525,#7532),.PCURVE_S1.);
#7521 = LINE('',#7522,#7523);
#7522 = CARTESIAN_POINT('',(485.,-250.,1.5E+03));
#7523 = VECTOR('',#7524,1.);
#7524 = DIRECTION('',(0.,0.,1.));
#7525 = PCURVE('',#6436,#7526);
#7526 = DEFINITIONAL_REPRESENTATION('',(#7527),#7531);
#7527 = LINE('',#7528,#7529);
#7528 = CARTESIAN_POINT('',(0.,50.));
#7529 = VECTOR('',#7530,1.);
#7530 = DIRECTION('',(1.,0.));
#7531 = ( GEOMETRIC_REPRESENTATION_CONTEXT(2) 
PARAMETRIC_REPRESENTATION_CONTEXT() REPRESENTATION_CONTEXT('2D SPACE',''
  ) );
#7532 = PCURVE('',#7098,#7533);
#7533 = DEFINITIONAL_REPRESENTATION('',(#7534),#7538);
#7534 = LINE('',#7535,#7536);
#7535 = CARTESIAN_POINT('',(-777.2552527668,-632.6472121623));
#7536 = VECTOR('',#7537,1.);
#7537 = DIRECTION('',(0.984807753012,0.173648177667));
#7538 = ( GEOMETRIC_REPRESENTATION_CONTEXT(2) 
PARAMETRIC_REPRESENTATION_CONTEXT() REPRESENTATION_CONTEXT('2D SPACE',''
  ) );
#7539 = ADVANCED_FACE('',(#7540,#7588,#7619),#6464,.F.);
#7540 = FACE_BOUND('',#7541,.F.);
#7541 = EDGE_LOOP('',(#7542,#7543,#7544,#7567));
#7542 = ORIENTED_EDGE('',*,*,#6448,.F.);
#7543 = ORIENTED_EDGE('',*,*,#7494,.T.);
#7544 = ORIENTED_EDGE('',*,*,#7545,.T.);
#7545 = EDGE_CURVE('',#7495,#7546,#7548,.T.);
#7546 = VERTEX_POINT('',#7547);
#7547 = CARTESIAN_POINT('',(485.,-150.,1.5E+03));
#7548 = SURFACE_CURVE('',#7549,(#7553,#7560),.PCURVE_S1.);
#7549 = LINE('',#7550,#7551);
#7550 = CARTESIAN_POINT('',(485.,-250.,1.5E+03));
#7551 = VECTOR('',#7552,1.);
#7552 = DIRECTION('',(-0.,1.,0.));
#7553 = PCURVE('',#6464,#7554);
#7554 = DEFINITIONAL_REPRESENTATION('',(#7555),#7559);
#7555 = LINE('',#7556,#7557);
#7556 = CARTESIAN_POINT('',(50.,0.));
#7557 = VECTOR('',#7558,1.);
#7558 = DIRECTION('',(0.,1.));
#7559 = ( GEOMETRIC_REPRESENTATION_CONTEXT(2) 
PARAMETRIC_REPRESENTATION_CONTEXT() REPRESENTATION_CONTEXT('2D SPACE',''
  ) );
#7560 = PCURVE('',#7098,#7561);
#7561 = DEFINITIONAL_REPRESENTATION('',(#7562),#7566);
#7562 = LINE('',#7563,#7564);
#7563 = CARTESIAN_POINT('',(-777.2552527668,-632.6472121623));
#7564 = VECTOR('',#7565,1.);
#7565 = DIRECTION('',(0.173648177667,-0.984807753012));
#7566 = ( GEOMETRIC_REPRESENTATION_CONTEXT(2) 
PARAMETRIC_REPRESENTATION_CONTEXT() REPRESENTATION_CONTEXT('2D SPACE',''
  ) );
#7567 = ORIENTED_EDGE('',*,*,#7568,.F.);
#7568 = EDGE_CURVE('',#6449,#7546,#7569,.T.);
#7569 = SURFACE_CURVE('',#7570,(#7574,#7581),.PCURVE_S1.);
#7570 = LINE('',#7571,#7572);
#7571 = CARTESIAN_POINT('',(435.,-150.,1.5E+03));
#7572 = VECTOR('',#7573,1.);
#7573 = DIRECTION('',(1.,0.,-0.));
#7574 = PCURVE('',#6464,#7575);
#7575 = DEFINITIONAL_REPRESENTATION('',(#7576),#7580);
#7576 = LINE('',#7577,#7578);
#7577 = CARTESIAN_POINT('',(0.,100.));
#7578 = VECTOR('',#7579,1.);
#7579 = DIRECTION('',(1.,0.));
#7580 = ( GEOMETRIC_REPRESENTATION_CONTEXT(2) 
PARAMETRIC_REPRESENTATION_CONTEXT() REPRESENTATION_CONTEXT('2D SPACE',''
  ) );
#7581 = PCURVE('',#6492,#7582);
#7582 = DEFINITIONAL_REPRESENTATION('',(#7583),#7587);
#7583 = LINE('',#7584,#7585);
#7584 = CARTESIAN_POINT('',(0.,0.));
#7585 = VECTOR('',#7586,1.);
#7586 = DIRECTION('',(0.,1.));
#7587 = ( GEOMETRIC_REPRESENTATION_CONTEXT(2) 
PARAMETRIC_REPRESENTATION_CONTEXT() REPRESENTATION_CONTEXT('2D SPACE',''
  ) );
#7588 = FACE_BOUND('',#7589,.F.);
#7589 = EDGE_LOOP('',(#7590));
#7590 = ORIENTED_EDGE('',*,*,#7591,.F.);
#7591 = EDGE_CURVE('',#7592,#7592,#7594,.T.);
#7592 = VERTEX_POINT('',#7593);
#7593 = CARTESIAN_POINT('',(465.5,-235.,1.5E+03));
#7594 = SURFACE_CURVE('',#7595,(#7600,#7607),.PCURVE_S1.);
#7595 = CIRCLE('',#7596,5.5);
#7596 = AXIS2_PLACEMENT_3D('',#7597,#7598,#7599);
#7597 = CARTESIAN_POINT('',(460.,-235.,1.5E+03));
#7598 = DIRECTION('',(0.,0.,1.));
#7599 = DIRECTION('',(1.,0.,-0.));
#7600 = PCURVE('',#6464,#7601);
#7601 = DEFINITIONAL_REPRESENTATION('',(#7602),#7606);
#7602 = CIRCLE('',#7603,5.5);
#7603 = AXIS2_PLACEMENT_2D('',#7604,#7605);
#7604 = CARTESIAN_POINT('',(25.,15.));
#7605 = DIRECTION('',(1.,0.));
#7606 = ( GEOMETRIC_REPRESENTATION_CONTEXT(2) 
PARAMETRIC_REPRESENTATION_CONTEXT() REPRESENTATION_CONTEXT('2D SPACE',''
  ) );
#7607 = PCURVE('',#7608,#7613);
#7608 = CYLINDRICAL_SURFACE('',#7609,5.5);
#7609 = AXIS2_PLACEMENT_3D('',#7610,#7611,#7612);
#7610 = CARTESIAN_POINT('',(460.,-235.,1.499E+03));
#7611 = DIRECTION('',(0.,0.,1.));
#7612 = DIRECTION('',(1.,0.,-0.));
#7613 = DEFINITIONAL_REPRESENTATION('',(#7614),#7618);
#7614 = LINE('',#7615,#7616);
#7615 = CARTESIAN_POINT('',(0.,1.));
#7616 = VECTOR('',#7617,1.);
#7617 = DIRECTION('',(1.,0.));
#7618 = ( GEOMETRIC_REPRESENTATION_CONTEXT(2) 
PARAMETRIC_REPRESENTATION_CONTEXT() REPRESENTATION_CONTEXT('2D SPACE',''
  ) );
#7619 = FACE_BOUND('',#7620,.F.);
#7620 = EDGE_LOOP('',(#7621));
#7621 = ORIENTED_EDGE('',*,*,#7622,.F.);
#7622 = EDGE_CURVE('',#7623,#7623,#7625,.T.);
#7623 = VERTEX_POINT('',#7624);
#7624 = CARTESIAN_POINT('',(465.5,-165.,1.5E+03));
#7625 = SURFACE_CURVE('',#7626,(#7631,#7638),.PCURVE_S1.);
#7626 = CIRCLE('',#7627,5.5);
#7627 = AXIS2_PLACEMENT_3D('',#7628,#7629,#7630);
#7628 = CARTESIAN_POINT('',(460.,-165.,1.5E+03));
#7629 = DIRECTION('',(0.,0.,1.));
#7630 = DIRECTION('',(1.,0.,-0.));
#7631 = PCURVE('',#6464,#7632);
#7632 = DEFINITIONAL_REPRESENTATION('',(#7633),#7637);
#7633 = CIRCLE('',#7634,5.5);
#7634 = AXIS2_PLACEMENT_2D('',#7635,#7636);
#7635 = CARTESIAN_POINT('',(25.,85.));
#7636 = DIRECTION('',(1.,0.));
#7637 = ( GEOMETRIC_REPRESENTATION_CONTEXT(2) 
PARAMETRIC_REPRESENTATION_CONTEXT() REPRESENTATION_CONTEXT('2D SPACE',''
  ) );
#7638 = PCURVE('',#7639,#7644);
#7639 = CYLINDRICAL_SURFACE('',#7640,5.5);
#7640 = AXIS2_PLACEMENT_3D('',#7641,#7642,#7643);
#7641 = CARTESIAN_POINT('',(460.,-165.,1.499E+03));
#7642 = DIRECTION('',(0.,0.,1.));
#7643 = DIRECTION('',(1.,0.,-0.));
#7644 = DEFINITIONAL_REPRESENTATION('',(#7645),#7649);
#7645 = LINE('',#7646,#7647);
#7646 = CARTESIAN_POINT('',(0.,1.));
#7647 = VECTOR('',#7648,1.);
#7648 = DIRECTION('',(1.,0.));
#7649 = ( GEOMETRIC_REPRESENTATION_CONTEXT(2) 
PARAMETRIC_REPRESENTATION_CONTEXT() REPRESENTATION_CONTEXT('2D SPACE',''
  ) );
#7650 = ADVANCED_FACE('',(#7651),#6492,.T.);
#7651 = FACE_BOUND('',#7652,.T.);
#7652 = EDGE_LOOP('',(#7653,#7654,#7655,#7678));
#7653 = ORIENTED_EDGE('',*,*,#7568,.F.);
#7654 = ORIENTED_EDGE('',*,*,#6476,.T.);
#7655 = ORIENTED_EDGE('',*,*,#7656,.T.);
#7656 = EDGE_CURVE('',#6477,#7657,#7659,.T.);
#7657 = VERTEX_POINT('',#7658);
#7658 = CARTESIAN_POINT('',(485.,-150.,1.508E+03));
#7659 = SURFACE_CURVE('',#7660,(#7664,#7671),.PCURVE_S1.);
#7660 = LINE('',#7661,#7662);
#7661 = CARTESIAN_POINT('',(435.,-150.,1.508E+03));
#7662 = VECTOR('',#7663,1.);
#7663 = DIRECTION('',(1.,0.,-0.));
#7664 = PCURVE('',#6492,#7665);
#7665 = DEFINITIONAL_REPRESENTATION('',(#7666),#7670);
#7666 = LINE('',#7667,#7668);
#7667 = CARTESIAN_POINT('',(8.,0.));
#7668 = VECTOR('',#7669,1.);
#7669 = DIRECTION('',(0.,1.));
#7670 = ( GEOMETRIC_REPRESENTATION_CONTEXT(2) 
PARAMETRIC_REPRESENTATION_CONTEXT() REPRESENTATION_CONTEXT('2D SPACE',''
  ) );
#7671 = PCURVE('',#6520,#7672);
#7672 = DEFINITIONAL_REPRESENTATION('',(#7673),#7677);
#7673 = LINE('',#7674,#7675);
#7674 = CARTESIAN_POINT('',(0.,100.));
#7675 = VECTOR('',#7676,1.);
#7676 = DIRECTION('',(1.,0.));
#7677 = ( GEOMETRIC_REPRESENTATION_CONTEXT(2) 
PARAMETRIC_REPRESENTATION_CONTEXT() REPRESENTATION_CONTEXT('2D SPACE',''
  ) );
#7678 = ORIENTED_EDGE('',*,*,#7679,.F.);
#7679 = EDGE_CURVE('',#7546,#7657,#7680,.T.);
#7680 = SURFACE_CURVE('',#7681,(#7685,#7692),.PCURVE_S1.);
#7681 = LINE('',#7682,#7683);
#7682 = CARTESIAN_POINT('',(485.,-150.,1.5E+03));
#7683 = VECTOR('',#7684,1.);
#7684 = DIRECTION('',(0.,0.,1.));
#7685 = PCURVE('',#6492,#7686);
#7686 = DEFINITIONAL_REPRESENTATION('',(#7687),#7691);
#7687 = LINE('',#7688,#7689);
#7688 = CARTESIAN_POINT('',(0.,50.));
#7689 = VECTOR('',#7690,1.);
#7690 = DIRECTION('',(1.,0.));
#7691 = ( GEOMETRIC_REPRESENTATION_CONTEXT(2) 
PARAMETRIC_REPRESENTATION_CONTEXT() REPRESENTATION_CONTEXT('2D SPACE',''
  ) );
#7692 = PCURVE('',#7098,#7693);
#7693 = DEFINITIONAL_REPRESENTATION('',(#7694),#7698);
#7694 = LINE('',#7695,#7696);
#7695 = CARTESIAN_POINT('',(-759.8904350001,-731.1279874635));
#7696 = VECTOR('',#7697,1.);
#7697 = DIRECTION('',(0.984807753012,0.173648177667));
#7698 = ( GEOMETRIC_REPRESENTATION_CONTEXT(2) 
PARAMETRIC_REPRESENTATION_CONTEXT() REPRESENTATION_CONTEXT('2D SPACE',''
  ) );
#7699 = ADVANCED_FACE('',(#7700,#7748),#6520,.T.);
#7700 = FACE_BOUND('',#7701,.T.);
#7701 = EDGE_LOOP('',(#7702,#7703,#7726,#7747));
#7702 = ORIENTED_EDGE('',*,*,#6504,.F.);
#7703 = ORIENTED_EDGE('',*,*,#7704,.T.);
#7704 = EDGE_CURVE('',#6505,#7705,#7707,.T.);
#7705 = VERTEX_POINT('',#7706);
#7706 = CARTESIAN_POINT('',(485.,-175.,1.508E+03));
#7707 = SURFACE_CURVE('',#7708,(#7712,#7719),.PCURVE_S1.);
#7708 = LINE('',#7709,#7710);
#7709 = CARTESIAN_POINT('',(435.,-175.,1.508E+03));
#7710 = VECTOR('',#7711,1.);
#7711 = DIRECTION('',(1.,0.,-0.));
#7712 = PCURVE('',#6520,#7713);
#7713 = DEFINITIONAL_REPRESENTATION('',(#7714),#7718);
#7714 = LINE('',#7715,#7716);
#7715 = CARTESIAN_POINT('',(0.,75.));
#7716 = VECTOR('',#7717,1.);
#7717 = DIRECTION('',(1.,0.));
#7718 = ( GEOMETRIC_REPRESENTATION_CONTEXT(2) 
PARAMETRIC_REPRESENTATION_CONTEXT() REPRESENTATION_CONTEXT('2D SPACE',''
  ) );
#7719 = PCURVE('',#6548,#7720);
#7720 = DEFINITIONAL_REPRESENTATION('',(#7721),#7725);
#7721 = LINE('',#7722,#7723);
#7722 = CARTESIAN_POINT('',(0.,0.));
#7723 = VECTOR('',#7724,1.);
#7724 = DIRECTION('',(0.,1.));
#7725 = ( GEOMETRIC_REPRESENTATION_CONTEXT(2) 
PARAMETRIC_REPRESENTATION_CONTEXT() REPRESENTATION_CONTEXT('2D SPACE',''
  ) );
#7726 = ORIENTED_EDGE('',*,*,#7727,.T.);
#7727 = EDGE_CURVE('',#7705,#7657,#7728,.T.);
#7728 = SURFACE_CURVE('',#7729,(#7733,#7740),.PCURVE_S1.);
#7729 = LINE('',#7730,#7731);
#7730 = CARTESIAN_POINT('',(485.,-250.,1.508E+03));
#7731 = VECTOR('',#7732,1.);
#7732 = DIRECTION('',(-0.,1.,0.));
#7733 = PCURVE('',#6520,#7734);
#7734 = DEFINITIONAL_REPRESENTATION('',(#7735),#7739);
#7735 = LINE('',#7736,#7737);
#7736 = CARTESIAN_POINT('',(50.,0.));
#7737 = VECTOR('',#7738,1.);
#7738 = DIRECTION('',(0.,1.));
#7739 = ( GEOMETRIC_REPRESENTATION_CONTEXT(2) 
PARAMETRIC_REPRESENTATION_CONTEXT() REPRESENTATION_CONTEXT('2D SPACE',''
  ) );
#7740 = PCURVE('',#7098,#7741);
#7741 = DEFINITIONAL_REPRESENTATION('',(#7742),#7746);
#7742 = LINE('',#7743,#7744);
#7743 = CARTESIAN_POINT('',(-769.3767907427,-631.2580267409));
#7744 = VECTOR('',#7745,1.);
#7745 = DIRECTION('',(0.173648177667,-0.984807753012));
#7746 = ( GEOMETRIC_REPRESENTATION_CONTEXT(2) 
PARAMETRIC_REPRESENTATION_CONTEXT() REPRESENTATION_CONTEXT('2D SPACE',''
  ) );
#7747 = ORIENTED_EDGE('',*,*,#7656,.F.);
#7748 = FACE_BOUND('',#7749,.T.);
#7749 = EDGE_LOOP('',(#7750));
#7750 = ORIENTED_EDGE('',*,*,#7751,.F.);
#7751 = EDGE_CURVE('',#7752,#7752,#7754,.T.);
#7752 = VERTEX_POINT('',#7753);
#7753 = CARTESIAN_POINT('',(468.5,-165.,1.508E+03));
#7754 = SURFACE_CURVE('',#7755,(#7760,#7767),.PCURVE_S1.);
#7755 = CIRCLE('',#7756,8.5);
#7756 = AXIS2_PLACEMENT_3D('',#7757,#7758,#7759);
#7757 = CARTESIAN_POINT('',(460.,-165.,1.508E+03));
#7758 = DIRECTION('',(0.,0.,1.));
#7759 = DIRECTION('',(1.,0.,-0.));
#7760 = PCURVE('',#6520,#7761);
#7761 = DEFINITIONAL_REPRESENTATION('',(#7762),#7766);
#7762 = CIRCLE('',#7763,8.5);
#7763 = AXIS2_PLACEMENT_2D('',#7764,#7765);
#7764 = CARTESIAN_POINT('',(25.,85.));
#7765 = DIRECTION('',(1.,0.));
#7766 = ( GEOMETRIC_REPRESENTATION_CONTEXT(2) 
PARAMETRIC_REPRESENTATION_CONTEXT() REPRESENTATION_CONTEXT('2D SPACE',''
  ) );
#7767 = PCURVE('',#7768,#7773);
#7768 = CYLINDRICAL_SURFACE('',#7769,8.5);
#7769 = AXIS2_PLACEMENT_3D('',#7770,#7771,#7772);
#7770 = CARTESIAN_POINT('',(460.,-165.,1.508E+03));
#7771 = DIRECTION('',(0.,0.,1.));
#7772 = DIRECTION('',(1.,0.,-0.));
#7773 = DEFINITIONAL_REPRESENTATION('',(#7774),#7778);
#7774 = LINE('',#7775,#7776);
#7775 = CARTESIAN_POINT('',(0.,0.));
#7776 = VECTOR('',#7777,1.);
#7777 = DIRECTION('',(1.,0.));
#7778 = ( GEOMETRIC_REPRESENTATION_CONTEXT(2) 
PARAMETRIC_REPRESENTATION_CONTEXT() REPRESENTATION_CONTEXT('2D SPACE',''
  ) );
#7779 = ADVANCED_FACE('',(#7780),#6548,.T.);
#7780 = FACE_BOUND('',#7781,.T.);
#7781 = EDGE_LOOP('',(#7782,#7805,#7806,#7807));
#7782 = ORIENTED_EDGE('',*,*,#7783,.F.);
#7783 = EDGE_CURVE('',#7705,#7784,#7786,.T.);
#7784 = VERTEX_POINT('',#7785);
#7785 = CARTESIAN_POINT('',(485.,-175.,2.269928584663E+03));
#7786 = SURFACE_CURVE('',#7787,(#7791,#7798),.PCURVE_S1.);
#7787 = LINE('',#7788,#7789);
#7788 = CARTESIAN_POINT('',(485.,-175.,1.508E+03));
#7789 = VECTOR('',#7790,1.);
#7790 = DIRECTION('',(0.,0.,1.));
#7791 = PCURVE('',#6548,#7792);
#7792 = DEFINITIONAL_REPRESENTATION('',(#7793),#7797);
#7793 = LINE('',#7794,#7795);
#7794 = CARTESIAN_POINT('',(0.,50.));
#7795 = VECTOR('',#7796,1.);
#7796 = DIRECTION('',(1.,0.));
#7797 = ( GEOMETRIC_REPRESENTATION_CONTEXT(2) 
PARAMETRIC_REPRESENTATION_CONTEXT() REPRESENTATION_CONTEXT('2D SPACE',''
  ) );
#7798 = PCURVE('',#7098,#7799);
#7799 = DEFINITIONAL_REPRESENTATION('',(#7800),#7804);
#7800 = LINE('',#7801,#7802);
#7801 = CARTESIAN_POINT('',(-756.3531774177,-705.1186082169));
#7802 = VECTOR('',#7803,1.);
#7803 = DIRECTION('',(0.984807753012,0.173648177667));
#7804 = ( GEOMETRIC_REPRESENTATION_CONTEXT(2) 
PARAMETRIC_REPRESENTATION_CONTEXT() REPRESENTATION_CONTEXT('2D SPACE',''
  ) );
#7805 = ORIENTED_EDGE('',*,*,#7704,.F.);
#7806 = ORIENTED_EDGE('',*,*,#6532,.T.);
#7807 = ORIENTED_EDGE('',*,*,#7808,.T.);
#7808 = EDGE_CURVE('',#6533,#7784,#7809,.T.);
#7809 = SURFACE_CURVE('',#7810,(#7814,#7820),.PCURVE_S1.);
#7810 = LINE('',#7811,#7812);
#7811 = CARTESIAN_POINT('',(-1.2825E+03,-175.,2.269928584663E+03));
#7812 = VECTOR('',#7813,1.);
#7813 = DIRECTION('',(1.,0.,-0.));
#7814 = PCURVE('',#6548,#7815);
#7815 = DEFINITIONAL_REPRESENTATION('',(#7816),#7819);
#7816 = B_SPLINE_CURVE_WITH_KNOTS('',1,(#7817,#7818),.UNSPECIFIED.,.F.,
  .F.,(2,2),(1.7175E+03,1.7675E+03),.PIECEWISE_BEZIER_KNOTS.);
#7817 = CARTESIAN_POINT('',(761.92858466296,0.));
#7818 = CARTESIAN_POINT('',(761.92858466296,50.));
#7819 = ( GEOMETRIC_REPRESENTATION_CONTEXT(2) 
PARAMETRIC_REPRESENTATION_CONTEXT() REPRESENTATION_CONTEXT('2D SPACE',''
  ) );
#7820 = PCURVE('',#6576,#7821);
#7821 = DEFINITIONAL_REPRESENTATION('',(#7822),#7826);
#7822 = LINE('',#7823,#7824);
#7823 = CARTESIAN_POINT('',(-1.7175E+03,60.385665297144));
#7824 = VECTOR('',#7825,1.);
#7825 = DIRECTION('',(1.,0.));
#7826 = ( GEOMETRIC_REPRESENTATION_CONTEXT(2) 
PARAMETRIC_REPRESENTATION_CONTEXT() REPRESENTATION_CONTEXT('2D SPACE',''
  ) );
#7827 = ADVANCED_FACE('',(#7828),#6576,.F.);
#7828 = FACE_BOUND('',#7829,.F.);
#7829 = EDGE_LOOP('',(#7830,#7831,#7832,#7855));
#7830 = ORIENTED_EDGE('',*,*,#6560,.F.);
#7831 = ORIENTED_EDGE('',*,*,#7808,.T.);
#7832 = ORIENTED_EDGE('',*,*,#7833,.T.);
#7833 = EDGE_CURVE('',#7784,#7834,#7836,.T.);
#7834 = VERTEX_POINT('',#7835);
#7835 = CARTESIAN_POINT('',(485.,-165.5317286445,2.268259072962E+03));
#7836 = SURFACE_CURVE('',#7837,(#7841,#7848),.PCURVE_S1.);
#7837 = LINE('',#7838,#7839);
#7838 = CARTESIAN_POINT('',(485.,-234.4682713554,2.280414445399E+03));
#7839 = VECTOR('',#7840,1.);
#7840 = DIRECTION('',(0.,0.984807753012,-0.173648177667));
#7841 = PCURVE('',#6576,#7842);
#7842 = DEFINITIONAL_REPRESENTATION('',(#7843),#7847);
#7843 = LINE('',#7844,#7845);
#7844 = CARTESIAN_POINT('',(50.,0.));
#7845 = VECTOR('',#7846,1.);
#7846 = DIRECTION('',(0.,1.));
#7847 = ( GEOMETRIC_REPRESENTATION_CONTEXT(2) 
PARAMETRIC_REPRESENTATION_CONTEXT() REPRESENTATION_CONTEXT('2D SPACE',''
  ) );
#7848 = PCURVE('',#7098,#7849);
#7849 = DEFINITIONAL_REPRESENTATION('',(#7850),#7854);
#7850 = LINE('',#7851,#7852);
#7851 = CARTESIAN_POINT('',(-6.,-512.4254326807));
#7852 = VECTOR('',#7853,1.);
#7853 = DIRECTION('',(0.,-1.));
#7854 = ( GEOMETRIC_REPRESENTATION_CONTEXT(2) 
PARAMETRIC_REPRESENTATION_CONTEXT() REPRESENTATION_CONTEXT('2D SPACE',''
  ) );
#7855 = ORIENTED_EDGE('',*,*,#7856,.F.);
#7856 = EDGE_CURVE('',#6561,#7834,#7857,.T.);
#7857 = SURFACE_CURVE('',#7858,(#7862,#7869),.PCURVE_S1.);
#7858 = LINE('',#7859,#7860);
#7859 = CARTESIAN_POINT('',(435.,-165.5317286445,2.268259072962E+03));
#7860 = VECTOR('',#7861,1.);
#7861 = DIRECTION('',(1.,0.,-0.));
#7862 = PCURVE('',#6576,#7863);
#7863 = DEFINITIONAL_REPRESENTATION('',(#7864),#7868);
#7864 = LINE('',#7865,#7866);
#7865 = CARTESIAN_POINT('',(0.,70.));
#7866 = VECTOR('',#7867,1.);
#7867 = DIRECTION('',(1.,0.));
#7868 = ( GEOMETRIC_REPRESENTATION_CONTEXT(2) 
PARAMETRIC_REPRESENTATION_CONTEXT() REPRESENTATION_CONTEXT('2D SPACE',''
  ) );
#7869 = PCURVE('',#6604,#7870);
#7870 = DEFINITIONAL_REPRESENTATION('',(#7871),#7875);
#7871 = LINE('',#7872,#7873);
#7872 = CARTESIAN_POINT('',(0.,0.));
#7873 = VECTOR('',#7874,1.);
#7874 = DIRECTION('',(0.,1.));
#7875 = ( GEOMETRIC_REPRESENTATION_CONTEXT(2) 
PARAMETRIC_REPRESENTATION_CONTEXT() REPRESENTATION_CONTEXT('2D SPACE',''
  ) );
#7876 = ADVANCED_FACE('',(#7877),#6604,.T.);
#7877 = FACE_BOUND('',#7878,.T.);
#7878 = EDGE_LOOP('',(#7879,#7880,#7881,#7904));
#7879 = ORIENTED_EDGE('',*,*,#7856,.F.);
#7880 = ORIENTED_EDGE('',*,*,#6588,.T.);
#7881 = ORIENTED_EDGE('',*,*,#7882,.T.);
#7882 = EDGE_CURVE('',#6589,#7883,#7885,.T.);
#7883 = VERTEX_POINT('',#7884);
#7884 = CARTESIAN_POINT('',(485.,-164.4898395785,2.27416791948E+03));
#7885 = SURFACE_CURVE('',#7886,(#7890,#7897),.PCURVE_S1.);
#7886 = LINE('',#7887,#7888);
#7887 = CARTESIAN_POINT('',(435.,-164.4898395785,2.27416791948E+03));
#7888 = VECTOR('',#7889,1.);
#7889 = DIRECTION('',(1.,0.,-0.));
#7890 = PCURVE('',#6604,#7891);
#7891 = DEFINITIONAL_REPRESENTATION('',(#7892),#7896);
#7892 = LINE('',#7893,#7894);
#7893 = CARTESIAN_POINT('',(6.,0.));
#7894 = VECTOR('',#7895,1.);
#7895 = DIRECTION('',(0.,1.));
#7896 = ( GEOMETRIC_REPRESENTATION_CONTEXT(2) 
PARAMETRIC_REPRESENTATION_CONTEXT() REPRESENTATION_CONTEXT('2D SPACE',''
  ) );
#7897 = PCURVE('',#6632,#7898);
#7898 = DEFINITIONAL_REPRESENTATION('',(#7899),#7903);
#7899 = LINE('',#7900,#7901);
#7900 = CARTESIAN_POINT('',(0.,582.4254326807));
#7901 = VECTOR('',#7902,1.);
#7902 = DIRECTION('',(1.,0.));
#7903 = ( GEOMETRIC_REPRESENTATION_CONTEXT(2) 
PARAMETRIC_REPRESENTATION_CONTEXT() REPRESENTATION_CONTEXT('2D SPACE',''
  ) );
#7904 = ORIENTED_EDGE('',*,*,#7905,.F.);
#7905 = EDGE_CURVE('',#7834,#7883,#7906,.T.);
#7906 = SURFACE_CURVE('',#7907,(#7911,#7918),.PCURVE_S1.);
#7907 = LINE('',#7908,#7909);
#7908 = CARTESIAN_POINT('',(485.,-165.5317286445,2.268259072962E+03));
#7909 = VECTOR('',#7910,1.);
#7910 = DIRECTION('',(0.,0.173648177667,0.984807753012));
#7911 = PCURVE('',#6604,#7912);
#7912 = DEFINITIONAL_REPRESENTATION('',(#7913),#7917);
#7913 = LINE('',#7914,#7915);
#7914 = CARTESIAN_POINT('',(0.,50.));
#7915 = VECTOR('',#7916,1.);
#7916 = DIRECTION('',(1.,0.));
#7917 = ( GEOMETRIC_REPRESENTATION_CONTEXT(2) 
PARAMETRIC_REPRESENTATION_CONTEXT() REPRESENTATION_CONTEXT('2D SPACE',''
  ) );
#7918 = PCURVE('',#7098,#7919);
#7919 = DEFINITIONAL_REPRESENTATION('',(#7920),#7924);
#7920 = LINE('',#7921,#7922);
#7921 = CARTESIAN_POINT('',(-6.,-582.4254326807));
#7922 = VECTOR('',#7923,1.);
#7923 = DIRECTION('',(1.,0.));
#7924 = ( GEOMETRIC_REPRESENTATION_CONTEXT(2) 
PARAMETRIC_REPRESENTATION_CONTEXT() REPRESENTATION_CONTEXT('2D SPACE',''
  ) );
#7925 = ADVANCED_FACE('',(#7926),#6632,.F.);
#7926 = FACE_BOUND('',#7927,.F.);
#7927 = EDGE_LOOP('',(#7928,#7929,#7930,#7953));
#7928 = ORIENTED_EDGE('',*,*,#6616,.F.);
#7929 = ORIENTED_EDGE('',*,*,#7882,.T.);
#7930 = ORIENTED_EDGE('',*,*,#7931,.T.);
#7931 = EDGE_CURVE('',#7883,#7932,#7934,.T.);
#7932 = VERTEX_POINT('',#7933);
#7933 = CARTESIAN_POINT('',(485.,166.57361771057,2.215792499634E+03));
#7934 = SURFACE_CURVE('',#7935,(#7939,#7946),.PCURVE_S1.);
#7935 = LINE('',#7936,#7937);
#7936 = CARTESIAN_POINT('',(485.,-738.066921234,2.375305034492E+03));
#7937 = VECTOR('',#7938,1.);
#7938 = DIRECTION('',(0.,0.984807753012,-0.173648177667));
#7939 = PCURVE('',#6632,#7940);
#7940 = DEFINITIONAL_REPRESENTATION('',(#7941),#7945);
#7941 = LINE('',#7942,#7943);
#7942 = CARTESIAN_POINT('',(50.,0.));
#7943 = VECTOR('',#7944,1.);
#7944 = DIRECTION('',(0.,1.));
#7945 = ( GEOMETRIC_REPRESENTATION_CONTEXT(2) 
PARAMETRIC_REPRESENTATION_CONTEXT() REPRESENTATION_CONTEXT('2D SPACE',''
  ) );
#7946 = PCURVE('',#7098,#7947);
#7947 = DEFINITIONAL_REPRESENTATION('',(#7948),#7952);
#7948 = LINE('',#7949,#7950);
#7949 = CARTESIAN_POINT('',(0.,0.));
#7950 = VECTOR('',#7951,1.);
#7951 = DIRECTION('',(0.,-1.));
#7952 = ( GEOMETRIC_REPRESENTATION_CONTEXT(2) 
PARAMETRIC_REPRESENTATION_CONTEXT() REPRESENTATION_CONTEXT('2D SPACE',''
  ) );
#7953 = ORIENTED_EDGE('',*,*,#7954,.F.);
#7954 = EDGE_CURVE('',#6617,#7932,#7955,.T.);
#7955 = SURFACE_CURVE('',#7956,(#7960,#7967),.PCURVE_S1.);
#7956 = LINE('',#7957,#7958);
#7957 = CARTESIAN_POINT('',(435.,166.57361771057,2.215792499634E+03));
#7958 = VECTOR('',#7959,1.);
#7959 = DIRECTION('',(1.,0.,-0.));
#7960 = PCURVE('',#6632,#7961);
#7961 = DEFINITIONAL_REPRESENTATION('',(#7962),#7966);
#7962 = LINE('',#7963,#7964);
#7963 = CARTESIAN_POINT('',(0.,918.59607743499));
#7964 = VECTOR('',#7965,1.);
#7965 = DIRECTION('',(1.,0.));
#7966 = ( GEOMETRIC_REPRESENTATION_CONTEXT(2) 
PARAMETRIC_REPRESENTATION_CONTEXT() REPRESENTATION_CONTEXT('2D SPACE',''
  ) );
#7967 = PCURVE('',#6660,#7968);
#7968 = DEFINITIONAL_REPRESENTATION('',(#7969),#7973);
#7969 = LINE('',#7970,#7971);
#7970 = CARTESIAN_POINT('',(6.,0.));
#7971 = VECTOR('',#7972,1.);
#7972 = DIRECTION('',(0.,1.));
#7973 = ( GEOMETRIC_REPRESENTATION_CONTEXT(2) 
PARAMETRIC_REPRESENTATION_CONTEXT() REPRESENTATION_CONTEXT('2D SPACE',''
  ) );
#7974 = ADVANCED_FACE('',(#7975),#6660,.F.);
#7975 = FACE_BOUND('',#7976,.F.);
#7976 = EDGE_LOOP('',(#7977,#8000,#8001,#8002));
#7977 = ORIENTED_EDGE('',*,*,#7978,.F.);
#7978 = EDGE_CURVE('',#6645,#7979,#7981,.T.);
#7979 = VERTEX_POINT('',#7980);
#7980 = CARTESIAN_POINT('',(485.,165.53172864457,2.209883653116E+03));
#7981 = SURFACE_CURVE('',#7982,(#7986,#7993),.PCURVE_S1.);
#7982 = LINE('',#7983,#7984);
#7983 = CARTESIAN_POINT('',(435.,165.53172864457,2.209883653116E+03));
#7984 = VECTOR('',#7985,1.);
#7985 = DIRECTION('',(1.,0.,-0.));
#7986 = PCURVE('',#6660,#7987);
#7987 = DEFINITIONAL_REPRESENTATION('',(#7988),#7992);
#7988 = LINE('',#7989,#7990);
#7989 = CARTESIAN_POINT('',(0.,0.));
#7990 = VECTOR('',#7991,1.);
#7991 = DIRECTION('',(0.,1.));
#7992 = ( GEOMETRIC_REPRESENTATION_CONTEXT(2) 
PARAMETRIC_REPRESENTATION_CONTEXT() REPRESENTATION_CONTEXT('2D SPACE',''
  ) );
#7993 = PCURVE('',#6688,#7994);
#7994 = DEFINITIONAL_REPRESENTATION('',(#7995),#7999);
#7995 = LINE('',#7996,#7997);
#7996 = CARTESIAN_POINT('',(0.,0.));
#7997 = VECTOR('',#7998,1.);
#7998 = DIRECTION('',(1.,0.));
#7999 = ( GEOMETRIC_REPRESENTATION_CONTEXT(2) 
PARAMETRIC_REPRESENTATION_CONTEXT() REPRESENTATION_CONTEXT('2D SPACE',''
  ) );
#8000 = ORIENTED_EDGE('',*,*,#6644,.T.);
#8001 = ORIENTED_EDGE('',*,*,#7954,.T.);
#8002 = ORIENTED_EDGE('',*,*,#8003,.F.);
#8003 = EDGE_CURVE('',#7979,#7932,#8004,.T.);
#8004 = SURFACE_CURVE('',#8005,(#8009,#8016),.PCURVE_S1.);
#8005 = LINE('',#8006,#8007);
#8006 = CARTESIAN_POINT('',(485.,165.53172864457,2.209883653116E+03));
#8007 = VECTOR('',#8008,1.);
#8008 = DIRECTION('',(0.,0.173648177667,0.984807753012));
#8009 = PCURVE('',#6660,#8010);
#8010 = DEFINITIONAL_REPRESENTATION('',(#8011),#8015);
#8011 = LINE('',#8012,#8013);
#8012 = CARTESIAN_POINT('',(0.,50.));
#8013 = VECTOR('',#8014,1.);
#8014 = DIRECTION('',(1.,0.));
#8015 = ( GEOMETRIC_REPRESENTATION_CONTEXT(2) 
PARAMETRIC_REPRESENTATION_CONTEXT() REPRESENTATION_CONTEXT('2D SPACE',''
  ) );
#8016 = PCURVE('',#7098,#8017);
#8017 = DEFINITIONAL_REPRESENTATION('',(#8018),#8022);
#8018 = LINE('',#8019,#8020);
#8019 = CARTESIAN_POINT('',(-6.,-918.5960774349));
#8020 = VECTOR('',#8021,1.);
#8021 = DIRECTION('',(1.,0.));
#8022 = ( GEOMETRIC_REPRESENTATION_CONTEXT(2) 
PARAMETRIC_REPRESENTATION_CONTEXT() REPRESENTATION_CONTEXT('2D SPACE',''
  ) );
#8023 = ADVANCED_FACE('',(#8024),#6688,.F.);
#8024 = FACE_BOUND('',#8025,.F.);
#8025 = EDGE_LOOP('',(#8026,#8027,#8028,#8051));
#8026 = ORIENTED_EDGE('',*,*,#6672,.F.);
#8027 = ORIENTED_EDGE('',*,*,#7978,.T.);
#8028 = ORIENTED_EDGE('',*,*,#8029,.T.);
#8029 = EDGE_CURVE('',#7979,#8030,#8032,.T.);
#8030 = VERTEX_POINT('',#8031);
#8031 = CARTESIAN_POINT('',(485.,175.,2.208214141415E+03));
#8032 = SURFACE_CURVE('',#8033,(#8037,#8044),.PCURVE_S1.);
#8033 = LINE('',#8034,#8035);
#8034 = CARTESIAN_POINT('',(485.,165.53172864457,2.209883653116E+03));
#8035 = VECTOR('',#8036,1.);
#8036 = DIRECTION('',(0.,0.984807753012,-0.173648177667));
#8037 = PCURVE('',#6688,#8038);
#8038 = DEFINITIONAL_REPRESENTATION('',(#8039),#8043);
#8039 = LINE('',#8040,#8041);
#8040 = CARTESIAN_POINT('',(50.,0.));
#8041 = VECTOR('',#8042,1.);
#8042 = DIRECTION('',(0.,1.));
#8043 = ( GEOMETRIC_REPRESENTATION_CONTEXT(2) 
PARAMETRIC_REPRESENTATION_CONTEXT() REPRESENTATION_CONTEXT('2D SPACE',''
  ) );
#8044 = PCURVE('',#7098,#8045);
#8045 = DEFINITIONAL_REPRESENTATION('',(#8046),#8050);
#8046 = LINE('',#8047,#8048);
#8047 = CARTESIAN_POINT('',(-6.,-918.5960774349));
#8048 = VECTOR('',#8049,1.);
#8049 = DIRECTION('',(0.,-1.));
#8050 = ( GEOMETRIC_REPRESENTATION_CONTEXT(2) 
PARAMETRIC_REPRESENTATION_CONTEXT() REPRESENTATION_CONTEXT('2D SPACE',''
  ) );
#8051 = ORIENTED_EDGE('',*,*,#8052,.F.);
#8052 = EDGE_CURVE('',#6673,#8030,#8053,.T.);
#8053 = SURFACE_CURVE('',#8054,(#8058,#8065),.PCURVE_S1.);
#8054 = LINE('',#8055,#8056);
#8055 = CARTESIAN_POINT('',(-1.2825E+03,175.,2.208214141415E+03));
#8056 = VECTOR('',#8057,1.);
#8057 = DIRECTION('',(1.,0.,-0.));
#8058 = PCURVE('',#6688,#8059);
#8059 = DEFINITIONAL_REPRESENTATION('',(#8060),#8064);
#8060 = LINE('',#8061,#8062);
#8061 = CARTESIAN_POINT('',(-1.7175E+03,9.614334702857));
#8062 = VECTOR('',#8063,1.);
#8063 = DIRECTION('',(1.,0.));
#8064 = ( GEOMETRIC_REPRESENTATION_CONTEXT(2) 
PARAMETRIC_REPRESENTATION_CONTEXT() REPRESENTATION_CONTEXT('2D SPACE',''
  ) );
#8065 = PCURVE('',#6716,#8066);
#8066 = DEFINITIONAL_REPRESENTATION('',(#8067),#8070);
#8067 = B_SPLINE_CURVE_WITH_KNOTS('',1,(#8068,#8069),.UNSPECIFIED.,.F.,
  .F.,(2,2),(1.7175E+03,1.7675E+03),.PIECEWISE_BEZIER_KNOTS.);
#8068 = CARTESIAN_POINT('',(700.214141415,0.));
#8069 = CARTESIAN_POINT('',(700.214141415,50.));
#8070 = ( GEOMETRIC_REPRESENTATION_CONTEXT(2) 
PARAMETRIC_REPRESENTATION_CONTEXT() REPRESENTATION_CONTEXT('2D SPACE',''
  ) );
#8071 = ADVANCED_FACE('',(#8072),#6716,.F.);
#8072 = FACE_BOUND('',#8073,.F.);
#8073 = EDGE_LOOP('',(#8074,#8097,#8118,#8119));
#8074 = ORIENTED_EDGE('',*,*,#8075,.F.);
#8075 = EDGE_CURVE('',#8076,#8030,#8078,.T.);
#8076 = VERTEX_POINT('',#8077);
#8077 = CARTESIAN_POINT('',(485.,175.,1.508E+03));
#8078 = SURFACE_CURVE('',#8079,(#8083,#8090),.PCURVE_S1.);
#8079 = LINE('',#8080,#8081);
#8080 = CARTESIAN_POINT('',(485.,175.,1.508E+03));
#8081 = VECTOR('',#8082,1.);
#8082 = DIRECTION('',(0.,0.,1.));
#8083 = PCURVE('',#6716,#8084);
#8084 = DEFINITIONAL_REPRESENTATION('',(#8085),#8089);
#8085 = LINE('',#8086,#8087);
#8086 = CARTESIAN_POINT('',(0.,50.));
#8087 = VECTOR('',#8088,1.);
#8088 = DIRECTION('',(1.,0.));
#8089 = ( GEOMETRIC_REPRESENTATION_CONTEXT(2) 
PARAMETRIC_REPRESENTATION_CONTEXT() REPRESENTATION_CONTEXT('2D SPACE',''
  ) );
#8090 = PCURVE('',#7098,#8091);
#8091 = DEFINITIONAL_REPRESENTATION('',(#8092),#8096);
#8092 = LINE('',#8093,#8094);
#8093 = CARTESIAN_POINT('',(-695.5763152342,-1.049801321771E+03));
#8094 = VECTOR('',#8095,1.);
#8095 = DIRECTION('',(0.984807753012,0.173648177667));
#8096 = ( GEOMETRIC_REPRESENTATION_CONTEXT(2) 
PARAMETRIC_REPRESENTATION_CONTEXT() REPRESENTATION_CONTEXT('2D SPACE',''
  ) );
#8097 = ORIENTED_EDGE('',*,*,#8098,.F.);
#8098 = EDGE_CURVE('',#6701,#8076,#8099,.T.);
#8099 = SURFACE_CURVE('',#8100,(#8104,#8111),.PCURVE_S1.);
#8100 = LINE('',#8101,#8102);
#8101 = CARTESIAN_POINT('',(435.,175.,1.508E+03));
#8102 = VECTOR('',#8103,1.);
#8103 = DIRECTION('',(1.,0.,-0.));
#8104 = PCURVE('',#6716,#8105);
#8105 = DEFINITIONAL_REPRESENTATION('',(#8106),#8110);
#8106 = LINE('',#8107,#8108);
#8107 = CARTESIAN_POINT('',(0.,0.));
#8108 = VECTOR('',#8109,1.);
#8109 = DIRECTION('',(0.,1.));
#8110 = ( GEOMETRIC_REPRESENTATION_CONTEXT(2) 
PARAMETRIC_REPRESENTATION_CONTEXT() REPRESENTATION_CONTEXT('2D SPACE',''
  ) );
#8111 = PCURVE('',#6744,#8112);
#8112 = DEFINITIONAL_REPRESENTATION('',(#8113),#8117);
#8113 = LINE('',#8114,#8115);
#8114 = CARTESIAN_POINT('',(0.,25.));
#8115 = VECTOR('',#8116,1.);
#8116 = DIRECTION('',(1.,0.));
#8117 = ( GEOMETRIC_REPRESENTATION_CONTEXT(2) 
PARAMETRIC_REPRESENTATION_CONTEXT() REPRESENTATION_CONTEXT('2D SPACE',''
  ) );
#8118 = ORIENTED_EDGE('',*,*,#6700,.T.);
#8119 = ORIENTED_EDGE('',*,*,#8052,.T.);
#8120 = ADVANCED_FACE('',(#8121,#8169),#6744,.T.);
#8121 = FACE_BOUND('',#8122,.T.);
#8122 = EDGE_LOOP('',(#8123,#8124,#8147,#8168));
#8123 = ORIENTED_EDGE('',*,*,#6728,.F.);
#8124 = ORIENTED_EDGE('',*,*,#8125,.T.);
#8125 = EDGE_CURVE('',#6729,#8126,#8128,.T.);
#8126 = VERTEX_POINT('',#8127);
#8127 = CARTESIAN_POINT('',(485.,150.,1.508E+03));
#8128 = SURFACE_CURVE('',#8129,(#8133,#8140),.PCURVE_S1.);
#8129 = LINE('',#8130,#8131);
#8130 = CARTESIAN_POINT('',(435.,150.,1.508E+03));
#8131 = VECTOR('',#8132,1.);
#8132 = DIRECTION('',(1.,0.,-0.));
#8133 = PCURVE('',#6744,#8134);
#8134 = DEFINITIONAL_REPRESENTATION('',(#8135),#8139);
#8135 = LINE('',#8136,#8137);
#8136 = CARTESIAN_POINT('',(0.,0.));
#8137 = VECTOR('',#8138,1.);
#8138 = DIRECTION('',(1.,0.));
#8139 = ( GEOMETRIC_REPRESENTATION_CONTEXT(2) 
PARAMETRIC_REPRESENTATION_CONTEXT() REPRESENTATION_CONTEXT('2D SPACE',''
  ) );
#8140 = PCURVE('',#6772,#8141);
#8141 = DEFINITIONAL_REPRESENTATION('',(#8142),#8146);
#8142 = LINE('',#8143,#8144);
#8143 = CARTESIAN_POINT('',(8.,0.));
#8144 = VECTOR('',#8145,1.);
#8145 = DIRECTION('',(0.,1.));
#8146 = ( GEOMETRIC_REPRESENTATION_CONTEXT(2) 
PARAMETRIC_REPRESENTATION_CONTEXT() REPRESENTATION_CONTEXT('2D SPACE',''
  ) );
#8147 = ORIENTED_EDGE('',*,*,#8148,.T.);
#8148 = EDGE_CURVE('',#8126,#8076,#8149,.T.);
#8149 = SURFACE_CURVE('',#8150,(#8154,#8161),.PCURVE_S1.);
#8150 = LINE('',#8151,#8152);
#8151 = CARTESIAN_POINT('',(485.,150.,1.508E+03));
#8152 = VECTOR('',#8153,1.);
#8153 = DIRECTION('',(-0.,1.,0.));
#8154 = PCURVE('',#6744,#8155);
#8155 = DEFINITIONAL_REPRESENTATION('',(#8156),#8160);
#8156 = LINE('',#8157,#8158);
#8157 = CARTESIAN_POINT('',(50.,0.));
#8158 = VECTOR('',#8159,1.);
#8159 = DIRECTION('',(0.,1.));
#8160 = ( GEOMETRIC_REPRESENTATION_CONTEXT(2) 
PARAMETRIC_REPRESENTATION_CONTEXT() REPRESENTATION_CONTEXT('2D SPACE',''
  ) );
#8161 = PCURVE('',#7098,#8162);
#8162 = DEFINITIONAL_REPRESENTATION('',(#8163),#8167);
#8163 = LINE('',#8164,#8165);
#8164 = CARTESIAN_POINT('',(-699.9175196759,-1.025181127946E+03));
#8165 = VECTOR('',#8166,1.);
#8166 = DIRECTION('',(0.173648177667,-0.984807753012));
#8167 = ( GEOMETRIC_REPRESENTATION_CONTEXT(2) 
PARAMETRIC_REPRESENTATION_CONTEXT() REPRESENTATION_CONTEXT('2D SPACE',''
  ) );
#8168 = ORIENTED_EDGE('',*,*,#8098,.F.);
#8169 = FACE_BOUND('',#8170,.T.);
#8170 = EDGE_LOOP('',(#8171));
#8171 = ORIENTED_EDGE('',*,*,#8172,.F.);
#8172 = EDGE_CURVE('',#8173,#8173,#8175,.T.);
#8173 = VERTEX_POINT('',#8174);
#8174 = CARTESIAN_POINT('',(468.5,165.,1.508E+03));
#8175 = SURFACE_CURVE('',#8176,(#8181,#8188),.PCURVE_S1.);
#8176 = CIRCLE('',#8177,8.5);
#8177 = AXIS2_PLACEMENT_3D('',#8178,#8179,#8180);
#8178 = CARTESIAN_POINT('',(460.,165.,1.508E+03));
#8179 = DIRECTION('',(0.,0.,1.));
#8180 = DIRECTION('',(1.,0.,-0.));
#8181 = PCURVE('',#6744,#8182);
#8182 = DEFINITIONAL_REPRESENTATION('',(#8183),#8187);
#8183 = CIRCLE('',#8184,8.5);
#8184 = AXIS2_PLACEMENT_2D('',#8185,#8186);
#8185 = CARTESIAN_POINT('',(25.,15.));
#8186 = DIRECTION('',(1.,0.));
#8187 = ( GEOMETRIC_REPRESENTATION_CONTEXT(2) 
PARAMETRIC_REPRESENTATION_CONTEXT() REPRESENTATION_CONTEXT('2D SPACE',''
  ) );
#8188 = PCURVE('',#8189,#8194);
#8189 = CYLINDRICAL_SURFACE('',#8190,8.5);
#8190 = AXIS2_PLACEMENT_3D('',#8191,#8192,#8193);
#8191 = CARTESIAN_POINT('',(460.,165.,1.508E+03));
#8192 = DIRECTION('',(0.,0.,1.));
#8193 = DIRECTION('',(1.,0.,-0.));
#8194 = DEFINITIONAL_REPRESENTATION('',(#8195),#8199);
#8195 = LINE('',#8196,#8197);
#8196 = CARTESIAN_POINT('',(0.,0.));
#8197 = VECTOR('',#8198,1.);
#8198 = DIRECTION('',(1.,0.));
#8199 = ( GEOMETRIC_REPRESENTATION_CONTEXT(2) 
PARAMETRIC_REPRESENTATION_CONTEXT() REPRESENTATION_CONTEXT('2D SPACE',''
  ) );
#8200 = ADVANCED_FACE('',(#8201),#6772,.F.);
#8201 = FACE_BOUND('',#8202,.F.);
#8202 = EDGE_LOOP('',(#8203,#8226,#8227,#8228));
#8203 = ORIENTED_EDGE('',*,*,#8204,.F.);
#8204 = EDGE_CURVE('',#6757,#8205,#8207,.T.);
#8205 = VERTEX_POINT('',#8206);
#8206 = CARTESIAN_POINT('',(485.,150.,1.5E+03));
#8207 = SURFACE_CURVE('',#8208,(#8212,#8219),.PCURVE_S1.);
#8208 = LINE('',#8209,#8210);
#8209 = CARTESIAN_POINT('',(435.,150.,1.5E+03));
#8210 = VECTOR('',#8211,1.);
#8211 = DIRECTION('',(1.,0.,-0.));
#8212 = PCURVE('',#6772,#8213);
#8213 = DEFINITIONAL_REPRESENTATION('',(#8214),#8218);
#8214 = LINE('',#8215,#8216);
#8215 = CARTESIAN_POINT('',(0.,0.));
#8216 = VECTOR('',#8217,1.);
#8217 = DIRECTION('',(0.,1.));
#8218 = ( GEOMETRIC_REPRESENTATION_CONTEXT(2) 
PARAMETRIC_REPRESENTATION_CONTEXT() REPRESENTATION_CONTEXT('2D SPACE',''
  ) );
#8219 = PCURVE('',#6800,#8220);
#8220 = DEFINITIONAL_REPRESENTATION('',(#8221),#8225);
#8221 = LINE('',#8222,#8223);
#8222 = CARTESIAN_POINT('',(0.,0.));
#8223 = VECTOR('',#8224,1.);
#8224 = DIRECTION('',(1.,0.));
#8225 = ( GEOMETRIC_REPRESENTATION_CONTEXT(2) 
PARAMETRIC_REPRESENTATION_CONTEXT() REPRESENTATION_CONTEXT('2D SPACE',''
  ) );
#8226 = ORIENTED_EDGE('',*,*,#6756,.T.);
#8227 = ORIENTED_EDGE('',*,*,#8125,.T.);
#8228 = ORIENTED_EDGE('',*,*,#8229,.F.);
#8229 = EDGE_CURVE('',#8205,#8126,#8230,.T.);
#8230 = SURFACE_CURVE('',#8231,(#8235,#8242),.PCURVE_S1.);
#8231 = LINE('',#8232,#8233);
#8232 = CARTESIAN_POINT('',(485.,150.,1.5E+03));
#8233 = VECTOR('',#8234,1.);
#8234 = DIRECTION('',(0.,0.,1.));
#8235 = PCURVE('',#6772,#8236);
#8236 = DEFINITIONAL_REPRESENTATION('',(#8237),#8241);
#8237 = LINE('',#8238,#8239);
#8238 = CARTESIAN_POINT('',(0.,50.));
#8239 = VECTOR('',#8240,1.);
#8240 = DIRECTION('',(1.,0.));
#8241 = ( GEOMETRIC_REPRESENTATION_CONTEXT(2) 
PARAMETRIC_REPRESENTATION_CONTEXT() REPRESENTATION_CONTEXT('2D SPACE',''
  ) );
#8242 = PCURVE('',#7098,#8243);
#8243 = DEFINITIONAL_REPRESENTATION('',(#8244),#8248);
#8244 = LINE('',#8245,#8246);
#8245 = CARTESIAN_POINT('',(-707.7959817,-1.026570313367E+03));
#8246 = VECTOR('',#8247,1.);
#8247 = DIRECTION('',(0.984807753012,0.173648177667));
#8248 = ( GEOMETRIC_REPRESENTATION_CONTEXT(2) 
PARAMETRIC_REPRESENTATION_CONTEXT() REPRESENTATION_CONTEXT('2D SPACE',''
  ) );
#8249 = ADVANCED_FACE('',(#8250,#8298,#8329),#6800,.F.);
#8250 = FACE_BOUND('',#8251,.F.);
#8251 = EDGE_LOOP('',(#8252,#8253,#8254,#8277));
#8252 = ORIENTED_EDGE('',*,*,#6784,.F.);
#8253 = ORIENTED_EDGE('',*,*,#8204,.T.);
#8254 = ORIENTED_EDGE('',*,*,#8255,.T.);
#8255 = EDGE_CURVE('',#8205,#8256,#8258,.T.);
#8256 = VERTEX_POINT('',#8257);
#8257 = CARTESIAN_POINT('',(485.,250.,1.5E+03));
#8258 = SURFACE_CURVE('',#8259,(#8263,#8270),.PCURVE_S1.);
#8259 = LINE('',#8260,#8261);
#8260 = CARTESIAN_POINT('',(485.,150.,1.5E+03));
#8261 = VECTOR('',#8262,1.);
#8262 = DIRECTION('',(-0.,1.,0.));
#8263 = PCURVE('',#6800,#8264);
#8264 = DEFINITIONAL_REPRESENTATION('',(#8265),#8269);
#8265 = LINE('',#8266,#8267);
#8266 = CARTESIAN_POINT('',(50.,0.));
#8267 = VECTOR('',#8268,1.);
#8268 = DIRECTION('',(0.,1.));
#8269 = ( GEOMETRIC_REPRESENTATION_CONTEXT(2) 
PARAMETRIC_REPRESENTATION_CONTEXT() REPRESENTATION_CONTEXT('2D SPACE',''
  ) );
#8270 = PCURVE('',#7098,#8271);
#8271 = DEFINITIONAL_REPRESENTATION('',(#8272),#8276);
#8272 = LINE('',#8273,#8274);
#8273 = CARTESIAN_POINT('',(-707.7959817,-1.026570313367E+03));
#8274 = VECTOR('',#8275,1.);
#8275 = DIRECTION('',(0.173648177667,-0.984807753012));
#8276 = ( GEOMETRIC_REPRESENTATION_CONTEXT(2) 
PARAMETRIC_REPRESENTATION_CONTEXT() REPRESENTATION_CONTEXT('2D SPACE',''
  ) );
#8277 = ORIENTED_EDGE('',*,*,#8278,.F.);
#8278 = EDGE_CURVE('',#6785,#8256,#8279,.T.);
#8279 = SURFACE_CURVE('',#8280,(#8284,#8291),.PCURVE_S1.);
#8280 = LINE('',#8281,#8282);
#8281 = CARTESIAN_POINT('',(435.,250.,1.5E+03));
#8282 = VECTOR('',#8283,1.);
#8283 = DIRECTION('',(1.,0.,-0.));
#8284 = PCURVE('',#6800,#8285);
#8285 = DEFINITIONAL_REPRESENTATION('',(#8286),#8290);
#8286 = LINE('',#8287,#8288);
#8287 = CARTESIAN_POINT('',(0.,100.));
#8288 = VECTOR('',#8289,1.);
#8289 = DIRECTION('',(1.,0.));
#8290 = ( GEOMETRIC_REPRESENTATION_CONTEXT(2) 
PARAMETRIC_REPRESENTATION_CONTEXT() REPRESENTATION_CONTEXT('2D SPACE',''
  ) );
#8291 = PCURVE('',#6828,#8292);
#8292 = DEFINITIONAL_REPRESENTATION('',(#8293),#8297);
#8293 = LINE('',#8294,#8295);
#8294 = CARTESIAN_POINT('',(0.,0.));
#8295 = VECTOR('',#8296,1.);
#8296 = DIRECTION('',(0.,1.));
#8297 = ( GEOMETRIC_REPRESENTATION_CONTEXT(2) 
PARAMETRIC_REPRESENTATION_CONTEXT() REPRESENTATION_CONTEXT('2D SPACE',''
  ) );
#8298 = FACE_BOUND('',#8299,.F.);
#8299 = EDGE_LOOP('',(#8300));
#8300 = ORIENTED_EDGE('',*,*,#8301,.F.);
#8301 = EDGE_CURVE('',#8302,#8302,#8304,.T.);
#8302 = VERTEX_POINT('',#8303);
#8303 = CARTESIAN_POINT('',(465.5,165.,1.5E+03));
#8304 = SURFACE_CURVE('',#8305,(#8310,#8317),.PCURVE_S1.);
#8305 = CIRCLE('',#8306,5.5);
#8306 = AXIS2_PLACEMENT_3D('',#8307,#8308,#8309);
#8307 = CARTESIAN_POINT('',(460.,165.,1.5E+03));
#8308 = DIRECTION('',(0.,0.,1.));
#8309 = DIRECTION('',(1.,0.,-0.));
#8310 = PCURVE('',#6800,#8311);
#8311 = DEFINITIONAL_REPRESENTATION('',(#8312),#8316);
#8312 = CIRCLE('',#8313,5.5);
#8313 = AXIS2_PLACEMENT_2D('',#8314,#8315);
#8314 = CARTESIAN_POINT('',(25.,15.));
#8315 = DIRECTION('',(1.,0.));
#8316 = ( GEOMETRIC_REPRESENTATION_CONTEXT(2) 
PARAMETRIC_REPRESENTATION_CONTEXT() REPRESENTATION_CONTEXT('2D SPACE',''
  ) );
#8317 = PCURVE('',#8318,#8323);
#8318 = CYLINDRICAL_SURFACE('',#8319,5.5);
#8319 = AXIS2_PLACEMENT_3D('',#8320,#8321,#8322);
#8320 = CARTESIAN_POINT('',(460.,165.,1.499E+03));
#8321 = DIRECTION('',(0.,0.,1.));
#8322 = DIRECTION('',(1.,0.,-0.));
#8323 = DEFINITIONAL_REPRESENTATION('',(#8324),#8328);
#8324 = LINE('',#8325,#8326);
#8325 = CARTESIAN_POINT('',(0.,1.));
#8326 = VECTOR('',#8327,1.);
#8327 = DIRECTION('',(1.,0.));
#8328 = ( GEOMETRIC_REPRESENTATION_CONTEXT(2) 
PARAMETRIC_REPRESENTATION_CONTEXT() REPRESENTATION_CONTEXT('2D SPACE',''
  ) );
#8329 = FACE_BOUND('',#8330,.F.);
#8330 = EDGE_LOOP('',(#8331));
#8331 = ORIENTED_EDGE('',*,*,#8332,.F.);
#8332 = EDGE_CURVE('',#8333,#8333,#8335,.T.);
#8333 = VERTEX_POINT('',#8334);
#8334 = CARTESIAN_POINT('',(465.5,235.,1.5E+03));
#8335 = SURFACE_CURVE('',#8336,(#8341,#8348),.PCURVE_S1.);
#8336 = CIRCLE('',#8337,5.5);
#8337 = AXIS2_PLACEMENT_3D('',#8338,#8339,#8340);
#8338 = CARTESIAN_POINT('',(460.,235.,1.5E+03));
#8339 = DIRECTION('',(0.,0.,1.));
#8340 = DIRECTION('',(1.,0.,-0.));
#8341 = PCURVE('',#6800,#8342);
#8342 = DEFINITIONAL_REPRESENTATION('',(#8343),#8347);
#8343 = CIRCLE('',#8344,5.5);
#8344 = AXIS2_PLACEMENT_2D('',#8345,#8346);
#8345 = CARTESIAN_POINT('',(25.,85.));
#8346 = DIRECTION('',(1.,0.));
#8347 = ( GEOMETRIC_REPRESENTATION_CONTEXT(2) 
PARAMETRIC_REPRESENTATION_CONTEXT() REPRESENTATION_CONTEXT('2D SPACE',''
  ) );
#8348 = PCURVE('',#8349,#8354);
#8349 = CYLINDRICAL_SURFACE('',#8350,5.5);
#8350 = AXIS2_PLACEMENT_3D('',#8351,#8352,#8353);
#8351 = CARTESIAN_POINT('',(460.,235.,1.499E+03));
#8352 = DIRECTION('',(0.,0.,1.));
#8353 = DIRECTION('',(1.,0.,-0.));
#8354 = DEFINITIONAL_REPRESENTATION('',(#8355),#8359);
#8355 = LINE('',#8356,#8357);
#8356 = CARTESIAN_POINT('',(0.,1.));
#8357 = VECTOR('',#8358,1.);
#8358 = DIRECTION('',(1.,0.));
#8359 = ( GEOMETRIC_REPRESENTATION_CONTEXT(2) 
PARAMETRIC_REPRESENTATION_CONTEXT() REPRESENTATION_CONTEXT('2D SPACE',''
  ) );
#8360 = ADVANCED_FACE('',(#8361),#6828,.T.);
#8361 = FACE_BOUND('',#8362,.T.);
#8362 = EDGE_LOOP('',(#8363,#8364,#8365,#8388));
#8363 = ORIENTED_EDGE('',*,*,#8278,.F.);
#8364 = ORIENTED_EDGE('',*,*,#6812,.T.);
#8365 = ORIENTED_EDGE('',*,*,#8366,.T.);
#8366 = EDGE_CURVE('',#6813,#8367,#8369,.T.);
#8367 = VERTEX_POINT('',#8368);
#8368 = CARTESIAN_POINT('',(485.,250.,1.508E+03));
#8369 = SURFACE_CURVE('',#8370,(#8374,#8381),.PCURVE_S1.);
#8370 = LINE('',#8371,#8372);
#8371 = CARTESIAN_POINT('',(435.,250.,1.508E+03));
#8372 = VECTOR('',#8373,1.);
#8373 = DIRECTION('',(1.,0.,-0.));
#8374 = PCURVE('',#6828,#8375);
#8375 = DEFINITIONAL_REPRESENTATION('',(#8376),#8380);
#8376 = LINE('',#8377,#8378);
#8377 = CARTESIAN_POINT('',(8.,0.));
#8378 = VECTOR('',#8379,1.);
#8379 = DIRECTION('',(0.,1.));
#8380 = ( GEOMETRIC_REPRESENTATION_CONTEXT(2) 
PARAMETRIC_REPRESENTATION_CONTEXT() REPRESENTATION_CONTEXT('2D SPACE',''
  ) );
#8381 = PCURVE('',#6856,#8382);
#8382 = DEFINITIONAL_REPRESENTATION('',(#8383),#8387);
#8383 = LINE('',#8384,#8385);
#8384 = CARTESIAN_POINT('',(0.,100.));
#8385 = VECTOR('',#8386,1.);
#8386 = DIRECTION('',(1.,0.));
#8387 = ( GEOMETRIC_REPRESENTATION_CONTEXT(2) 
PARAMETRIC_REPRESENTATION_CONTEXT() REPRESENTATION_CONTEXT('2D SPACE',''
  ) );
#8388 = ORIENTED_EDGE('',*,*,#8389,.F.);
#8389 = EDGE_CURVE('',#8256,#8367,#8390,.T.);
#8390 = SURFACE_CURVE('',#8391,(#8395,#8402),.PCURVE_S1.);
#8391 = LINE('',#8392,#8393);
#8392 = CARTESIAN_POINT('',(485.,250.,1.5E+03));
#8393 = VECTOR('',#8394,1.);
#8394 = DIRECTION('',(0.,0.,1.));
#8395 = PCURVE('',#6828,#8396);
#8396 = DEFINITIONAL_REPRESENTATION('',(#8397),#8401);
#8397 = LINE('',#8398,#8399);
#8398 = CARTESIAN_POINT('',(0.,50.));
#8399 = VECTOR('',#8400,1.);
#8400 = DIRECTION('',(1.,0.));
#8401 = ( GEOMETRIC_REPRESENTATION_CONTEXT(2) 
PARAMETRIC_REPRESENTATION_CONTEXT() REPRESENTATION_CONTEXT('2D SPACE',''
  ) );
#8402 = PCURVE('',#7098,#8403);
#8403 = DEFINITIONAL_REPRESENTATION('',(#8404),#8408);
#8404 = LINE('',#8405,#8406);
#8405 = CARTESIAN_POINT('',(-690.4311639333,-1.125051088668E+03));
#8406 = VECTOR('',#8407,1.);
#8407 = DIRECTION('',(0.984807753012,0.173648177667));
#8408 = ( GEOMETRIC_REPRESENTATION_CONTEXT(2) 
PARAMETRIC_REPRESENTATION_CONTEXT() REPRESENTATION_CONTEXT('2D SPACE',''
  ) );
#8409 = ADVANCED_FACE('',(#8410,#8458),#6856,.T.);
#8410 = FACE_BOUND('',#8411,.T.);
#8411 = EDGE_LOOP('',(#8412,#8413,#8436,#8457));
#8412 = ORIENTED_EDGE('',*,*,#6840,.F.);
#8413 = ORIENTED_EDGE('',*,*,#8414,.T.);
#8414 = EDGE_CURVE('',#6841,#8415,#8417,.T.);
#8415 = VERTEX_POINT('',#8416);
#8416 = CARTESIAN_POINT('',(485.,225.,1.508E+03));
#8417 = SURFACE_CURVE('',#8418,(#8422,#8429),.PCURVE_S1.);
#8418 = LINE('',#8419,#8420);
#8419 = CARTESIAN_POINT('',(435.,225.,1.508E+03));
#8420 = VECTOR('',#8421,1.);
#8421 = DIRECTION('',(1.,0.,-0.));
#8422 = PCURVE('',#6856,#8423);
#8423 = DEFINITIONAL_REPRESENTATION('',(#8424),#8428);
#8424 = LINE('',#8425,#8426);
#8425 = CARTESIAN_POINT('',(0.,75.));
#8426 = VECTOR('',#8427,1.);
#8427 = DIRECTION('',(1.,0.));
#8428 = ( GEOMETRIC_REPRESENTATION_CONTEXT(2) 
PARAMETRIC_REPRESENTATION_CONTEXT() REPRESENTATION_CONTEXT('2D SPACE',''
  ) );
#8429 = PCURVE('',#6884,#8430);
#8430 = DEFINITIONAL_REPRESENTATION('',(#8431),#8435);
#8431 = LINE('',#8432,#8433);
#8432 = CARTESIAN_POINT('',(0.,0.));
#8433 = VECTOR('',#8434,1.);
#8434 = DIRECTION('',(0.,1.));
#8435 = ( GEOMETRIC_REPRESENTATION_CONTEXT(2) 
PARAMETRIC_REPRESENTATION_CONTEXT() REPRESENTATION_CONTEXT('2D SPACE',''
  ) );
#8436 = ORIENTED_EDGE('',*,*,#8437,.T.);
#8437 = EDGE_CURVE('',#8415,#8367,#8438,.T.);
#8438 = SURFACE_CURVE('',#8439,(#8443,#8450),.PCURVE_S1.);
#8439 = LINE('',#8440,#8441);
#8440 = CARTESIAN_POINT('',(485.,150.,1.508E+03));
#8441 = VECTOR('',#8442,1.);
#8442 = DIRECTION('',(-0.,1.,0.));
#8443 = PCURVE('',#6856,#8444);
#8444 = DEFINITIONAL_REPRESENTATION('',(#8445),#8449);
#8445 = LINE('',#8446,#8447);
#8446 = CARTESIAN_POINT('',(50.,0.));
#8447 = VECTOR('',#8448,1.);
#8448 = DIRECTION('',(0.,1.));
#8449 = ( GEOMETRIC_REPRESENTATION_CONTEXT(2) 
PARAMETRIC_REPRESENTATION_CONTEXT() REPRESENTATION_CONTEXT('2D SPACE',''
  ) );
#8450 = PCURVE('',#7098,#8451);
#8451 = DEFINITIONAL_REPRESENTATION('',(#8452),#8456);
#8452 = LINE('',#8453,#8454);
#8453 = CARTESIAN_POINT('',(-699.9175196759,-1.025181127946E+03));
#8454 = VECTOR('',#8455,1.);
#8455 = DIRECTION('',(0.173648177667,-0.984807753012));
#8456 = ( GEOMETRIC_REPRESENTATION_CONTEXT(2) 
PARAMETRIC_REPRESENTATION_CONTEXT() REPRESENTATION_CONTEXT('2D SPACE',''
  ) );
#8457 = ORIENTED_EDGE('',*,*,#8366,.F.);
#8458 = FACE_BOUND('',#8459,.T.);
#8459 = EDGE_LOOP('',(#8460));
#8460 = ORIENTED_EDGE('',*,*,#8461,.F.);
#8461 = EDGE_CURVE('',#8462,#8462,#8464,.T.);
#8462 = VERTEX_POINT('',#8463);
#8463 = CARTESIAN_POINT('',(468.5,235.,1.508E+03));
#8464 = SURFACE_CURVE('',#8465,(#8470,#8477),.PCURVE_S1.);
#8465 = CIRCLE('',#8466,8.5);
#8466 = AXIS2_PLACEMENT_3D('',#8467,#8468,#8469);
#8467 = CARTESIAN_POINT('',(460.,235.,1.508E+03));
#8468 = DIRECTION('',(0.,0.,1.));
#8469 = DIRECTION('',(1.,0.,-0.));
#8470 = PCURVE('',#6856,#8471);
#8471 = DEFINITIONAL_REPRESENTATION('',(#8472),#8476);
#8472 = CIRCLE('',#8473,8.5);
#8473 = AXIS2_PLACEMENT_2D('',#8474,#8475);
#8474 = CARTESIAN_POINT('',(25.,85.));
#8475 = DIRECTION('',(1.,0.));
#8476 = ( GEOMETRIC_REPRESENTATION_CONTEXT(2) 
PARAMETRIC_REPRESENTATION_CONTEXT() REPRESENTATION_CONTEXT('2D SPACE',''
  ) );
#8477 = PCURVE('',#8478,#8483);
#8478 = CYLINDRICAL_SURFACE('',#8479,8.5);
#8479 = AXIS2_PLACEMENT_3D('',#8480,#8481,#8482);
#8480 = CARTESIAN_POINT('',(460.,235.,1.508E+03));
#8481 = DIRECTION('',(0.,0.,1.));
#8482 = DIRECTION('',(1.,0.,-0.));
#8483 = DEFINITIONAL_REPRESENTATION('',(#8484),#8488);
#8484 = LINE('',#8485,#8486);
#8485 = CARTESIAN_POINT('',(0.,0.));
#8486 = VECTOR('',#8487,1.);
#8487 = DIRECTION('',(1.,0.));
#8488 = ( GEOMETRIC_REPRESENTATION_CONTEXT(2) 
PARAMETRIC_REPRESENTATION_CONTEXT() REPRESENTATION_CONTEXT('2D SPACE',''
  ) );
#8489 = ADVANCED_FACE('',(#8490),#6884,.T.);
#8490 = FACE_BOUND('',#8491,.T.);
#8491 = EDGE_LOOP('',(#8492,#8515,#8516,#8517));
#8492 = ORIENTED_EDGE('',*,*,#8493,.F.);
#8493 = EDGE_CURVE('',#8415,#8494,#8496,.T.);
#8494 = VERTEX_POINT('',#8495);
#8495 = CARTESIAN_POINT('',(485.,225.,2.19939779238E+03));
#8496 = SURFACE_CURVE('',#8497,(#8501,#8508),.PCURVE_S1.);
#8497 = LINE('',#8498,#8499);
#8498 = CARTESIAN_POINT('',(485.,225.,1.508E+03));
#8499 = VECTOR('',#8500,1.);
#8500 = DIRECTION('',(0.,0.,1.));
#8501 = PCURVE('',#6884,#8502);
#8502 = DEFINITIONAL_REPRESENTATION('',(#8503),#8507);
#8503 = LINE('',#8504,#8505);
#8504 = CARTESIAN_POINT('',(0.,50.));
#8505 = VECTOR('',#8506,1.);
#8506 = DIRECTION('',(1.,0.));
#8507 = ( GEOMETRIC_REPRESENTATION_CONTEXT(2) 
PARAMETRIC_REPRESENTATION_CONTEXT() REPRESENTATION_CONTEXT('2D SPACE',''
  ) );
#8508 = PCURVE('',#7098,#8509);
#8509 = DEFINITIONAL_REPRESENTATION('',(#8510),#8514);
#8510 = LINE('',#8511,#8512);
#8511 = CARTESIAN_POINT('',(-686.8939063509,-1.099041709422E+03));
#8512 = VECTOR('',#8513,1.);
#8513 = DIRECTION('',(0.984807753012,0.173648177667));
#8514 = ( GEOMETRIC_REPRESENTATION_CONTEXT(2) 
PARAMETRIC_REPRESENTATION_CONTEXT() REPRESENTATION_CONTEXT('2D SPACE',''
  ) );
#8515 = ORIENTED_EDGE('',*,*,#8414,.F.);
#8516 = ORIENTED_EDGE('',*,*,#6868,.T.);
#8517 = ORIENTED_EDGE('',*,*,#8518,.T.);
#8518 = EDGE_CURVE('',#6869,#8494,#8519,.T.);
#8519 = SURFACE_CURVE('',#8520,(#8524,#8530),.PCURVE_S1.);
#8520 = LINE('',#8521,#8522);
#8521 = CARTESIAN_POINT('',(-1.2825E+03,225.,2.19939779238E+03));
#8522 = VECTOR('',#8523,1.);
#8523 = DIRECTION('',(1.,0.,-0.));
#8524 = PCURVE('',#6884,#8525);
#8525 = DEFINITIONAL_REPRESENTATION('',(#8526),#8529);
#8526 = B_SPLINE_CURVE_WITH_KNOTS('',1,(#8527,#8528),.UNSPECIFIED.,.F.,
  .F.,(2,2),(1.7175E+03,1.7675E+03),.PIECEWISE_BEZIER_KNOTS.);
#8527 = CARTESIAN_POINT('',(691.39779237958,0.));
#8528 = CARTESIAN_POINT('',(691.39779237958,50.));
#8529 = ( GEOMETRIC_REPRESENTATION_CONTEXT(2) 
PARAMETRIC_REPRESENTATION_CONTEXT() REPRESENTATION_CONTEXT('2D SPACE',''
  ) );
#8530 = PCURVE('',#6912,#8531);
#8531 = DEFINITIONAL_REPRESENTATION('',(#8532),#8536);
#8532 = LINE('',#8533,#8534);
#8533 = CARTESIAN_POINT('',(-1.7175E+03,60.385665297144));
#8534 = VECTOR('',#8535,1.);
#8535 = DIRECTION('',(1.,0.));
#8536 = ( GEOMETRIC_REPRESENTATION_CONTEXT(2) 
PARAMETRIC_REPRESENTATION_CONTEXT() REPRESENTATION_CONTEXT('2D SPACE',''
  ) );
#8537 = ADVANCED_FACE('',(#8538),#6912,.F.);
#8538 = FACE_BOUND('',#8539,.F.);
#8539 = EDGE_LOOP('',(#8540,#8541,#8542,#8565));
#8540 = ORIENTED_EDGE('',*,*,#6896,.F.);
#8541 = ORIENTED_EDGE('',*,*,#8518,.T.);
#8542 = ORIENTED_EDGE('',*,*,#8543,.T.);
#8543 = EDGE_CURVE('',#8494,#8544,#8546,.T.);
#8544 = VERTEX_POINT('',#8545);
#8545 = CARTESIAN_POINT('',(485.,234.46827135542,2.197728280679E+03));
#8546 = SURFACE_CURVE('',#8547,(#8551,#8558),.PCURVE_S1.);
#8547 = LINE('',#8548,#8549);
#8548 = CARTESIAN_POINT('',(485.,165.53172864457,2.209883653116E+03));
#8549 = VECTOR('',#8550,1.);
#8550 = DIRECTION('',(0.,0.984807753012,-0.173648177667));
#8551 = PCURVE('',#6912,#8552);
#8552 = DEFINITIONAL_REPRESENTATION('',(#8553),#8557);
#8553 = LINE('',#8554,#8555);
#8554 = CARTESIAN_POINT('',(50.,0.));
#8555 = VECTOR('',#8556,1.);
#8556 = DIRECTION('',(0.,1.));
#8557 = ( GEOMETRIC_REPRESENTATION_CONTEXT(2) 
PARAMETRIC_REPRESENTATION_CONTEXT() REPRESENTATION_CONTEXT('2D SPACE',''
  ) );
#8558 = PCURVE('',#7098,#8559);
#8559 = DEFINITIONAL_REPRESENTATION('',(#8560),#8564);
#8560 = LINE('',#8561,#8562);
#8561 = CARTESIAN_POINT('',(-6.,-918.5960774349));
#8562 = VECTOR('',#8563,1.);
#8563 = DIRECTION('',(0.,-1.));
#8564 = ( GEOMETRIC_REPRESENTATION_CONTEXT(2) 
PARAMETRIC_REPRESENTATION_CONTEXT() REPRESENTATION_CONTEXT('2D SPACE',''
  ) );
#8565 = ORIENTED_EDGE('',*,*,#8566,.F.);
#8566 = EDGE_CURVE('',#6897,#8544,#8567,.T.);
#8567 = SURFACE_CURVE('',#8568,(#8572,#8579),.PCURVE_S1.);
#8568 = LINE('',#8569,#8570);
#8569 = CARTESIAN_POINT('',(435.,234.46827135542,2.197728280679E+03));
#8570 = VECTOR('',#8571,1.);
#8571 = DIRECTION('',(1.,0.,-0.));
#8572 = PCURVE('',#6912,#8573);
#8573 = DEFINITIONAL_REPRESENTATION('',(#8574),#8578);
#8574 = LINE('',#8575,#8576);
#8575 = CARTESIAN_POINT('',(0.,70.));
#8576 = VECTOR('',#8577,1.);
#8577 = DIRECTION('',(1.,0.));
#8578 = ( GEOMETRIC_REPRESENTATION_CONTEXT(2) 
PARAMETRIC_REPRESENTATION_CONTEXT() REPRESENTATION_CONTEXT('2D SPACE',''
  ) );
#8579 = PCURVE('',#6940,#8580);
#8580 = DEFINITIONAL_REPRESENTATION('',(#8581),#8585);
#8581 = LINE('',#8582,#8583);
#8582 = CARTESIAN_POINT('',(0.,0.));
#8583 = VECTOR('',#8584,1.);
#8584 = DIRECTION('',(0.,1.));
#8585 = ( GEOMETRIC_REPRESENTATION_CONTEXT(2) 
PARAMETRIC_REPRESENTATION_CONTEXT() REPRESENTATION_CONTEXT('2D SPACE',''
  ) );
#8586 = ADVANCED_FACE('',(#8587),#6940,.T.);
#8587 = FACE_BOUND('',#8588,.T.);
#8588 = EDGE_LOOP('',(#8589,#8590,#8591,#8614));
#8589 = ORIENTED_EDGE('',*,*,#8566,.F.);
#8590 = ORIENTED_EDGE('',*,*,#6924,.T.);
#8591 = ORIENTED_EDGE('',*,*,#8592,.T.);
#8592 = EDGE_CURVE('',#6925,#8593,#8595,.T.);
#8593 = VERTEX_POINT('',#8594);
#8594 = CARTESIAN_POINT('',(485.,235.51016042142,2.203637127197E+03));
#8595 = SURFACE_CURVE('',#8596,(#8600,#8607),.PCURVE_S1.);
#8596 = LINE('',#8597,#8598);
#8597 = CARTESIAN_POINT('',(435.,235.51016042142,2.203637127197E+03));
#8598 = VECTOR('',#8599,1.);
#8599 = DIRECTION('',(1.,0.,-0.));
#8600 = PCURVE('',#6940,#8601);
#8601 = DEFINITIONAL_REPRESENTATION('',(#8602),#8606);
#8602 = LINE('',#8603,#8604);
#8603 = CARTESIAN_POINT('',(6.,0.));
#8604 = VECTOR('',#8605,1.);
#8605 = DIRECTION('',(0.,1.));
#8606 = ( GEOMETRIC_REPRESENTATION_CONTEXT(2) 
PARAMETRIC_REPRESENTATION_CONTEXT() REPRESENTATION_CONTEXT('2D SPACE',''
  ) );
#8607 = PCURVE('',#6968,#8608);
#8608 = DEFINITIONAL_REPRESENTATION('',(#8609),#8613);
#8609 = LINE('',#8610,#8611);
#8610 = CARTESIAN_POINT('',(0.,988.59607743499));
#8611 = VECTOR('',#8612,1.);
#8612 = DIRECTION('',(1.,0.));
#8613 = ( GEOMETRIC_REPRESENTATION_CONTEXT(2) 
PARAMETRIC_REPRESENTATION_CONTEXT() REPRESENTATION_CONTEXT('2D SPACE',''
  ) );
#8614 = ORIENTED_EDGE('',*,*,#8615,.F.);
#8615 = EDGE_CURVE('',#8544,#8593,#8616,.T.);
#8616 = SURFACE_CURVE('',#8617,(#8621,#8628),.PCURVE_S1.);
#8617 = LINE('',#8618,#8619);
#8618 = CARTESIAN_POINT('',(485.,234.46827135542,2.197728280679E+03));
#8619 = VECTOR('',#8620,1.);
#8620 = DIRECTION('',(0.,0.173648177667,0.984807753012));
#8621 = PCURVE('',#6940,#8622);
#8622 = DEFINITIONAL_REPRESENTATION('',(#8623),#8627);
#8623 = LINE('',#8624,#8625);
#8624 = CARTESIAN_POINT('',(0.,50.));
#8625 = VECTOR('',#8626,1.);
#8626 = DIRECTION('',(1.,0.));
#8627 = ( GEOMETRIC_REPRESENTATION_CONTEXT(2) 
PARAMETRIC_REPRESENTATION_CONTEXT() REPRESENTATION_CONTEXT('2D SPACE',''
  ) );
#8628 = PCURVE('',#7098,#8629);
#8629 = DEFINITIONAL_REPRESENTATION('',(#8630),#8634);
#8630 = LINE('',#8631,#8632);
#8631 = CARTESIAN_POINT('',(-6.,-988.5960774349));
#8632 = VECTOR('',#8633,1.);
#8633 = DIRECTION('',(1.,0.));
#8634 = ( GEOMETRIC_REPRESENTATION_CONTEXT(2) 
PARAMETRIC_REPRESENTATION_CONTEXT() REPRESENTATION_CONTEXT('2D SPACE',''
  ) );
#8635 = ADVANCED_FACE('',(#8636),#6968,.F.);
#8636 = FACE_BOUND('',#8637,.F.);
#8637 = EDGE_LOOP('',(#8638,#8639,#8640,#8663));
#8638 = ORIENTED_EDGE('',*,*,#6952,.F.);
#8639 = ORIENTED_EDGE('',*,*,#8592,.T.);
#8640 = ORIENTED_EDGE('',*,*,#8641,.T.);
#8641 = EDGE_CURVE('',#8593,#8642,#8644,.T.);
#8642 = VERTEX_POINT('',#8643);
#8643 = CARTESIAN_POINT('',(485.,418.09738080231,2.171442073911E+03));
#8644 = SURFACE_CURVE('',#8645,(#8649,#8656),.PCURVE_S1.);
#8645 = LINE('',#8646,#8647);
#8646 = CARTESIAN_POINT('',(485.,-738.066921234,2.375305034492E+03));
#8647 = VECTOR('',#8648,1.);
#8648 = DIRECTION('',(0.,0.984807753012,-0.173648177667));
#8649 = PCURVE('',#6968,#8650);
#8650 = DEFINITIONAL_REPRESENTATION('',(#8651),#8655);
#8651 = LINE('',#8652,#8653);
#8652 = CARTESIAN_POINT('',(50.,0.));
#8653 = VECTOR('',#8654,1.);
#8654 = DIRECTION('',(0.,1.));
#8655 = ( GEOMETRIC_REPRESENTATION_CONTEXT(2) 
PARAMETRIC_REPRESENTATION_CONTEXT() REPRESENTATION_CONTEXT('2D SPACE',''
  ) );
#8656 = PCURVE('',#7098,#8657);
#8657 = DEFINITIONAL_REPRESENTATION('',(#8658),#8662);
#8658 = LINE('',#8659,#8660);
#8659 = CARTESIAN_POINT('',(0.,0.));
#8660 = VECTOR('',#8661,1.);
#8661 = DIRECTION('',(0.,-1.));
#8662 = ( GEOMETRIC_REPRESENTATION_CONTEXT(2) 
PARAMETRIC_REPRESENTATION_CONTEXT() REPRESENTATION_CONTEXT('2D SPACE',''
  ) );
#8663 = ORIENTED_EDGE('',*,*,#8664,.F.);
#8664 = EDGE_CURVE('',#6953,#8642,#8665,.T.);
#8665 = SURFACE_CURVE('',#8666,(#8670,#8677),.PCURVE_S1.);
#8666 = LINE('',#8667,#8668);
#8667 = CARTESIAN_POINT('',(435.,418.09738080231,2.171442073911E+03));
#8668 = VECTOR('',#8669,1.);
#8669 = DIRECTION('',(1.,0.,-0.));
#8670 = PCURVE('',#6968,#8671);
#8671 = DEFINITIONAL_REPRESENTATION('',(#8672),#8676);
#8672 = LINE('',#8673,#8674);
#8673 = CARTESIAN_POINT('',(0.,1.174E+03));
#8674 = VECTOR('',#8675,1.);
#8675 = DIRECTION('',(1.,0.));
#8676 = ( GEOMETRIC_REPRESENTATION_CONTEXT(2) 
PARAMETRIC_REPRESENTATION_CONTEXT() REPRESENTATION_CONTEXT('2D SPACE',''
  ) );
#8677 = PCURVE('',#6996,#8678);
#8678 = DEFINITIONAL_REPRESENTATION('',(#8679),#8683);
#8679 = LINE('',#8680,#8681);
#8680 = CARTESIAN_POINT('',(0.,0.));
#8681 = VECTOR('',#8682,1.);
#8682 = DIRECTION('',(0.,1.));
#8683 = ( GEOMETRIC_REPRESENTATION_CONTEXT(2) 
PARAMETRIC_REPRESENTATION_CONTEXT() REPRESENTATION_CONTEXT('2D SPACE',''
  ) );
#8684 = ADVANCED_FACE('',(#8685,#8733),#6996,.T.);
#8685 = FACE_BOUND('',#8686,.T.);
#8686 = EDGE_LOOP('',(#8687,#8688,#8689,#8712));
#8687 = ORIENTED_EDGE('',*,*,#8664,.F.);
#8688 = ORIENTED_EDGE('',*,*,#6980,.T.);
#8689 = ORIENTED_EDGE('',*,*,#8690,.T.);
#8690 = EDGE_CURVE('',#6981,#8691,#8693,.T.);
#8691 = VERTEX_POINT('',#8692);
#8692 = CARTESIAN_POINT('',(485.,425.04330790899,2.210834384032E+03));
#8693 = SURFACE_CURVE('',#8694,(#8698,#8705),.PCURVE_S1.);
#8694 = LINE('',#8695,#8696);
#8695 = CARTESIAN_POINT('',(435.,425.04330790899,2.210834384032E+03));
#8696 = VECTOR('',#8697,1.);
#8697 = DIRECTION('',(1.,0.,-0.));
#8698 = PCURVE('',#6996,#8699);
#8699 = DEFINITIONAL_REPRESENTATION('',(#8700),#8704);
#8700 = LINE('',#8701,#8702);
#8701 = CARTESIAN_POINT('',(40.,0.));
#8702 = VECTOR('',#8703,1.);
#8703 = DIRECTION('',(0.,1.));
#8704 = ( GEOMETRIC_REPRESENTATION_CONTEXT(2) 
PARAMETRIC_REPRESENTATION_CONTEXT() REPRESENTATION_CONTEXT('2D SPACE',''
  ) );
#8705 = PCURVE('',#7022,#8706);
#8706 = DEFINITIONAL_REPRESENTATION('',(#8707),#8711);
#8707 = LINE('',#8708,#8709);
#8708 = CARTESIAN_POINT('',(0.,1.174E+03));
#8709 = VECTOR('',#8710,1.);
#8710 = DIRECTION('',(1.,0.));
#8711 = ( GEOMETRIC_REPRESENTATION_CONTEXT(2) 
PARAMETRIC_REPRESENTATION_CONTEXT() REPRESENTATION_CONTEXT('2D SPACE',''
  ) );
#8712 = ORIENTED_EDGE('',*,*,#8713,.F.);
#8713 = EDGE_CURVE('',#8642,#8691,#8714,.T.);
#8714 = SURFACE_CURVE('',#8715,(#8719,#8726),.PCURVE_S1.);
#8715 = LINE('',#8716,#8717);
#8716 = CARTESIAN_POINT('',(485.,418.09738080231,2.171442073911E+03));
#8717 = VECTOR('',#8718,1.);
#8718 = DIRECTION('',(0.,0.173648177667,0.984807753012));
#8719 = PCURVE('',#6996,#8720);
#8720 = DEFINITIONAL_REPRESENTATION('',(#8721),#8725);
#8721 = LINE('',#8722,#8723);
#8722 = CARTESIAN_POINT('',(0.,50.));
#8723 = VECTOR('',#8724,1.);
#8724 = DIRECTION('',(1.,0.));
#8725 = ( GEOMETRIC_REPRESENTATION_CONTEXT(2) 
PARAMETRIC_REPRESENTATION_CONTEXT() REPRESENTATION_CONTEXT('2D SPACE',''
  ) );
#8726 = PCURVE('',#7098,#8727);
#8727 = DEFINITIONAL_REPRESENTATION('',(#8728),#8732);
#8728 = LINE('',#8729,#8730);
#8729 = CARTESIAN_POINT('',(1.705302565824E-13,-1.174E+03));
#8730 = VECTOR('',#8731,1.);
#8731 = DIRECTION('',(1.,0.));
#8732 = ( GEOMETRIC_REPRESENTATION_CONTEXT(2) 
PARAMETRIC_REPRESENTATION_CONTEXT() REPRESENTATION_CONTEXT('2D SPACE',''
  ) );
#8733 = FACE_BOUND('',#8734,.T.);
#8734 = EDGE_LOOP('',(#8735,#8758,#8779,#8800));
#8735 = ORIENTED_EDGE('',*,*,#8736,.F.);
#8736 = EDGE_CURVE('',#8737,#8739,#8741,.T.);
#8737 = VERTEX_POINT('',#8738);
#8738 = CARTESIAN_POINT('',(438.,424.52236337599,2.207879960773E+03));
#8739 = VERTEX_POINT('',#8740);
#8740 = CARTESIAN_POINT('',(482.,424.52236337599,2.207879960773E+03));
#8741 = SURFACE_CURVE('',#8742,(#8746,#8752),.PCURVE_S1.);
#8742 = LINE('',#8743,#8744);
#8743 = CARTESIAN_POINT('',(436.5,424.52236337599,2.207879960773E+03));
#8744 = VECTOR('',#8745,1.);
#8745 = DIRECTION('',(1.,0.,-0.));
#8746 = PCURVE('',#6996,#8747);
#8747 = DEFINITIONAL_REPRESENTATION('',(#8748),#8751);
#8748 = B_SPLINE_CURVE_WITH_KNOTS('',1,(#8749,#8750),.UNSPECIFIED.,.F.,
  .F.,(2,2),(1.5,45.5),.PIECEWISE_BEZIER_KNOTS.);
#8749 = CARTESIAN_POINT('',(37.,3.));
#8750 = CARTESIAN_POINT('',(37.,47.));
#8751 = ( GEOMETRIC_REPRESENTATION_CONTEXT(2) 
PARAMETRIC_REPRESENTATION_CONTEXT() REPRESENTATION_CONTEXT('2D SPACE',''
  ) );
#8752 = PCURVE('',#7129,#8753);
#8753 = DEFINITIONAL_REPRESENTATION('',(#8754),#8757);
#8754 = B_SPLINE_CURVE_WITH_KNOTS('',1,(#8755,#8756),.UNSPECIFIED.,.F.,
  .F.,(2,2),(1.5,45.5),.PIECEWISE_BEZIER_KNOTS.);
#8755 = CARTESIAN_POINT('',(0.,1.175E+03));
#8756 = CARTESIAN_POINT('',(44.,1.175E+03));
#8757 = ( GEOMETRIC_REPRESENTATION_CONTEXT(2) 
PARAMETRIC_REPRESENTATION_CONTEXT() REPRESENTATION_CONTEXT('2D SPACE',''
  ) );
#8758 = ORIENTED_EDGE('',*,*,#8759,.T.);
#8759 = EDGE_CURVE('',#8737,#8760,#8762,.T.);
#8760 = VERTEX_POINT('',#8761);
#8761 = CARTESIAN_POINT('',(438.,418.61832533531,2.17439649717E+03));
#8762 = SURFACE_CURVE('',#8763,(#8767,#8773),.PCURVE_S1.);
#8763 = LINE('',#8764,#8765);
#8764 = CARTESIAN_POINT('',(438.,418.35785306881,2.172919285541E+03));
#8765 = VECTOR('',#8766,1.);
#8766 = DIRECTION('',(-0.,-0.173648177667,-0.984807753012));
#8767 = PCURVE('',#6996,#8768);
#8768 = DEFINITIONAL_REPRESENTATION('',(#8769),#8772);
#8769 = B_SPLINE_CURVE_WITH_KNOTS('',1,(#8770,#8771),.UNSPECIFIED.,.F.,
  .F.,(2,2),(-35.5,-1.5),.PIECEWISE_BEZIER_KNOTS.);
#8770 = CARTESIAN_POINT('',(37.,3.));
#8771 = CARTESIAN_POINT('',(3.,3.));
#8772 = ( GEOMETRIC_REPRESENTATION_CONTEXT(2) 
PARAMETRIC_REPRESENTATION_CONTEXT() REPRESENTATION_CONTEXT('2D SPACE',''
  ) );
#8773 = PCURVE('',#7155,#8774);
#8774 = DEFINITIONAL_REPRESENTATION('',(#8775),#8778);
#8775 = B_SPLINE_CURVE_WITH_KNOTS('',1,(#8776,#8777),.UNSPECIFIED.,.F.,
  .F.,(2,2),(-35.5,-1.5),.PIECEWISE_BEZIER_KNOTS.);
#8776 = CARTESIAN_POINT('',(34.,-1.175E+03));
#8777 = CARTESIAN_POINT('',(0.,-1.175E+03));
#8778 = ( GEOMETRIC_REPRESENTATION_CONTEXT(2) 
PARAMETRIC_REPRESENTATION_CONTEXT() REPRESENTATION_CONTEXT('2D SPACE',''
  ) );
#8779 = ORIENTED_EDGE('',*,*,#8780,.T.);
#8780 = EDGE_CURVE('',#8760,#8781,#8783,.T.);
#8781 = VERTEX_POINT('',#8782);
#8782 = CARTESIAN_POINT('',(482.,418.61832533531,2.17439649717E+03));
#8783 = SURFACE_CURVE('',#8784,(#8788,#8794),.PCURVE_S1.);
#8784 = LINE('',#8785,#8786);
#8785 = CARTESIAN_POINT('',(436.5,418.61832533531,2.17439649717E+03));
#8786 = VECTOR('',#8787,1.);
#8787 = DIRECTION('',(1.,0.,-0.));
#8788 = PCURVE('',#6996,#8789);
#8789 = DEFINITIONAL_REPRESENTATION('',(#8790),#8793);
#8790 = B_SPLINE_CURVE_WITH_KNOTS('',1,(#8791,#8792),.UNSPECIFIED.,.F.,
  .F.,(2,2),(1.5,45.5),.PIECEWISE_BEZIER_KNOTS.);
#8791 = CARTESIAN_POINT('',(3.,3.));
#8792 = CARTESIAN_POINT('',(3.,47.));
#8793 = ( GEOMETRIC_REPRESENTATION_CONTEXT(2) 
PARAMETRIC_REPRESENTATION_CONTEXT() REPRESENTATION_CONTEXT('2D SPACE',''
  ) );
#8794 = PCURVE('',#7181,#8795);
#8795 = DEFINITIONAL_REPRESENTATION('',(#8796),#8799);
#8796 = B_SPLINE_CURVE_WITH_KNOTS('',1,(#8797,#8798),.UNSPECIFIED.,.F.,
  .F.,(2,2),(1.5,45.5),.PIECEWISE_BEZIER_KNOTS.);
#8797 = CARTESIAN_POINT('',(0.,1.175E+03));
#8798 = CARTESIAN_POINT('',(44.,1.175E+03));
#8799 = ( GEOMETRIC_REPRESENTATION_CONTEXT(2) 
PARAMETRIC_REPRESENTATION_CONTEXT() REPRESENTATION_CONTEXT('2D SPACE',''
  ) );
#8800 = ORIENTED_EDGE('',*,*,#8801,.F.);
#8801 = EDGE_CURVE('',#8739,#8781,#8802,.T.);
#8802 = SURFACE_CURVE('',#8803,(#8807,#8813),.PCURVE_S1.);
#8803 = LINE('',#8804,#8805);
#8804 = CARTESIAN_POINT('',(482.,418.35785306881,2.172919285541E+03));
#8805 = VECTOR('',#8806,1.);
#8806 = DIRECTION('',(-0.,-0.173648177667,-0.984807753012));
#8807 = PCURVE('',#6996,#8808);
#8808 = DEFINITIONAL_REPRESENTATION('',(#8809),#8812);
#8809 = B_SPLINE_CURVE_WITH_KNOTS('',1,(#8810,#8811),.UNSPECIFIED.,.F.,
  .F.,(2,2),(-35.5,-1.5),.PIECEWISE_BEZIER_KNOTS.);
#8810 = CARTESIAN_POINT('',(37.,47.));
#8811 = CARTESIAN_POINT('',(3.,47.));
#8812 = ( GEOMETRIC_REPRESENTATION_CONTEXT(2) 
PARAMETRIC_REPRESENTATION_CONTEXT() REPRESENTATION_CONTEXT('2D SPACE',''
  ) );
#8813 = PCURVE('',#7205,#8814);
#8814 = DEFINITIONAL_REPRESENTATION('',(#8815),#8818);
#8815 = B_SPLINE_CURVE_WITH_KNOTS('',1,(#8816,#8817),.UNSPECIFIED.,.F.,
  .F.,(2,2),(-35.5,-1.5),.PIECEWISE_BEZIER_KNOTS.);
#8816 = CARTESIAN_POINT('',(34.,-1.175E+03));
#8817 = CARTESIAN_POINT('',(0.,-1.175E+03));
#8818 = ( GEOMETRIC_REPRESENTATION_CONTEXT(2) 
PARAMETRIC_REPRESENTATION_CONTEXT() REPRESENTATION_CONTEXT('2D SPACE',''
  ) );
#8819 = ADVANCED_FACE('',(#8820,#8846,#8960),#7022,.T.);
#8820 = FACE_BOUND('',#8821,.T.);
#8821 = EDGE_LOOP('',(#8822,#8823,#8824,#8845));
#8822 = ORIENTED_EDGE('',*,*,#7008,.F.);
#8823 = ORIENTED_EDGE('',*,*,#7061,.T.);
#8824 = ORIENTED_EDGE('',*,*,#8825,.T.);
#8825 = EDGE_CURVE('',#7062,#8691,#8826,.T.);
#8826 = SURFACE_CURVE('',#8827,(#8831,#8838),.PCURVE_S1.);
#8827 = LINE('',#8828,#8829);
#8828 = CARTESIAN_POINT('',(485.,-731.1209941273,2.414697344613E+03));
#8829 = VECTOR('',#8830,1.);
#8830 = DIRECTION('',(0.,0.984807753012,-0.173648177667));
#8831 = PCURVE('',#7022,#8832);
#8832 = DEFINITIONAL_REPRESENTATION('',(#8833),#8837);
#8833 = LINE('',#8834,#8835);
#8834 = CARTESIAN_POINT('',(50.,0.));
#8835 = VECTOR('',#8836,1.);
#8836 = DIRECTION('',(0.,1.));
#8837 = ( GEOMETRIC_REPRESENTATION_CONTEXT(2) 
PARAMETRIC_REPRESENTATION_CONTEXT() REPRESENTATION_CONTEXT('2D SPACE',''
  ) );
#8838 = PCURVE('',#7098,#8839);
#8839 = DEFINITIONAL_REPRESENTATION('',(#8840),#8844);
#8840 = LINE('',#8841,#8842);
#8841 = CARTESIAN_POINT('',(40.,-3.552713678801E-14));
#8842 = VECTOR('',#8843,1.);
#8843 = DIRECTION('',(0.,-1.));
#8844 = ( GEOMETRIC_REPRESENTATION_CONTEXT(2) 
PARAMETRIC_REPRESENTATION_CONTEXT() REPRESENTATION_CONTEXT('2D SPACE',''
  ) );
#8845 = ORIENTED_EDGE('',*,*,#8690,.F.);
#8846 = FACE_BOUND('',#8847,.T.);
#8847 = EDGE_LOOP('',(#8848,#8878,#8906,#8934));
#8848 = ORIENTED_EDGE('',*,*,#8849,.T.);
#8849 = EDGE_CURVE('',#8850,#8852,#8854,.T.);
#8850 = VERTEX_POINT('',#8851);
#8851 = CARTESIAN_POINT('',(440.,-726.1969553622,2.413829103724E+03));
#8852 = VERTEX_POINT('',#8853);
#8853 = CARTESIAN_POINT('',(440.,-711.424839067,2.411224381059E+03));
#8854 = SURFACE_CURVE('',#8855,(#8859,#8866),.PCURVE_S1.);
#8855 = LINE('',#8856,#8857);
#8856 = CARTESIAN_POINT('',(440.,-726.1969553622,2.413829103724E+03));
#8857 = VECTOR('',#8858,1.);
#8858 = DIRECTION('',(0.,0.984807753012,-0.173648177667));
#8859 = PCURVE('',#7022,#8860);
#8860 = DEFINITIONAL_REPRESENTATION('',(#8861),#8865);
#8861 = LINE('',#8862,#8863);
#8862 = CARTESIAN_POINT('',(5.,5.));
#8863 = VECTOR('',#8864,1.);
#8864 = DIRECTION('',(0.,1.));
#8865 = ( GEOMETRIC_REPRESENTATION_CONTEXT(2) 
PARAMETRIC_REPRESENTATION_CONTEXT() REPRESENTATION_CONTEXT('2D SPACE',''
  ) );
#8866 = PCURVE('',#8867,#8872);
#8867 = PLANE('',#8868);
#8868 = AXIS2_PLACEMENT_3D('',#8869,#8870,#8871);
#8869 = CARTESIAN_POINT('',(440.,-726.1969553622,2.413829103724E+03));
#8870 = DIRECTION('',(1.,0.,-0.));
#8871 = DIRECTION('',(0.,0.173648177667,0.984807753012));
#8872 = DEFINITIONAL_REPRESENTATION('',(#8873),#8877);
#8873 = LINE('',#8874,#8875);
#8874 = CARTESIAN_POINT('',(0.,0.));
#8875 = VECTOR('',#8876,1.);
#8876 = DIRECTION('',(0.,-1.));
#8877 = ( GEOMETRIC_REPRESENTATION_CONTEXT(2) 
PARAMETRIC_REPRESENTATION_CONTEXT() REPRESENTATION_CONTEXT('2D SPACE',''
  ) );
#8878 = ORIENTED_EDGE('',*,*,#8879,.T.);
#8879 = EDGE_CURVE('',#8852,#8880,#8882,.T.);
#8880 = VERTEX_POINT('',#8881);
#8881 = CARTESIAN_POINT('',(480.,-711.424839067,2.411224381059E+03));
#8882 = SURFACE_CURVE('',#8883,(#8887,#8894),.PCURVE_S1.);
#8883 = LINE('',#8884,#8885);
#8884 = CARTESIAN_POINT('',(440.,-711.424839067,2.411224381059E+03));
#8885 = VECTOR('',#8886,1.);
#8886 = DIRECTION('',(1.,0.,-0.));
#8887 = PCURVE('',#7022,#8888);
#8888 = DEFINITIONAL_REPRESENTATION('',(#8889),#8893);
#8889 = LINE('',#8890,#8891);
#8890 = CARTESIAN_POINT('',(5.,20.));
#8891 = VECTOR('',#8892,1.);
#8892 = DIRECTION('',(1.,0.));
#8893 = ( GEOMETRIC_REPRESENTATION_CONTEXT(2) 
PARAMETRIC_REPRESENTATION_CONTEXT() REPRESENTATION_CONTEXT('2D SPACE',''
  ) );
#8894 = PCURVE('',#8895,#8900);
#8895 = PLANE('',#8896);
#8896 = AXIS2_PLACEMENT_3D('',#8897,#8898,#8899);
#8897 = CARTESIAN_POINT('',(440.,-711.424839067,2.411224381059E+03));
#8898 = DIRECTION('',(0.,0.984807753012,-0.173648177667));
#8899 = DIRECTION('',(0.,0.173648177667,0.984807753012));
#8900 = DEFINITIONAL_REPRESENTATION('',(#8901),#8905);
#8901 = LINE('',#8902,#8903);
#8902 = CARTESIAN_POINT('',(0.,0.));
#8903 = VECTOR('',#8904,1.);
#8904 = DIRECTION('',(0.,1.));
#8905 = ( GEOMETRIC_REPRESENTATION_CONTEXT(2) 
PARAMETRIC_REPRESENTATION_CONTEXT() REPRESENTATION_CONTEXT('2D SPACE',''
  ) );
#8906 = ORIENTED_EDGE('',*,*,#8907,.F.);
#8907 = EDGE_CURVE('',#8908,#8880,#8910,.T.);
#8908 = VERTEX_POINT('',#8909);
#8909 = CARTESIAN_POINT('',(480.,-726.1969553622,2.413829103724E+03));
#8910 = SURFACE_CURVE('',#8911,(#8915,#8922),.PCURVE_S1.);
#8911 = LINE('',#8912,#8913);
#8912 = CARTESIAN_POINT('',(480.,-726.1969553622,2.413829103724E+03));
#8913 = VECTOR('',#8914,1.);
#8914 = DIRECTION('',(0.,0.984807753012,-0.173648177667));
#8915 = PCURVE('',#7022,#8916);
#8916 = DEFINITIONAL_REPRESENTATION('',(#8917),#8921);
#8917 = LINE('',#8918,#8919);
#8918 = CARTESIAN_POINT('',(45.,5.));
#8919 = VECTOR('',#8920,1.);
#8920 = DIRECTION('',(0.,1.));
#8921 = ( GEOMETRIC_REPRESENTATION_CONTEXT(2) 
PARAMETRIC_REPRESENTATION_CONTEXT() REPRESENTATION_CONTEXT('2D SPACE',''
  ) );
#8922 = PCURVE('',#8923,#8928);
#8923 = PLANE('',#8924);
#8924 = AXIS2_PLACEMENT_3D('',#8925,#8926,#8927);
#8925 = CARTESIAN_POINT('',(480.,-726.1969553622,2.413829103724E+03));
#8926 = DIRECTION('',(1.,0.,-0.));
#8927 = DIRECTION('',(0.,0.173648177667,0.984807753012));
#8928 = DEFINITIONAL_REPRESENTATION('',(#8929),#8933);
#8929 = LINE('',#8930,#8931);
#8930 = CARTESIAN_POINT('',(0.,0.));
#8931 = VECTOR('',#8932,1.);
#8932 = DIRECTION('',(0.,-1.));
#8933 = ( GEOMETRIC_REPRESENTATION_CONTEXT(2) 
PARAMETRIC_REPRESENTATION_CONTEXT() REPRESENTATION_CONTEXT('2D SPACE',''
  ) );
#8934 = ORIENTED_EDGE('',*,*,#8935,.F.);
#8935 = EDGE_CURVE('',#8850,#8908,#8936,.T.);
#8936 = SURFACE_CURVE('',#8937,(#8941,#8948),.PCURVE_S1.);
#8937 = LINE('',#8938,#8939);
#8938 = CARTESIAN_POINT('',(440.,-726.1969553622,2.413829103724E+03));
#8939 = VECTOR('',#8940,1.);
#8940 = DIRECTION('',(1.,0.,-0.));
#8941 = PCURVE('',#7022,#8942);
#8942 = DEFINITIONAL_REPRESENTATION('',(#8943),#8947);
#8943 = LINE('',#8944,#8945);
#8944 = CARTESIAN_POINT('',(5.,5.));
#8945 = VECTOR('',#8946,1.);
#8946 = DIRECTION('',(1.,0.));
#8947 = ( GEOMETRIC_REPRESENTATION_CONTEXT(2) 
PARAMETRIC_REPRESENTATION_CONTEXT() REPRESENTATION_CONTEXT('2D SPACE',''
  ) );
#8948 = PCURVE('',#8949,#8954);
#8949 = PLANE('',#8950);
#8950 = AXIS2_PLACEMENT_3D('',#8951,#8952,#8953);
#8951 = CARTESIAN_POINT('',(440.,-726.1969553622,2.413829103724E+03));
#8952 = DIRECTION('',(0.,0.984807753012,-0.173648177667));
#8953 = DIRECTION('',(0.,0.173648177667,0.984807753012));
#8954 = DEFINITIONAL_REPRESENTATION('',(#8955),#8959);
#8955 = LINE('',#8956,#8957);
#8956 = CARTESIAN_POINT('',(0.,0.));
#8957 = VECTOR('',#8958,1.);
#8958 = DIRECTION('',(0.,1.));
#8959 = ( GEOMETRIC_REPRESENTATION_CONTEXT(2) 
PARAMETRIC_REPRESENTATION_CONTEXT() REPRESENTATION_CONTEXT('2D SPACE',''
  ) );
#8960 = FACE_BOUND('',#8961,.T.);
#8961 = EDGE_LOOP('',(#8962,#8992,#9020,#9048));
#8962 = ORIENTED_EDGE('',*,*,#8963,.T.);
#8963 = EDGE_CURVE('',#8964,#8966,#8968,.T.);
#8964 = VERTEX_POINT('',#8965);
#8965 = CARTESIAN_POINT('',(440.,405.34715284875,2.214307347585E+03));
#8966 = VERTEX_POINT('',#8967);
#8967 = CARTESIAN_POINT('',(440.,420.11926914393,2.21170262492E+03));
#8968 = SURFACE_CURVE('',#8969,(#8973,#8980),.PCURVE_S1.);
#8969 = LINE('',#8970,#8971);
#8970 = CARTESIAN_POINT('',(440.,405.34715284875,2.214307347585E+03));
#8971 = VECTOR('',#8972,1.);
#8972 = DIRECTION('',(0.,0.984807753012,-0.173648177667));
#8973 = PCURVE('',#7022,#8974);
#8974 = DEFINITIONAL_REPRESENTATION('',(#8975),#8979);
#8975 = LINE('',#8976,#8977);
#8976 = CARTESIAN_POINT('',(5.,1.154E+03));
#8977 = VECTOR('',#8978,1.);
#8978 = DIRECTION('',(0.,1.));
#8979 = ( GEOMETRIC_REPRESENTATION_CONTEXT(2) 
PARAMETRIC_REPRESENTATION_CONTEXT() REPRESENTATION_CONTEXT('2D SPACE',''
  ) );
#8980 = PCURVE('',#8981,#8986);
#8981 = PLANE('',#8982);
#8982 = AXIS2_PLACEMENT_3D('',#8983,#8984,#8985);
#8983 = CARTESIAN_POINT('',(440.,405.34715284875,2.214307347585E+03));
#8984 = DIRECTION('',(1.,0.,-0.));
#8985 = DIRECTION('',(0.,0.173648177667,0.984807753012));
#8986 = DEFINITIONAL_REPRESENTATION('',(#8987),#8991);
#8987 = LINE('',#8988,#8989);
#8988 = CARTESIAN_POINT('',(0.,0.));
#8989 = VECTOR('',#8990,1.);
#8990 = DIRECTION('',(0.,-1.));
#8991 = ( GEOMETRIC_REPRESENTATION_CONTEXT(2) 
PARAMETRIC_REPRESENTATION_CONTEXT() REPRESENTATION_CONTEXT('2D SPACE',''
  ) );
#8992 = ORIENTED_EDGE('',*,*,#8993,.T.);
#8993 = EDGE_CURVE('',#8966,#8994,#8996,.T.);
#8994 = VERTEX_POINT('',#8995);
#8995 = CARTESIAN_POINT('',(480.,420.11926914393,2.21170262492E+03));
#8996 = SURFACE_CURVE('',#8997,(#9001,#9008),.PCURVE_S1.);
#8997 = LINE('',#8998,#8999);
#8998 = CARTESIAN_POINT('',(440.,420.11926914393,2.21170262492E+03));
#8999 = VECTOR('',#9000,1.);
#9000 = DIRECTION('',(1.,0.,-0.));
#9001 = PCURVE('',#7022,#9002);
#9002 = DEFINITIONAL_REPRESENTATION('',(#9003),#9007);
#9003 = LINE('',#9004,#9005);
#9004 = CARTESIAN_POINT('',(5.,1.169E+03));
#9005 = VECTOR('',#9006,1.);
#9006 = DIRECTION('',(1.,0.));
#9007 = ( GEOMETRIC_REPRESENTATION_CONTEXT(2) 
PARAMETRIC_REPRESENTATION_CONTEXT() REPRESENTATION_CONTEXT('2D SPACE',''
  ) );
#9008 = PCURVE('',#9009,#9014);
#9009 = PLANE('',#9010);
#9010 = AXIS2_PLACEMENT_3D('',#9011,#9012,#9013);
#9011 = CARTESIAN_POINT('',(440.,420.11926914393,2.21170262492E+03));
#9012 = DIRECTION('',(0.,0.984807753012,-0.173648177667));
#9013 = DIRECTION('',(0.,0.173648177667,0.984807753012));
#9014 = DEFINITIONAL_REPRESENTATION('',(#9015),#9019);
#9015 = LINE('',#9016,#9017);
#9016 = CARTESIAN_POINT('',(0.,0.));
#9017 = VECTOR('',#9018,1.);
#9018 = DIRECTION('',(0.,1.));
#9019 = ( GEOMETRIC_REPRESENTATION_CONTEXT(2) 
PARAMETRIC_REPRESENTATION_CONTEXT() REPRESENTATION_CONTEXT('2D SPACE',''
  ) );
#9020 = ORIENTED_EDGE('',*,*,#9021,.F.);
#9021 = EDGE_CURVE('',#9022,#8994,#9024,.T.);
#9022 = VERTEX_POINT('',#9023);
#9023 = CARTESIAN_POINT('',(480.,405.34715284875,2.214307347585E+03));
#9024 = SURFACE_CURVE('',#9025,(#9029,#9036),.PCURVE_S1.);
#9025 = LINE('',#9026,#9027);
#9026 = CARTESIAN_POINT('',(480.,405.34715284875,2.214307347585E+03));
#9027 = VECTOR('',#9028,1.);
#9028 = DIRECTION('',(0.,0.984807753012,-0.173648177667));
#9029 = PCURVE('',#7022,#9030);
#9030 = DEFINITIONAL_REPRESENTATION('',(#9031),#9035);
#9031 = LINE('',#9032,#9033);
#9032 = CARTESIAN_POINT('',(45.,1.154E+03));
#9033 = VECTOR('',#9034,1.);
#9034 = DIRECTION('',(0.,1.));
#9035 = ( GEOMETRIC_REPRESENTATION_CONTEXT(2) 
PARAMETRIC_REPRESENTATION_CONTEXT() REPRESENTATION_CONTEXT('2D SPACE',''
  ) );
#9036 = PCURVE('',#9037,#9042);
#9037 = PLANE('',#9038);
#9038 = AXIS2_PLACEMENT_3D('',#9039,#9040,#9041);
#9039 = CARTESIAN_POINT('',(480.,405.34715284875,2.214307347585E+03));
#9040 = DIRECTION('',(1.,0.,-0.));
#9041 = DIRECTION('',(0.,0.173648177667,0.984807753012));
#9042 = DEFINITIONAL_REPRESENTATION('',(#9043),#9047);
#9043 = LINE('',#9044,#9045);
#9044 = CARTESIAN_POINT('',(0.,0.));
#9045 = VECTOR('',#9046,1.);
#9046 = DIRECTION('',(0.,-1.));
#9047 = ( GEOMETRIC_REPRESENTATION_CONTEXT(2) 
PARAMETRIC_REPRESENTATION_CONTEXT() REPRESENTATION_CONTEXT('2D SPACE',''
  ) );
#9048 = ORIENTED_EDGE('',*,*,#9049,.F.);
#9049 = EDGE_CURVE('',#8964,#9022,#9050,.T.);
#9050 = SURFACE_CURVE('',#9051,(#9055,#9062),.PCURVE_S1.);
#9051 = LINE('',#9052,#9053);
#9052 = CARTESIAN_POINT('',(440.,405.34715284875,2.214307347585E+03));
#9053 = VECTOR('',#9054,1.);
#9054 = DIRECTION('',(1.,0.,-0.));
#9055 = PCURVE('',#7022,#9056);
#9056 = DEFINITIONAL_REPRESENTATION('',(#9057),#9061);
#9057 = LINE('',#9058,#9059);
#9058 = CARTESIAN_POINT('',(5.,1.154E+03));
#9059 = VECTOR('',#9060,1.);
#9060 = DIRECTION('',(1.,0.));
#9061 = ( GEOMETRIC_REPRESENTATION_CONTEXT(2) 
PARAMETRIC_REPRESENTATION_CONTEXT() REPRESENTATION_CONTEXT('2D SPACE',''
  ) );
#9062 = PCURVE('',#9063,#9068);
#9063 = PLANE('',#9064);
#9064 = AXIS2_PLACEMENT_3D('',#9065,#9066,#9067);
#9065 = CARTESIAN_POINT('',(440.,405.34715284875,2.214307347585E+03));
#9066 = DIRECTION('',(0.,0.984807753012,-0.173648177667));
#9067 = DIRECTION('',(0.,0.173648177667,0.984807753012));
#9068 = DEFINITIONAL_REPRESENTATION('',(#9069),#9073);
#9069 = LINE('',#9070,#9071);
#9070 = CARTESIAN_POINT('',(0.,0.));
#9071 = VECTOR('',#9072,1.);
#9072 = DIRECTION('',(0.,1.));
#9073 = ( GEOMETRIC_REPRESENTATION_CONTEXT(2) 
PARAMETRIC_REPRESENTATION_CONTEXT() REPRESENTATION_CONTEXT('2D SPACE',''
  ) );
#9074 = ADVANCED_FACE('',(#9075),#7098,.T.);
#9075 = FACE_BOUND('',#9076,.T.);
#9076 = EDGE_LOOP('',(#9077,#9078,#9079,#9080,#9081,#9082,#9083,#9084,
    #9085,#9086,#9087,#9088,#9089,#9090,#9091,#9092,#9093,#9094,#9095,
    #9096,#9097,#9098,#9099,#9100,#9101,#9102,#9103,#9104));
#9077 = ORIENTED_EDGE('',*,*,#7084,.F.);
#9078 = ORIENTED_EDGE('',*,*,#7221,.T.);
#9079 = ORIENTED_EDGE('',*,*,#7293,.F.);
#9080 = ORIENTED_EDGE('',*,*,#7319,.T.);
#9081 = ORIENTED_EDGE('',*,*,#7365,.F.);
#9082 = ORIENTED_EDGE('',*,*,#7438,.F.);
#9083 = ORIENTED_EDGE('',*,*,#7519,.F.);
#9084 = ORIENTED_EDGE('',*,*,#7545,.T.);
#9085 = ORIENTED_EDGE('',*,*,#7679,.T.);
#9086 = ORIENTED_EDGE('',*,*,#7727,.F.);
#9087 = ORIENTED_EDGE('',*,*,#7783,.T.);
#9088 = ORIENTED_EDGE('',*,*,#7833,.T.);
#9089 = ORIENTED_EDGE('',*,*,#7905,.T.);
#9090 = ORIENTED_EDGE('',*,*,#7931,.T.);
#9091 = ORIENTED_EDGE('',*,*,#8003,.F.);
#9092 = ORIENTED_EDGE('',*,*,#8029,.T.);
#9093 = ORIENTED_EDGE('',*,*,#8075,.F.);
#9094 = ORIENTED_EDGE('',*,*,#8148,.F.);
#9095 = ORIENTED_EDGE('',*,*,#8229,.F.);
#9096 = ORIENTED_EDGE('',*,*,#8255,.T.);
#9097 = ORIENTED_EDGE('',*,*,#8389,.T.);
#9098 = ORIENTED_EDGE('',*,*,#8437,.F.);
#9099 = ORIENTED_EDGE('',*,*,#8493,.T.);
#9100 = ORIENTED_EDGE('',*,*,#8543,.T.);
#9101 = ORIENTED_EDGE('',*,*,#8615,.T.);
#9102 = ORIENTED_EDGE('',*,*,#8641,.T.);
#9103 = ORIENTED_EDGE('',*,*,#8713,.T.);
#9104 = ORIENTED_EDGE('',*,*,#8825,.F.);
#9105 = ADVANCED_FACE('',(#9106),#7129,.F.);
#9106 = FACE_BOUND('',#9107,.F.);
#9107 = EDGE_LOOP('',(#9108,#9129,#9130,#9151));
#9108 = ORIENTED_EDGE('',*,*,#9109,.F.);
#9109 = EDGE_CURVE('',#7113,#8737,#9110,.T.);
#9110 = SURFACE_CURVE('',#9111,(#9115,#9122),.PCURVE_S1.);
#9111 = LINE('',#9112,#9113);
#9112 = CARTESIAN_POINT('',(438.,-732.6267464133,2.411916569531E+03));
#9113 = VECTOR('',#9114,1.);
#9114 = DIRECTION('',(0.,0.984807753012,-0.173648177667));
#9115 = PCURVE('',#7129,#9116);
#9116 = DEFINITIONAL_REPRESENTATION('',(#9117),#9121);
#9117 = LINE('',#9118,#9119);
#9118 = CARTESIAN_POINT('',(0.,0.));
#9119 = VECTOR('',#9120,1.);
#9120 = DIRECTION('',(0.,1.));
#9121 = ( GEOMETRIC_REPRESENTATION_CONTEXT(2) 
PARAMETRIC_REPRESENTATION_CONTEXT() REPRESENTATION_CONTEXT('2D SPACE',''
  ) );
#9122 = PCURVE('',#7155,#9123);
#9123 = DEFINITIONAL_REPRESENTATION('',(#9124),#9128);
#9124 = LINE('',#9125,#9126);
#9125 = CARTESIAN_POINT('',(34.,0.));
#9126 = VECTOR('',#9127,1.);
#9127 = DIRECTION('',(0.,-1.));
#9128 = ( GEOMETRIC_REPRESENTATION_CONTEXT(2) 
PARAMETRIC_REPRESENTATION_CONTEXT() REPRESENTATION_CONTEXT('2D SPACE',''
  ) );
#9129 = ORIENTED_EDGE('',*,*,#7112,.T.);
#9130 = ORIENTED_EDGE('',*,*,#9131,.T.);
#9131 = EDGE_CURVE('',#7115,#8739,#9132,.T.);
#9132 = SURFACE_CURVE('',#9133,(#9137,#9144),.PCURVE_S1.);
#9133 = LINE('',#9134,#9135);
#9134 = CARTESIAN_POINT('',(482.,-732.6267464133,2.411916569531E+03));
#9135 = VECTOR('',#9136,1.);
#9136 = DIRECTION('',(0.,0.984807753012,-0.173648177667));
#9137 = PCURVE('',#7129,#9138);
#9138 = DEFINITIONAL_REPRESENTATION('',(#9139),#9143);
#9139 = LINE('',#9140,#9141);
#9140 = CARTESIAN_POINT('',(44.,0.));
#9141 = VECTOR('',#9142,1.);
#9142 = DIRECTION('',(0.,1.));
#9143 = ( GEOMETRIC_REPRESENTATION_CONTEXT(2) 
PARAMETRIC_REPRESENTATION_CONTEXT() REPRESENTATION_CONTEXT('2D SPACE',''
  ) );
#9144 = PCURVE('',#7205,#9145);
#9145 = DEFINITIONAL_REPRESENTATION('',(#9146),#9150);
#9146 = LINE('',#9147,#9148);
#9147 = CARTESIAN_POINT('',(34.,0.));
#9148 = VECTOR('',#9149,1.);
#9149 = DIRECTION('',(0.,-1.));
#9150 = ( GEOMETRIC_REPRESENTATION_CONTEXT(2) 
PARAMETRIC_REPRESENTATION_CONTEXT() REPRESENTATION_CONTEXT('2D SPACE',''
  ) );
#9151 = ORIENTED_EDGE('',*,*,#8736,.F.);
#9152 = ADVANCED_FACE('',(#9153),#7205,.F.);
#9153 = FACE_BOUND('',#9154,.F.);
#9154 = EDGE_LOOP('',(#9155,#9156,#9157,#9178));
#9155 = ORIENTED_EDGE('',*,*,#9131,.F.);
#9156 = ORIENTED_EDGE('',*,*,#7192,.T.);
#9157 = ORIENTED_EDGE('',*,*,#9158,.T.);
#9158 = EDGE_CURVE('',#7167,#8781,#9159,.T.);
#9159 = SURFACE_CURVE('',#9160,(#9164,#9171),.PCURVE_S1.);
#9160 = LINE('',#9161,#9162);
#9161 = CARTESIAN_POINT('',(482.,-738.530784454,2.378433105929E+03));
#9162 = VECTOR('',#9163,1.);
#9163 = DIRECTION('',(0.,0.984807753012,-0.173648177667));
#9164 = PCURVE('',#7205,#9165);
#9165 = DEFINITIONAL_REPRESENTATION('',(#9166),#9170);
#9166 = LINE('',#9167,#9168);
#9167 = CARTESIAN_POINT('',(0.,0.));
#9168 = VECTOR('',#9169,1.);
#9169 = DIRECTION('',(0.,-1.));
#9170 = ( GEOMETRIC_REPRESENTATION_CONTEXT(2) 
PARAMETRIC_REPRESENTATION_CONTEXT() REPRESENTATION_CONTEXT('2D SPACE',''
  ) );
#9171 = PCURVE('',#7181,#9172);
#9172 = DEFINITIONAL_REPRESENTATION('',(#9173),#9177);
#9173 = LINE('',#9174,#9175);
#9174 = CARTESIAN_POINT('',(44.,0.));
#9175 = VECTOR('',#9176,1.);
#9176 = DIRECTION('',(0.,1.));
#9177 = ( GEOMETRIC_REPRESENTATION_CONTEXT(2) 
PARAMETRIC_REPRESENTATION_CONTEXT() REPRESENTATION_CONTEXT('2D SPACE',''
  ) );
#9178 = ORIENTED_EDGE('',*,*,#8801,.F.);
#9179 = ADVANCED_FACE('',(#9180),#7181,.T.);
#9180 = FACE_BOUND('',#9181,.T.);
#9181 = EDGE_LOOP('',(#9182,#9203,#9204,#9205));
#9182 = ORIENTED_EDGE('',*,*,#9183,.F.);
#9183 = EDGE_CURVE('',#7141,#8760,#9184,.T.);
#9184 = SURFACE_CURVE('',#9185,(#9189,#9196),.PCURVE_S1.);
#9185 = LINE('',#9186,#9187);
#9186 = CARTESIAN_POINT('',(438.,-738.530784454,2.378433105929E+03));
#9187 = VECTOR('',#9188,1.);
#9188 = DIRECTION('',(0.,0.984807753012,-0.173648177667));
#9189 = PCURVE('',#7181,#9190);
#9190 = DEFINITIONAL_REPRESENTATION('',(#9191),#9195);
#9191 = LINE('',#9192,#9193);
#9192 = CARTESIAN_POINT('',(0.,0.));
#9193 = VECTOR('',#9194,1.);
#9194 = DIRECTION('',(0.,1.));
#9195 = ( GEOMETRIC_REPRESENTATION_CONTEXT(2) 
PARAMETRIC_REPRESENTATION_CONTEXT() REPRESENTATION_CONTEXT('2D SPACE',''
  ) );
#9196 = PCURVE('',#7155,#9197);
#9197 = DEFINITIONAL_REPRESENTATION('',(#9198),#9202);
#9198 = LINE('',#9199,#9200);
#9199 = CARTESIAN_POINT('',(0.,0.));
#9200 = VECTOR('',#9201,1.);
#9201 = DIRECTION('',(0.,-1.));
#9202 = ( GEOMETRIC_REPRESENTATION_CONTEXT(2) 
PARAMETRIC_REPRESENTATION_CONTEXT() REPRESENTATION_CONTEXT('2D SPACE',''
  ) );
#9203 = ORIENTED_EDGE('',*,*,#7166,.T.);
#9204 = ORIENTED_EDGE('',*,*,#9158,.T.);
#9205 = ORIENTED_EDGE('',*,*,#8780,.F.);
#9206 = ADVANCED_FACE('',(#9207),#7155,.T.);
#9207 = FACE_BOUND('',#9208,.T.);
#9208 = EDGE_LOOP('',(#9209,#9210,#9211,#9212));
#9209 = ORIENTED_EDGE('',*,*,#9109,.F.);
#9210 = ORIENTED_EDGE('',*,*,#7140,.T.);
#9211 = ORIENTED_EDGE('',*,*,#9183,.T.);
#9212 = ORIENTED_EDGE('',*,*,#8759,.F.);
#9213 = ADVANCED_FACE('',(#9214),#7479,.T.);
#9214 = FACE_BOUND('',#9215,.T.);
#9215 = EDGE_LOOP('',(#9216,#9245,#9266,#9267));
#9216 = ORIENTED_EDGE('',*,*,#9217,.F.);
#9217 = EDGE_CURVE('',#9218,#9218,#9220,.T.);
#9218 = VERTEX_POINT('',#9219);
#9219 = CARTESIAN_POINT('',(468.5,-235.,1.515E+03));
#9220 = SURFACE_CURVE('',#9221,(#9226,#9233),.PCURVE_S1.);
#9221 = CIRCLE('',#9222,8.5);
#9222 = AXIS2_PLACEMENT_3D('',#9223,#9224,#9225);
#9223 = CARTESIAN_POINT('',(460.,-235.,1.515E+03));
#9224 = DIRECTION('',(0.,0.,1.));
#9225 = DIRECTION('',(1.,0.,-0.));
#9226 = PCURVE('',#7479,#9227);
#9227 = DEFINITIONAL_REPRESENTATION('',(#9228),#9232);
#9228 = LINE('',#9229,#9230);
#9229 = CARTESIAN_POINT('',(0.,7.));
#9230 = VECTOR('',#9231,1.);
#9231 = DIRECTION('',(1.,0.));
#9232 = ( GEOMETRIC_REPRESENTATION_CONTEXT(2) 
PARAMETRIC_REPRESENTATION_CONTEXT() REPRESENTATION_CONTEXT('2D SPACE',''
  ) );
#9233 = PCURVE('',#9234,#9239);
#9234 = PLANE('',#9235);
#9235 = AXIS2_PLACEMENT_3D('',#9236,#9237,#9238);
#9236 = CARTESIAN_POINT('',(460.,-235.,1.515E+03));
#9237 = DIRECTION('',(0.,0.,1.));
#9238 = DIRECTION('',(1.,0.,-0.));
#9239 = DEFINITIONAL_REPRESENTATION('',(#9240),#9244);
#9240 = CIRCLE('',#9241,8.5);
#9241 = AXIS2_PLACEMENT_2D('',#9242,#9243);
#9242 = CARTESIAN_POINT('',(0.,0.));
#9243 = DIRECTION('',(1.,0.));
#9244 = ( GEOMETRIC_REPRESENTATION_CONTEXT(2) 
PARAMETRIC_REPRESENTATION_CONTEXT() REPRESENTATION_CONTEXT('2D SPACE',''
  ) );
#9245 = ORIENTED_EDGE('',*,*,#9246,.F.);
#9246 = EDGE_CURVE('',#7463,#9218,#9247,.T.);
#9247 = SEAM_CURVE('',#9248,(#9252,#9259),.PCURVE_S1.);
#9248 = LINE('',#9249,#9250);
#9249 = CARTESIAN_POINT('',(468.5,-235.,1.508E+03));
#9250 = VECTOR('',#9251,1.);
#9251 = DIRECTION('',(0.,0.,1.));
#9252 = PCURVE('',#7479,#9253);
#9253 = DEFINITIONAL_REPRESENTATION('',(#9254),#9258);
#9254 = LINE('',#9255,#9256);
#9255 = CARTESIAN_POINT('',(6.28318530718,-0.));
#9256 = VECTOR('',#9257,1.);
#9257 = DIRECTION('',(0.,1.));
#9258 = ( GEOMETRIC_REPRESENTATION_CONTEXT(2) 
PARAMETRIC_REPRESENTATION_CONTEXT() REPRESENTATION_CONTEXT('2D SPACE',''
  ) );
#9259 = PCURVE('',#7479,#9260);
#9260 = DEFINITIONAL_REPRESENTATION('',(#9261),#9265);
#9261 = LINE('',#9262,#9263);
#9262 = CARTESIAN_POINT('',(0.,-0.));
#9263 = VECTOR('',#9264,1.);
#9264 = DIRECTION('',(0.,1.));
#9265 = ( GEOMETRIC_REPRESENTATION_CONTEXT(2) 
PARAMETRIC_REPRESENTATION_CONTEXT() REPRESENTATION_CONTEXT('2D SPACE',''
  ) );
#9266 = ORIENTED_EDGE('',*,*,#7462,.T.);
#9267 = ORIENTED_EDGE('',*,*,#9246,.T.);
#9268 = ADVANCED_FACE('',(#9269),#7608,.F.);
#9269 = FACE_BOUND('',#9270,.F.);
#9270 = EDGE_LOOP('',(#9271,#9300,#9321,#9322));
#9271 = ORIENTED_EDGE('',*,*,#9272,.F.);
#9272 = EDGE_CURVE('',#9273,#9273,#9275,.T.);
#9273 = VERTEX_POINT('',#9274);
#9274 = CARTESIAN_POINT('',(465.5,-235.,1.508E+03));
#9275 = SURFACE_CURVE('',#9276,(#9281,#9288),.PCURVE_S1.);
#9276 = CIRCLE('',#9277,5.5);
#9277 = AXIS2_PLACEMENT_3D('',#9278,#9279,#9280);
#9278 = CARTESIAN_POINT('',(460.,-235.,1.508E+03));
#9279 = DIRECTION('',(0.,0.,1.));
#9280 = DIRECTION('',(1.,0.,-0.));
#9281 = PCURVE('',#7608,#9282);
#9282 = DEFINITIONAL_REPRESENTATION('',(#9283),#9287);
#9283 = LINE('',#9284,#9285);
#9284 = CARTESIAN_POINT('',(0.,9.));
#9285 = VECTOR('',#9286,1.);
#9286 = DIRECTION('',(1.,0.));
#9287 = ( GEOMETRIC_REPRESENTATION_CONTEXT(2) 
PARAMETRIC_REPRESENTATION_CONTEXT() REPRESENTATION_CONTEXT('2D SPACE',''
  ) );
#9288 = PCURVE('',#9289,#9294);
#9289 = PLANE('',#9290);
#9290 = AXIS2_PLACEMENT_3D('',#9291,#9292,#9293);
#9291 = CARTESIAN_POINT('',(460.,-235.,1.508E+03));
#9292 = DIRECTION('',(0.,0.,1.));
#9293 = DIRECTION('',(1.,0.,-0.));
#9294 = DEFINITIONAL_REPRESENTATION('',(#9295),#9299);
#9295 = CIRCLE('',#9296,5.5);
#9296 = AXIS2_PLACEMENT_2D('',#9297,#9298);
#9297 = CARTESIAN_POINT('',(0.,0.));
#9298 = DIRECTION('',(1.,0.));
#9299 = ( GEOMETRIC_REPRESENTATION_CONTEXT(2) 
PARAMETRIC_REPRESENTATION_CONTEXT() REPRESENTATION_CONTEXT('2D SPACE',''
  ) );
#9300 = ORIENTED_EDGE('',*,*,#9301,.F.);
#9301 = EDGE_CURVE('',#7592,#9273,#9302,.T.);
#9302 = SEAM_CURVE('',#9303,(#9307,#9314),.PCURVE_S1.);
#9303 = LINE('',#9304,#9305);
#9304 = CARTESIAN_POINT('',(465.5,-235.,1.499E+03));
#9305 = VECTOR('',#9306,1.);
#9306 = DIRECTION('',(0.,0.,1.));
#9307 = PCURVE('',#7608,#9308);
#9308 = DEFINITIONAL_REPRESENTATION('',(#9309),#9313);
#9309 = LINE('',#9310,#9311);
#9310 = CARTESIAN_POINT('',(6.28318530718,-0.));
#9311 = VECTOR('',#9312,1.);
#9312 = DIRECTION('',(0.,1.));
#9313 = ( GEOMETRIC_REPRESENTATION_CONTEXT(2) 
PARAMETRIC_REPRESENTATION_CONTEXT() REPRESENTATION_CONTEXT('2D SPACE',''
  ) );
#9314 = PCURVE('',#7608,#9315);
#9315 = DEFINITIONAL_REPRESENTATION('',(#9316),#9320);
#9316 = LINE('',#9317,#9318);
#9317 = CARTESIAN_POINT('',(0.,-0.));
#9318 = VECTOR('',#9319,1.);
#9319 = DIRECTION('',(0.,1.));
#9320 = ( GEOMETRIC_REPRESENTATION_CONTEXT(2) 
PARAMETRIC_REPRESENTATION_CONTEXT() REPRESENTATION_CONTEXT('2D SPACE',''
  ) );
#9321 = ORIENTED_EDGE('',*,*,#7591,.T.);
#9322 = ORIENTED_EDGE('',*,*,#9301,.T.);
#9323 = ADVANCED_FACE('',(#9324),#7639,.F.);
#9324 = FACE_BOUND('',#9325,.F.);
#9325 = EDGE_LOOP('',(#9326,#9355,#9376,#9377));
#9326 = ORIENTED_EDGE('',*,*,#9327,.F.);
#9327 = EDGE_CURVE('',#9328,#9328,#9330,.T.);
#9328 = VERTEX_POINT('',#9329);
#9329 = CARTESIAN_POINT('',(465.5,-165.,1.508E+03));
#9330 = SURFACE_CURVE('',#9331,(#9336,#9343),.PCURVE_S1.);
#9331 = CIRCLE('',#9332,5.5);
#9332 = AXIS2_PLACEMENT_3D('',#9333,#9334,#9335);
#9333 = CARTESIAN_POINT('',(460.,-165.,1.508E+03));
#9334 = DIRECTION('',(0.,0.,1.));
#9335 = DIRECTION('',(1.,0.,-0.));
#9336 = PCURVE('',#7639,#9337);
#9337 = DEFINITIONAL_REPRESENTATION('',(#9338),#9342);
#9338 = LINE('',#9339,#9340);
#9339 = CARTESIAN_POINT('',(0.,9.));
#9340 = VECTOR('',#9341,1.);
#9341 = DIRECTION('',(1.,0.));
#9342 = ( GEOMETRIC_REPRESENTATION_CONTEXT(2) 
PARAMETRIC_REPRESENTATION_CONTEXT() REPRESENTATION_CONTEXT('2D SPACE',''
  ) );
#9343 = PCURVE('',#9344,#9349);
#9344 = PLANE('',#9345);
#9345 = AXIS2_PLACEMENT_3D('',#9346,#9347,#9348);
#9346 = CARTESIAN_POINT('',(460.,-165.,1.508E+03));
#9347 = DIRECTION('',(0.,0.,1.));
#9348 = DIRECTION('',(1.,0.,-0.));
#9349 = DEFINITIONAL_REPRESENTATION('',(#9350),#9354);
#9350 = CIRCLE('',#9351,5.5);
#9351 = AXIS2_PLACEMENT_2D('',#9352,#9353);
#9352 = CARTESIAN_POINT('',(0.,0.));
#9353 = DIRECTION('',(1.,0.));
#9354 = ( GEOMETRIC_REPRESENTATION_CONTEXT(2) 
PARAMETRIC_REPRESENTATION_CONTEXT() REPRESENTATION_CONTEXT('2D SPACE',''
  ) );
#9355 = ORIENTED_EDGE('',*,*,#9356,.F.);
#9356 = EDGE_CURVE('',#7623,#9328,#9357,.T.);
#9357 = SEAM_CURVE('',#9358,(#9362,#9369),.PCURVE_S1.);
#9358 = LINE('',#9359,#9360);
#9359 = CARTESIAN_POINT('',(465.5,-165.,1.499E+03));
#9360 = VECTOR('',#9361,1.);
#9361 = DIRECTION('',(0.,0.,1.));
#9362 = PCURVE('',#7639,#9363);
#9363 = DEFINITIONAL_REPRESENTATION('',(#9364),#9368);
#9364 = LINE('',#9365,#9366);
#9365 = CARTESIAN_POINT('',(6.28318530718,-0.));
#9366 = VECTOR('',#9367,1.);
#9367 = DIRECTION('',(0.,1.));
#9368 = ( GEOMETRIC_REPRESENTATION_CONTEXT(2) 
PARAMETRIC_REPRESENTATION_CONTEXT() REPRESENTATION_CONTEXT('2D SPACE',''
  ) );
#9369 = PCURVE('',#7639,#9370);
#9370 = DEFINITIONAL_REPRESENTATION('',(#9371),#9375);
#9371 = LINE('',#9372,#9373);
#9372 = CARTESIAN_POINT('',(0.,-0.));
#9373 = VECTOR('',#9374,1.);
#9374 = DIRECTION('',(0.,1.));
#9375 = ( GEOMETRIC_REPRESENTATION_CONTEXT(2) 
PARAMETRIC_REPRESENTATION_CONTEXT() REPRESENTATION_CONTEXT('2D SPACE',''
  ) );
#9376 = ORIENTED_EDGE('',*,*,#7622,.T.);
#9377 = ORIENTED_EDGE('',*,*,#9356,.T.);
#9378 = ADVANCED_FACE('',(#9379),#7768,.T.);
#9379 = FACE_BOUND('',#9380,.T.);
#9380 = EDGE_LOOP('',(#9381,#9410,#9431,#9432));
#9381 = ORIENTED_EDGE('',*,*,#9382,.F.);
#9382 = EDGE_CURVE('',#9383,#9383,#9385,.T.);
#9383 = VERTEX_POINT('',#9384);
#9384 = CARTESIAN_POINT('',(468.5,-165.,1.515E+03));
#9385 = SURFACE_CURVE('',#9386,(#9391,#9398),.PCURVE_S1.);
#9386 = CIRCLE('',#9387,8.5);
#9387 = AXIS2_PLACEMENT_3D('',#9388,#9389,#9390);
#9388 = CARTESIAN_POINT('',(460.,-165.,1.515E+03));
#9389 = DIRECTION('',(0.,0.,1.));
#9390 = DIRECTION('',(1.,0.,-0.));
#9391 = PCURVE('',#7768,#9392);
#9392 = DEFINITIONAL_REPRESENTATION('',(#9393),#9397);
#9393 = LINE('',#9394,#9395);
#9394 = CARTESIAN_POINT('',(0.,7.));
#9395 = VECTOR('',#9396,1.);
#9396 = DIRECTION('',(1.,0.));
#9397 = ( GEOMETRIC_REPRESENTATION_CONTEXT(2) 
PARAMETRIC_REPRESENTATION_CONTEXT() REPRESENTATION_CONTEXT('2D SPACE',''
  ) );
#9398 = PCURVE('',#9399,#9404);
#9399 = PLANE('',#9400);
#9400 = AXIS2_PLACEMENT_3D('',#9401,#9402,#9403);
#9401 = CARTESIAN_POINT('',(460.,-165.,1.515E+03));
#9402 = DIRECTION('',(0.,0.,1.));
#9403 = DIRECTION('',(1.,0.,-0.));
#9404 = DEFINITIONAL_REPRESENTATION('',(#9405),#9409);
#9405 = CIRCLE('',#9406,8.5);
#9406 = AXIS2_PLACEMENT_2D('',#9407,#9408);
#9407 = CARTESIAN_POINT('',(0.,0.));
#9408 = DIRECTION('',(1.,0.));
#9409 = ( GEOMETRIC_REPRESENTATION_CONTEXT(2) 
PARAMETRIC_REPRESENTATION_CONTEXT() REPRESENTATION_CONTEXT('2D SPACE',''
  ) );
#9410 = ORIENTED_EDGE('',*,*,#9411,.F.);
#9411 = EDGE_CURVE('',#7752,#9383,#9412,.T.);
#9412 = SEAM_CURVE('',#9413,(#9417,#9424),.PCURVE_S1.);
#9413 = LINE('',#9414,#9415);
#9414 = CARTESIAN_POINT('',(468.5,-165.,1.508E+03));
#9415 = VECTOR('',#9416,1.);
#9416 = DIRECTION('',(0.,0.,1.));
#9417 = PCURVE('',#7768,#9418);
#9418 = DEFINITIONAL_REPRESENTATION('',(#9419),#9423);
#9419 = LINE('',#9420,#9421);
#9420 = CARTESIAN_POINT('',(6.28318530718,-0.));
#9421 = VECTOR('',#9422,1.);
#9422 = DIRECTION('',(0.,1.));
#9423 = ( GEOMETRIC_REPRESENTATION_CONTEXT(2) 
PARAMETRIC_REPRESENTATION_CONTEXT() REPRESENTATION_CONTEXT('2D SPACE',''
  ) );
#9424 = PCURVE('',#7768,#9425);
#9425 = DEFINITIONAL_REPRESENTATION('',(#9426),#9430);
#9426 = LINE('',#9427,#9428);
#9427 = CARTESIAN_POINT('',(0.,-0.));
#9428 = VECTOR('',#9429,1.);
#9429 = DIRECTION('',(0.,1.));
#9430 = ( GEOMETRIC_REPRESENTATION_CONTEXT(2) 
PARAMETRIC_REPRESENTATION_CONTEXT() REPRESENTATION_CONTEXT('2D SPACE',''
  ) );
#9431 = ORIENTED_EDGE('',*,*,#7751,.T.);
#9432 = ORIENTED_EDGE('',*,*,#9411,.T.);
#9433 = ADVANCED_FACE('',(#9434),#8189,.T.);
#9434 = FACE_BOUND('',#9435,.T.);
#9435 = EDGE_LOOP('',(#9436,#9465,#9486,#9487));
#9436 = ORIENTED_EDGE('',*,*,#9437,.F.);
#9437 = EDGE_CURVE('',#9438,#9438,#9440,.T.);
#9438 = VERTEX_POINT('',#9439);
#9439 = CARTESIAN_POINT('',(468.5,165.,1.515E+03));
#9440 = SURFACE_CURVE('',#9441,(#9446,#9453),.PCURVE_S1.);
#9441 = CIRCLE('',#9442,8.5);
#9442 = AXIS2_PLACEMENT_3D('',#9443,#9444,#9445);
#9443 = CARTESIAN_POINT('',(460.,165.,1.515E+03));
#9444 = DIRECTION('',(0.,0.,1.));
#9445 = DIRECTION('',(1.,0.,-0.));
#9446 = PCURVE('',#8189,#9447);
#9447 = DEFINITIONAL_REPRESENTATION('',(#9448),#9452);
#9448 = LINE('',#9449,#9450);
#9449 = CARTESIAN_POINT('',(0.,7.));
#9450 = VECTOR('',#9451,1.);
#9451 = DIRECTION('',(1.,0.));
#9452 = ( GEOMETRIC_REPRESENTATION_CONTEXT(2) 
PARAMETRIC_REPRESENTATION_CONTEXT() REPRESENTATION_CONTEXT('2D SPACE',''
  ) );
#9453 = PCURVE('',#9454,#9459);
#9454 = PLANE('',#9455);
#9455 = AXIS2_PLACEMENT_3D('',#9456,#9457,#9458);
#9456 = CARTESIAN_POINT('',(460.,165.,1.515E+03));
#9457 = DIRECTION('',(0.,0.,1.));
#9458 = DIRECTION('',(1.,0.,-0.));
#9459 = DEFINITIONAL_REPRESENTATION('',(#9460),#9464);
#9460 = CIRCLE('',#9461,8.5);
#9461 = AXIS2_PLACEMENT_2D('',#9462,#9463);
#9462 = CARTESIAN_POINT('',(0.,0.));
#9463 = DIRECTION('',(1.,0.));
#9464 = ( GEOMETRIC_REPRESENTATION_CONTEXT(2) 
PARAMETRIC_REPRESENTATION_CONTEXT() REPRESENTATION_CONTEXT('2D SPACE',''
  ) );
#9465 = ORIENTED_EDGE('',*,*,#9466,.F.);
#9466 = EDGE_CURVE('',#8173,#9438,#9467,.T.);
#9467 = SEAM_CURVE('',#9468,(#9472,#9479),.PCURVE_S1.);
#9468 = LINE('',#9469,#9470);
#9469 = CARTESIAN_POINT('',(468.5,165.,1.508E+03));
#9470 = VECTOR('',#9471,1.);
#9471 = DIRECTION('',(0.,0.,1.));
#9472 = PCURVE('',#8189,#9473);
#9473 = DEFINITIONAL_REPRESENTATION('',(#9474),#9478);
#9474 = LINE('',#9475,#9476);
#9475 = CARTESIAN_POINT('',(6.28318530718,-0.));
#9476 = VECTOR('',#9477,1.);
#9477 = DIRECTION('',(0.,1.));
#9478 = ( GEOMETRIC_REPRESENTATION_CONTEXT(2) 
PARAMETRIC_REPRESENTATION_CONTEXT() REPRESENTATION_CONTEXT('2D SPACE',''
  ) );
#9479 = PCURVE('',#8189,#9480);
#9480 = DEFINITIONAL_REPRESENTATION('',(#9481),#9485);
#9481 = LINE('',#9482,#9483);
#9482 = CARTESIAN_POINT('',(0.,-0.));
#9483 = VECTOR('',#9484,1.);
#9484 = DIRECTION('',(0.,1.));
#9485 = ( GEOMETRIC_REPRESENTATION_CONTEXT(2) 
PARAMETRIC_REPRESENTATION_CONTEXT() REPRESENTATION_CONTEXT('2D SPACE',''
  ) );
#9486 = ORIENTED_EDGE('',*,*,#8172,.T.);
#9487 = ORIENTED_EDGE('',*,*,#9466,.T.);
#9488 = ADVANCED_FACE('',(#9489),#8318,.F.);
#9489 = FACE_BOUND('',#9490,.F.);
#9490 = EDGE_LOOP('',(#9491,#9520,#9541,#9542));
#9491 = ORIENTED_EDGE('',*,*,#9492,.F.);
#9492 = EDGE_CURVE('',#9493,#9493,#9495,.T.);
#9493 = VERTEX_POINT('',#9494);
#9494 = CARTESIAN_POINT('',(465.5,165.,1.508E+03));
#9495 = SURFACE_CURVE('',#9496,(#9501,#9508),.PCURVE_S1.);
#9496 = CIRCLE('',#9497,5.5);
#9497 = AXIS2_PLACEMENT_3D('',#9498,#9499,#9500);
#9498 = CARTESIAN_POINT('',(460.,165.,1.508E+03));
#9499 = DIRECTION('',(0.,0.,1.));
#9500 = DIRECTION('',(1.,0.,-0.));
#9501 = PCURVE('',#8318,#9502);
#9502 = DEFINITIONAL_REPRESENTATION('',(#9503),#9507);
#9503 = LINE('',#9504,#9505);
#9504 = CARTESIAN_POINT('',(0.,9.));
#9505 = VECTOR('',#9506,1.);
#9506 = DIRECTION('',(1.,0.));
#9507 = ( GEOMETRIC_REPRESENTATION_CONTEXT(2) 
PARAMETRIC_REPRESENTATION_CONTEXT() REPRESENTATION_CONTEXT('2D SPACE',''
  ) );
#9508 = PCURVE('',#9509,#9514);
#9509 = PLANE('',#9510);
#9510 = AXIS2_PLACEMENT_3D('',#9511,#9512,#9513);
#9511 = CARTESIAN_POINT('',(460.,165.,1.508E+03));
#9512 = DIRECTION('',(0.,0.,1.));
#9513 = DIRECTION('',(1.,0.,-0.));
#9514 = DEFINITIONAL_REPRESENTATION('',(#9515),#9519);
#9515 = CIRCLE('',#9516,5.5);
#9516 = AXIS2_PLACEMENT_2D('',#9517,#9518);
#9517 = CARTESIAN_POINT('',(0.,0.));
#9518 = DIRECTION('',(1.,0.));
#9519 = ( GEOMETRIC_REPRESENTATION_CONTEXT(2) 
PARAMETRIC_REPRESENTATION_CONTEXT() REPRESENTATION_CONTEXT('2D SPACE',''
  ) );
#9520 = ORIENTED_EDGE('',*,*,#9521,.F.);
#9521 = EDGE_CURVE('',#8302,#9493,#9522,.T.);
#9522 = SEAM_CURVE('',#9523,(#9527,#9534),.PCURVE_S1.);
#9523 = LINE('',#9524,#9525);
#9524 = CARTESIAN_POINT('',(465.5,165.,1.499E+03));
#9525 = VECTOR('',#9526,1.);
#9526 = DIRECTION('',(0.,0.,1.));
#9527 = PCURVE('',#8318,#9528);
#9528 = DEFINITIONAL_REPRESENTATION('',(#9529),#9533);
#9529 = LINE('',#9530,#9531);
#9530 = CARTESIAN_POINT('',(6.28318530718,-0.));
#9531 = VECTOR('',#9532,1.);
#9532 = DIRECTION('',(0.,1.));
#9533 = ( GEOMETRIC_REPRESENTATION_CONTEXT(2) 
PARAMETRIC_REPRESENTATION_CONTEXT() REPRESENTATION_CONTEXT('2D SPACE',''
  ) );
#9534 = PCURVE('',#8318,#9535);
#9535 = DEFINITIONAL_REPRESENTATION('',(#9536),#9540);
#9536 = LINE('',#9537,#9538);
#9537 = CARTESIAN_POINT('',(0.,-0.));
#9538 = VECTOR('',#9539,1.);
#9539 = DIRECTION('',(0.,1.));
#9540 = ( GEOMETRIC_REPRESENTATION_CONTEXT(2) 
PARAMETRIC_REPRESENTATION_CONTEXT() REPRESENTATION_CONTEXT('2D SPACE',''
  ) );
#9541 = ORIENTED_EDGE('',*,*,#8301,.T.);
#9542 = ORIENTED_EDGE('',*,*,#9521,.T.);
#9543 = ADVANCED_FACE('',(#9544),#8349,.F.);
#9544 = FACE_BOUND('',#9545,.F.);
#9545 = EDGE_LOOP('',(#9546,#9575,#9596,#9597));
#9546 = ORIENTED_EDGE('',*,*,#9547,.F.);
#9547 = EDGE_CURVE('',#9548,#9548,#9550,.T.);
#9548 = VERTEX_POINT('',#9549);
#9549 = CARTESIAN_POINT('',(465.5,235.,1.508E+03));
#9550 = SURFACE_CURVE('',#9551,(#9556,#9563),.PCURVE_S1.);
#9551 = CIRCLE('',#9552,5.5);
#9552 = AXIS2_PLACEMENT_3D('',#9553,#9554,#9555);
#9553 = CARTESIAN_POINT('',(460.,235.,1.508E+03));
#9554 = DIRECTION('',(0.,0.,1.));
#9555 = DIRECTION('',(1.,0.,-0.));
#9556 = PCURVE('',#8349,#9557);
#9557 = DEFINITIONAL_REPRESENTATION('',(#9558),#9562);
#9558 = LINE('',#9559,#9560);
#9559 = CARTESIAN_POINT('',(0.,9.));
#9560 = VECTOR('',#9561,1.);
#9561 = DIRECTION('',(1.,0.));
#9562 = ( GEOMETRIC_REPRESENTATION_CONTEXT(2) 
PARAMETRIC_REPRESENTATION_CONTEXT() REPRESENTATION_CONTEXT('2D SPACE',''
  ) );
#9563 = PCURVE('',#9564,#9569);
#9564 = PLANE('',#9565);
#9565 = AXIS2_PLACEMENT_3D('',#9566,#9567,#9568);
#9566 = CARTESIAN_POINT('',(460.,235.,1.508E+03));
#9567 = DIRECTION('',(0.,0.,1.));
#9568 = DIRECTION('',(1.,0.,-0.));
#9569 = DEFINITIONAL_REPRESENTATION('',(#9570),#9574);
#9570 = CIRCLE('',#9571,5.5);
#9571 = AXIS2_PLACEMENT_2D('',#9572,#9573);
#9572 = CARTESIAN_POINT('',(0.,0.));
#9573 = DIRECTION('',(1.,0.));
#9574 = ( GEOMETRIC_REPRESENTATION_CONTEXT(2) 
PARAMETRIC_REPRESENTATION_CONTEXT() REPRESENTATION_CONTEXT('2D SPACE',''
  ) );
#9575 = ORIENTED_EDGE('',*,*,#9576,.F.);
#9576 = EDGE_CURVE('',#8333,#9548,#9577,.T.);
#9577 = SEAM_CURVE('',#9578,(#9582,#9589),.PCURVE_S1.);
#9578 = LINE('',#9579,#9580);
#9579 = CARTESIAN_POINT('',(465.5,235.,1.499E+03));
#9580 = VECTOR('',#9581,1.);
#9581 = DIRECTION('',(0.,0.,1.));
#9582 = PCURVE('',#8349,#9583);
#9583 = DEFINITIONAL_REPRESENTATION('',(#9584),#9588);
#9584 = LINE('',#9585,#9586);
#9585 = CARTESIAN_POINT('',(6.28318530718,-0.));
#9586 = VECTOR('',#9587,1.);
#9587 = DIRECTION('',(0.,1.));
#9588 = ( GEOMETRIC_REPRESENTATION_CONTEXT(2) 
PARAMETRIC_REPRESENTATION_CONTEXT() REPRESENTATION_CONTEXT('2D SPACE',''
  ) );
#9589 = PCURVE('',#8349,#9590);
#9590 = DEFINITIONAL_REPRESENTATION('',(#9591),#9595);
#9591 = LINE('',#9592,#9593);
#9592 = CARTESIAN_POINT('',(0.,-0.));
#9593 = VECTOR('',#9594,1.);
#9594 = DIRECTION('',(0.,1.));
#9595 = ( GEOMETRIC_REPRESENTATION_CONTEXT(2) 
PARAMETRIC_REPRESENTATION_CONTEXT() REPRESENTATION_CONTEXT('2D SPACE',''
  ) );
#9596 = ORIENTED_EDGE('',*,*,#8332,.T.);
#9597 = ORIENTED_EDGE('',*,*,#9576,.T.);
#9598 = ADVANCED_FACE('',(#9599),#8478,.T.);
#9599 = FACE_BOUND('',#9600,.T.);
#9600 = EDGE_LOOP('',(#9601,#9630,#9651,#9652));
#9601 = ORIENTED_EDGE('',*,*,#9602,.F.);
#9602 = EDGE_CURVE('',#9603,#9603,#9605,.T.);
#9603 = VERTEX_POINT('',#9604);
#9604 = CARTESIAN_POINT('',(468.5,235.,1.515E+03));
#9605 = SURFACE_CURVE('',#9606,(#9611,#9618),.PCURVE_S1.);
#9606 = CIRCLE('',#9607,8.5);
#9607 = AXIS2_PLACEMENT_3D('',#9608,#9609,#9610);
#9608 = CARTESIAN_POINT('',(460.,235.,1.515E+03));
#9609 = DIRECTION('',(0.,0.,1.));
#9610 = DIRECTION('',(1.,0.,-0.));
#9611 = PCURVE('',#8478,#9612);
#9612 = DEFINITIONAL_REPRESENTATION('',(#9613),#9617);
#9613 = LINE('',#9614,#9615);
#9614 = CARTESIAN_POINT('',(0.,7.));
#9615 = VECTOR('',#9616,1.);
#9616 = DIRECTION('',(1.,0.));
#9617 = ( GEOMETRIC_REPRESENTATION_CONTEXT(2) 
PARAMETRIC_REPRESENTATION_CONTEXT() REPRESENTATION_CONTEXT('2D SPACE',''
  ) );
#9618 = PCURVE('',#9619,#9624);
#9619 = PLANE('',#9620);
#9620 = AXIS2_PLACEMENT_3D('',#9621,#9622,#9623);
#9621 = CARTESIAN_POINT('',(460.,235.,1.515E+03));
#9622 = DIRECTION('',(0.,0.,1.));
#9623 = DIRECTION('',(1.,0.,-0.));
#9624 = DEFINITIONAL_REPRESENTATION('',(#9625),#9629);
#9625 = CIRCLE('',#9626,8.5);
#9626 = AXIS2_PLACEMENT_2D('',#9627,#9628);
#9627 = CARTESIAN_POINT('',(0.,0.));
#9628 = DIRECTION('',(1.,0.));
#9629 = ( GEOMETRIC_REPRESENTATION_CONTEXT(2) 
PARAMETRIC_REPRESENTATION_CONTEXT() REPRESENTATION_CONTEXT('2D SPACE',''
  ) );
#9630 = ORIENTED_EDGE('',*,*,#9631,.F.);
#9631 = EDGE_CURVE('',#8462,#9603,#9632,.T.);
#9632 = SEAM_CURVE('',#9633,(#9637,#9644),.PCURVE_S1.);
#9633 = LINE('',#9634,#9635);
#9634 = CARTESIAN_POINT('',(468.5,235.,1.508E+03));
#9635 = VECTOR('',#9636,1.);
#9636 = DIRECTION('',(0.,0.,1.));
#9637 = PCURVE('',#8478,#9638);
#9638 = DEFINITIONAL_REPRESENTATION('',(#9639),#9643);
#9639 = LINE('',#9640,#9641);
#9640 = CARTESIAN_POINT('',(6.28318530718,-0.));
#9641 = VECTOR('',#9642,1.);
#9642 = DIRECTION('',(0.,1.));
#9643 = ( GEOMETRIC_REPRESENTATION_CONTEXT(2) 
PARAMETRIC_REPRESENTATION_CONTEXT() REPRESENTATION_CONTEXT('2D SPACE',''
  ) );
#9644 = PCURVE('',#8478,#9645);
#9645 = DEFINITIONAL_REPRESENTATION('',(#9646),#9650);
#9646 = LINE('',#9647,#9648);
#9647 = CARTESIAN_POINT('',(0.,-0.));
#9648 = VECTOR('',#9649,1.);
#9649 = DIRECTION('',(0.,1.));
#9650 = ( GEOMETRIC_REPRESENTATION_CONTEXT(2) 
PARAMETRIC_REPRESENTATION_CONTEXT() REPRESENTATION_CONTEXT('2D SPACE',''
  ) );
#9651 = ORIENTED_EDGE('',*,*,#8461,.T.);
#9652 = ORIENTED_EDGE('',*,*,#9631,.T.);
#9653 = ADVANCED_FACE('',(#9654),#8867,.F.);
#9654 = FACE_BOUND('',#9655,.F.);
#9655 = EDGE_LOOP('',(#9656,#9679,#9680,#9703,#9731,#9759));
#9656 = ORIENTED_EDGE('',*,*,#9657,.F.);
#9657 = EDGE_CURVE('',#8850,#9658,#9660,.T.);
#9658 = VERTEX_POINT('',#9659);
#9659 = CARTESIAN_POINT('',(440.,-719.4246764332,2.452236606092E+03));
#9660 = SURFACE_CURVE('',#9661,(#9665,#9672),.PCURVE_S1.);
#9661 = LINE('',#9662,#9663);
#9662 = CARTESIAN_POINT('',(440.,-726.1969553622,2.413829103724E+03));
#9663 = VECTOR('',#9664,1.);
#9664 = DIRECTION('',(0.,0.173648177667,0.984807753012));
#9665 = PCURVE('',#8867,#9666);
#9666 = DEFINITIONAL_REPRESENTATION('',(#9667),#9671);
#9667 = LINE('',#9668,#9669);
#9668 = CARTESIAN_POINT('',(0.,0.));
#9669 = VECTOR('',#9670,1.);
#9670 = DIRECTION('',(1.,0.));
#9671 = ( GEOMETRIC_REPRESENTATION_CONTEXT(2) 
PARAMETRIC_REPRESENTATION_CONTEXT() REPRESENTATION_CONTEXT('2D SPACE',''
  ) );
#9672 = PCURVE('',#8949,#9673);
#9673 = DEFINITIONAL_REPRESENTATION('',(#9674),#9678);
#9674 = LINE('',#9675,#9676);
#9675 = CARTESIAN_POINT('',(0.,0.));
#9676 = VECTOR('',#9677,1.);
#9677 = DIRECTION('',(1.,0.));
#9678 = ( GEOMETRIC_REPRESENTATION_CONTEXT(2) 
PARAMETRIC_REPRESENTATION_CONTEXT() REPRESENTATION_CONTEXT('2D SPACE',''
  ) );
#9679 = ORIENTED_EDGE('',*,*,#8849,.T.);
#9680 = ORIENTED_EDGE('',*,*,#9681,.T.);
#9681 = EDGE_CURVE('',#8852,#9682,#9684,.T.);
#9682 = VERTEX_POINT('',#9683);
#9683 = CARTESIAN_POINT('',(440.,-705.3471528487,2.445692652415E+03));
#9684 = SURFACE_CURVE('',#9685,(#9689,#9696),.PCURVE_S1.);
#9685 = LINE('',#9686,#9687);
#9686 = CARTESIAN_POINT('',(440.,-711.424839067,2.411224381059E+03));
#9687 = VECTOR('',#9688,1.);
#9688 = DIRECTION('',(0.,0.173648177667,0.984807753012));
#9689 = PCURVE('',#8867,#9690);
#9690 = DEFINITIONAL_REPRESENTATION('',(#9691),#9695);
#9691 = LINE('',#9692,#9693);
#9692 = CARTESIAN_POINT('',(0.,-15.));
#9693 = VECTOR('',#9694,1.);
#9694 = DIRECTION('',(1.,0.));
#9695 = ( GEOMETRIC_REPRESENTATION_CONTEXT(2) 
PARAMETRIC_REPRESENTATION_CONTEXT() REPRESENTATION_CONTEXT('2D SPACE',''
  ) );
#9696 = PCURVE('',#8895,#9697);
#9697 = DEFINITIONAL_REPRESENTATION('',(#9698),#9702);
#9698 = LINE('',#9699,#9700);
#9699 = CARTESIAN_POINT('',(0.,0.));
#9700 = VECTOR('',#9701,1.);
#9701 = DIRECTION('',(1.,0.));
#9702 = ( GEOMETRIC_REPRESENTATION_CONTEXT(2) 
PARAMETRIC_REPRESENTATION_CONTEXT() REPRESENTATION_CONTEXT('2D SPACE',''
  ) );
#9703 = ORIENTED_EDGE('',*,*,#9704,.T.);
#9704 = EDGE_CURVE('',#9682,#9705,#9707,.T.);
#9705 = VERTEX_POINT('',#9706);
#9706 = CARTESIAN_POINT('',(440.,-697.4686908246,2.444303466994E+03));
#9707 = SURFACE_CURVE('',#9708,(#9712,#9719),.PCURVE_S1.);
#9708 = LINE('',#9709,#9710);
#9709 = CARTESIAN_POINT('',(440.,-720.1192691439,2.44829737508E+03));
#9710 = VECTOR('',#9711,1.);
#9711 = DIRECTION('',(0.,0.984807753012,-0.173648177667));
#9712 = PCURVE('',#8867,#9713);
#9713 = DEFINITIONAL_REPRESENTATION('',(#9714),#9718);
#9714 = LINE('',#9715,#9716);
#9715 = CARTESIAN_POINT('',(35.,0.));
#9716 = VECTOR('',#9717,1.);
#9717 = DIRECTION('',(0.,-1.));
#9718 = ( GEOMETRIC_REPRESENTATION_CONTEXT(2) 
PARAMETRIC_REPRESENTATION_CONTEXT() REPRESENTATION_CONTEXT('2D SPACE',''
  ) );
#9719 = PCURVE('',#9720,#9725);
#9720 = PLANE('',#9721);
#9721 = AXIS2_PLACEMENT_3D('',#9722,#9723,#9724);
#9722 = CARTESIAN_POINT('',(440.,-720.1192691439,2.44829737508E+03));
#9723 = DIRECTION('',(0.,0.173648177667,0.984807753012));
#9724 = DIRECTION('',(1.,0.,-0.));
#9725 = DEFINITIONAL_REPRESENTATION('',(#9726),#9730);
#9726 = LINE('',#9727,#9728);
#9727 = CARTESIAN_POINT('',(0.,0.));
#9728 = VECTOR('',#9729,1.);
#9729 = DIRECTION('',(0.,1.));
#9730 = ( GEOMETRIC_REPRESENTATION_CONTEXT(2) 
PARAMETRIC_REPRESENTATION_CONTEXT() REPRESENTATION_CONTEXT('2D SPACE',''
  ) );
#9731 = ORIENTED_EDGE('',*,*,#9732,.T.);
#9732 = EDGE_CURVE('',#9705,#9733,#9735,.T.);
#9733 = VERTEX_POINT('',#9734);
#9734 = CARTESIAN_POINT('',(440.,-696.7740981139,2.448242698006E+03));
#9735 = SURFACE_CURVE('',#9736,(#9740,#9747),.PCURVE_S1.);
#9736 = LINE('',#9737,#9738);
#9737 = CARTESIAN_POINT('',(440.,-697.4686908246,2.444303466994E+03));
#9738 = VECTOR('',#9739,1.);
#9739 = DIRECTION('',(0.,0.173648177667,0.984807753012));
#9740 = PCURVE('',#8867,#9741);
#9741 = DEFINITIONAL_REPRESENTATION('',(#9742),#9746);
#9742 = LINE('',#9743,#9744);
#9743 = CARTESIAN_POINT('',(35.,-23.));
#9744 = VECTOR('',#9745,1.);
#9745 = DIRECTION('',(1.,0.));
#9746 = ( GEOMETRIC_REPRESENTATION_CONTEXT(2) 
PARAMETRIC_REPRESENTATION_CONTEXT() REPRESENTATION_CONTEXT('2D SPACE',''
  ) );
#9747 = PCURVE('',#9748,#9753);
#9748 = PLANE('',#9749);
#9749 = AXIS2_PLACEMENT_3D('',#9750,#9751,#9752);
#9750 = CARTESIAN_POINT('',(440.,-697.4686908246,2.444303466994E+03));
#9751 = DIRECTION('',(0.,0.984807753012,-0.173648177667));
#9752 = DIRECTION('',(0.,0.173648177667,0.984807753012));
#9753 = DEFINITIONAL_REPRESENTATION('',(#9754),#9758);
#9754 = LINE('',#9755,#9756);
#9755 = CARTESIAN_POINT('',(0.,0.));
#9756 = VECTOR('',#9757,1.);
#9757 = DIRECTION('',(1.,0.));
#9758 = ( GEOMETRIC_REPRESENTATION_CONTEXT(2) 
PARAMETRIC_REPRESENTATION_CONTEXT() REPRESENTATION_CONTEXT('2D SPACE',''
  ) );
#9759 = ORIENTED_EDGE('',*,*,#9760,.F.);
#9760 = EDGE_CURVE('',#9658,#9733,#9761,.T.);
#9761 = SURFACE_CURVE('',#9762,(#9766,#9773),.PCURVE_S1.);
#9762 = LINE('',#9763,#9764);
#9763 = CARTESIAN_POINT('',(440.,-719.4246764332,2.452236606092E+03));
#9764 = VECTOR('',#9765,1.);
#9765 = DIRECTION('',(0.,0.984807753012,-0.173648177667));
#9766 = PCURVE('',#8867,#9767);
#9767 = DEFINITIONAL_REPRESENTATION('',(#9768),#9772);
#9768 = LINE('',#9769,#9770);
#9769 = CARTESIAN_POINT('',(39.,0.));
#9770 = VECTOR('',#9771,1.);
#9771 = DIRECTION('',(0.,-1.));
#9772 = ( GEOMETRIC_REPRESENTATION_CONTEXT(2) 
PARAMETRIC_REPRESENTATION_CONTEXT() REPRESENTATION_CONTEXT('2D SPACE',''
  ) );
#9773 = PCURVE('',#9774,#9779);
#9774 = PLANE('',#9775);
#9775 = AXIS2_PLACEMENT_3D('',#9776,#9777,#9778);
#9776 = CARTESIAN_POINT('',(440.,-719.4246764332,2.452236606092E+03));
#9777 = DIRECTION('',(0.,0.173648177667,0.984807753012));
#9778 = DIRECTION('',(1.,0.,-0.));
#9779 = DEFINITIONAL_REPRESENTATION('',(#9780),#9784);
#9780 = LINE('',#9781,#9782);
#9781 = CARTESIAN_POINT('',(0.,0.));
#9782 = VECTOR('',#9783,1.);
#9783 = DIRECTION('',(0.,1.));
#9784 = ( GEOMETRIC_REPRESENTATION_CONTEXT(2) 
PARAMETRIC_REPRESENTATION_CONTEXT() REPRESENTATION_CONTEXT('2D SPACE',''
  ) );
#9785 = ADVANCED_FACE('',(#9786),#8949,.F.);
#9786 = FACE_BOUND('',#9787,.F.);
#9787 = EDGE_LOOP('',(#9788,#9811,#9812,#9813));
#9788 = ORIENTED_EDGE('',*,*,#9789,.F.);
#9789 = EDGE_CURVE('',#8908,#9790,#9792,.T.);
#9790 = VERTEX_POINT('',#9791);
#9791 = CARTESIAN_POINT('',(480.,-719.4246764332,2.452236606092E+03));
#9792 = SURFACE_CURVE('',#9793,(#9797,#9804),.PCURVE_S1.);
#9793 = LINE('',#9794,#9795);
#9794 = CARTESIAN_POINT('',(480.,-726.1969553622,2.413829103724E+03));
#9795 = VECTOR('',#9796,1.);
#9796 = DIRECTION('',(0.,0.173648177667,0.984807753012));
#9797 = PCURVE('',#8949,#9798);
#9798 = DEFINITIONAL_REPRESENTATION('',(#9799),#9803);
#9799 = LINE('',#9800,#9801);
#9800 = CARTESIAN_POINT('',(0.,40.));
#9801 = VECTOR('',#9802,1.);
#9802 = DIRECTION('',(1.,0.));
#9803 = ( GEOMETRIC_REPRESENTATION_CONTEXT(2) 
PARAMETRIC_REPRESENTATION_CONTEXT() REPRESENTATION_CONTEXT('2D SPACE',''
  ) );
#9804 = PCURVE('',#8923,#9805);
#9805 = DEFINITIONAL_REPRESENTATION('',(#9806),#9810);
#9806 = LINE('',#9807,#9808);
#9807 = CARTESIAN_POINT('',(0.,0.));
#9808 = VECTOR('',#9809,1.);
#9809 = DIRECTION('',(1.,0.));
#9810 = ( GEOMETRIC_REPRESENTATION_CONTEXT(2) 
PARAMETRIC_REPRESENTATION_CONTEXT() REPRESENTATION_CONTEXT('2D SPACE',''
  ) );
#9811 = ORIENTED_EDGE('',*,*,#8935,.F.);
#9812 = ORIENTED_EDGE('',*,*,#9657,.T.);
#9813 = ORIENTED_EDGE('',*,*,#9814,.T.);
#9814 = EDGE_CURVE('',#9658,#9790,#9815,.T.);
#9815 = SURFACE_CURVE('',#9816,(#9820,#9827),.PCURVE_S1.);
#9816 = LINE('',#9817,#9818);
#9817 = CARTESIAN_POINT('',(440.,-719.4246764332,2.452236606092E+03));
#9818 = VECTOR('',#9819,1.);
#9819 = DIRECTION('',(1.,0.,-0.));
#9820 = PCURVE('',#8949,#9821);
#9821 = DEFINITIONAL_REPRESENTATION('',(#9822),#9826);
#9822 = LINE('',#9823,#9824);
#9823 = CARTESIAN_POINT('',(39.,0.));
#9824 = VECTOR('',#9825,1.);
#9825 = DIRECTION('',(0.,1.));
#9826 = ( GEOMETRIC_REPRESENTATION_CONTEXT(2) 
PARAMETRIC_REPRESENTATION_CONTEXT() REPRESENTATION_CONTEXT('2D SPACE',''
  ) );
#9827 = PCURVE('',#9774,#9828);
#9828 = DEFINITIONAL_REPRESENTATION('',(#9829),#9833);
#9829 = LINE('',#9830,#9831);
#9830 = CARTESIAN_POINT('',(0.,0.));
#9831 = VECTOR('',#9832,1.);
#9832 = DIRECTION('',(1.,0.));
#9833 = ( GEOMETRIC_REPRESENTATION_CONTEXT(2) 
PARAMETRIC_REPRESENTATION_CONTEXT() REPRESENTATION_CONTEXT('2D SPACE',''
  ) );
#9834 = ADVANCED_FACE('',(#9835),#8923,.T.);
#9835 = FACE_BOUND('',#9836,.T.);
#9836 = EDGE_LOOP('',(#9837,#9838,#9839,#9862,#9885,#9908));
#9837 = ORIENTED_EDGE('',*,*,#9789,.F.);
#9838 = ORIENTED_EDGE('',*,*,#8907,.T.);
#9839 = ORIENTED_EDGE('',*,*,#9840,.T.);
#9840 = EDGE_CURVE('',#8880,#9841,#9843,.T.);
#9841 = VERTEX_POINT('',#9842);
#9842 = CARTESIAN_POINT('',(480.,-705.3471528487,2.445692652415E+03));
#9843 = SURFACE_CURVE('',#9844,(#9848,#9855),.PCURVE_S1.);
#9844 = LINE('',#9845,#9846);
#9845 = CARTESIAN_POINT('',(480.,-711.424839067,2.411224381059E+03));
#9846 = VECTOR('',#9847,1.);
#9847 = DIRECTION('',(0.,0.173648177667,0.984807753012));
#9848 = PCURVE('',#8923,#9849);
#9849 = DEFINITIONAL_REPRESENTATION('',(#9850),#9854);
#9850 = LINE('',#9851,#9852);
#9851 = CARTESIAN_POINT('',(0.,-15.));
#9852 = VECTOR('',#9853,1.);
#9853 = DIRECTION('',(1.,0.));
#9854 = ( GEOMETRIC_REPRESENTATION_CONTEXT(2) 
PARAMETRIC_REPRESENTATION_CONTEXT() REPRESENTATION_CONTEXT('2D SPACE',''
  ) );
#9855 = PCURVE('',#8895,#9856);
#9856 = DEFINITIONAL_REPRESENTATION('',(#9857),#9861);
#9857 = LINE('',#9858,#9859);
#9858 = CARTESIAN_POINT('',(0.,40.));
#9859 = VECTOR('',#9860,1.);
#9860 = DIRECTION('',(1.,0.));
#9861 = ( GEOMETRIC_REPRESENTATION_CONTEXT(2) 
PARAMETRIC_REPRESENTATION_CONTEXT() REPRESENTATION_CONTEXT('2D SPACE',''
  ) );
#9862 = ORIENTED_EDGE('',*,*,#9863,.T.);
#9863 = EDGE_CURVE('',#9841,#9864,#9866,.T.);
#9864 = VERTEX_POINT('',#9865);
#9865 = CARTESIAN_POINT('',(480.,-697.4686908246,2.444303466994E+03));
#9866 = SURFACE_CURVE('',#9867,(#9871,#9878),.PCURVE_S1.);
#9867 = LINE('',#9868,#9869);
#9868 = CARTESIAN_POINT('',(480.,-720.1192691439,2.44829737508E+03));
#9869 = VECTOR('',#9870,1.);
#9870 = DIRECTION('',(0.,0.984807753012,-0.173648177667));
#9871 = PCURVE('',#8923,#9872);
#9872 = DEFINITIONAL_REPRESENTATION('',(#9873),#9877);
#9873 = LINE('',#9874,#9875);
#9874 = CARTESIAN_POINT('',(35.,0.));
#9875 = VECTOR('',#9876,1.);
#9876 = DIRECTION('',(0.,-1.));
#9877 = ( GEOMETRIC_REPRESENTATION_CONTEXT(2) 
PARAMETRIC_REPRESENTATION_CONTEXT() REPRESENTATION_CONTEXT('2D SPACE',''
  ) );
#9878 = PCURVE('',#9720,#9879);
#9879 = DEFINITIONAL_REPRESENTATION('',(#9880),#9884);
#9880 = LINE('',#9881,#9882);
#9881 = CARTESIAN_POINT('',(40.,0.));
#9882 = VECTOR('',#9883,1.);
#9883 = DIRECTION('',(0.,1.));
#9884 = ( GEOMETRIC_REPRESENTATION_CONTEXT(2) 
PARAMETRIC_REPRESENTATION_CONTEXT() REPRESENTATION_CONTEXT('2D SPACE',''
  ) );
#9885 = ORIENTED_EDGE('',*,*,#9886,.T.);
#9886 = EDGE_CURVE('',#9864,#9887,#9889,.T.);
#9887 = VERTEX_POINT('',#9888);
#9888 = CARTESIAN_POINT('',(480.,-696.7740981139,2.448242698006E+03));
#9889 = SURFACE_CURVE('',#9890,(#9894,#9901),.PCURVE_S1.);
#9890 = LINE('',#9891,#9892);
#9891 = CARTESIAN_POINT('',(480.,-697.4686908246,2.444303466994E+03));
#9892 = VECTOR('',#9893,1.);
#9893 = DIRECTION('',(0.,0.173648177667,0.984807753012));
#9894 = PCURVE('',#8923,#9895);
#9895 = DEFINITIONAL_REPRESENTATION('',(#9896),#9900);
#9896 = LINE('',#9897,#9898);
#9897 = CARTESIAN_POINT('',(35.,-23.));
#9898 = VECTOR('',#9899,1.);
#9899 = DIRECTION('',(1.,0.));
#9900 = ( GEOMETRIC_REPRESENTATION_CONTEXT(2) 
PARAMETRIC_REPRESENTATION_CONTEXT() REPRESENTATION_CONTEXT('2D SPACE',''
  ) );
#9901 = PCURVE('',#9748,#9902);
#9902 = DEFINITIONAL_REPRESENTATION('',(#9903),#9907);
#9903 = LINE('',#9904,#9905);
#9904 = CARTESIAN_POINT('',(0.,40.));
#9905 = VECTOR('',#9906,1.);
#9906 = DIRECTION('',(1.,0.));
#9907 = ( GEOMETRIC_REPRESENTATION_CONTEXT(2) 
PARAMETRIC_REPRESENTATION_CONTEXT() REPRESENTATION_CONTEXT('2D SPACE',''
  ) );
#9908 = ORIENTED_EDGE('',*,*,#9909,.T.);
#9909 = EDGE_CURVE('',#9887,#9790,#9910,.T.);
#9910 = SURFACE_CURVE('',#9911,(#9915,#9922),.PCURVE_S1.);
#9911 = LINE('',#9912,#9913);
#9912 = CARTESIAN_POINT('',(480.,-696.7740981139,2.448242698006E+03));
#9913 = VECTOR('',#9914,1.);
#9914 = DIRECTION('',(0.,-0.984807753012,0.173648177667));
#9915 = PCURVE('',#8923,#9916);
#9916 = DEFINITIONAL_REPRESENTATION('',(#9917),#9921);
#9917 = LINE('',#9918,#9919);
#9918 = CARTESIAN_POINT('',(39.,-23.));
#9919 = VECTOR('',#9920,1.);
#9920 = DIRECTION('',(0.,1.));
#9921 = ( GEOMETRIC_REPRESENTATION_CONTEXT(2) 
PARAMETRIC_REPRESENTATION_CONTEXT() REPRESENTATION_CONTEXT('2D SPACE',''
  ) );
#9922 = PCURVE('',#9774,#9923);
#9923 = DEFINITIONAL_REPRESENTATION('',(#9924),#9928);
#9924 = LINE('',#9925,#9926);
#9925 = CARTESIAN_POINT('',(40.,23.));
#9926 = VECTOR('',#9927,1.);
#9927 = DIRECTION('',(0.,-1.));
#9928 = ( GEOMETRIC_REPRESENTATION_CONTEXT(2) 
PARAMETRIC_REPRESENTATION_CONTEXT() REPRESENTATION_CONTEXT('2D SPACE',''
  ) );
#9929 = ADVANCED_FACE('',(#9930),#8895,.T.);
#9930 = FACE_BOUND('',#9931,.T.);
#9931 = EDGE_LOOP('',(#9932,#9933,#9934,#9935));
#9932 = ORIENTED_EDGE('',*,*,#9840,.F.);
#9933 = ORIENTED_EDGE('',*,*,#8879,.F.);
#9934 = ORIENTED_EDGE('',*,*,#9681,.T.);
#9935 = ORIENTED_EDGE('',*,*,#9936,.T.);
#9936 = EDGE_CURVE('',#9682,#9841,#9937,.T.);
#9937 = SURFACE_CURVE('',#9938,(#9942,#9948),.PCURVE_S1.);
#9938 = LINE('',#9939,#9940);
#9939 = CARTESIAN_POINT('',(440.,-705.3471528487,2.445692652415E+03));
#9940 = VECTOR('',#9941,1.);
#9941 = DIRECTION('',(1.,0.,-0.));
#9942 = PCURVE('',#8895,#9943);
#9943 = DEFINITIONAL_REPRESENTATION('',(#9944),#9947);
#9944 = B_SPLINE_CURVE_WITH_KNOTS('',1,(#9945,#9946),.UNSPECIFIED.,.F.,
  .F.,(2,2),(0.,40.),.PIECEWISE_BEZIER_KNOTS.);
#9945 = CARTESIAN_POINT('',(35.,0.));
#9946 = CARTESIAN_POINT('',(35.,40.));
#9947 = ( GEOMETRIC_REPRESENTATION_CONTEXT(2) 
PARAMETRIC_REPRESENTATION_CONTEXT() REPRESENTATION_CONTEXT('2D SPACE',''
  ) );
#9948 = PCURVE('',#9720,#9949);
#9949 = DEFINITIONAL_REPRESENTATION('',(#9950),#9953);
#9950 = B_SPLINE_CURVE_WITH_KNOTS('',1,(#9951,#9952),.UNSPECIFIED.,.F.,
  .F.,(2,2),(0.,40.),.PIECEWISE_BEZIER_KNOTS.);
#9951 = CARTESIAN_POINT('',(0.,15.));
#9952 = CARTESIAN_POINT('',(40.,15.));
#9953 = ( GEOMETRIC_REPRESENTATION_CONTEXT(2) 
PARAMETRIC_REPRESENTATION_CONTEXT() REPRESENTATION_CONTEXT('2D SPACE',''
  ) );
#9954 = ADVANCED_FACE('',(#9955),#8981,.F.);
#9955 = FACE_BOUND('',#9956,.F.);
#9956 = EDGE_LOOP('',(#9957,#9980,#9981,#10004,#10032,#10060));
#9957 = ORIENTED_EDGE('',*,*,#9958,.F.);
#9958 = EDGE_CURVE('',#8964,#9959,#9961,.T.);
#9959 = VERTEX_POINT('',#9960);
#9960 = CARTESIAN_POINT('',(440.,411.42483906709,2.248775618941E+03));
#9961 = SURFACE_CURVE('',#9962,(#9966,#9973),.PCURVE_S1.);
#9962 = LINE('',#9963,#9964);
#9963 = CARTESIAN_POINT('',(440.,405.34715284875,2.214307347585E+03));
#9964 = VECTOR('',#9965,1.);
#9965 = DIRECTION('',(0.,0.173648177667,0.984807753012));
#9966 = PCURVE('',#8981,#9967);
#9967 = DEFINITIONAL_REPRESENTATION('',(#9968),#9972);
#9968 = LINE('',#9969,#9970);
#9969 = CARTESIAN_POINT('',(0.,0.));
#9970 = VECTOR('',#9971,1.);
#9971 = DIRECTION('',(1.,0.));
#9972 = ( GEOMETRIC_REPRESENTATION_CONTEXT(2) 
PARAMETRIC_REPRESENTATION_CONTEXT() REPRESENTATION_CONTEXT('2D SPACE',''
  ) );
#9973 = PCURVE('',#9063,#9974);
#9974 = DEFINITIONAL_REPRESENTATION('',(#9975),#9979);
#9975 = LINE('',#9976,#9977);
#9976 = CARTESIAN_POINT('',(0.,0.));
#9977 = VECTOR('',#9978,1.);
#9978 = DIRECTION('',(1.,0.));
#9979 = ( GEOMETRIC_REPRESENTATION_CONTEXT(2) 
PARAMETRIC_REPRESENTATION_CONTEXT() REPRESENTATION_CONTEXT('2D SPACE',''
  ) );
#9980 = ORIENTED_EDGE('',*,*,#8963,.T.);
#9981 = ORIENTED_EDGE('',*,*,#9982,.F.);
#9982 = EDGE_CURVE('',#9983,#8966,#9985,.T.);
#9983 = VERTEX_POINT('',#9984);
#9984 = CARTESIAN_POINT('',(440.,426.89154807294,2.250110127288E+03));
#9985 = SURFACE_CURVE('',#9986,(#9990,#9997),.PCURVE_S1.);
#9986 = LINE('',#9987,#9988);
#9987 = CARTESIAN_POINT('',(440.,426.89154807294,2.250110127288E+03));
#9988 = VECTOR('',#9989,1.);
#9989 = DIRECTION('',(0.,-0.173648177667,-0.984807753012));
#9990 = PCURVE('',#8981,#9991);
#9991 = DEFINITIONAL_REPRESENTATION('',(#9992),#9996);
#9992 = LINE('',#9993,#9994);
#9993 = CARTESIAN_POINT('',(39.,-15.));
#9994 = VECTOR('',#9995,1.);
#9995 = DIRECTION('',(-1.,0.));
#9996 = ( GEOMETRIC_REPRESENTATION_CONTEXT(2) 
PARAMETRIC_REPRESENTATION_CONTEXT() REPRESENTATION_CONTEXT('2D SPACE',''
  ) );
#9997 = PCURVE('',#9009,#9998);
#9998 = DEFINITIONAL_REPRESENTATION('',(#9999),#10003);
#9999 = LINE('',#10000,#10001);
#10000 = CARTESIAN_POINT('',(39.,0.));
#10001 = VECTOR('',#10002,1.);
#10002 = DIRECTION('',(-1.,0.));
#10003 = ( GEOMETRIC_REPRESENTATION_CONTEXT(2) 
PARAMETRIC_REPRESENTATION_CONTEXT() REPRESENTATION_CONTEXT('2D SPACE',''
  ) );
#10004 = ORIENTED_EDGE('',*,*,#10005,.F.);
#10005 = EDGE_CURVE('',#10006,#9983,#10008,.T.);
#10006 = VERTEX_POINT('',#10007);
#10007 = CARTESIAN_POINT('',(440.,404.24096975366,2.254104035374E+03));
#10008 = SURFACE_CURVE('',#10009,(#10013,#10020),.PCURVE_S1.);
#10009 = LINE('',#10010,#10011);
#10010 = CARTESIAN_POINT('',(440.,404.24096975366,2.254104035374E+03));
#10011 = VECTOR('',#10012,1.);
#10012 = DIRECTION('',(0.,0.984807753012,-0.173648177667));
#10013 = PCURVE('',#8981,#10014);
#10014 = DEFINITIONAL_REPRESENTATION('',(#10015),#10019);
#10015 = LINE('',#10016,#10017);
#10016 = CARTESIAN_POINT('',(39.,8.));
#10017 = VECTOR('',#10018,1.);
#10018 = DIRECTION('',(0.,-1.));
#10019 = ( GEOMETRIC_REPRESENTATION_CONTEXT(2) 
PARAMETRIC_REPRESENTATION_CONTEXT() REPRESENTATION_CONTEXT('2D SPACE',''
  ) );
#10020 = PCURVE('',#10021,#10026);
#10021 = PLANE('',#10022);
#10022 = AXIS2_PLACEMENT_3D('',#10023,#10024,#10025);
#10023 = CARTESIAN_POINT('',(440.,412.11943177776,2.252714849953E+03));
#10024 = DIRECTION('',(0.,0.173648177667,0.984807753012));
#10025 = DIRECTION('',(1.,0.,-0.));
#10026 = DEFINITIONAL_REPRESENTATION('',(#10027),#10031);
#10027 = LINE('',#10028,#10029);
#10028 = CARTESIAN_POINT('',(0.,-8.));
#10029 = VECTOR('',#10030,1.);
#10030 = DIRECTION('',(0.,1.));
#10031 = ( GEOMETRIC_REPRESENTATION_CONTEXT(2) 
PARAMETRIC_REPRESENTATION_CONTEXT() REPRESENTATION_CONTEXT('2D SPACE',''
  ) );
#10032 = ORIENTED_EDGE('',*,*,#10033,.F.);
#10033 = EDGE_CURVE('',#10034,#10006,#10036,.T.);
#10034 = VERTEX_POINT('',#10035);
#10035 = CARTESIAN_POINT('',(440.,403.54637704299,2.250164804362E+03));
#10036 = SURFACE_CURVE('',#10037,(#10041,#10048),.PCURVE_S1.);
#10037 = LINE('',#10038,#10039);
#10038 = CARTESIAN_POINT('',(440.,403.54637704299,2.250164804362E+03));
#10039 = VECTOR('',#10040,1.);
#10040 = DIRECTION('',(0.,0.173648177667,0.984807753012));
#10041 = PCURVE('',#8981,#10042);
#10042 = DEFINITIONAL_REPRESENTATION('',(#10043),#10047);
#10043 = LINE('',#10044,#10045);
#10044 = CARTESIAN_POINT('',(35.,8.));
#10045 = VECTOR('',#10046,1.);
#10046 = DIRECTION('',(1.,0.));
#10047 = ( GEOMETRIC_REPRESENTATION_CONTEXT(2) 
PARAMETRIC_REPRESENTATION_CONTEXT() REPRESENTATION_CONTEXT('2D SPACE',''
  ) );
#10048 = PCURVE('',#10049,#10054);
#10049 = PLANE('',#10050);
#10050 = AXIS2_PLACEMENT_3D('',#10051,#10052,#10053);
#10051 = CARTESIAN_POINT('',(440.,403.54637704299,2.250164804362E+03));
#10052 = DIRECTION('',(0.,0.984807753012,-0.173648177667));
#10053 = DIRECTION('',(0.,0.173648177667,0.984807753012));
#10054 = DEFINITIONAL_REPRESENTATION('',(#10055),#10059);
#10055 = LINE('',#10056,#10057);
#10056 = CARTESIAN_POINT('',(0.,0.));
#10057 = VECTOR('',#10058,1.);
#10058 = DIRECTION('',(1.,0.));
#10059 = ( GEOMETRIC_REPRESENTATION_CONTEXT(2) 
PARAMETRIC_REPRESENTATION_CONTEXT() REPRESENTATION_CONTEXT('2D SPACE',''
  ) );
#10060 = ORIENTED_EDGE('',*,*,#10061,.T.);
#10061 = EDGE_CURVE('',#10034,#9959,#10062,.T.);
#10062 = SURFACE_CURVE('',#10063,(#10067,#10074),.PCURVE_S1.);
#10063 = LINE('',#10064,#10065);
#10064 = CARTESIAN_POINT('',(440.,403.54637704299,2.250164804362E+03));
#10065 = VECTOR('',#10066,1.);
#10066 = DIRECTION('',(0.,0.984807753012,-0.173648177667));
#10067 = PCURVE('',#8981,#10068);
#10068 = DEFINITIONAL_REPRESENTATION('',(#10069),#10073);
#10069 = LINE('',#10070,#10071);
#10070 = CARTESIAN_POINT('',(35.,8.));
#10071 = VECTOR('',#10072,1.);
#10072 = DIRECTION('',(0.,-1.));
#10073 = ( GEOMETRIC_REPRESENTATION_CONTEXT(2) 
PARAMETRIC_REPRESENTATION_CONTEXT() REPRESENTATION_CONTEXT('2D SPACE',''
  ) );
#10074 = PCURVE('',#10075,#10080);
#10075 = PLANE('',#10076);
#10076 = AXIS2_PLACEMENT_3D('',#10077,#10078,#10079);
#10077 = CARTESIAN_POINT('',(440.,403.54637704299,2.250164804362E+03));
#10078 = DIRECTION('',(0.,0.173648177667,0.984807753012));
#10079 = DIRECTION('',(1.,0.,-0.));
#10080 = DEFINITIONAL_REPRESENTATION('',(#10081),#10085);
#10081 = LINE('',#10082,#10083);
#10082 = CARTESIAN_POINT('',(0.,0.));
#10083 = VECTOR('',#10084,1.);
#10084 = DIRECTION('',(0.,1.));
#10085 = ( GEOMETRIC_REPRESENTATION_CONTEXT(2) 
PARAMETRIC_REPRESENTATION_CONTEXT() REPRESENTATION_CONTEXT('2D SPACE',''
  ) );
#10086 = ADVANCED_FACE('',(#10087),#9063,.F.);
#10087 = FACE_BOUND('',#10088,.F.);
#10088 = EDGE_LOOP('',(#10089,#10112,#10113,#10114));
#10089 = ORIENTED_EDGE('',*,*,#10090,.F.);
#10090 = EDGE_CURVE('',#9022,#10091,#10093,.T.);
#10091 = VERTEX_POINT('',#10092);
#10092 = CARTESIAN_POINT('',(480.,411.42483906709,2.248775618941E+03));
#10093 = SURFACE_CURVE('',#10094,(#10098,#10105),.PCURVE_S1.);
#10094 = LINE('',#10095,#10096);
#10095 = CARTESIAN_POINT('',(480.,405.34715284875,2.214307347585E+03));
#10096 = VECTOR('',#10097,1.);
#10097 = DIRECTION('',(0.,0.173648177667,0.984807753012));
#10098 = PCURVE('',#9063,#10099);
#10099 = DEFINITIONAL_REPRESENTATION('',(#10100),#10104);
#10100 = LINE('',#10101,#10102);
#10101 = CARTESIAN_POINT('',(0.,40.));
#10102 = VECTOR('',#10103,1.);
#10103 = DIRECTION('',(1.,0.));
#10104 = ( GEOMETRIC_REPRESENTATION_CONTEXT(2) 
PARAMETRIC_REPRESENTATION_CONTEXT() REPRESENTATION_CONTEXT('2D SPACE',''
  ) );
#10105 = PCURVE('',#9037,#10106);
#10106 = DEFINITIONAL_REPRESENTATION('',(#10107),#10111);
#10107 = LINE('',#10108,#10109);
#10108 = CARTESIAN_POINT('',(0.,0.));
#10109 = VECTOR('',#10110,1.);
#10110 = DIRECTION('',(1.,0.));
#10111 = ( GEOMETRIC_REPRESENTATION_CONTEXT(2) 
PARAMETRIC_REPRESENTATION_CONTEXT() REPRESENTATION_CONTEXT('2D SPACE',''
  ) );
#10112 = ORIENTED_EDGE('',*,*,#9049,.F.);
#10113 = ORIENTED_EDGE('',*,*,#9958,.T.);
#10114 = ORIENTED_EDGE('',*,*,#10115,.T.);
#10115 = EDGE_CURVE('',#9959,#10091,#10116,.T.);
#10116 = SURFACE_CURVE('',#10117,(#10121,#10127),.PCURVE_S1.);
#10117 = LINE('',#10118,#10119);
#10118 = CARTESIAN_POINT('',(440.,411.42483906709,2.248775618941E+03));
#10119 = VECTOR('',#10120,1.);
#10120 = DIRECTION('',(1.,0.,-0.));
#10121 = PCURVE('',#9063,#10122);
#10122 = DEFINITIONAL_REPRESENTATION('',(#10123),#10126);
#10123 = B_SPLINE_CURVE_WITH_KNOTS('',1,(#10124,#10125),.UNSPECIFIED.,
  .F.,.F.,(2,2),(0.,40.),.PIECEWISE_BEZIER_KNOTS.);
#10124 = CARTESIAN_POINT('',(35.,0.));
#10125 = CARTESIAN_POINT('',(35.,40.));
#10126 = ( GEOMETRIC_REPRESENTATION_CONTEXT(2) 
PARAMETRIC_REPRESENTATION_CONTEXT() REPRESENTATION_CONTEXT('2D SPACE',''
  ) );
#10127 = PCURVE('',#10075,#10128);
#10128 = DEFINITIONAL_REPRESENTATION('',(#10129),#10132);
#10129 = B_SPLINE_CURVE_WITH_KNOTS('',1,(#10130,#10131),.UNSPECIFIED.,
  .F.,.F.,(2,2),(0.,40.),.PIECEWISE_BEZIER_KNOTS.);
#10130 = CARTESIAN_POINT('',(0.,8.));
#10131 = CARTESIAN_POINT('',(40.,8.));
#10132 = ( GEOMETRIC_REPRESENTATION_CONTEXT(2) 
PARAMETRIC_REPRESENTATION_CONTEXT() REPRESENTATION_CONTEXT('2D SPACE',''
  ) );
#10133 = ADVANCED_FACE('',(#10134),#9037,.T.);
#10134 = FACE_BOUND('',#10135,.T.);
#10135 = EDGE_LOOP('',(#10136,#10137,#10138,#10161,#10184,#10207));
#10136 = ORIENTED_EDGE('',*,*,#10090,.F.);
#10137 = ORIENTED_EDGE('',*,*,#9021,.T.);
#10138 = ORIENTED_EDGE('',*,*,#10139,.F.);
#10139 = EDGE_CURVE('',#10140,#8994,#10142,.T.);
#10140 = VERTEX_POINT('',#10141);
#10141 = CARTESIAN_POINT('',(480.,426.89154807294,2.250110127288E+03));
#10142 = SURFACE_CURVE('',#10143,(#10147,#10154),.PCURVE_S1.);
#10143 = LINE('',#10144,#10145);
#10144 = CARTESIAN_POINT('',(480.,426.89154807294,2.250110127288E+03));
#10145 = VECTOR('',#10146,1.);
#10146 = DIRECTION('',(0.,-0.173648177667,-0.984807753012));
#10147 = PCURVE('',#9037,#10148);
#10148 = DEFINITIONAL_REPRESENTATION('',(#10149),#10153);
#10149 = LINE('',#10150,#10151);
#10150 = CARTESIAN_POINT('',(39.,-15.));
#10151 = VECTOR('',#10152,1.);
#10152 = DIRECTION('',(-1.,0.));
#10153 = ( GEOMETRIC_REPRESENTATION_CONTEXT(2) 
PARAMETRIC_REPRESENTATION_CONTEXT() REPRESENTATION_CONTEXT('2D SPACE',''
  ) );
#10154 = PCURVE('',#9009,#10155);
#10155 = DEFINITIONAL_REPRESENTATION('',(#10156),#10160);
#10156 = LINE('',#10157,#10158);
#10157 = CARTESIAN_POINT('',(39.,40.));
#10158 = VECTOR('',#10159,1.);
#10159 = DIRECTION('',(-1.,0.));
#10160 = ( GEOMETRIC_REPRESENTATION_CONTEXT(2) 
PARAMETRIC_REPRESENTATION_CONTEXT() REPRESENTATION_CONTEXT('2D SPACE',''
  ) );
#10161 = ORIENTED_EDGE('',*,*,#10162,.T.);
#10162 = EDGE_CURVE('',#10140,#10163,#10165,.T.);
#10163 = VERTEX_POINT('',#10164);
#10164 = CARTESIAN_POINT('',(480.,404.24096975366,2.254104035374E+03));
#10165 = SURFACE_CURVE('',#10166,(#10170,#10177),.PCURVE_S1.);
#10166 = LINE('',#10167,#10168);
#10167 = CARTESIAN_POINT('',(480.,426.89154807294,2.250110127288E+03));
#10168 = VECTOR('',#10169,1.);
#10169 = DIRECTION('',(0.,-0.984807753012,0.173648177667));
#10170 = PCURVE('',#9037,#10171);
#10171 = DEFINITIONAL_REPRESENTATION('',(#10172),#10176);
#10172 = LINE('',#10173,#10174);
#10173 = CARTESIAN_POINT('',(39.,-15.));
#10174 = VECTOR('',#10175,1.);
#10175 = DIRECTION('',(0.,1.));
#10176 = ( GEOMETRIC_REPRESENTATION_CONTEXT(2) 
PARAMETRIC_REPRESENTATION_CONTEXT() REPRESENTATION_CONTEXT('2D SPACE',''
  ) );
#10177 = PCURVE('',#10021,#10178);
#10178 = DEFINITIONAL_REPRESENTATION('',(#10179),#10183);
#10179 = LINE('',#10180,#10181);
#10180 = CARTESIAN_POINT('',(40.,15.));
#10181 = VECTOR('',#10182,1.);
#10182 = DIRECTION('',(0.,-1.));
#10183 = ( GEOMETRIC_REPRESENTATION_CONTEXT(2) 
PARAMETRIC_REPRESENTATION_CONTEXT() REPRESENTATION_CONTEXT('2D SPACE',''
  ) );
#10184 = ORIENTED_EDGE('',*,*,#10185,.F.);
#10185 = EDGE_CURVE('',#10186,#10163,#10188,.T.);
#10186 = VERTEX_POINT('',#10187);
#10187 = CARTESIAN_POINT('',(480.,403.54637704299,2.250164804362E+03));
#10188 = SURFACE_CURVE('',#10189,(#10193,#10200),.PCURVE_S1.);
#10189 = LINE('',#10190,#10191);
#10190 = CARTESIAN_POINT('',(480.,403.54637704299,2.250164804362E+03));
#10191 = VECTOR('',#10192,1.);
#10192 = DIRECTION('',(0.,0.173648177667,0.984807753012));
#10193 = PCURVE('',#9037,#10194);
#10194 = DEFINITIONAL_REPRESENTATION('',(#10195),#10199);
#10195 = LINE('',#10196,#10197);
#10196 = CARTESIAN_POINT('',(35.,8.));
#10197 = VECTOR('',#10198,1.);
#10198 = DIRECTION('',(1.,0.));
#10199 = ( GEOMETRIC_REPRESENTATION_CONTEXT(2) 
PARAMETRIC_REPRESENTATION_CONTEXT() REPRESENTATION_CONTEXT('2D SPACE',''
  ) );
#10200 = PCURVE('',#10049,#10201);
#10201 = DEFINITIONAL_REPRESENTATION('',(#10202),#10206);
#10202 = LINE('',#10203,#10204);
#10203 = CARTESIAN_POINT('',(0.,40.));
#10204 = VECTOR('',#10205,1.);
#10205 = DIRECTION('',(1.,0.));
#10206 = ( GEOMETRIC_REPRESENTATION_CONTEXT(2) 
PARAMETRIC_REPRESENTATION_CONTEXT() REPRESENTATION_CONTEXT('2D SPACE',''
  ) );
#10207 = ORIENTED_EDGE('',*,*,#10208,.T.);
#10208 = EDGE_CURVE('',#10186,#10091,#10209,.T.);
#10209 = SURFACE_CURVE('',#10210,(#10214,#10221),.PCURVE_S1.);
#10210 = LINE('',#10211,#10212);
#10211 = CARTESIAN_POINT('',(480.,403.54637704299,2.250164804362E+03));
#10212 = VECTOR('',#10213,1.);
#10213 = DIRECTION('',(0.,0.984807753012,-0.173648177667));
#10214 = PCURVE('',#9037,#10215);
#10215 = DEFINITIONAL_REPRESENTATION('',(#10216),#10220);
#10216 = LINE('',#10217,#10218);
#10217 = CARTESIAN_POINT('',(35.,8.));
#10218 = VECTOR('',#10219,1.);
#10219 = DIRECTION('',(0.,-1.));
#10220 = ( GEOMETRIC_REPRESENTATION_CONTEXT(2) 
PARAMETRIC_REPRESENTATION_CONTEXT() REPRESENTATION_CONTEXT('2D SPACE',''
  ) );
#10221 = PCURVE('',#10075,#10222);
#10222 = DEFINITIONAL_REPRESENTATION('',(#10223),#10227);
#10223 = LINE('',#10224,#10225);
#10224 = CARTESIAN_POINT('',(40.,0.));
#10225 = VECTOR('',#10226,1.);
#10226 = DIRECTION('',(0.,1.));
#10227 = ( GEOMETRIC_REPRESENTATION_CONTEXT(2) 
PARAMETRIC_REPRESENTATION_CONTEXT() REPRESENTATION_CONTEXT('2D SPACE',''
  ) );
#10228 = ADVANCED_FACE('',(#10229),#9009,.T.);
#10229 = FACE_BOUND('',#10230,.T.);
#10230 = EDGE_LOOP('',(#10231,#10232,#10233,#10254));
#10231 = ORIENTED_EDGE('',*,*,#8993,.F.);
#10232 = ORIENTED_EDGE('',*,*,#9982,.F.);
#10233 = ORIENTED_EDGE('',*,*,#10234,.T.);
#10234 = EDGE_CURVE('',#9983,#10140,#10235,.T.);
#10235 = SURFACE_CURVE('',#10236,(#10240,#10247),.PCURVE_S1.);
#10236 = LINE('',#10237,#10238);
#10237 = CARTESIAN_POINT('',(440.,426.89154807294,2.250110127288E+03));
#10238 = VECTOR('',#10239,1.);
#10239 = DIRECTION('',(1.,0.,-0.));
#10240 = PCURVE('',#9009,#10241);
#10241 = DEFINITIONAL_REPRESENTATION('',(#10242),#10246);
#10242 = LINE('',#10243,#10244);
#10243 = CARTESIAN_POINT('',(39.,0.));
#10244 = VECTOR('',#10245,1.);
#10245 = DIRECTION('',(0.,1.));
#10246 = ( GEOMETRIC_REPRESENTATION_CONTEXT(2) 
PARAMETRIC_REPRESENTATION_CONTEXT() REPRESENTATION_CONTEXT('2D SPACE',''
  ) );
#10247 = PCURVE('',#10021,#10248);
#10248 = DEFINITIONAL_REPRESENTATION('',(#10249),#10253);
#10249 = LINE('',#10250,#10251);
#10250 = CARTESIAN_POINT('',(0.,15.));
#10251 = VECTOR('',#10252,1.);
#10252 = DIRECTION('',(1.,0.));
#10253 = ( GEOMETRIC_REPRESENTATION_CONTEXT(2) 
PARAMETRIC_REPRESENTATION_CONTEXT() REPRESENTATION_CONTEXT('2D SPACE',''
  ) );
#10254 = ORIENTED_EDGE('',*,*,#10139,.T.);
#10255 = ADVANCED_FACE('',(#10256),#9234,.T.);
#10256 = FACE_BOUND('',#10257,.T.);
#10257 = EDGE_LOOP('',(#10258));
#10258 = ORIENTED_EDGE('',*,*,#9217,.T.);
#10259 = ADVANCED_FACE('',(#10260,#10263),#9289,.F.);
#10260 = FACE_BOUND('',#10261,.F.);
#10261 = EDGE_LOOP('',(#10262));
#10262 = ORIENTED_EDGE('',*,*,#9272,.T.);
#10263 = FACE_BOUND('',#10264,.F.);
#10264 = EDGE_LOOP('',(#10265));
#10265 = ORIENTED_EDGE('',*,*,#10266,.F.);
#10266 = EDGE_CURVE('',#10267,#10267,#10269,.T.);
#10267 = VERTEX_POINT('',#10268);
#10268 = CARTESIAN_POINT('',(465.,-235.,1.508E+03));
#10269 = SURFACE_CURVE('',#10270,(#10275,#10282),.PCURVE_S1.);
#10270 = CIRCLE('',#10271,5.);
#10271 = AXIS2_PLACEMENT_3D('',#10272,#10273,#10274);
#10272 = CARTESIAN_POINT('',(460.,-235.,1.508E+03));
#10273 = DIRECTION('',(0.,0.,1.));
#10274 = DIRECTION('',(1.,0.,-0.));
#10275 = PCURVE('',#9289,#10276);
#10276 = DEFINITIONAL_REPRESENTATION('',(#10277),#10281);
#10277 = CIRCLE('',#10278,5.);
#10278 = AXIS2_PLACEMENT_2D('',#10279,#10280);
#10279 = CARTESIAN_POINT('',(0.,0.));
#10280 = DIRECTION('',(1.,0.));
#10281 = ( GEOMETRIC_REPRESENTATION_CONTEXT(2) 
PARAMETRIC_REPRESENTATION_CONTEXT() REPRESENTATION_CONTEXT('2D SPACE',''
  ) );
#10282 = PCURVE('',#10283,#10288);
#10283 = CYLINDRICAL_SURFACE('',#10284,5.);
#10284 = AXIS2_PLACEMENT_3D('',#10285,#10286,#10287);
#10285 = CARTESIAN_POINT('',(460.,-235.,1.4845E+03));
#10286 = DIRECTION('',(0.,0.,1.));
#10287 = DIRECTION('',(1.,0.,-0.));
#10288 = DEFINITIONAL_REPRESENTATION('',(#10289),#10293);
#10289 = LINE('',#10290,#10291);
#10290 = CARTESIAN_POINT('',(0.,23.5));
#10291 = VECTOR('',#10292,1.);
#10292 = DIRECTION('',(1.,0.));
#10293 = ( GEOMETRIC_REPRESENTATION_CONTEXT(2) 
PARAMETRIC_REPRESENTATION_CONTEXT() REPRESENTATION_CONTEXT('2D SPACE',''
  ) );
#10294 = ADVANCED_FACE('',(#10295,#10298),#9344,.F.);
#10295 = FACE_BOUND('',#10296,.F.);
#10296 = EDGE_LOOP('',(#10297));
#10297 = ORIENTED_EDGE('',*,*,#9327,.T.);
#10298 = FACE_BOUND('',#10299,.F.);
#10299 = EDGE_LOOP('',(#10300));
#10300 = ORIENTED_EDGE('',*,*,#10301,.F.);
#10301 = EDGE_CURVE('',#10302,#10302,#10304,.T.);
#10302 = VERTEX_POINT('',#10303);
#10303 = CARTESIAN_POINT('',(465.,-165.,1.508E+03));
#10304 = SURFACE_CURVE('',#10305,(#10310,#10317),.PCURVE_S1.);
#10305 = CIRCLE('',#10306,5.);
#10306 = AXIS2_PLACEMENT_3D('',#10307,#10308,#10309);
#10307 = CARTESIAN_POINT('',(460.,-165.,1.508E+03));
#10308 = DIRECTION('',(0.,0.,1.));
#10309 = DIRECTION('',(1.,0.,-0.));
#10310 = PCURVE('',#9344,#10311);
#10311 = DEFINITIONAL_REPRESENTATION('',(#10312),#10316);
#10312 = CIRCLE('',#10313,5.);
#10313 = AXIS2_PLACEMENT_2D('',#10314,#10315);
#10314 = CARTESIAN_POINT('',(0.,0.));
#10315 = DIRECTION('',(1.,0.));
#10316 = ( GEOMETRIC_REPRESENTATION_CONTEXT(2) 
PARAMETRIC_REPRESENTATION_CONTEXT() REPRESENTATION_CONTEXT('2D SPACE',''
  ) );
#10317 = PCURVE('',#10318,#10323);
#10318 = CYLINDRICAL_SURFACE('',#10319,5.);
#10319 = AXIS2_PLACEMENT_3D('',#10320,#10321,#10322);
#10320 = CARTESIAN_POINT('',(460.,-165.,1.4845E+03));
#10321 = DIRECTION('',(0.,0.,1.));
#10322 = DIRECTION('',(1.,0.,-0.));
#10323 = DEFINITIONAL_REPRESENTATION('',(#10324),#10328);
#10324 = LINE('',#10325,#10326);
#10325 = CARTESIAN_POINT('',(0.,23.5));
#10326 = VECTOR('',#10327,1.);
#10327 = DIRECTION('',(1.,0.));
#10328 = ( GEOMETRIC_REPRESENTATION_CONTEXT(2) 
PARAMETRIC_REPRESENTATION_CONTEXT() REPRESENTATION_CONTEXT('2D SPACE',''
  ) );
#10329 = ADVANCED_FACE('',(#10330),#9399,.T.);
#10330 = FACE_BOUND('',#10331,.T.);
#10331 = EDGE_LOOP('',(#10332));
#10332 = ORIENTED_EDGE('',*,*,#9382,.T.);
#10333 = ADVANCED_FACE('',(#10334),#9454,.T.);
#10334 = FACE_BOUND('',#10335,.T.);
#10335 = EDGE_LOOP('',(#10336));
#10336 = ORIENTED_EDGE('',*,*,#9437,.T.);
#10337 = ADVANCED_FACE('',(#10338,#10341),#9509,.F.);
#10338 = FACE_BOUND('',#10339,.F.);
#10339 = EDGE_LOOP('',(#10340));
#10340 = ORIENTED_EDGE('',*,*,#9492,.T.);
#10341 = FACE_BOUND('',#10342,.F.);
#10342 = EDGE_LOOP('',(#10343));
#10343 = ORIENTED_EDGE('',*,*,#10344,.F.);
#10344 = EDGE_CURVE('',#10345,#10345,#10347,.T.);
#10345 = VERTEX_POINT('',#10346);
#10346 = CARTESIAN_POINT('',(465.,165.,1.508E+03));
#10347 = SURFACE_CURVE('',#10348,(#10353,#10360),.PCURVE_S1.);
#10348 = CIRCLE('',#10349,5.);
#10349 = AXIS2_PLACEMENT_3D('',#10350,#10351,#10352);
#10350 = CARTESIAN_POINT('',(460.,165.,1.508E+03));
#10351 = DIRECTION('',(0.,0.,1.));
#10352 = DIRECTION('',(1.,0.,-0.));
#10353 = PCURVE('',#9509,#10354);
#10354 = DEFINITIONAL_REPRESENTATION('',(#10355),#10359);
#10355 = CIRCLE('',#10356,5.);
#10356 = AXIS2_PLACEMENT_2D('',#10357,#10358);
#10357 = CARTESIAN_POINT('',(0.,0.));
#10358 = DIRECTION('',(1.,0.));
#10359 = ( GEOMETRIC_REPRESENTATION_CONTEXT(2) 
PARAMETRIC_REPRESENTATION_CONTEXT() REPRESENTATION_CONTEXT('2D SPACE',''
  ) );
#10360 = PCURVE('',#10361,#10366);
#10361 = CYLINDRICAL_SURFACE('',#10362,5.);
#10362 = AXIS2_PLACEMENT_3D('',#10363,#10364,#10365);
#10363 = CARTESIAN_POINT('',(460.,165.,1.4845E+03));
#10364 = DIRECTION('',(0.,0.,1.));
#10365 = DIRECTION('',(1.,0.,-0.));
#10366 = DEFINITIONAL_REPRESENTATION('',(#10367),#10371);
#10367 = LINE('',#10368,#10369);
#10368 = CARTESIAN_POINT('',(0.,23.5));
#10369 = VECTOR('',#10370,1.);
#10370 = DIRECTION('',(1.,0.));
#10371 = ( GEOMETRIC_REPRESENTATION_CONTEXT(2) 
PARAMETRIC_REPRESENTATION_CONTEXT() REPRESENTATION_CONTEXT('2D SPACE',''
  ) );
#10372 = ADVANCED_FACE('',(#10373,#10376),#9564,.F.);
#10373 = FACE_BOUND('',#10374,.F.);
#10374 = EDGE_LOOP('',(#10375));
#10375 = ORIENTED_EDGE('',*,*,#9547,.T.);
#10376 = FACE_BOUND('',#10377,.F.);
#10377 = EDGE_LOOP('',(#10378));
#10378 = ORIENTED_EDGE('',*,*,#10379,.F.);
#10379 = EDGE_CURVE('',#10380,#10380,#10382,.T.);
#10380 = VERTEX_POINT('',#10381);
#10381 = CARTESIAN_POINT('',(465.,235.,1.508E+03));
#10382 = SURFACE_CURVE('',#10383,(#10388,#10395),.PCURVE_S1.);
#10383 = CIRCLE('',#10384,5.);
#10384 = AXIS2_PLACEMENT_3D('',#10385,#10386,#10387);
#10385 = CARTESIAN_POINT('',(460.,235.,1.508E+03));
#10386 = DIRECTION('',(0.,0.,1.));
#10387 = DIRECTION('',(1.,0.,-0.));
#10388 = PCURVE('',#9564,#10389);
#10389 = DEFINITIONAL_REPRESENTATION('',(#10390),#10394);
#10390 = CIRCLE('',#10391,5.);
#10391 = AXIS2_PLACEMENT_2D('',#10392,#10393);
#10392 = CARTESIAN_POINT('',(0.,0.));
#10393 = DIRECTION('',(1.,0.));
#10394 = ( GEOMETRIC_REPRESENTATION_CONTEXT(2) 
PARAMETRIC_REPRESENTATION_CONTEXT() REPRESENTATION_CONTEXT('2D SPACE',''
  ) );
#10395 = PCURVE('',#10396,#10401);
#10396 = CYLINDRICAL_SURFACE('',#10397,5.);
#10397 = AXIS2_PLACEMENT_3D('',#10398,#10399,#10400);
#10398 = CARTESIAN_POINT('',(460.,235.,1.4845E+03));
#10399 = DIRECTION('',(0.,0.,1.));
#10400 = DIRECTION('',(1.,0.,-0.));
#10401 = DEFINITIONAL_REPRESENTATION('',(#10402),#10406);
#10402 = LINE('',#10403,#10404);
#10403 = CARTESIAN_POINT('',(0.,23.5));
#10404 = VECTOR('',#10405,1.);
#10405 = DIRECTION('',(1.,0.));
#10406 = ( GEOMETRIC_REPRESENTATION_CONTEXT(2) 
PARAMETRIC_REPRESENTATION_CONTEXT() REPRESENTATION_CONTEXT('2D SPACE',''
  ) );
#10407 = ADVANCED_FACE('',(#10408),#9619,.T.);
#10408 = FACE_BOUND('',#10409,.T.);
#10409 = EDGE_LOOP('',(#10410));
#10410 = ORIENTED_EDGE('',*,*,#9602,.T.);
#10411 = ADVANCED_FACE('',(#10412),#9720,.F.);
#10412 = FACE_BOUND('',#10413,.F.);
#10413 = EDGE_LOOP('',(#10414,#10415,#10416,#10417));
#10414 = ORIENTED_EDGE('',*,*,#9704,.F.);
#10415 = ORIENTED_EDGE('',*,*,#9936,.T.);
#10416 = ORIENTED_EDGE('',*,*,#9863,.T.);
#10417 = ORIENTED_EDGE('',*,*,#10418,.F.);
#10418 = EDGE_CURVE('',#9705,#9864,#10419,.T.);
#10419 = SURFACE_CURVE('',#10420,(#10424,#10431),.PCURVE_S1.);
#10420 = LINE('',#10421,#10422);
#10421 = CARTESIAN_POINT('',(440.,-697.4686908246,2.444303466994E+03));
#10422 = VECTOR('',#10423,1.);
#10423 = DIRECTION('',(1.,0.,-0.));
#10424 = PCURVE('',#9720,#10425);
#10425 = DEFINITIONAL_REPRESENTATION('',(#10426),#10430);
#10426 = LINE('',#10427,#10428);
#10427 = CARTESIAN_POINT('',(0.,23.));
#10428 = VECTOR('',#10429,1.);
#10429 = DIRECTION('',(1.,0.));
#10430 = ( GEOMETRIC_REPRESENTATION_CONTEXT(2) 
PARAMETRIC_REPRESENTATION_CONTEXT() REPRESENTATION_CONTEXT('2D SPACE',''
  ) );
#10431 = PCURVE('',#9748,#10432);
#10432 = DEFINITIONAL_REPRESENTATION('',(#10433),#10437);
#10433 = LINE('',#10434,#10435);
#10434 = CARTESIAN_POINT('',(0.,0.));
#10435 = VECTOR('',#10436,1.);
#10436 = DIRECTION('',(0.,1.));
#10437 = ( GEOMETRIC_REPRESENTATION_CONTEXT(2) 
PARAMETRIC_REPRESENTATION_CONTEXT() REPRESENTATION_CONTEXT('2D SPACE',''
  ) );
#10438 = ADVANCED_FACE('',(#10439),#9748,.T.);
#10439 = FACE_BOUND('',#10440,.T.);
#10440 = EDGE_LOOP('',(#10441,#10442,#10443,#10464));
#10441 = ORIENTED_EDGE('',*,*,#10418,.F.);
#10442 = ORIENTED_EDGE('',*,*,#9732,.T.);
#10443 = ORIENTED_EDGE('',*,*,#10444,.T.);
#10444 = EDGE_CURVE('',#9733,#9887,#10445,.T.);
#10445 = SURFACE_CURVE('',#10446,(#10450,#10457),.PCURVE_S1.);
#10446 = LINE('',#10447,#10448);
#10447 = CARTESIAN_POINT('',(440.,-696.7740981139,2.448242698006E+03));
#10448 = VECTOR('',#10449,1.);
#10449 = DIRECTION('',(1.,0.,-0.));
#10450 = PCURVE('',#9748,#10451);
#10451 = DEFINITIONAL_REPRESENTATION('',(#10452),#10456);
#10452 = LINE('',#10453,#10454);
#10453 = CARTESIAN_POINT('',(4.,0.));
#10454 = VECTOR('',#10455,1.);
#10455 = DIRECTION('',(0.,1.));
#10456 = ( GEOMETRIC_REPRESENTATION_CONTEXT(2) 
PARAMETRIC_REPRESENTATION_CONTEXT() REPRESENTATION_CONTEXT('2D SPACE',''
  ) );
#10457 = PCURVE('',#9774,#10458);
#10458 = DEFINITIONAL_REPRESENTATION('',(#10459),#10463);
#10459 = LINE('',#10460,#10461);
#10460 = CARTESIAN_POINT('',(0.,23.));
#10461 = VECTOR('',#10462,1.);
#10462 = DIRECTION('',(1.,0.));
#10463 = ( GEOMETRIC_REPRESENTATION_CONTEXT(2) 
PARAMETRIC_REPRESENTATION_CONTEXT() REPRESENTATION_CONTEXT('2D SPACE',''
  ) );
#10464 = ORIENTED_EDGE('',*,*,#9886,.F.);
#10465 = ADVANCED_FACE('',(#10466),#9774,.T.);
#10466 = FACE_BOUND('',#10467,.T.);
#10467 = EDGE_LOOP('',(#10468,#10469,#10470,#10471));
#10468 = ORIENTED_EDGE('',*,*,#9760,.F.);
#10469 = ORIENTED_EDGE('',*,*,#9814,.T.);
#10470 = ORIENTED_EDGE('',*,*,#9909,.F.);
#10471 = ORIENTED_EDGE('',*,*,#10444,.F.);
#10472 = ADVANCED_FACE('',(#10473),#10021,.T.);
#10473 = FACE_BOUND('',#10474,.T.);
#10474 = EDGE_LOOP('',(#10475,#10476,#10497,#10498));
#10475 = ORIENTED_EDGE('',*,*,#10005,.F.);
#10476 = ORIENTED_EDGE('',*,*,#10477,.T.);
#10477 = EDGE_CURVE('',#10006,#10163,#10478,.T.);
#10478 = SURFACE_CURVE('',#10479,(#10483,#10490),.PCURVE_S1.);
#10479 = LINE('',#10480,#10481);
#10480 = CARTESIAN_POINT('',(440.,404.24096975366,2.254104035374E+03));
#10481 = VECTOR('',#10482,1.);
#10482 = DIRECTION('',(1.,0.,-0.));
#10483 = PCURVE('',#10021,#10484);
#10484 = DEFINITIONAL_REPRESENTATION('',(#10485),#10489);
#10485 = LINE('',#10486,#10487);
#10486 = CARTESIAN_POINT('',(0.,-8.));
#10487 = VECTOR('',#10488,1.);
#10488 = DIRECTION('',(1.,0.));
#10489 = ( GEOMETRIC_REPRESENTATION_CONTEXT(2) 
PARAMETRIC_REPRESENTATION_CONTEXT() REPRESENTATION_CONTEXT('2D SPACE',''
  ) );
#10490 = PCURVE('',#10049,#10491);
#10491 = DEFINITIONAL_REPRESENTATION('',(#10492),#10496);
#10492 = LINE('',#10493,#10494);
#10493 = CARTESIAN_POINT('',(4.,0.));
#10494 = VECTOR('',#10495,1.);
#10495 = DIRECTION('',(0.,1.));
#10496 = ( GEOMETRIC_REPRESENTATION_CONTEXT(2) 
PARAMETRIC_REPRESENTATION_CONTEXT() REPRESENTATION_CONTEXT('2D SPACE',''
  ) );
#10497 = ORIENTED_EDGE('',*,*,#10162,.F.);
#10498 = ORIENTED_EDGE('',*,*,#10234,.F.);
#10499 = ADVANCED_FACE('',(#10500),#10049,.F.);
#10500 = FACE_BOUND('',#10501,.F.);
#10501 = EDGE_LOOP('',(#10502,#10523,#10524,#10525));
#10502 = ORIENTED_EDGE('',*,*,#10503,.F.);
#10503 = EDGE_CURVE('',#10034,#10186,#10504,.T.);
#10504 = SURFACE_CURVE('',#10505,(#10509,#10516),.PCURVE_S1.);
#10505 = LINE('',#10506,#10507);
#10506 = CARTESIAN_POINT('',(440.,403.54637704299,2.250164804362E+03));
#10507 = VECTOR('',#10508,1.);
#10508 = DIRECTION('',(1.,0.,-0.));
#10509 = PCURVE('',#10049,#10510);
#10510 = DEFINITIONAL_REPRESENTATION('',(#10511),#10515);
#10511 = LINE('',#10512,#10513);
#10512 = CARTESIAN_POINT('',(0.,0.));
#10513 = VECTOR('',#10514,1.);
#10514 = DIRECTION('',(0.,1.));
#10515 = ( GEOMETRIC_REPRESENTATION_CONTEXT(2) 
PARAMETRIC_REPRESENTATION_CONTEXT() REPRESENTATION_CONTEXT('2D SPACE',''
  ) );
#10516 = PCURVE('',#10075,#10517);
#10517 = DEFINITIONAL_REPRESENTATION('',(#10518),#10522);
#10518 = LINE('',#10519,#10520);
#10519 = CARTESIAN_POINT('',(0.,0.));
#10520 = VECTOR('',#10521,1.);
#10521 = DIRECTION('',(1.,0.));
#10522 = ( GEOMETRIC_REPRESENTATION_CONTEXT(2) 
PARAMETRIC_REPRESENTATION_CONTEXT() REPRESENTATION_CONTEXT('2D SPACE',''
  ) );
#10523 = ORIENTED_EDGE('',*,*,#10033,.T.);
#10524 = ORIENTED_EDGE('',*,*,#10477,.T.);
#10525 = ORIENTED_EDGE('',*,*,#10185,.F.);
#10526 = ADVANCED_FACE('',(#10527),#10075,.F.);
#10527 = FACE_BOUND('',#10528,.F.);
#10528 = EDGE_LOOP('',(#10529,#10530,#10531,#10532));
#10529 = ORIENTED_EDGE('',*,*,#10061,.F.);
#10530 = ORIENTED_EDGE('',*,*,#10503,.T.);
#10531 = ORIENTED_EDGE('',*,*,#10208,.T.);
#10532 = ORIENTED_EDGE('',*,*,#10115,.F.);
#10533 = ADVANCED_FACE('',(#10534),#10283,.T.);
#10534 = FACE_BOUND('',#10535,.T.);
#10535 = EDGE_LOOP('',(#10536,#10559,#10560,#10561));
#10536 = ORIENTED_EDGE('',*,*,#10537,.T.);
#10537 = EDGE_CURVE('',#10538,#10267,#10540,.T.);
#10538 = VERTEX_POINT('',#10539);
#10539 = CARTESIAN_POINT('',(465.,-235.,1.4945E+03));
#10540 = SEAM_CURVE('',#10541,(#10545,#10552),.PCURVE_S1.);
#10541 = LINE('',#10542,#10543);
#10542 = CARTESIAN_POINT('',(465.,-235.,1.4845E+03));
#10543 = VECTOR('',#10544,1.);
#10544 = DIRECTION('',(0.,0.,1.));
#10545 = PCURVE('',#10283,#10546);
#10546 = DEFINITIONAL_REPRESENTATION('',(#10547),#10551);
#10547 = LINE('',#10548,#10549);
#10548 = CARTESIAN_POINT('',(6.28318530718,-0.));
#10549 = VECTOR('',#10550,1.);
#10550 = DIRECTION('',(0.,1.));
#10551 = ( GEOMETRIC_REPRESENTATION_CONTEXT(2) 
PARAMETRIC_REPRESENTATION_CONTEXT() REPRESENTATION_CONTEXT('2D SPACE',''
  ) );
#10552 = PCURVE('',#10283,#10553);
#10553 = DEFINITIONAL_REPRESENTATION('',(#10554),#10558);
#10554 = LINE('',#10555,#10556);
#10555 = CARTESIAN_POINT('',(0.,-0.));
#10556 = VECTOR('',#10557,1.);
#10557 = DIRECTION('',(0.,1.));
#10558 = ( GEOMETRIC_REPRESENTATION_CONTEXT(2) 
PARAMETRIC_REPRESENTATION_CONTEXT() REPRESENTATION_CONTEXT('2D SPACE',''
  ) );
#10559 = ORIENTED_EDGE('',*,*,#10266,.F.);
#10560 = ORIENTED_EDGE('',*,*,#10537,.F.);
#10561 = ORIENTED_EDGE('',*,*,#10562,.T.);
#10562 = EDGE_CURVE('',#10538,#10538,#10563,.T.);
#10563 = SURFACE_CURVE('',#10564,(#10569,#10576),.PCURVE_S1.);
#10564 = CIRCLE('',#10565,5.);
#10565 = AXIS2_PLACEMENT_3D('',#10566,#10567,#10568);
#10566 = CARTESIAN_POINT('',(460.,-235.,1.4945E+03));
#10567 = DIRECTION('',(0.,0.,1.));
#10568 = DIRECTION('',(1.,0.,-0.));
#10569 = PCURVE('',#10283,#10570);
#10570 = DEFINITIONAL_REPRESENTATION('',(#10571),#10575);
#10571 = LINE('',#10572,#10573);
#10572 = CARTESIAN_POINT('',(0.,10.));
#10573 = VECTOR('',#10574,1.);
#10574 = DIRECTION('',(1.,0.));
#10575 = ( GEOMETRIC_REPRESENTATION_CONTEXT(2) 
PARAMETRIC_REPRESENTATION_CONTEXT() REPRESENTATION_CONTEXT('2D SPACE',''
  ) );
#10576 = PCURVE('',#10577,#10582);
#10577 = PLANE('',#10578);
#10578 = AXIS2_PLACEMENT_3D('',#10579,#10580,#10581);
#10579 = CARTESIAN_POINT('',(460.,-235.,1.4945E+03));
#10580 = DIRECTION('',(0.,0.,1.));
#10581 = DIRECTION('',(1.,0.,-0.));
#10582 = DEFINITIONAL_REPRESENTATION('',(#10583),#10587);
#10583 = CIRCLE('',#10584,5.);
#10584 = AXIS2_PLACEMENT_2D('',#10585,#10586);
#10585 = CARTESIAN_POINT('',(0.,0.));
#10586 = DIRECTION('',(1.,0.));
#10587 = ( GEOMETRIC_REPRESENTATION_CONTEXT(2) 
PARAMETRIC_REPRESENTATION_CONTEXT() REPRESENTATION_CONTEXT('2D SPACE',''
  ) );
#10588 = ADVANCED_FACE('',(#10589),#10318,.T.);
#10589 = FACE_BOUND('',#10590,.T.);
#10590 = EDGE_LOOP('',(#10591,#10614,#10615,#10616));
#10591 = ORIENTED_EDGE('',*,*,#10592,.T.);
#10592 = EDGE_CURVE('',#10593,#10302,#10595,.T.);
#10593 = VERTEX_POINT('',#10594);
#10594 = CARTESIAN_POINT('',(465.,-165.,1.4945E+03));
#10595 = SEAM_CURVE('',#10596,(#10600,#10607),.PCURVE_S1.);
#10596 = LINE('',#10597,#10598);
#10597 = CARTESIAN_POINT('',(465.,-165.,1.4845E+03));
#10598 = VECTOR('',#10599,1.);
#10599 = DIRECTION('',(0.,0.,1.));
#10600 = PCURVE('',#10318,#10601);
#10601 = DEFINITIONAL_REPRESENTATION('',(#10602),#10606);
#10602 = LINE('',#10603,#10604);
#10603 = CARTESIAN_POINT('',(6.28318530718,-0.));
#10604 = VECTOR('',#10605,1.);
#10605 = DIRECTION('',(0.,1.));
#10606 = ( GEOMETRIC_REPRESENTATION_CONTEXT(2) 
PARAMETRIC_REPRESENTATION_CONTEXT() REPRESENTATION_CONTEXT('2D SPACE',''
  ) );
#10607 = PCURVE('',#10318,#10608);
#10608 = DEFINITIONAL_REPRESENTATION('',(#10609),#10613);
#10609 = LINE('',#10610,#10611);
#10610 = CARTESIAN_POINT('',(0.,-0.));
#10611 = VECTOR('',#10612,1.);
#10612 = DIRECTION('',(0.,1.));
#10613 = ( GEOMETRIC_REPRESENTATION_CONTEXT(2) 
PARAMETRIC_REPRESENTATION_CONTEXT() REPRESENTATION_CONTEXT('2D SPACE',''
  ) );
#10614 = ORIENTED_EDGE('',*,*,#10301,.F.);
#10615 = ORIENTED_EDGE('',*,*,#10592,.F.);
#10616 = ORIENTED_EDGE('',*,*,#10617,.T.);
#10617 = EDGE_CURVE('',#10593,#10593,#10618,.T.);
#10618 = SURFACE_CURVE('',#10619,(#10624,#10631),.PCURVE_S1.);
#10619 = CIRCLE('',#10620,5.);
#10620 = AXIS2_PLACEMENT_3D('',#10621,#10622,#10623);
#10621 = CARTESIAN_POINT('',(460.,-165.,1.4945E+03));
#10622 = DIRECTION('',(0.,0.,1.));
#10623 = DIRECTION('',(1.,0.,-0.));
#10624 = PCURVE('',#10318,#10625);
#10625 = DEFINITIONAL_REPRESENTATION('',(#10626),#10630);
#10626 = LINE('',#10627,#10628);
#10627 = CARTESIAN_POINT('',(0.,10.));
#10628 = VECTOR('',#10629,1.);
#10629 = DIRECTION('',(1.,0.));
#10630 = ( GEOMETRIC_REPRESENTATION_CONTEXT(2) 
PARAMETRIC_REPRESENTATION_CONTEXT() REPRESENTATION_CONTEXT('2D SPACE',''
  ) );
#10631 = PCURVE('',#10632,#10637);
#10632 = PLANE('',#10633);
#10633 = AXIS2_PLACEMENT_3D('',#10634,#10635,#10636);
#10634 = CARTESIAN_POINT('',(460.,-165.,1.4945E+03));
#10635 = DIRECTION('',(0.,0.,1.));
#10636 = DIRECTION('',(1.,0.,-0.));
#10637 = DEFINITIONAL_REPRESENTATION('',(#10638),#10642);
#10638 = CIRCLE('',#10639,5.);
#10639 = AXIS2_PLACEMENT_2D('',#10640,#10641);
#10640 = CARTESIAN_POINT('',(0.,0.));
#10641 = DIRECTION('',(1.,0.));
#10642 = ( GEOMETRIC_REPRESENTATION_CONTEXT(2) 
PARAMETRIC_REPRESENTATION_CONTEXT() REPRESENTATION_CONTEXT('2D SPACE',''
  ) );
#10643 = ADVANCED_FACE('',(#10644),#10361,.T.);
#10644 = FACE_BOUND('',#10645,.T.);
#10645 = EDGE_LOOP('',(#10646,#10669,#10670,#10671));
#10646 = ORIENTED_EDGE('',*,*,#10647,.T.);
#10647 = EDGE_CURVE('',#10648,#10345,#10650,.T.);
#10648 = VERTEX_POINT('',#10649);
#10649 = CARTESIAN_POINT('',(465.,165.,1.4945E+03));
#10650 = SEAM_CURVE('',#10651,(#10655,#10662),.PCURVE_S1.);
#10651 = LINE('',#10652,#10653);
#10652 = CARTESIAN_POINT('',(465.,165.,1.4845E+03));
#10653 = VECTOR('',#10654,1.);
#10654 = DIRECTION('',(0.,0.,1.));
#10655 = PCURVE('',#10361,#10656);
#10656 = DEFINITIONAL_REPRESENTATION('',(#10657),#10661);
#10657 = LINE('',#10658,#10659);
#10658 = CARTESIAN_POINT('',(6.28318530718,-0.));
#10659 = VECTOR('',#10660,1.);
#10660 = DIRECTION('',(0.,1.));
#10661 = ( GEOMETRIC_REPRESENTATION_CONTEXT(2) 
PARAMETRIC_REPRESENTATION_CONTEXT() REPRESENTATION_CONTEXT('2D SPACE',''
  ) );
#10662 = PCURVE('',#10361,#10663);
#10663 = DEFINITIONAL_REPRESENTATION('',(#10664),#10668);
#10664 = LINE('',#10665,#10666);
#10665 = CARTESIAN_POINT('',(0.,-0.));
#10666 = VECTOR('',#10667,1.);
#10667 = DIRECTION('',(0.,1.));
#10668 = ( GEOMETRIC_REPRESENTATION_CONTEXT(2) 
PARAMETRIC_REPRESENTATION_CONTEXT() REPRESENTATION_CONTEXT('2D SPACE',''
  ) );
#10669 = ORIENTED_EDGE('',*,*,#10344,.F.);
#10670 = ORIENTED_EDGE('',*,*,#10647,.F.);
#10671 = ORIENTED_EDGE('',*,*,#10672,.T.);
#10672 = EDGE_CURVE('',#10648,#10648,#10673,.T.);
#10673 = SURFACE_CURVE('',#10674,(#10679,#10686),.PCURVE_S1.);
#10674 = CIRCLE('',#10675,5.);
#10675 = AXIS2_PLACEMENT_3D('',#10676,#10677,#10678);
#10676 = CARTESIAN_POINT('',(460.,165.,1.4945E+03));
#10677 = DIRECTION('',(0.,0.,1.));
#10678 = DIRECTION('',(1.,0.,-0.));
#10679 = PCURVE('',#10361,#10680);
#10680 = DEFINITIONAL_REPRESENTATION('',(#10681),#10685);
#10681 = LINE('',#10682,#10683);
#10682 = CARTESIAN_POINT('',(0.,10.));
#10683 = VECTOR('',#10684,1.);
#10684 = DIRECTION('',(1.,0.));
#10685 = ( GEOMETRIC_REPRESENTATION_CONTEXT(2) 
PARAMETRIC_REPRESENTATION_CONTEXT() REPRESENTATION_CONTEXT('2D SPACE',''
  ) );
#10686 = PCURVE('',#10687,#10692);
#10687 = PLANE('',#10688);
#10688 = AXIS2_PLACEMENT_3D('',#10689,#10690,#10691);
#10689 = CARTESIAN_POINT('',(460.,165.,1.4945E+03));
#10690 = DIRECTION('',(0.,0.,1.));
#10691 = DIRECTION('',(1.,0.,-0.));
#10692 = DEFINITIONAL_REPRESENTATION('',(#10693),#10697);
#10693 = CIRCLE('',#10694,5.);
#10694 = AXIS2_PLACEMENT_2D('',#10695,#10696);
#10695 = CARTESIAN_POINT('',(0.,0.));
#10696 = DIRECTION('',(1.,0.));
#10697 = ( GEOMETRIC_REPRESENTATION_CONTEXT(2) 
PARAMETRIC_REPRESENTATION_CONTEXT() REPRESENTATION_CONTEXT('2D SPACE',''
  ) );
#10698 = ADVANCED_FACE('',(#10699),#10396,.T.);
#10699 = FACE_BOUND('',#10700,.T.);
#10700 = EDGE_LOOP('',(#10701,#10724,#10725,#10726));
#10701 = ORIENTED_EDGE('',*,*,#10702,.T.);
#10702 = EDGE_CURVE('',#10703,#10380,#10705,.T.);
#10703 = VERTEX_POINT('',#10704);
#10704 = CARTESIAN_POINT('',(465.,235.,1.4945E+03));
#10705 = SEAM_CURVE('',#10706,(#10710,#10717),.PCURVE_S1.);
#10706 = LINE('',#10707,#10708);
#10707 = CARTESIAN_POINT('',(465.,235.,1.4845E+03));
#10708 = VECTOR('',#10709,1.);
#10709 = DIRECTION('',(0.,0.,1.));
#10710 = PCURVE('',#10396,#10711);
#10711 = DEFINITIONAL_REPRESENTATION('',(#10712),#10716);
#10712 = LINE('',#10713,#10714);
#10713 = CARTESIAN_POINT('',(6.28318530718,-0.));
#10714 = VECTOR('',#10715,1.);
#10715 = DIRECTION('',(0.,1.));
#10716 = ( GEOMETRIC_REPRESENTATION_CONTEXT(2) 
PARAMETRIC_REPRESENTATION_CONTEXT() REPRESENTATION_CONTEXT('2D SPACE',''
  ) );
#10717 = PCURVE('',#10396,#10718);
#10718 = DEFINITIONAL_REPRESENTATION('',(#10719),#10723);
#10719 = LINE('',#10720,#10721);
#10720 = CARTESIAN_POINT('',(0.,-0.));
#10721 = VECTOR('',#10722,1.);
#10722 = DIRECTION('',(0.,1.));
#10723 = ( GEOMETRIC_REPRESENTATION_CONTEXT(2) 
PARAMETRIC_REPRESENTATION_CONTEXT() REPRESENTATION_CONTEXT('2D SPACE',''
  ) );
#10724 = ORIENTED_EDGE('',*,*,#10379,.F.);
#10725 = ORIENTED_EDGE('',*,*,#10702,.F.);
#10726 = ORIENTED_EDGE('',*,*,#10727,.T.);
#10727 = EDGE_CURVE('',#10703,#10703,#10728,.T.);
#10728 = SURFACE_CURVE('',#10729,(#10734,#10741),.PCURVE_S1.);
#10729 = CIRCLE('',#10730,5.);
#10730 = AXIS2_PLACEMENT_3D('',#10731,#10732,#10733);
#10731 = CARTESIAN_POINT('',(460.,235.,1.4945E+03));
#10732 = DIRECTION('',(0.,0.,1.));
#10733 = DIRECTION('',(1.,0.,-0.));
#10734 = PCURVE('',#10396,#10735);
#10735 = DEFINITIONAL_REPRESENTATION('',(#10736),#10740);
#10736 = LINE('',#10737,#10738);
#10737 = CARTESIAN_POINT('',(0.,10.));
#10738 = VECTOR('',#10739,1.);
#10739 = DIRECTION('',(1.,0.));
#10740 = ( GEOMETRIC_REPRESENTATION_CONTEXT(2) 
PARAMETRIC_REPRESENTATION_CONTEXT() REPRESENTATION_CONTEXT('2D SPACE',''
  ) );
#10741 = PCURVE('',#10742,#10747);
#10742 = PLANE('',#10743);
#10743 = AXIS2_PLACEMENT_3D('',#10744,#10745,#10746);
#10744 = CARTESIAN_POINT('',(460.,235.,1.4945E+03));
#10745 = DIRECTION('',(0.,0.,1.));
#10746 = DIRECTION('',(1.,0.,-0.));
#10747 = DEFINITIONAL_REPRESENTATION('',(#10748),#10752);
#10748 = CIRCLE('',#10749,5.);
#10749 = AXIS2_PLACEMENT_2D('',#10750,#10751);
#10750 = CARTESIAN_POINT('',(0.,0.));
#10751 = DIRECTION('',(1.,0.));
#10752 = ( GEOMETRIC_REPRESENTATION_CONTEXT(2) 
PARAMETRIC_REPRESENTATION_CONTEXT() REPRESENTATION_CONTEXT('2D SPACE',''
  ) );
#10753 = ADVANCED_FACE('',(#10754,#10785),#10577,.T.);
#10754 = FACE_BOUND('',#10755,.T.);
#10755 = EDGE_LOOP('',(#10756));
#10756 = ORIENTED_EDGE('',*,*,#10757,.T.);
#10757 = EDGE_CURVE('',#10758,#10758,#10760,.T.);
#10758 = VERTEX_POINT('',#10759);
#10759 = CARTESIAN_POINT('',(468.5,-235.,1.4945E+03));
#10760 = SURFACE_CURVE('',#10761,(#10766,#10773),.PCURVE_S1.);
#10761 = CIRCLE('',#10762,8.5);
#10762 = AXIS2_PLACEMENT_3D('',#10763,#10764,#10765);
#10763 = CARTESIAN_POINT('',(460.,-235.,1.4945E+03));
#10764 = DIRECTION('',(0.,0.,1.));
#10765 = DIRECTION('',(1.,0.,-0.));
#10766 = PCURVE('',#10577,#10767);
#10767 = DEFINITIONAL_REPRESENTATION('',(#10768),#10772);
#10768 = CIRCLE('',#10769,8.5);
#10769 = AXIS2_PLACEMENT_2D('',#10770,#10771);
#10770 = CARTESIAN_POINT('',(0.,0.));
#10771 = DIRECTION('',(1.,0.));
#10772 = ( GEOMETRIC_REPRESENTATION_CONTEXT(2) 
PARAMETRIC_REPRESENTATION_CONTEXT() REPRESENTATION_CONTEXT('2D SPACE',''
  ) );
#10773 = PCURVE('',#10774,#10779);
#10774 = CYLINDRICAL_SURFACE('',#10775,8.5);
#10775 = AXIS2_PLACEMENT_3D('',#10776,#10777,#10778);
#10776 = CARTESIAN_POINT('',(460.,-235.,1.4855E+03));
#10777 = DIRECTION('',(0.,0.,1.));
#10778 = DIRECTION('',(1.,0.,-0.));
#10779 = DEFINITIONAL_REPRESENTATION('',(#10780),#10784);
#10780 = LINE('',#10781,#10782);
#10781 = CARTESIAN_POINT('',(0.,9.));
#10782 = VECTOR('',#10783,1.);
#10783 = DIRECTION('',(1.,0.));
#10784 = ( GEOMETRIC_REPRESENTATION_CONTEXT(2) 
PARAMETRIC_REPRESENTATION_CONTEXT() REPRESENTATION_CONTEXT('2D SPACE',''
  ) );
#10785 = FACE_BOUND('',#10786,.T.);
#10786 = EDGE_LOOP('',(#10787));
#10787 = ORIENTED_EDGE('',*,*,#10562,.F.);
#10788 = ADVANCED_FACE('',(#10789,#10820),#10632,.T.);
#10789 = FACE_BOUND('',#10790,.T.);
#10790 = EDGE_LOOP('',(#10791));
#10791 = ORIENTED_EDGE('',*,*,#10792,.T.);
#10792 = EDGE_CURVE('',#10793,#10793,#10795,.T.);
#10793 = VERTEX_POINT('',#10794);
#10794 = CARTESIAN_POINT('',(468.5,-165.,1.4945E+03));
#10795 = SURFACE_CURVE('',#10796,(#10801,#10808),.PCURVE_S1.);
#10796 = CIRCLE('',#10797,8.5);
#10797 = AXIS2_PLACEMENT_3D('',#10798,#10799,#10800);
#10798 = CARTESIAN_POINT('',(460.,-165.,1.4945E+03));
#10799 = DIRECTION('',(0.,0.,1.));
#10800 = DIRECTION('',(1.,0.,-0.));
#10801 = PCURVE('',#10632,#10802);
#10802 = DEFINITIONAL_REPRESENTATION('',(#10803),#10807);
#10803 = CIRCLE('',#10804,8.5);
#10804 = AXIS2_PLACEMENT_2D('',#10805,#10806);
#10805 = CARTESIAN_POINT('',(0.,0.));
#10806 = DIRECTION('',(1.,0.));
#10807 = ( GEOMETRIC_REPRESENTATION_CONTEXT(2) 
PARAMETRIC_REPRESENTATION_CONTEXT() REPRESENTATION_CONTEXT('2D SPACE',''
  ) );
#10808 = PCURVE('',#10809,#10814);
#10809 = CYLINDRICAL_SURFACE('',#10810,8.5);
#10810 = AXIS2_PLACEMENT_3D('',#10811,#10812,#10813);
#10811 = CARTESIAN_POINT('',(460.,-165.,1.4855E+03));
#10812 = DIRECTION('',(0.,0.,1.));
#10813 = DIRECTION('',(1.,0.,-0.));
#10814 = DEFINITIONAL_REPRESENTATION('',(#10815),#10819);
#10815 = LINE('',#10816,#10817);
#10816 = CARTESIAN_POINT('',(0.,9.));
#10817 = VECTOR('',#10818,1.);
#10818 = DIRECTION('',(1.,0.));
#10819 = ( GEOMETRIC_REPRESENTATION_CONTEXT(2) 
PARAMETRIC_REPRESENTATION_CONTEXT() REPRESENTATION_CONTEXT('2D SPACE',''
  ) );
#10820 = FACE_BOUND('',#10821,.T.);
#10821 = EDGE_LOOP('',(#10822));
#10822 = ORIENTED_EDGE('',*,*,#10617,.F.);
#10823 = ADVANCED_FACE('',(#10824,#10855),#10687,.T.);
#10824 = FACE_BOUND('',#10825,.T.);
#10825 = EDGE_LOOP('',(#10826));
#10826 = ORIENTED_EDGE('',*,*,#10827,.T.);
#10827 = EDGE_CURVE('',#10828,#10828,#10830,.T.);
#10828 = VERTEX_POINT('',#10829);
#10829 = CARTESIAN_POINT('',(468.5,165.,1.4945E+03));
#10830 = SURFACE_CURVE('',#10831,(#10836,#10843),.PCURVE_S1.);
#10831 = CIRCLE('',#10832,8.5);
#10832 = AXIS2_PLACEMENT_3D('',#10833,#10834,#10835);
#10833 = CARTESIAN_POINT('',(460.,165.,1.4945E+03));
#10834 = DIRECTION('',(0.,0.,1.));
#10835 = DIRECTION('',(1.,0.,-0.));
#10836 = PCURVE('',#10687,#10837);
#10837 = DEFINITIONAL_REPRESENTATION('',(#10838),#10842);
#10838 = CIRCLE('',#10839,8.5);
#10839 = AXIS2_PLACEMENT_2D('',#10840,#10841);
#10840 = CARTESIAN_POINT('',(0.,0.));
#10841 = DIRECTION('',(1.,0.));
#10842 = ( GEOMETRIC_REPRESENTATION_CONTEXT(2) 
PARAMETRIC_REPRESENTATION_CONTEXT() REPRESENTATION_CONTEXT('2D SPACE',''
  ) );
#10843 = PCURVE('',#10844,#10849);
#10844 = CYLINDRICAL_SURFACE('',#10845,8.5);
#10845 = AXIS2_PLACEMENT_3D('',#10846,#10847,#10848);
#10846 = CARTESIAN_POINT('',(460.,165.,1.4855E+03));
#10847 = DIRECTION('',(0.,0.,1.));
#10848 = DIRECTION('',(1.,0.,-0.));
#10849 = DEFINITIONAL_REPRESENTATION('',(#10850),#10854);
#10850 = LINE('',#10851,#10852);
#10851 = CARTESIAN_POINT('',(0.,9.));
#10852 = VECTOR('',#10853,1.);
#10853 = DIRECTION('',(1.,0.));
#10854 = ( GEOMETRIC_REPRESENTATION_CONTEXT(2) 
PARAMETRIC_REPRESENTATION_CONTEXT() REPRESENTATION_CONTEXT('2D SPACE',''
  ) );
#10855 = FACE_BOUND('',#10856,.T.);
#10856 = EDGE_LOOP('',(#10857));
#10857 = ORIENTED_EDGE('',*,*,#10672,.F.);
#10858 = ADVANCED_FACE('',(#10859,#10890),#10742,.T.);
#10859 = FACE_BOUND('',#10860,.T.);
#10860 = EDGE_LOOP('',(#10861));
#10861 = ORIENTED_EDGE('',*,*,#10862,.T.);
#10862 = EDGE_CURVE('',#10863,#10863,#10865,.T.);
#10863 = VERTEX_POINT('',#10864);
#10864 = CARTESIAN_POINT('',(468.5,235.,1.4945E+03));
#10865 = SURFACE_CURVE('',#10866,(#10871,#10878),.PCURVE_S1.);
#10866 = CIRCLE('',#10867,8.5);
#10867 = AXIS2_PLACEMENT_3D('',#10868,#10869,#10870);
#10868 = CARTESIAN_POINT('',(460.,235.,1.4945E+03));
#10869 = DIRECTION('',(0.,0.,1.));
#10870 = DIRECTION('',(1.,0.,-0.));
#10871 = PCURVE('',#10742,#10872);
#10872 = DEFINITIONAL_REPRESENTATION('',(#10873),#10877);
#10873 = CIRCLE('',#10874,8.5);
#10874 = AXIS2_PLACEMENT_2D('',#10875,#10876);
#10875 = CARTESIAN_POINT('',(0.,0.));
#10876 = DIRECTION('',(1.,0.));
#10877 = ( GEOMETRIC_REPRESENTATION_CONTEXT(2) 
PARAMETRIC_REPRESENTATION_CONTEXT() REPRESENTATION_CONTEXT('2D SPACE',''
  ) );
#10878 = PCURVE('',#10879,#10884);
#10879 = CYLINDRICAL_SURFACE('',#10880,8.5);
#10880 = AXIS2_PLACEMENT_3D('',#10881,#10882,#10883);
#10881 = CARTESIAN_POINT('',(460.,235.,1.4855E+03));
#10882 = DIRECTION('',(0.,0.,1.));
#10883 = DIRECTION('',(1.,0.,-0.));
#10884 = DEFINITIONAL_REPRESENTATION('',(#10885),#10889);
#10885 = LINE('',#10886,#10887);
#10886 = CARTESIAN_POINT('',(0.,9.));
#10887 = VECTOR('',#10888,1.);
#10888 = DIRECTION('',(1.,0.));
#10889 = ( GEOMETRIC_REPRESENTATION_CONTEXT(2) 
PARAMETRIC_REPRESENTATION_CONTEXT() REPRESENTATION_CONTEXT('2D SPACE',''
  ) );
#10890 = FACE_BOUND('',#10891,.T.);
#10891 = EDGE_LOOP('',(#10892));
#10892 = ORIENTED_EDGE('',*,*,#10727,.F.);
#10893 = ADVANCED_FACE('',(#10894),#10774,.T.);
#10894 = FACE_BOUND('',#10895,.T.);
#10895 = EDGE_LOOP('',(#10896,#10897,#10920,#10947));
#10896 = ORIENTED_EDGE('',*,*,#10757,.F.);
#10897 = ORIENTED_EDGE('',*,*,#10898,.F.);
#10898 = EDGE_CURVE('',#10899,#10758,#10901,.T.);
#10899 = VERTEX_POINT('',#10900);
#10900 = CARTESIAN_POINT('',(468.5,-235.,1.4855E+03));
#10901 = SEAM_CURVE('',#10902,(#10906,#10913),.PCURVE_S1.);
#10902 = LINE('',#10903,#10904);
#10903 = CARTESIAN_POINT('',(468.5,-235.,1.4855E+03));
#10904 = VECTOR('',#10905,1.);
#10905 = DIRECTION('',(0.,0.,1.));
#10906 = PCURVE('',#10774,#10907);
#10907 = DEFINITIONAL_REPRESENTATION('',(#10908),#10912);
#10908 = LINE('',#10909,#10910);
#10909 = CARTESIAN_POINT('',(6.28318530718,-0.));
#10910 = VECTOR('',#10911,1.);
#10911 = DIRECTION('',(0.,1.));
#10912 = ( GEOMETRIC_REPRESENTATION_CONTEXT(2) 
PARAMETRIC_REPRESENTATION_CONTEXT() REPRESENTATION_CONTEXT('2D SPACE',''
  ) );
#10913 = PCURVE('',#10774,#10914);
#10914 = DEFINITIONAL_REPRESENTATION('',(#10915),#10919);
#10915 = LINE('',#10916,#10917);
#10916 = CARTESIAN_POINT('',(0.,-0.));
#10917 = VECTOR('',#10918,1.);
#10918 = DIRECTION('',(0.,1.));
#10919 = ( GEOMETRIC_REPRESENTATION_CONTEXT(2) 
PARAMETRIC_REPRESENTATION_CONTEXT() REPRESENTATION_CONTEXT('2D SPACE',''
  ) );
#10920 = ORIENTED_EDGE('',*,*,#10921,.T.);
#10921 = EDGE_CURVE('',#10899,#10899,#10922,.T.);
#10922 = SURFACE_CURVE('',#10923,(#10928,#10935),.PCURVE_S1.);
#10923 = CIRCLE('',#10924,8.5);
#10924 = AXIS2_PLACEMENT_3D('',#10925,#10926,#10927);
#10925 = CARTESIAN_POINT('',(460.,-235.,1.4855E+03));
#10926 = DIRECTION('',(0.,0.,1.));
#10927 = DIRECTION('',(1.,0.,-0.));
#10928 = PCURVE('',#10774,#10929);
#10929 = DEFINITIONAL_REPRESENTATION('',(#10930),#10934);
#10930 = LINE('',#10931,#10932);
#10931 = CARTESIAN_POINT('',(0.,0.));
#10932 = VECTOR('',#10933,1.);
#10933 = DIRECTION('',(1.,0.));
#10934 = ( GEOMETRIC_REPRESENTATION_CONTEXT(2) 
PARAMETRIC_REPRESENTATION_CONTEXT() REPRESENTATION_CONTEXT('2D SPACE',''
  ) );
#10935 = PCURVE('',#10936,#10941);
#10936 = PLANE('',#10937);
#10937 = AXIS2_PLACEMENT_3D('',#10938,#10939,#10940);
#10938 = CARTESIAN_POINT('',(460.,-235.,1.4855E+03));
#10939 = DIRECTION('',(0.,0.,1.));
#10940 = DIRECTION('',(1.,0.,-0.));
#10941 = DEFINITIONAL_REPRESENTATION('',(#10942),#10946);
#10942 = CIRCLE('',#10943,8.5);
#10943 = AXIS2_PLACEMENT_2D('',#10944,#10945);
#10944 = CARTESIAN_POINT('',(0.,0.));
#10945 = DIRECTION('',(1.,0.));
#10946 = ( GEOMETRIC_REPRESENTATION_CONTEXT(2) 
PARAMETRIC_REPRESENTATION_CONTEXT() REPRESENTATION_CONTEXT('2D SPACE',''
  ) );
#10947 = ORIENTED_EDGE('',*,*,#10898,.T.);
#10948 = ADVANCED_FACE('',(#10949),#10809,.T.);
#10949 = FACE_BOUND('',#10950,.T.);
#10950 = EDGE_LOOP('',(#10951,#10952,#10975,#11002));
#10951 = ORIENTED_EDGE('',*,*,#10792,.F.);
#10952 = ORIENTED_EDGE('',*,*,#10953,.F.);
#10953 = EDGE_CURVE('',#10954,#10793,#10956,.T.);
#10954 = VERTEX_POINT('',#10955);
#10955 = CARTESIAN_POINT('',(468.5,-165.,1.4855E+03));
#10956 = SEAM_CURVE('',#10957,(#10961,#10968),.PCURVE_S1.);
#10957 = LINE('',#10958,#10959);
#10958 = CARTESIAN_POINT('',(468.5,-165.,1.4855E+03));
#10959 = VECTOR('',#10960,1.);
#10960 = DIRECTION('',(0.,0.,1.));
#10961 = PCURVE('',#10809,#10962);
#10962 = DEFINITIONAL_REPRESENTATION('',(#10963),#10967);
#10963 = LINE('',#10964,#10965);
#10964 = CARTESIAN_POINT('',(6.28318530718,-0.));
#10965 = VECTOR('',#10966,1.);
#10966 = DIRECTION('',(0.,1.));
#10967 = ( GEOMETRIC_REPRESENTATION_CONTEXT(2) 
PARAMETRIC_REPRESENTATION_CONTEXT() REPRESENTATION_CONTEXT('2D SPACE',''
  ) );
#10968 = PCURVE('',#10809,#10969);
#10969 = DEFINITIONAL_REPRESENTATION('',(#10970),#10974);
#10970 = LINE('',#10971,#10972);
#10971 = CARTESIAN_POINT('',(0.,-0.));
#10972 = VECTOR('',#10973,1.);
#10973 = DIRECTION('',(0.,1.));
#10974 = ( GEOMETRIC_REPRESENTATION_CONTEXT(2) 
PARAMETRIC_REPRESENTATION_CONTEXT() REPRESENTATION_CONTEXT('2D SPACE',''
  ) );
#10975 = ORIENTED_EDGE('',*,*,#10976,.T.);
#10976 = EDGE_CURVE('',#10954,#10954,#10977,.T.);
#10977 = SURFACE_CURVE('',#10978,(#10983,#10990),.PCURVE_S1.);
#10978 = CIRCLE('',#10979,8.5);
#10979 = AXIS2_PLACEMENT_3D('',#10980,#10981,#10982);
#10980 = CARTESIAN_POINT('',(460.,-165.,1.4855E+03));
#10981 = DIRECTION('',(0.,0.,1.));
#10982 = DIRECTION('',(1.,0.,-0.));
#10983 = PCURVE('',#10809,#10984);
#10984 = DEFINITIONAL_REPRESENTATION('',(#10985),#10989);
#10985 = LINE('',#10986,#10987);
#10986 = CARTESIAN_POINT('',(0.,0.));
#10987 = VECTOR('',#10988,1.);
#10988 = DIRECTION('',(1.,0.));
#10989 = ( GEOMETRIC_REPRESENTATION_CONTEXT(2) 
PARAMETRIC_REPRESENTATION_CONTEXT() REPRESENTATION_CONTEXT('2D SPACE',''
  ) );
#10990 = PCURVE('',#10991,#10996);
#10991 = PLANE('',#10992);
#10992 = AXIS2_PLACEMENT_3D('',#10993,#10994,#10995);
#10993 = CARTESIAN_POINT('',(460.,-165.,1.4855E+03));
#10994 = DIRECTION('',(0.,0.,1.));
#10995 = DIRECTION('',(1.,0.,-0.));
#10996 = DEFINITIONAL_REPRESENTATION('',(#10997),#11001);
#10997 = CIRCLE('',#10998,8.5);
#10998 = AXIS2_PLACEMENT_2D('',#10999,#11000);
#10999 = CARTESIAN_POINT('',(0.,0.));
#11000 = DIRECTION('',(1.,0.));
#11001 = ( GEOMETRIC_REPRESENTATION_CONTEXT(2) 
PARAMETRIC_REPRESENTATION_CONTEXT() REPRESENTATION_CONTEXT('2D SPACE',''
  ) );
#11002 = ORIENTED_EDGE('',*,*,#10953,.T.);
#11003 = ADVANCED_FACE('',(#11004),#10844,.T.);
#11004 = FACE_BOUND('',#11005,.T.);
#11005 = EDGE_LOOP('',(#11006,#11007,#11030,#11057));
#11006 = ORIENTED_EDGE('',*,*,#10827,.F.);
#11007 = ORIENTED_EDGE('',*,*,#11008,.F.);
#11008 = EDGE_CURVE('',#11009,#10828,#11011,.T.);
#11009 = VERTEX_POINT('',#11010);
#11010 = CARTESIAN_POINT('',(468.5,165.,1.4855E+03));
#11011 = SEAM_CURVE('',#11012,(#11016,#11023),.PCURVE_S1.);
#11012 = LINE('',#11013,#11014);
#11013 = CARTESIAN_POINT('',(468.5,165.,1.4855E+03));
#11014 = VECTOR('',#11015,1.);
#11015 = DIRECTION('',(0.,0.,1.));
#11016 = PCURVE('',#10844,#11017);
#11017 = DEFINITIONAL_REPRESENTATION('',(#11018),#11022);
#11018 = LINE('',#11019,#11020);
#11019 = CARTESIAN_POINT('',(6.28318530718,-0.));
#11020 = VECTOR('',#11021,1.);
#11021 = DIRECTION('',(0.,1.));
#11022 = ( GEOMETRIC_REPRESENTATION_CONTEXT(2) 
PARAMETRIC_REPRESENTATION_CONTEXT() REPRESENTATION_CONTEXT('2D SPACE',''
  ) );
#11023 = PCURVE('',#10844,#11024);
#11024 = DEFINITIONAL_REPRESENTATION('',(#11025),#11029);
#11025 = LINE('',#11026,#11027);
#11026 = CARTESIAN_POINT('',(0.,-0.));
#11027 = VECTOR('',#11028,1.);
#11028 = DIRECTION('',(0.,1.));
#11029 = ( GEOMETRIC_REPRESENTATION_CONTEXT(2) 
PARAMETRIC_REPRESENTATION_CONTEXT() REPRESENTATION_CONTEXT('2D SPACE',''
  ) );
#11030 = ORIENTED_EDGE('',*,*,#11031,.T.);
#11031 = EDGE_CURVE('',#11009,#11009,#11032,.T.);
#11032 = SURFACE_CURVE('',#11033,(#11038,#11045),.PCURVE_S1.);
#11033 = CIRCLE('',#11034,8.5);
#11034 = AXIS2_PLACEMENT_3D('',#11035,#11036,#11037);
#11035 = CARTESIAN_POINT('',(460.,165.,1.4855E+03));
#11036 = DIRECTION('',(0.,0.,1.));
#11037 = DIRECTION('',(1.,0.,-0.));
#11038 = PCURVE('',#10844,#11039);
#11039 = DEFINITIONAL_REPRESENTATION('',(#11040),#11044);
#11040 = LINE('',#11041,#11042);
#11041 = CARTESIAN_POINT('',(0.,0.));
#11042 = VECTOR('',#11043,1.);
#11043 = DIRECTION('',(1.,0.));
#11044 = ( GEOMETRIC_REPRESENTATION_CONTEXT(2) 
PARAMETRIC_REPRESENTATION_CONTEXT() REPRESENTATION_CONTEXT('2D SPACE',''
  ) );
#11045 = PCURVE('',#11046,#11051);
#11046 = PLANE('',#11047);
#11047 = AXIS2_PLACEMENT_3D('',#11048,#11049,#11050);
#11048 = CARTESIAN_POINT('',(460.,165.,1.4855E+03));
#11049 = DIRECTION('',(0.,0.,1.));
#11050 = DIRECTION('',(1.,0.,-0.));
#11051 = DEFINITIONAL_REPRESENTATION('',(#11052),#11056);
#11052 = CIRCLE('',#11053,8.5);
#11053 = AXIS2_PLACEMENT_2D('',#11054,#11055);
#11054 = CARTESIAN_POINT('',(0.,0.));
#11055 = DIRECTION('',(1.,0.));
#11056 = ( GEOMETRIC_REPRESENTATION_CONTEXT(2) 
PARAMETRIC_REPRESENTATION_CONTEXT() REPRESENTATION_CONTEXT('2D SPACE',''
  ) );
#11057 = ORIENTED_EDGE('',*,*,#11008,.T.);
#11058 = ADVANCED_FACE('',(#11059),#10879,.T.);
#11059 = FACE_BOUND('',#11060,.T.);
#11060 = EDGE_LOOP('',(#11061,#11062,#11085,#11112));
#11061 = ORIENTED_EDGE('',*,*,#10862,.F.);
#11062 = ORIENTED_EDGE('',*,*,#11063,.F.);
#11063 = EDGE_CURVE('',#11064,#10863,#11066,.T.);
#11064 = VERTEX_POINT('',#11065);
#11065 = CARTESIAN_POINT('',(468.5,235.,1.4855E+03));
#11066 = SEAM_CURVE('',#11067,(#11071,#11078),.PCURVE_S1.);
#11067 = LINE('',#11068,#11069);
#11068 = CARTESIAN_POINT('',(468.5,235.,1.4855E+03));
#11069 = VECTOR('',#11070,1.);
#11070 = DIRECTION('',(0.,0.,1.));
#11071 = PCURVE('',#10879,#11072);
#11072 = DEFINITIONAL_REPRESENTATION('',(#11073),#11077);
#11073 = LINE('',#11074,#11075);
#11074 = CARTESIAN_POINT('',(6.28318530718,-0.));
#11075 = VECTOR('',#11076,1.);
#11076 = DIRECTION('',(0.,1.));
#11077 = ( GEOMETRIC_REPRESENTATION_CONTEXT(2) 
PARAMETRIC_REPRESENTATION_CONTEXT() REPRESENTATION_CONTEXT('2D SPACE',''
  ) );
#11078 = PCURVE('',#10879,#11079);
#11079 = DEFINITIONAL_REPRESENTATION('',(#11080),#11084);
#11080 = LINE('',#11081,#11082);
#11081 = CARTESIAN_POINT('',(0.,-0.));
#11082 = VECTOR('',#11083,1.);
#11083 = DIRECTION('',(0.,1.));
#11084 = ( GEOMETRIC_REPRESENTATION_CONTEXT(2) 
PARAMETRIC_REPRESENTATION_CONTEXT() REPRESENTATION_CONTEXT('2D SPACE',''
  ) );
#11085 = ORIENTED_EDGE('',*,*,#11086,.T.);
#11086 = EDGE_CURVE('',#11064,#11064,#11087,.T.);
#11087 = SURFACE_CURVE('',#11088,(#11093,#11100),.PCURVE_S1.);
#11088 = CIRCLE('',#11089,8.5);
#11089 = AXIS2_PLACEMENT_3D('',#11090,#11091,#11092);
#11090 = CARTESIAN_POINT('',(460.,235.,1.4855E+03));
#11091 = DIRECTION('',(0.,0.,1.));
#11092 = DIRECTION('',(1.,0.,-0.));
#11093 = PCURVE('',#10879,#11094);
#11094 = DEFINITIONAL_REPRESENTATION('',(#11095),#11099);
#11095 = LINE('',#11096,#11097);
#11096 = CARTESIAN_POINT('',(0.,0.));
#11097 = VECTOR('',#11098,1.);
#11098 = DIRECTION('',(1.,0.));
#11099 = ( GEOMETRIC_REPRESENTATION_CONTEXT(2) 
PARAMETRIC_REPRESENTATION_CONTEXT() REPRESENTATION_CONTEXT('2D SPACE',''
  ) );
#11100 = PCURVE('',#11101,#11106);
#11101 = PLANE('',#11102);
#11102 = AXIS2_PLACEMENT_3D('',#11103,#11104,#11105);
#11103 = CARTESIAN_POINT('',(460.,235.,1.4855E+03));
#11104 = DIRECTION('',(0.,0.,1.));
#11105 = DIRECTION('',(1.,0.,-0.));
#11106 = DEFINITIONAL_REPRESENTATION('',(#11107),#11111);
#11107 = CIRCLE('',#11108,8.5);
#11108 = AXIS2_PLACEMENT_2D('',#11109,#11110);
#11109 = CARTESIAN_POINT('',(0.,0.));
#11110 = DIRECTION('',(1.,0.));
#11111 = ( GEOMETRIC_REPRESENTATION_CONTEXT(2) 
PARAMETRIC_REPRESENTATION_CONTEXT() REPRESENTATION_CONTEXT('2D SPACE',''
  ) );
#11112 = ORIENTED_EDGE('',*,*,#11063,.T.);
#11113 = ADVANCED_FACE('',(#11114,#11117),#10936,.F.);
#11114 = FACE_BOUND('',#11115,.F.);
#11115 = EDGE_LOOP('',(#11116));
#11116 = ORIENTED_EDGE('',*,*,#10921,.T.);
#11117 = FACE_BOUND('',#11118,.F.);
#11118 = EDGE_LOOP('',(#11119));
#11119 = ORIENTED_EDGE('',*,*,#11120,.F.);
#11120 = EDGE_CURVE('',#11121,#11121,#11123,.T.);
#11121 = VERTEX_POINT('',#11122);
#11122 = CARTESIAN_POINT('',(465.,-235.,1.4855E+03));
#11123 = SURFACE_CURVE('',#11124,(#11129,#11136),.PCURVE_S1.);
#11124 = CIRCLE('',#11125,5.);
#11125 = AXIS2_PLACEMENT_3D('',#11126,#11127,#11128);
#11126 = CARTESIAN_POINT('',(460.,-235.,1.4855E+03));
#11127 = DIRECTION('',(0.,0.,1.));
#11128 = DIRECTION('',(1.,0.,-0.));
#11129 = PCURVE('',#10936,#11130);
#11130 = DEFINITIONAL_REPRESENTATION('',(#11131),#11135);
#11131 = CIRCLE('',#11132,5.);
#11132 = AXIS2_PLACEMENT_2D('',#11133,#11134);
#11133 = CARTESIAN_POINT('',(0.,0.));
#11134 = DIRECTION('',(1.,0.));
#11135 = ( GEOMETRIC_REPRESENTATION_CONTEXT(2) 
PARAMETRIC_REPRESENTATION_CONTEXT() REPRESENTATION_CONTEXT('2D SPACE',''
  ) );
#11136 = PCURVE('',#11137,#11142);
#11137 = CYLINDRICAL_SURFACE('',#11138,5.);
#11138 = AXIS2_PLACEMENT_3D('',#11139,#11140,#11141);
#11139 = CARTESIAN_POINT('',(460.,-235.,1.4845E+03));
#11140 = DIRECTION('',(0.,0.,1.));
#11141 = DIRECTION('',(1.,0.,-0.));
#11142 = DEFINITIONAL_REPRESENTATION('',(#11143),#11147);
#11143 = LINE('',#11144,#11145);
#11144 = CARTESIAN_POINT('',(0.,1.));
#11145 = VECTOR('',#11146,1.);
#11146 = DIRECTION('',(1.,0.));
#11147 = ( GEOMETRIC_REPRESENTATION_CONTEXT(2) 
PARAMETRIC_REPRESENTATION_CONTEXT() REPRESENTATION_CONTEXT('2D SPACE',''
  ) );
#11148 = ADVANCED_FACE('',(#11149,#11152),#10991,.F.);
#11149 = FACE_BOUND('',#11150,.F.);
#11150 = EDGE_LOOP('',(#11151));
#11151 = ORIENTED_EDGE('',*,*,#10976,.T.);
#11152 = FACE_BOUND('',#11153,.F.);
#11153 = EDGE_LOOP('',(#11154));
#11154 = ORIENTED_EDGE('',*,*,#11155,.F.);
#11155 = EDGE_CURVE('',#11156,#11156,#11158,.T.);
#11156 = VERTEX_POINT('',#11157);
#11157 = CARTESIAN_POINT('',(465.,-165.,1.4855E+03));
#11158 = SURFACE_CURVE('',#11159,(#11164,#11171),.PCURVE_S1.);
#11159 = CIRCLE('',#11160,5.);
#11160 = AXIS2_PLACEMENT_3D('',#11161,#11162,#11163);
#11161 = CARTESIAN_POINT('',(460.,-165.,1.4855E+03));
#11162 = DIRECTION('',(0.,0.,1.));
#11163 = DIRECTION('',(1.,0.,-0.));
#11164 = PCURVE('',#10991,#11165);
#11165 = DEFINITIONAL_REPRESENTATION('',(#11166),#11170);
#11166 = CIRCLE('',#11167,5.);
#11167 = AXIS2_PLACEMENT_2D('',#11168,#11169);
#11168 = CARTESIAN_POINT('',(0.,0.));
#11169 = DIRECTION('',(1.,0.));
#11170 = ( GEOMETRIC_REPRESENTATION_CONTEXT(2) 
PARAMETRIC_REPRESENTATION_CONTEXT() REPRESENTATION_CONTEXT('2D SPACE',''
  ) );
#11171 = PCURVE('',#11172,#11177);
#11172 = CYLINDRICAL_SURFACE('',#11173,5.);
#11173 = AXIS2_PLACEMENT_3D('',#11174,#11175,#11176);
#11174 = CARTESIAN_POINT('',(460.,-165.,1.4845E+03));
#11175 = DIRECTION('',(0.,0.,1.));
#11176 = DIRECTION('',(1.,0.,-0.));
#11177 = DEFINITIONAL_REPRESENTATION('',(#11178),#11182);
#11178 = LINE('',#11179,#11180);
#11179 = CARTESIAN_POINT('',(0.,1.));
#11180 = VECTOR('',#11181,1.);
#11181 = DIRECTION('',(1.,0.));
#11182 = ( GEOMETRIC_REPRESENTATION_CONTEXT(2) 
PARAMETRIC_REPRESENTATION_CONTEXT() REPRESENTATION_CONTEXT('2D SPACE',''
  ) );
#11183 = ADVANCED_FACE('',(#11184,#11187),#11046,.F.);
#11184 = FACE_BOUND('',#11185,.F.);
#11185 = EDGE_LOOP('',(#11186));
#11186 = ORIENTED_EDGE('',*,*,#11031,.T.);
#11187 = FACE_BOUND('',#11188,.F.);
#11188 = EDGE_LOOP('',(#11189));
#11189 = ORIENTED_EDGE('',*,*,#11190,.F.);
#11190 = EDGE_CURVE('',#11191,#11191,#11193,.T.);
#11191 = VERTEX_POINT('',#11192);
#11192 = CARTESIAN_POINT('',(465.,165.,1.4855E+03));
#11193 = SURFACE_CURVE('',#11194,(#11199,#11206),.PCURVE_S1.);
#11194 = CIRCLE('',#11195,5.);
#11195 = AXIS2_PLACEMENT_3D('',#11196,#11197,#11198);
#11196 = CARTESIAN_POINT('',(460.,165.,1.4855E+03));
#11197 = DIRECTION('',(0.,0.,1.));
#11198 = DIRECTION('',(1.,0.,-0.));
#11199 = PCURVE('',#11046,#11200);
#11200 = DEFINITIONAL_REPRESENTATION('',(#11201),#11205);
#11201 = CIRCLE('',#11202,5.);
#11202 = AXIS2_PLACEMENT_2D('',#11203,#11204);
#11203 = CARTESIAN_POINT('',(0.,0.));
#11204 = DIRECTION('',(1.,0.));
#11205 = ( GEOMETRIC_REPRESENTATION_CONTEXT(2) 
PARAMETRIC_REPRESENTATION_CONTEXT() REPRESENTATION_CONTEXT('2D SPACE',''
  ) );
#11206 = PCURVE('',#11207,#11212);
#11207 = CYLINDRICAL_SURFACE('',#11208,5.);
#11208 = AXIS2_PLACEMENT_3D('',#11209,#11210,#11211);
#11209 = CARTESIAN_POINT('',(460.,165.,1.4845E+03));
#11210 = DIRECTION('',(0.,0.,1.));
#11211 = DIRECTION('',(1.,0.,-0.));
#11212 = DEFINITIONAL_REPRESENTATION('',(#11213),#11217);
#11213 = LINE('',#11214,#11215);
#11214 = CARTESIAN_POINT('',(0.,1.));
#11215 = VECTOR('',#11216,1.);
#11216 = DIRECTION('',(1.,0.));
#11217 = ( GEOMETRIC_REPRESENTATION_CONTEXT(2) 
PARAMETRIC_REPRESENTATION_CONTEXT() REPRESENTATION_CONTEXT('2D SPACE',''
  ) );
#11218 = ADVANCED_FACE('',(#11219,#11222),#11101,.F.);
#11219 = FACE_BOUND('',#11220,.F.);
#11220 = EDGE_LOOP('',(#11221));
#11221 = ORIENTED_EDGE('',*,*,#11086,.T.);
#11222 = FACE_BOUND('',#11223,.F.);
#11223 = EDGE_LOOP('',(#11224));
#11224 = ORIENTED_EDGE('',*,*,#11225,.F.);
#11225 = EDGE_CURVE('',#11226,#11226,#11228,.T.);
#11226 = VERTEX_POINT('',#11227);
#11227 = CARTESIAN_POINT('',(465.,235.,1.4855E+03));
#11228 = SURFACE_CURVE('',#11229,(#11234,#11241),.PCURVE_S1.);
#11229 = CIRCLE('',#11230,5.);
#11230 = AXIS2_PLACEMENT_3D('',#11231,#11232,#11233);
#11231 = CARTESIAN_POINT('',(460.,235.,1.4855E+03));
#11232 = DIRECTION('',(0.,0.,1.));
#11233 = DIRECTION('',(1.,0.,-0.));
#11234 = PCURVE('',#11101,#11235);
#11235 = DEFINITIONAL_REPRESENTATION('',(#11236),#11240);
#11236 = CIRCLE('',#11237,5.);
#11237 = AXIS2_PLACEMENT_2D('',#11238,#11239);
#11238 = CARTESIAN_POINT('',(0.,0.));
#11239 = DIRECTION('',(1.,0.));
#11240 = ( GEOMETRIC_REPRESENTATION_CONTEXT(2) 
PARAMETRIC_REPRESENTATION_CONTEXT() REPRESENTATION_CONTEXT('2D SPACE',''
  ) );
#11241 = PCURVE('',#11242,#11247);
#11242 = CYLINDRICAL_SURFACE('',#11243,5.);
#11243 = AXIS2_PLACEMENT_3D('',#11244,#11245,#11246);
#11244 = CARTESIAN_POINT('',(460.,235.,1.4845E+03));
#11245 = DIRECTION('',(0.,0.,1.));
#11246 = DIRECTION('',(1.,0.,-0.));
#11247 = DEFINITIONAL_REPRESENTATION('',(#11248),#11252);
#11248 = LINE('',#11249,#11250);
#11249 = CARTESIAN_POINT('',(0.,1.));
#11250 = VECTOR('',#11251,1.);
#11251 = DIRECTION('',(1.,0.));
#11252 = ( GEOMETRIC_REPRESENTATION_CONTEXT(2) 
PARAMETRIC_REPRESENTATION_CONTEXT() REPRESENTATION_CONTEXT('2D SPACE',''
  ) );
#11253 = ADVANCED_FACE('',(#11254),#11137,.T.);
#11254 = FACE_BOUND('',#11255,.T.);
#11255 = EDGE_LOOP('',(#11256,#11257,#11280,#11307));
#11256 = ORIENTED_EDGE('',*,*,#11120,.F.);
#11257 = ORIENTED_EDGE('',*,*,#11258,.F.);
#11258 = EDGE_CURVE('',#11259,#11121,#11261,.T.);
#11259 = VERTEX_POINT('',#11260);
#11260 = CARTESIAN_POINT('',(465.,-235.,1.4845E+03));
#11261 = SEAM_CURVE('',#11262,(#11266,#11273),.PCURVE_S1.);
#11262 = LINE('',#11263,#11264);
#11263 = CARTESIAN_POINT('',(465.,-235.,1.4845E+03));
#11264 = VECTOR('',#11265,1.);
#11265 = DIRECTION('',(0.,0.,1.));
#11266 = PCURVE('',#11137,#11267);
#11267 = DEFINITIONAL_REPRESENTATION('',(#11268),#11272);
#11268 = LINE('',#11269,#11270);
#11269 = CARTESIAN_POINT('',(6.28318530718,-0.));
#11270 = VECTOR('',#11271,1.);
#11271 = DIRECTION('',(0.,1.));
#11272 = ( GEOMETRIC_REPRESENTATION_CONTEXT(2) 
PARAMETRIC_REPRESENTATION_CONTEXT() REPRESENTATION_CONTEXT('2D SPACE',''
  ) );
#11273 = PCURVE('',#11137,#11274);
#11274 = DEFINITIONAL_REPRESENTATION('',(#11275),#11279);
#11275 = LINE('',#11276,#11277);
#11276 = CARTESIAN_POINT('',(0.,-0.));
#11277 = VECTOR('',#11278,1.);
#11278 = DIRECTION('',(0.,1.));
#11279 = ( GEOMETRIC_REPRESENTATION_CONTEXT(2) 
PARAMETRIC_REPRESENTATION_CONTEXT() REPRESENTATION_CONTEXT('2D SPACE',''
  ) );
#11280 = ORIENTED_EDGE('',*,*,#11281,.T.);
#11281 = EDGE_CURVE('',#11259,#11259,#11282,.T.);
#11282 = SURFACE_CURVE('',#11283,(#11288,#11295),.PCURVE_S1.);
#11283 = CIRCLE('',#11284,5.);
#11284 = AXIS2_PLACEMENT_3D('',#11285,#11286,#11287);
#11285 = CARTESIAN_POINT('',(460.,-235.,1.4845E+03));
#11286 = DIRECTION('',(0.,0.,1.));
#11287 = DIRECTION('',(1.,0.,-0.));
#11288 = PCURVE('',#11137,#11289);
#11289 = DEFINITIONAL_REPRESENTATION('',(#11290),#11294);
#11290 = LINE('',#11291,#11292);
#11291 = CARTESIAN_POINT('',(0.,0.));
#11292 = VECTOR('',#11293,1.);
#11293 = DIRECTION('',(1.,0.));
#11294 = ( GEOMETRIC_REPRESENTATION_CONTEXT(2) 
PARAMETRIC_REPRESENTATION_CONTEXT() REPRESENTATION_CONTEXT('2D SPACE',''
  ) );
#11295 = PCURVE('',#11296,#11301);
#11296 = PLANE('',#11297);
#11297 = AXIS2_PLACEMENT_3D('',#11298,#11299,#11300);
#11298 = CARTESIAN_POINT('',(460.,-235.,1.4845E+03));
#11299 = DIRECTION('',(0.,0.,1.));
#11300 = DIRECTION('',(1.,0.,-0.));
#11301 = DEFINITIONAL_REPRESENTATION('',(#11302),#11306);
#11302 = CIRCLE('',#11303,5.);
#11303 = AXIS2_PLACEMENT_2D('',#11304,#11305);
#11304 = CARTESIAN_POINT('',(0.,0.));
#11305 = DIRECTION('',(1.,0.));
#11306 = ( GEOMETRIC_REPRESENTATION_CONTEXT(2) 
PARAMETRIC_REPRESENTATION_CONTEXT() REPRESENTATION_CONTEXT('2D SPACE',''
  ) );
#11307 = ORIENTED_EDGE('',*,*,#11258,.T.);
#11308 = ADVANCED_FACE('',(#11309),#11172,.T.);
#11309 = FACE_BOUND('',#11310,.T.);
#11310 = EDGE_LOOP('',(#11311,#11312,#11335,#11362));
#11311 = ORIENTED_EDGE('',*,*,#11155,.F.);
#11312 = ORIENTED_EDGE('',*,*,#11313,.F.);
#11313 = EDGE_CURVE('',#11314,#11156,#11316,.T.);
#11314 = VERTEX_POINT('',#11315);
#11315 = CARTESIAN_POINT('',(465.,-165.,1.4845E+03));
#11316 = SEAM_CURVE('',#11317,(#11321,#11328),.PCURVE_S1.);
#11317 = LINE('',#11318,#11319);
#11318 = CARTESIAN_POINT('',(465.,-165.,1.4845E+03));
#11319 = VECTOR('',#11320,1.);
#11320 = DIRECTION('',(0.,0.,1.));
#11321 = PCURVE('',#11172,#11322);
#11322 = DEFINITIONAL_REPRESENTATION('',(#11323),#11327);
#11323 = LINE('',#11324,#11325);
#11324 = CARTESIAN_POINT('',(6.28318530718,-0.));
#11325 = VECTOR('',#11326,1.);
#11326 = DIRECTION('',(0.,1.));
#11327 = ( GEOMETRIC_REPRESENTATION_CONTEXT(2) 
PARAMETRIC_REPRESENTATION_CONTEXT() REPRESENTATION_CONTEXT('2D SPACE',''
  ) );
#11328 = PCURVE('',#11172,#11329);
#11329 = DEFINITIONAL_REPRESENTATION('',(#11330),#11334);
#11330 = LINE('',#11331,#11332);
#11331 = CARTESIAN_POINT('',(0.,-0.));
#11332 = VECTOR('',#11333,1.);
#11333 = DIRECTION('',(0.,1.));
#11334 = ( GEOMETRIC_REPRESENTATION_CONTEXT(2) 
PARAMETRIC_REPRESENTATION_CONTEXT() REPRESENTATION_CONTEXT('2D SPACE',''
  ) );
#11335 = ORIENTED_EDGE('',*,*,#11336,.T.);
#11336 = EDGE_CURVE('',#11314,#11314,#11337,.T.);
#11337 = SURFACE_CURVE('',#11338,(#11343,#11350),.PCURVE_S1.);
#11338 = CIRCLE('',#11339,5.);
#11339 = AXIS2_PLACEMENT_3D('',#11340,#11341,#11342);
#11340 = CARTESIAN_POINT('',(460.,-165.,1.4845E+03));
#11341 = DIRECTION('',(0.,0.,1.));
#11342 = DIRECTION('',(1.,0.,-0.));
#11343 = PCURVE('',#11172,#11344);
#11344 = DEFINITIONAL_REPRESENTATION('',(#11345),#11349);
#11345 = LINE('',#11346,#11347);
#11346 = CARTESIAN_POINT('',(0.,0.));
#11347 = VECTOR('',#11348,1.);
#11348 = DIRECTION('',(1.,0.));
#11349 = ( GEOMETRIC_REPRESENTATION_CONTEXT(2) 
PARAMETRIC_REPRESENTATION_CONTEXT() REPRESENTATION_CONTEXT('2D SPACE',''
  ) );
#11350 = PCURVE('',#11351,#11356);
#11351 = PLANE('',#11352);
#11352 = AXIS2_PLACEMENT_3D('',#11353,#11354,#11355);
#11353 = CARTESIAN_POINT('',(460.,-165.,1.4845E+03));
#11354 = DIRECTION('',(0.,0.,1.));
#11355 = DIRECTION('',(1.,0.,-0.));
#11356 = DEFINITIONAL_REPRESENTATION('',(#11357),#11361);
#11357 = CIRCLE('',#11358,5.);
#11358 = AXIS2_PLACEMENT_2D('',#11359,#11360);
#11359 = CARTESIAN_POINT('',(0.,0.));
#11360 = DIRECTION('',(1.,0.));
#11361 = ( GEOMETRIC_REPRESENTATION_CONTEXT(2) 
PARAMETRIC_REPRESENTATION_CONTEXT() REPRESENTATION_CONTEXT('2D SPACE',''
  ) );
#11362 = ORIENTED_EDGE('',*,*,#11313,.T.);
#11363 = ADVANCED_FACE('',(#11364),#11207,.T.);
#11364 = FACE_BOUND('',#11365,.T.);
#11365 = EDGE_LOOP('',(#11366,#11367,#11390,#11417));
#11366 = ORIENTED_EDGE('',*,*,#11190,.F.);
#11367 = ORIENTED_EDGE('',*,*,#11368,.F.);
#11368 = EDGE_CURVE('',#11369,#11191,#11371,.T.);
#11369 = VERTEX_POINT('',#11370);
#11370 = CARTESIAN_POINT('',(465.,165.,1.4845E+03));
#11371 = SEAM_CURVE('',#11372,(#11376,#11383),.PCURVE_S1.);
#11372 = LINE('',#11373,#11374);
#11373 = CARTESIAN_POINT('',(465.,165.,1.4845E+03));
#11374 = VECTOR('',#11375,1.);
#11375 = DIRECTION('',(0.,0.,1.));
#11376 = PCURVE('',#11207,#11377);
#11377 = DEFINITIONAL_REPRESENTATION('',(#11378),#11382);
#11378 = LINE('',#11379,#11380);
#11379 = CARTESIAN_POINT('',(6.28318530718,-0.));
#11380 = VECTOR('',#11381,1.);
#11381 = DIRECTION('',(0.,1.));
#11382 = ( GEOMETRIC_REPRESENTATION_CONTEXT(2) 
PARAMETRIC_REPRESENTATION_CONTEXT() REPRESENTATION_CONTEXT('2D SPACE',''
  ) );
#11383 = PCURVE('',#11207,#11384);
#11384 = DEFINITIONAL_REPRESENTATION('',(#11385),#11389);
#11385 = LINE('',#11386,#11387);
#11386 = CARTESIAN_POINT('',(0.,-0.));
#11387 = VECTOR('',#11388,1.);
#11388 = DIRECTION('',(0.,1.));
#11389 = ( GEOMETRIC_REPRESENTATION_CONTEXT(2) 
PARAMETRIC_REPRESENTATION_CONTEXT() REPRESENTATION_CONTEXT('2D SPACE',''
  ) );
#11390 = ORIENTED_EDGE('',*,*,#11391,.T.);
#11391 = EDGE_CURVE('',#11369,#11369,#11392,.T.);
#11392 = SURFACE_CURVE('',#11393,(#11398,#11405),.PCURVE_S1.);
#11393 = CIRCLE('',#11394,5.);
#11394 = AXIS2_PLACEMENT_3D('',#11395,#11396,#11397);
#11395 = CARTESIAN_POINT('',(460.,165.,1.4845E+03));
#11396 = DIRECTION('',(0.,0.,1.));
#11397 = DIRECTION('',(1.,0.,-0.));
#11398 = PCURVE('',#11207,#11399);
#11399 = DEFINITIONAL_REPRESENTATION('',(#11400),#11404);
#11400 = LINE('',#11401,#11402);
#11401 = CARTESIAN_POINT('',(0.,0.));
#11402 = VECTOR('',#11403,1.);
#11403 = DIRECTION('',(1.,0.));
#11404 = ( GEOMETRIC_REPRESENTATION_CONTEXT(2) 
PARAMETRIC_REPRESENTATION_CONTEXT() REPRESENTATION_CONTEXT('2D SPACE',''
  ) );
#11405 = PCURVE('',#11406,#11411);
#11406 = PLANE('',#11407);
#11407 = AXIS2_PLACEMENT_3D('',#11408,#11409,#11410);
#11408 = CARTESIAN_POINT('',(460.,165.,1.4845E+03));
#11409 = DIRECTION('',(0.,0.,1.));
#11410 = DIRECTION('',(1.,0.,-0.));
#11411 = DEFINITIONAL_REPRESENTATION('',(#11412),#11416);
#11412 = CIRCLE('',#11413,5.);
#11413 = AXIS2_PLACEMENT_2D('',#11414,#11415);
#11414 = CARTESIAN_POINT('',(0.,0.));
#11415 = DIRECTION('',(1.,0.));
#11416 = ( GEOMETRIC_REPRESENTATION_CONTEXT(2) 
PARAMETRIC_REPRESENTATION_CONTEXT() REPRESENTATION_CONTEXT('2D SPACE',''
  ) );
#11417 = ORIENTED_EDGE('',*,*,#11368,.T.);
#11418 = ADVANCED_FACE('',(#11419),#11242,.T.);
#11419 = FACE_BOUND('',#11420,.T.);
#11420 = EDGE_LOOP('',(#11421,#11422,#11445,#11472));
#11421 = ORIENTED_EDGE('',*,*,#11225,.F.);
#11422 = ORIENTED_EDGE('',*,*,#11423,.F.);
#11423 = EDGE_CURVE('',#11424,#11226,#11426,.T.);
#11424 = VERTEX_POINT('',#11425);
#11425 = CARTESIAN_POINT('',(465.,235.,1.4845E+03));
#11426 = SEAM_CURVE('',#11427,(#11431,#11438),.PCURVE_S1.);
#11427 = LINE('',#11428,#11429);
#11428 = CARTESIAN_POINT('',(465.,235.,1.4845E+03));
#11429 = VECTOR('',#11430,1.);
#11430 = DIRECTION('',(0.,0.,1.));
#11431 = PCURVE('',#11242,#11432);
#11432 = DEFINITIONAL_REPRESENTATION('',(#11433),#11437);
#11433 = LINE('',#11434,#11435);
#11434 = CARTESIAN_POINT('',(6.28318530718,-0.));
#11435 = VECTOR('',#11436,1.);
#11436 = DIRECTION('',(0.,1.));
#11437 = ( GEOMETRIC_REPRESENTATION_CONTEXT(2) 
PARAMETRIC_REPRESENTATION_CONTEXT() REPRESENTATION_CONTEXT('2D SPACE',''
  ) );
#11438 = PCURVE('',#11242,#11439);
#11439 = DEFINITIONAL_REPRESENTATION('',(#11440),#11444);
#11440 = LINE('',#11441,#11442);
#11441 = CARTESIAN_POINT('',(0.,-0.));
#11442 = VECTOR('',#11443,1.);
#11443 = DIRECTION('',(0.,1.));
#11444 = ( GEOMETRIC_REPRESENTATION_CONTEXT(2) 
PARAMETRIC_REPRESENTATION_CONTEXT() REPRESENTATION_CONTEXT('2D SPACE',''
  ) );
#11445 = ORIENTED_EDGE('',*,*,#11446,.T.);
#11446 = EDGE_CURVE('',#11424,#11424,#11447,.T.);
#11447 = SURFACE_CURVE('',#11448,(#11453,#11460),.PCURVE_S1.);
#11448 = CIRCLE('',#11449,5.);
#11449 = AXIS2_PLACEMENT_3D('',#11450,#11451,#11452);
#11450 = CARTESIAN_POINT('',(460.,235.,1.4845E+03));
#11451 = DIRECTION('',(0.,0.,1.));
#11452 = DIRECTION('',(1.,0.,-0.));
#11453 = PCURVE('',#11242,#11454);
#11454 = DEFINITIONAL_REPRESENTATION('',(#11455),#11459);
#11455 = LINE('',#11456,#11457);
#11456 = CARTESIAN_POINT('',(0.,0.));
#11457 = VECTOR('',#11458,1.);
#11458 = DIRECTION('',(1.,0.));
#11459 = ( GEOMETRIC_REPRESENTATION_CONTEXT(2) 
PARAMETRIC_REPRESENTATION_CONTEXT() REPRESENTATION_CONTEXT('2D SPACE',''
  ) );
#11460 = PCURVE('',#11461,#11466);
#11461 = PLANE('',#11462);
#11462 = AXIS2_PLACEMENT_3D('',#11463,#11464,#11465);
#11463 = CARTESIAN_POINT('',(460.,235.,1.4845E+03));
#11464 = DIRECTION('',(0.,0.,1.));
#11465 = DIRECTION('',(1.,0.,-0.));
#11466 = DEFINITIONAL_REPRESENTATION('',(#11467),#11471);
#11467 = CIRCLE('',#11468,5.);
#11468 = AXIS2_PLACEMENT_2D('',#11469,#11470);
#11469 = CARTESIAN_POINT('',(0.,0.));
#11470 = DIRECTION('',(1.,0.));
#11471 = ( GEOMETRIC_REPRESENTATION_CONTEXT(2) 
PARAMETRIC_REPRESENTATION_CONTEXT() REPRESENTATION_CONTEXT('2D SPACE',''
  ) );
#11472 = ORIENTED_EDGE('',*,*,#11423,.T.);
#11473 = ADVANCED_FACE('',(#11474),#11296,.F.);
#11474 = FACE_BOUND('',#11475,.T.);
#11475 = EDGE_LOOP('',(#11476));
#11476 = ORIENTED_EDGE('',*,*,#11281,.F.);
#11477 = ADVANCED_FACE('',(#11478),#11351,.F.);
#11478 = FACE_BOUND('',#11479,.T.);
#11479 = EDGE_LOOP('',(#11480));
#11480 = ORIENTED_EDGE('',*,*,#11336,.F.);
#11481 = ADVANCED_FACE('',(#11482),#11406,.F.);
#11482 = FACE_BOUND('',#11483,.T.);
#11483 = EDGE_LOOP('',(#11484));
#11484 = ORIENTED_EDGE('',*,*,#11391,.F.);
#11485 = ADVANCED_FACE('',(#11486),#11461,.F.);
#11486 = FACE_BOUND('',#11487,.T.);
#11487 = EDGE_LOOP('',(#11488));
#11488 = ORIENTED_EDGE('',*,*,#11446,.F.);
#11489 = ORIENTED_CLOSED_SHELL('',*,#11490,.F.);
#11490 = CLOSED_SHELL('',(#11491,#11607,#11682,#11730,#11778,#11804));
#11491 = ADVANCED_FACE('',(#11492),#11506,.F.);
#11492 = FACE_BOUND('',#11493,.F.);
#11493 = EDGE_LOOP('',(#11494,#11528,#11555,#11582));
#11494 = ORIENTED_EDGE('',*,*,#11495,.F.);
#11495 = EDGE_CURVE('',#11496,#11498,#11500,.T.);
#11496 = VERTEX_POINT('',#11497);
#11497 = CARTESIAN_POINT('',(482.,178.,1.508E+03));
#11498 = VERTEX_POINT('',#11499);
#11499 = CARTESIAN_POINT('',(438.,178.,1.508E+03));
#11500 = SURFACE_CURVE('',#11501,(#11505,#11517),.PCURVE_S1.);
#11501 = LINE('',#11502,#11503);
#11502 = CARTESIAN_POINT('',(436.5,178.,1.508E+03));
#11503 = VECTOR('',#11504,1.);
#11504 = DIRECTION('',(-1.,-0.,0.));
#11505 = PCURVE('',#11506,#11511);
#11506 = PLANE('',#11507);
#11507 = AXIS2_PLACEMENT_3D('',#11508,#11509,#11510);
#11508 = CARTESIAN_POINT('',(435.,150.,1.508E+03));
#11509 = DIRECTION('',(0.,0.,1.));
#11510 = DIRECTION('',(1.,0.,-0.));
#11511 = DEFINITIONAL_REPRESENTATION('',(#11512),#11516);
#11512 = LINE('',#11513,#11514);
#11513 = CARTESIAN_POINT('',(1.5,28.));
#11514 = VECTOR('',#11515,1.);
#11515 = DIRECTION('',(-1.,0.));
#11516 = ( GEOMETRIC_REPRESENTATION_CONTEXT(2) 
PARAMETRIC_REPRESENTATION_CONTEXT() REPRESENTATION_CONTEXT('2D SPACE',''
  ) );
#11517 = PCURVE('',#11518,#11523);
#11518 = PLANE('',#11519);
#11519 = AXIS2_PLACEMENT_3D('',#11520,#11521,#11522);
#11520 = CARTESIAN_POINT('',(438.,178.,1.507E+03));
#11521 = DIRECTION('',(-0.,1.,0.));
#11522 = DIRECTION('',(0.,0.,1.));
#11523 = DEFINITIONAL_REPRESENTATION('',(#11524),#11527);
#11524 = B_SPLINE_CURVE_WITH_KNOTS('',1,(#11525,#11526),.UNSPECIFIED.,
  .F.,.F.,(2,2),(-45.5,-1.5),.PIECEWISE_BEZIER_KNOTS.);
#11525 = CARTESIAN_POINT('',(1.,44.));
#11526 = CARTESIAN_POINT('',(1.,0.));
#11527 = ( GEOMETRIC_REPRESENTATION_CONTEXT(2) 
PARAMETRIC_REPRESENTATION_CONTEXT() REPRESENTATION_CONTEXT('2D SPACE',''
  ) );
#11528 = ORIENTED_EDGE('',*,*,#11529,.T.);
#11529 = EDGE_CURVE('',#11496,#11530,#11532,.T.);
#11530 = VERTEX_POINT('',#11531);
#11531 = CARTESIAN_POINT('',(482.,222.,1.508E+03));
#11532 = SURFACE_CURVE('',#11533,(#11537,#11544),.PCURVE_S1.);
#11533 = LINE('',#11534,#11535);
#11534 = CARTESIAN_POINT('',(482.,176.5,1.508E+03));
#11535 = VECTOR('',#11536,1.);
#11536 = DIRECTION('',(-0.,1.,0.));
#11537 = PCURVE('',#11506,#11538);
#11538 = DEFINITIONAL_REPRESENTATION('',(#11539),#11543);
#11539 = LINE('',#11540,#11541);
#11540 = CARTESIAN_POINT('',(47.,26.5));
#11541 = VECTOR('',#11542,1.);
#11542 = DIRECTION('',(0.,1.));
#11543 = ( GEOMETRIC_REPRESENTATION_CONTEXT(2) 
PARAMETRIC_REPRESENTATION_CONTEXT() REPRESENTATION_CONTEXT('2D SPACE',''
  ) );
#11544 = PCURVE('',#11545,#11550);
#11545 = PLANE('',#11546);
#11546 = AXIS2_PLACEMENT_3D('',#11547,#11548,#11549);
#11547 = CARTESIAN_POINT('',(482.,178.,1.507E+03));
#11548 = DIRECTION('',(1.,0.,-0.));
#11549 = DIRECTION('',(0.,0.,1.));
#11550 = DEFINITIONAL_REPRESENTATION('',(#11551),#11554);
#11551 = B_SPLINE_CURVE_WITH_KNOTS('',1,(#11552,#11553),.UNSPECIFIED.,
  .F.,.F.,(2,2),(1.5,45.5),.PIECEWISE_BEZIER_KNOTS.);
#11552 = CARTESIAN_POINT('',(1.,0.));
#11553 = CARTESIAN_POINT('',(1.,-44.));
#11554 = ( GEOMETRIC_REPRESENTATION_CONTEXT(2) 
PARAMETRIC_REPRESENTATION_CONTEXT() REPRESENTATION_CONTEXT('2D SPACE',''
  ) );
#11555 = ORIENTED_EDGE('',*,*,#11556,.T.);
#11556 = EDGE_CURVE('',#11530,#11557,#11559,.T.);
#11557 = VERTEX_POINT('',#11558);
#11558 = CARTESIAN_POINT('',(438.,222.,1.508E+03));
#11559 = SURFACE_CURVE('',#11560,(#11564,#11571),.PCURVE_S1.);
#11560 = LINE('',#11561,#11562);
#11561 = CARTESIAN_POINT('',(436.5,222.,1.508E+03));
#11562 = VECTOR('',#11563,1.);
#11563 = DIRECTION('',(-1.,-0.,0.));
#11564 = PCURVE('',#11506,#11565);
#11565 = DEFINITIONAL_REPRESENTATION('',(#11566),#11570);
#11566 = LINE('',#11567,#11568);
#11567 = CARTESIAN_POINT('',(1.5,72.));
#11568 = VECTOR('',#11569,1.);
#11569 = DIRECTION('',(-1.,0.));
#11570 = ( GEOMETRIC_REPRESENTATION_CONTEXT(2) 
PARAMETRIC_REPRESENTATION_CONTEXT() REPRESENTATION_CONTEXT('2D SPACE',''
  ) );
#11571 = PCURVE('',#11572,#11577);
#11572 = PLANE('',#11573);
#11573 = AXIS2_PLACEMENT_3D('',#11574,#11575,#11576);
#11574 = CARTESIAN_POINT('',(438.,222.,1.507E+03));
#11575 = DIRECTION('',(-0.,1.,0.));
#11576 = DIRECTION('',(0.,0.,1.));
#11577 = DEFINITIONAL_REPRESENTATION('',(#11578),#11581);
#11578 = B_SPLINE_CURVE_WITH_KNOTS('',1,(#11579,#11580),.UNSPECIFIED.,
  .F.,.F.,(2,2),(-45.5,-1.5),.PIECEWISE_BEZIER_KNOTS.);
#11579 = CARTESIAN_POINT('',(1.,44.));
#11580 = CARTESIAN_POINT('',(1.,0.));
#11581 = ( GEOMETRIC_REPRESENTATION_CONTEXT(2) 
PARAMETRIC_REPRESENTATION_CONTEXT() REPRESENTATION_CONTEXT('2D SPACE',''
  ) );
#11582 = ORIENTED_EDGE('',*,*,#11583,.F.);
#11583 = EDGE_CURVE('',#11498,#11557,#11584,.T.);
#11584 = SURFACE_CURVE('',#11585,(#11589,#11596),.PCURVE_S1.);
#11585 = LINE('',#11586,#11587);
#11586 = CARTESIAN_POINT('',(438.,176.5,1.508E+03));
#11587 = VECTOR('',#11588,1.);
#11588 = DIRECTION('',(-0.,1.,0.));
#11589 = PCURVE('',#11506,#11590);
#11590 = DEFINITIONAL_REPRESENTATION('',(#11591),#11595);
#11591 = LINE('',#11592,#11593);
#11592 = CARTESIAN_POINT('',(3.,26.5));
#11593 = VECTOR('',#11594,1.);
#11594 = DIRECTION('',(0.,1.));
#11595 = ( GEOMETRIC_REPRESENTATION_CONTEXT(2) 
PARAMETRIC_REPRESENTATION_CONTEXT() REPRESENTATION_CONTEXT('2D SPACE',''
  ) );
#11596 = PCURVE('',#11597,#11602);
#11597 = PLANE('',#11598);
#11598 = AXIS2_PLACEMENT_3D('',#11599,#11600,#11601);
#11599 = CARTESIAN_POINT('',(438.,178.,1.507E+03));
#11600 = DIRECTION('',(1.,0.,-0.));
#11601 = DIRECTION('',(0.,0.,1.));
#11602 = DEFINITIONAL_REPRESENTATION('',(#11603),#11606);
#11603 = B_SPLINE_CURVE_WITH_KNOTS('',1,(#11604,#11605),.UNSPECIFIED.,
  .F.,.F.,(2,2),(1.5,45.5),.PIECEWISE_BEZIER_KNOTS.);
#11604 = CARTESIAN_POINT('',(1.,0.));
#11605 = CARTESIAN_POINT('',(1.,-44.));
#11606 = ( GEOMETRIC_REPRESENTATION_CONTEXT(2) 
PARAMETRIC_REPRESENTATION_CONTEXT() REPRESENTATION_CONTEXT('2D SPACE',''
  ) );
#11607 = ADVANCED_FACE('',(#11608),#11518,.F.);
#11608 = FACE_BOUND('',#11609,.F.);
#11609 = EDGE_LOOP('',(#11610,#11633,#11634,#11657));
#11610 = ORIENTED_EDGE('',*,*,#11611,.F.);
#11611 = EDGE_CURVE('',#11496,#11612,#11614,.T.);
#11612 = VERTEX_POINT('',#11613);
#11613 = CARTESIAN_POINT('',(482.,178.,2.207685160473E+03));
#11614 = SURFACE_CURVE('',#11615,(#11619,#11626),.PCURVE_S1.);
#11615 = LINE('',#11616,#11617);
#11616 = CARTESIAN_POINT('',(482.,178.,1.507E+03));
#11617 = VECTOR('',#11618,1.);
#11618 = DIRECTION('',(0.,0.,1.));
#11619 = PCURVE('',#11518,#11620);
#11620 = DEFINITIONAL_REPRESENTATION('',(#11621),#11625);
#11621 = LINE('',#11622,#11623);
#11622 = CARTESIAN_POINT('',(0.,44.));
#11623 = VECTOR('',#11624,1.);
#11624 = DIRECTION('',(1.,0.));
#11625 = ( GEOMETRIC_REPRESENTATION_CONTEXT(2) 
PARAMETRIC_REPRESENTATION_CONTEXT() REPRESENTATION_CONTEXT('2D SPACE',''
  ) );
#11626 = PCURVE('',#11545,#11627);
#11627 = DEFINITIONAL_REPRESENTATION('',(#11628),#11632);
#11628 = LINE('',#11629,#11630);
#11629 = CARTESIAN_POINT('',(0.,0.));
#11630 = VECTOR('',#11631,1.);
#11631 = DIRECTION('',(1.,0.));
#11632 = ( GEOMETRIC_REPRESENTATION_CONTEXT(2) 
PARAMETRIC_REPRESENTATION_CONTEXT() REPRESENTATION_CONTEXT('2D SPACE',''
  ) );
#11633 = ORIENTED_EDGE('',*,*,#11495,.T.);
#11634 = ORIENTED_EDGE('',*,*,#11635,.T.);
#11635 = EDGE_CURVE('',#11498,#11636,#11638,.T.);
#11636 = VERTEX_POINT('',#11637);
#11637 = CARTESIAN_POINT('',(438.,178.,2.207685160473E+03));
#11638 = SURFACE_CURVE('',#11639,(#11643,#11650),.PCURVE_S1.);
#11639 = LINE('',#11640,#11641);
#11640 = CARTESIAN_POINT('',(438.,178.,1.507E+03));
#11641 = VECTOR('',#11642,1.);
#11642 = DIRECTION('',(0.,0.,1.));
#11643 = PCURVE('',#11518,#11644);
#11644 = DEFINITIONAL_REPRESENTATION('',(#11645),#11649);
#11645 = LINE('',#11646,#11647);
#11646 = CARTESIAN_POINT('',(0.,0.));
#11647 = VECTOR('',#11648,1.);
#11648 = DIRECTION('',(1.,0.));
#11649 = ( GEOMETRIC_REPRESENTATION_CONTEXT(2) 
PARAMETRIC_REPRESENTATION_CONTEXT() REPRESENTATION_CONTEXT('2D SPACE',''
  ) );
#11650 = PCURVE('',#11597,#11651);
#11651 = DEFINITIONAL_REPRESENTATION('',(#11652),#11656);
#11652 = LINE('',#11653,#11654);
#11653 = CARTESIAN_POINT('',(0.,0.));
#11654 = VECTOR('',#11655,1.);
#11655 = DIRECTION('',(1.,0.));
#11656 = ( GEOMETRIC_REPRESENTATION_CONTEXT(2) 
PARAMETRIC_REPRESENTATION_CONTEXT() REPRESENTATION_CONTEXT('2D SPACE',''
  ) );
#11657 = ORIENTED_EDGE('',*,*,#11658,.T.);
#11658 = EDGE_CURVE('',#11636,#11612,#11659,.T.);
#11659 = SURFACE_CURVE('',#11660,(#11664,#11670),.PCURVE_S1.);
#11660 = LINE('',#11661,#11662);
#11661 = CARTESIAN_POINT('',(-1.281E+03,178.,2.207685160473E+03));
#11662 = VECTOR('',#11663,1.);
#11663 = DIRECTION('',(1.,0.,-0.));
#11664 = PCURVE('',#11518,#11665);
#11665 = DEFINITIONAL_REPRESENTATION('',(#11666),#11669);
#11666 = B_SPLINE_CURVE_WITH_KNOTS('',1,(#11667,#11668),.UNSPECIFIED.,
  .F.,.F.,(2,2),(1.719E+03,1.763E+03),.PIECEWISE_BEZIER_KNOTS.);
#11667 = CARTESIAN_POINT('',(700.68516047287,0.));
#11668 = CARTESIAN_POINT('',(700.68516047287,44.));
#11669 = ( GEOMETRIC_REPRESENTATION_CONTEXT(2) 
PARAMETRIC_REPRESENTATION_CONTEXT() REPRESENTATION_CONTEXT('2D SPACE',''
  ) );
#11670 = PCURVE('',#11671,#11676);
#11671 = PLANE('',#11672);
#11672 = AXIS2_PLACEMENT_3D('',#11673,#11674,#11675);
#11673 = CARTESIAN_POINT('',(435.,165.53172864457,2.209883653116E+03));
#11674 = DIRECTION('',(0.,0.173648177667,0.984807753012));
#11675 = DIRECTION('',(1.,0.,-0.));
#11676 = DEFINITIONAL_REPRESENTATION('',(#11677),#11681);
#11677 = LINE('',#11678,#11679);
#11678 = CARTESIAN_POINT('',(-1.716E+03,12.660614538514));
#11679 = VECTOR('',#11680,1.);
#11680 = DIRECTION('',(1.,0.));
#11681 = ( GEOMETRIC_REPRESENTATION_CONTEXT(2) 
PARAMETRIC_REPRESENTATION_CONTEXT() REPRESENTATION_CONTEXT('2D SPACE',''
  ) );
#11682 = ADVANCED_FACE('',(#11683),#11597,.F.);
#11683 = FACE_BOUND('',#11684,.F.);
#11684 = EDGE_LOOP('',(#11685,#11686,#11687,#11710));
#11685 = ORIENTED_EDGE('',*,*,#11635,.F.);
#11686 = ORIENTED_EDGE('',*,*,#11583,.T.);
#11687 = ORIENTED_EDGE('',*,*,#11688,.T.);
#11688 = EDGE_CURVE('',#11557,#11689,#11691,.T.);
#11689 = VERTEX_POINT('',#11690);
#11690 = CARTESIAN_POINT('',(438.,222.,2.199926773322E+03));
#11691 = SURFACE_CURVE('',#11692,(#11696,#11703),.PCURVE_S1.);
#11692 = LINE('',#11693,#11694);
#11693 = CARTESIAN_POINT('',(438.,222.,1.507E+03));
#11694 = VECTOR('',#11695,1.);
#11695 = DIRECTION('',(0.,0.,1.));
#11696 = PCURVE('',#11597,#11697);
#11697 = DEFINITIONAL_REPRESENTATION('',(#11698),#11702);
#11698 = LINE('',#11699,#11700);
#11699 = CARTESIAN_POINT('',(0.,-44.));
#11700 = VECTOR('',#11701,1.);
#11701 = DIRECTION('',(1.,0.));
#11702 = ( GEOMETRIC_REPRESENTATION_CONTEXT(2) 
PARAMETRIC_REPRESENTATION_CONTEXT() REPRESENTATION_CONTEXT('2D SPACE',''
  ) );
#11703 = PCURVE('',#11572,#11704);
#11704 = DEFINITIONAL_REPRESENTATION('',(#11705),#11709);
#11705 = LINE('',#11706,#11707);
#11706 = CARTESIAN_POINT('',(0.,0.));
#11707 = VECTOR('',#11708,1.);
#11708 = DIRECTION('',(1.,0.));
#11709 = ( GEOMETRIC_REPRESENTATION_CONTEXT(2) 
PARAMETRIC_REPRESENTATION_CONTEXT() REPRESENTATION_CONTEXT('2D SPACE',''
  ) );
#11710 = ORIENTED_EDGE('',*,*,#11711,.T.);
#11711 = EDGE_CURVE('',#11689,#11636,#11712,.T.);
#11712 = SURFACE_CURVE('',#11713,(#11717,#11723),.PCURVE_S1.);
#11713 = LINE('',#11714,#11715);
#11714 = CARTESIAN_POINT('',(438.,-1.408812849406E+03,2.487483079158E+03
    ));
#11715 = VECTOR('',#11716,1.);
#11716 = DIRECTION('',(0.,-0.984807753012,0.173648177667));
#11717 = PCURVE('',#11597,#11718);
#11718 = DEFINITIONAL_REPRESENTATION('',(#11719),#11722);
#11719 = B_SPLINE_CURVE_WITH_KNOTS('',1,(#11720,#11721),.UNSPECIFIED.,
  .F.,.F.,(2,2),(-1.655970766293E+03,-1.61129199537E+03),
  .PIECEWISE_BEZIER_KNOTS.);
#11720 = CARTESIAN_POINT('',(692.9267733217,-44.));
#11721 = CARTESIAN_POINT('',(700.68516047287,-2.273736754432E-13));
#11722 = ( GEOMETRIC_REPRESENTATION_CONTEXT(2) 
PARAMETRIC_REPRESENTATION_CONTEXT() REPRESENTATION_CONTEXT('2D SPACE',''
  ) );
#11723 = PCURVE('',#11671,#11724);
#11724 = DEFINITIONAL_REPRESENTATION('',(#11725),#11729);
#11725 = LINE('',#11726,#11727);
#11726 = CARTESIAN_POINT('',(3.,-1.598631380831E+03));
#11727 = VECTOR('',#11728,1.);
#11728 = DIRECTION('',(0.,-1.));
#11729 = ( GEOMETRIC_REPRESENTATION_CONTEXT(2) 
PARAMETRIC_REPRESENTATION_CONTEXT() REPRESENTATION_CONTEXT('2D SPACE',''
  ) );
#11730 = ADVANCED_FACE('',(#11731),#11572,.T.);
#11731 = FACE_BOUND('',#11732,.T.);
#11732 = EDGE_LOOP('',(#11733,#11756,#11757,#11758));
#11733 = ORIENTED_EDGE('',*,*,#11734,.F.);
#11734 = EDGE_CURVE('',#11530,#11735,#11737,.T.);
#11735 = VERTEX_POINT('',#11736);
#11736 = CARTESIAN_POINT('',(482.,222.,2.199926773322E+03));
#11737 = SURFACE_CURVE('',#11738,(#11742,#11749),.PCURVE_S1.);
#11738 = LINE('',#11739,#11740);
#11739 = CARTESIAN_POINT('',(482.,222.,1.507E+03));
#11740 = VECTOR('',#11741,1.);
#11741 = DIRECTION('',(0.,0.,1.));
#11742 = PCURVE('',#11572,#11743);
#11743 = DEFINITIONAL_REPRESENTATION('',(#11744),#11748);
#11744 = LINE('',#11745,#11746);
#11745 = CARTESIAN_POINT('',(0.,44.));
#11746 = VECTOR('',#11747,1.);
#11747 = DIRECTION('',(1.,0.));
#11748 = ( GEOMETRIC_REPRESENTATION_CONTEXT(2) 
PARAMETRIC_REPRESENTATION_CONTEXT() REPRESENTATION_CONTEXT('2D SPACE',''
  ) );
#11749 = PCURVE('',#11545,#11750);
#11750 = DEFINITIONAL_REPRESENTATION('',(#11751),#11755);
#11751 = LINE('',#11752,#11753);
#11752 = CARTESIAN_POINT('',(0.,-44.));
#11753 = VECTOR('',#11754,1.);
#11754 = DIRECTION('',(1.,0.));
#11755 = ( GEOMETRIC_REPRESENTATION_CONTEXT(2) 
PARAMETRIC_REPRESENTATION_CONTEXT() REPRESENTATION_CONTEXT('2D SPACE',''
  ) );
#11756 = ORIENTED_EDGE('',*,*,#11556,.T.);
#11757 = ORIENTED_EDGE('',*,*,#11688,.T.);
#11758 = ORIENTED_EDGE('',*,*,#11759,.T.);
#11759 = EDGE_CURVE('',#11689,#11735,#11760,.T.);
#11760 = SURFACE_CURVE('',#11761,(#11765,#11771),.PCURVE_S1.);
#11761 = LINE('',#11762,#11763);
#11762 = CARTESIAN_POINT('',(-1.281E+03,222.,2.199926773322E+03));
#11763 = VECTOR('',#11764,1.);
#11764 = DIRECTION('',(1.,0.,-0.));
#11765 = PCURVE('',#11572,#11766);
#11766 = DEFINITIONAL_REPRESENTATION('',(#11767),#11770);
#11767 = B_SPLINE_CURVE_WITH_KNOTS('',1,(#11768,#11769),.UNSPECIFIED.,
  .F.,.F.,(2,2),(1.719E+03,1.763E+03),.PIECEWISE_BEZIER_KNOTS.);
#11768 = CARTESIAN_POINT('',(692.9267733217,0.));
#11769 = CARTESIAN_POINT('',(692.9267733217,44.));
#11770 = ( GEOMETRIC_REPRESENTATION_CONTEXT(2) 
PARAMETRIC_REPRESENTATION_CONTEXT() REPRESENTATION_CONTEXT('2D SPACE',''
  ) );
#11771 = PCURVE('',#11671,#11772);
#11772 = DEFINITIONAL_REPRESENTATION('',(#11773),#11777);
#11773 = LINE('',#11774,#11775);
#11774 = CARTESIAN_POINT('',(-1.716E+03,57.339385461487));
#11775 = VECTOR('',#11776,1.);
#11776 = DIRECTION('',(1.,0.));
#11777 = ( GEOMETRIC_REPRESENTATION_CONTEXT(2) 
PARAMETRIC_REPRESENTATION_CONTEXT() REPRESENTATION_CONTEXT('2D SPACE',''
  ) );
#11778 = ADVANCED_FACE('',(#11779),#11545,.T.);
#11779 = FACE_BOUND('',#11780,.T.);
#11780 = EDGE_LOOP('',(#11781,#11782,#11783,#11784));
#11781 = ORIENTED_EDGE('',*,*,#11611,.F.);
#11782 = ORIENTED_EDGE('',*,*,#11529,.T.);
#11783 = ORIENTED_EDGE('',*,*,#11734,.T.);
#11784 = ORIENTED_EDGE('',*,*,#11785,.T.);
#11785 = EDGE_CURVE('',#11735,#11612,#11786,.T.);
#11786 = SURFACE_CURVE('',#11787,(#11791,#11797),.PCURVE_S1.);
#11787 = LINE('',#11788,#11789);
#11788 = CARTESIAN_POINT('',(482.,-1.408812849406E+03,2.487483079158E+03
    ));
#11789 = VECTOR('',#11790,1.);
#11790 = DIRECTION('',(0.,-0.984807753012,0.173648177667));
#11791 = PCURVE('',#11545,#11792);
#11792 = DEFINITIONAL_REPRESENTATION('',(#11793),#11796);
#11793 = B_SPLINE_CURVE_WITH_KNOTS('',1,(#11794,#11795),.UNSPECIFIED.,
  .F.,.F.,(2,2),(-1.655970766293E+03,-1.61129199537E+03),
  .PIECEWISE_BEZIER_KNOTS.);
#11794 = CARTESIAN_POINT('',(692.9267733217,-44.));
#11795 = CARTESIAN_POINT('',(700.68516047287,-2.273736754432E-13));
#11796 = ( GEOMETRIC_REPRESENTATION_CONTEXT(2) 
PARAMETRIC_REPRESENTATION_CONTEXT() REPRESENTATION_CONTEXT('2D SPACE',''
  ) );
#11797 = PCURVE('',#11671,#11798);
#11798 = DEFINITIONAL_REPRESENTATION('',(#11799),#11803);
#11799 = LINE('',#11800,#11801);
#11800 = CARTESIAN_POINT('',(47.,-1.598631380831E+03));
#11801 = VECTOR('',#11802,1.);
#11802 = DIRECTION('',(0.,-1.));
#11803 = ( GEOMETRIC_REPRESENTATION_CONTEXT(2) 
PARAMETRIC_REPRESENTATION_CONTEXT() REPRESENTATION_CONTEXT('2D SPACE',''
  ) );
#11804 = ADVANCED_FACE('',(#11805),#11671,.T.);
#11805 = FACE_BOUND('',#11806,.T.);
#11806 = EDGE_LOOP('',(#11807,#11808,#11809,#11810));
#11807 = ORIENTED_EDGE('',*,*,#11711,.T.);
#11808 = ORIENTED_EDGE('',*,*,#11658,.T.);
#11809 = ORIENTED_EDGE('',*,*,#11785,.F.);
#11810 = ORIENTED_EDGE('',*,*,#11759,.F.);
#11811 = ORIENTED_CLOSED_SHELL('',*,#11812,.F.);
#11812 = CLOSED_SHELL('',(#11813,#11929,#12004,#12052,#12100,#12126));
#11813 = ADVANCED_FACE('',(#11814),#11828,.F.);
#11814 = FACE_BOUND('',#11815,.F.);
#11815 = EDGE_LOOP('',(#11816,#11850,#11877,#11904));
#11816 = ORIENTED_EDGE('',*,*,#11817,.F.);
#11817 = EDGE_CURVE('',#11818,#11820,#11822,.T.);
#11818 = VERTEX_POINT('',#11819);
#11819 = CARTESIAN_POINT('',(482.,-222.,1.508E+03));
#11820 = VERTEX_POINT('',#11821);
#11821 = CARTESIAN_POINT('',(438.,-222.,1.508E+03));
#11822 = SURFACE_CURVE('',#11823,(#11827,#11839),.PCURVE_S1.);
#11823 = LINE('',#11824,#11825);
#11824 = CARTESIAN_POINT('',(436.5,-222.,1.508E+03));
#11825 = VECTOR('',#11826,1.);
#11826 = DIRECTION('',(-1.,-0.,0.));
#11827 = PCURVE('',#11828,#11833);
#11828 = PLANE('',#11829);
#11829 = AXIS2_PLACEMENT_3D('',#11830,#11831,#11832);
#11830 = CARTESIAN_POINT('',(435.,-250.,1.508E+03));
#11831 = DIRECTION('',(0.,0.,1.));
#11832 = DIRECTION('',(1.,0.,-0.));
#11833 = DEFINITIONAL_REPRESENTATION('',(#11834),#11838);
#11834 = LINE('',#11835,#11836);
#11835 = CARTESIAN_POINT('',(1.5,28.));
#11836 = VECTOR('',#11837,1.);
#11837 = DIRECTION('',(-1.,0.));
#11838 = ( GEOMETRIC_REPRESENTATION_CONTEXT(2) 
PARAMETRIC_REPRESENTATION_CONTEXT() REPRESENTATION_CONTEXT('2D SPACE',''
  ) );
#11839 = PCURVE('',#11840,#11845);
#11840 = PLANE('',#11841);
#11841 = AXIS2_PLACEMENT_3D('',#11842,#11843,#11844);
#11842 = CARTESIAN_POINT('',(438.,-222.,1.507E+03));
#11843 = DIRECTION('',(-0.,1.,0.));
#11844 = DIRECTION('',(0.,0.,1.));
#11845 = DEFINITIONAL_REPRESENTATION('',(#11846),#11849);
#11846 = B_SPLINE_CURVE_WITH_KNOTS('',1,(#11847,#11848),.UNSPECIFIED.,
  .F.,.F.,(2,2),(-45.5,-1.5),.PIECEWISE_BEZIER_KNOTS.);
#11847 = CARTESIAN_POINT('',(1.,44.));
#11848 = CARTESIAN_POINT('',(1.,0.));
#11849 = ( GEOMETRIC_REPRESENTATION_CONTEXT(2) 
PARAMETRIC_REPRESENTATION_CONTEXT() REPRESENTATION_CONTEXT('2D SPACE',''
  ) );
#11850 = ORIENTED_EDGE('',*,*,#11851,.T.);
#11851 = EDGE_CURVE('',#11818,#11852,#11854,.T.);
#11852 = VERTEX_POINT('',#11853);
#11853 = CARTESIAN_POINT('',(482.,-178.,1.508E+03));
#11854 = SURFACE_CURVE('',#11855,(#11859,#11866),.PCURVE_S1.);
#11855 = LINE('',#11856,#11857);
#11856 = CARTESIAN_POINT('',(482.,-223.5,1.508E+03));
#11857 = VECTOR('',#11858,1.);
#11858 = DIRECTION('',(-0.,1.,0.));
#11859 = PCURVE('',#11828,#11860);
#11860 = DEFINITIONAL_REPRESENTATION('',(#11861),#11865);
#11861 = LINE('',#11862,#11863);
#11862 = CARTESIAN_POINT('',(47.,26.5));
#11863 = VECTOR('',#11864,1.);
#11864 = DIRECTION('',(0.,1.));
#11865 = ( GEOMETRIC_REPRESENTATION_CONTEXT(2) 
PARAMETRIC_REPRESENTATION_CONTEXT() REPRESENTATION_CONTEXT('2D SPACE',''
  ) );
#11866 = PCURVE('',#11867,#11872);
#11867 = PLANE('',#11868);
#11868 = AXIS2_PLACEMENT_3D('',#11869,#11870,#11871);
#11869 = CARTESIAN_POINT('',(482.,-222.,1.507E+03));
#11870 = DIRECTION('',(1.,0.,-0.));
#11871 = DIRECTION('',(0.,0.,1.));
#11872 = DEFINITIONAL_REPRESENTATION('',(#11873),#11876);
#11873 = B_SPLINE_CURVE_WITH_KNOTS('',1,(#11874,#11875),.UNSPECIFIED.,
  .F.,.F.,(2,2),(1.5,45.5),.PIECEWISE_BEZIER_KNOTS.);
#11874 = CARTESIAN_POINT('',(1.,0.));
#11875 = CARTESIAN_POINT('',(1.,-44.));
#11876 = ( GEOMETRIC_REPRESENTATION_CONTEXT(2) 
PARAMETRIC_REPRESENTATION_CONTEXT() REPRESENTATION_CONTEXT('2D SPACE',''
  ) );
#11877 = ORIENTED_EDGE('',*,*,#11878,.T.);
#11878 = EDGE_CURVE('',#11852,#11879,#11881,.T.);
#11879 = VERTEX_POINT('',#11880);
#11880 = CARTESIAN_POINT('',(438.,-178.,1.508E+03));
#11881 = SURFACE_CURVE('',#11882,(#11886,#11893),.PCURVE_S1.);
#11882 = LINE('',#11883,#11884);
#11883 = CARTESIAN_POINT('',(436.5,-178.,1.508E+03));
#11884 = VECTOR('',#11885,1.);
#11885 = DIRECTION('',(-1.,-0.,0.));
#11886 = PCURVE('',#11828,#11887);
#11887 = DEFINITIONAL_REPRESENTATION('',(#11888),#11892);
#11888 = LINE('',#11889,#11890);
#11889 = CARTESIAN_POINT('',(1.5,72.));
#11890 = VECTOR('',#11891,1.);
#11891 = DIRECTION('',(-1.,0.));
#11892 = ( GEOMETRIC_REPRESENTATION_CONTEXT(2) 
PARAMETRIC_REPRESENTATION_CONTEXT() REPRESENTATION_CONTEXT('2D SPACE',''
  ) );
#11893 = PCURVE('',#11894,#11899);
#11894 = PLANE('',#11895);
#11895 = AXIS2_PLACEMENT_3D('',#11896,#11897,#11898);
#11896 = CARTESIAN_POINT('',(438.,-178.,1.507E+03));
#11897 = DIRECTION('',(-0.,1.,0.));
#11898 = DIRECTION('',(0.,0.,1.));
#11899 = DEFINITIONAL_REPRESENTATION('',(#11900),#11903);
#11900 = B_SPLINE_CURVE_WITH_KNOTS('',1,(#11901,#11902),.UNSPECIFIED.,
  .F.,.F.,(2,2),(-45.5,-1.5),.PIECEWISE_BEZIER_KNOTS.);
#11901 = CARTESIAN_POINT('',(1.,44.));
#11902 = CARTESIAN_POINT('',(1.,0.));
#11903 = ( GEOMETRIC_REPRESENTATION_CONTEXT(2) 
PARAMETRIC_REPRESENTATION_CONTEXT() REPRESENTATION_CONTEXT('2D SPACE',''
  ) );
#11904 = ORIENTED_EDGE('',*,*,#11905,.F.);
#11905 = EDGE_CURVE('',#11820,#11879,#11906,.T.);
#11906 = SURFACE_CURVE('',#11907,(#11911,#11918),.PCURVE_S1.);
#11907 = LINE('',#11908,#11909);
#11908 = CARTESIAN_POINT('',(438.,-223.5,1.508E+03));
#11909 = VECTOR('',#11910,1.);
#11910 = DIRECTION('',(-0.,1.,0.));
#11911 = PCURVE('',#11828,#11912);
#11912 = DEFINITIONAL_REPRESENTATION('',(#11913),#11917);
#11913 = LINE('',#11914,#11915);
#11914 = CARTESIAN_POINT('',(3.,26.5));
#11915 = VECTOR('',#11916,1.);
#11916 = DIRECTION('',(0.,1.));
#11917 = ( GEOMETRIC_REPRESENTATION_CONTEXT(2) 
PARAMETRIC_REPRESENTATION_CONTEXT() REPRESENTATION_CONTEXT('2D SPACE',''
  ) );
#11918 = PCURVE('',#11919,#11924);
#11919 = PLANE('',#11920);
#11920 = AXIS2_PLACEMENT_3D('',#11921,#11922,#11923);
#11921 = CARTESIAN_POINT('',(438.,-222.,1.507E+03));
#11922 = DIRECTION('',(1.,0.,-0.));
#11923 = DIRECTION('',(0.,0.,1.));
#11924 = DEFINITIONAL_REPRESENTATION('',(#11925),#11928);
#11925 = B_SPLINE_CURVE_WITH_KNOTS('',1,(#11926,#11927),.UNSPECIFIED.,
  .F.,.F.,(2,2),(1.5,45.5),.PIECEWISE_BEZIER_KNOTS.);
#11926 = CARTESIAN_POINT('',(1.,0.));
#11927 = CARTESIAN_POINT('',(1.,-44.));
#11928 = ( GEOMETRIC_REPRESENTATION_CONTEXT(2) 
PARAMETRIC_REPRESENTATION_CONTEXT() REPRESENTATION_CONTEXT('2D SPACE',''
  ) );
#11929 = ADVANCED_FACE('',(#11930),#11840,.F.);
#11930 = FACE_BOUND('',#11931,.F.);
#11931 = EDGE_LOOP('',(#11932,#11955,#11956,#11979));
#11932 = ORIENTED_EDGE('',*,*,#11933,.F.);
#11933 = EDGE_CURVE('',#11818,#11934,#11936,.T.);
#11934 = VERTEX_POINT('',#11935);
#11935 = CARTESIAN_POINT('',(482.,-222.,2.278215952756E+03));
#11936 = SURFACE_CURVE('',#11937,(#11941,#11948),.PCURVE_S1.);
#11937 = LINE('',#11938,#11939);
#11938 = CARTESIAN_POINT('',(482.,-222.,1.507E+03));
#11939 = VECTOR('',#11940,1.);
#11940 = DIRECTION('',(0.,0.,1.));
#11941 = PCURVE('',#11840,#11942);
#11942 = DEFINITIONAL_REPRESENTATION('',(#11943),#11947);
#11943 = LINE('',#11944,#11945);
#11944 = CARTESIAN_POINT('',(0.,44.));
#11945 = VECTOR('',#11946,1.);
#11946 = DIRECTION('',(1.,0.));
#11947 = ( GEOMETRIC_REPRESENTATION_CONTEXT(2) 
PARAMETRIC_REPRESENTATION_CONTEXT() REPRESENTATION_CONTEXT('2D SPACE',''
  ) );
#11948 = PCURVE('',#11867,#11949);
#11949 = DEFINITIONAL_REPRESENTATION('',(#11950),#11954);
#11950 = LINE('',#11951,#11952);
#11951 = CARTESIAN_POINT('',(0.,0.));
#11952 = VECTOR('',#11953,1.);
#11953 = DIRECTION('',(1.,0.));
#11954 = ( GEOMETRIC_REPRESENTATION_CONTEXT(2) 
PARAMETRIC_REPRESENTATION_CONTEXT() REPRESENTATION_CONTEXT('2D SPACE',''
  ) );
#11955 = ORIENTED_EDGE('',*,*,#11817,.T.);
#11956 = ORIENTED_EDGE('',*,*,#11957,.T.);
#11957 = EDGE_CURVE('',#11820,#11958,#11960,.T.);
#11958 = VERTEX_POINT('',#11959);
#11959 = CARTESIAN_POINT('',(438.,-222.,2.278215952756E+03));
#11960 = SURFACE_CURVE('',#11961,(#11965,#11972),.PCURVE_S1.);
#11961 = LINE('',#11962,#11963);
#11962 = CARTESIAN_POINT('',(438.,-222.,1.507E+03));
#11963 = VECTOR('',#11964,1.);
#11964 = DIRECTION('',(0.,0.,1.));
#11965 = PCURVE('',#11840,#11966);
#11966 = DEFINITIONAL_REPRESENTATION('',(#11967),#11971);
#11967 = LINE('',#11968,#11969);
#11968 = CARTESIAN_POINT('',(0.,0.));
#11969 = VECTOR('',#11970,1.);
#11970 = DIRECTION('',(1.,0.));
#11971 = ( GEOMETRIC_REPRESENTATION_CONTEXT(2) 
PARAMETRIC_REPRESENTATION_CONTEXT() REPRESENTATION_CONTEXT('2D SPACE',''
  ) );
#11972 = PCURVE('',#11919,#11973);
#11973 = DEFINITIONAL_REPRESENTATION('',(#11974),#11978);
#11974 = LINE('',#11975,#11976);
#11975 = CARTESIAN_POINT('',(0.,0.));
#11976 = VECTOR('',#11977,1.);
#11977 = DIRECTION('',(1.,0.));
#11978 = ( GEOMETRIC_REPRESENTATION_CONTEXT(2) 
PARAMETRIC_REPRESENTATION_CONTEXT() REPRESENTATION_CONTEXT('2D SPACE',''
  ) );
#11979 = ORIENTED_EDGE('',*,*,#11980,.T.);
#11980 = EDGE_CURVE('',#11958,#11934,#11981,.T.);
#11981 = SURFACE_CURVE('',#11982,(#11986,#11992),.PCURVE_S1.);
#11982 = LINE('',#11983,#11984);
#11983 = CARTESIAN_POINT('',(-1.281E+03,-222.,2.278215952756E+03));
#11984 = VECTOR('',#11985,1.);
#11985 = DIRECTION('',(1.,0.,-0.));
#11986 = PCURVE('',#11840,#11987);
#11987 = DEFINITIONAL_REPRESENTATION('',(#11988),#11991);
#11988 = B_SPLINE_CURVE_WITH_KNOTS('',1,(#11989,#11990),.UNSPECIFIED.,
  .F.,.F.,(2,2),(1.719E+03,1.763E+03),.PIECEWISE_BEZIER_KNOTS.);
#11989 = CARTESIAN_POINT('',(771.21595275626,0.));
#11990 = CARTESIAN_POINT('',(771.21595275626,44.));
#11991 = ( GEOMETRIC_REPRESENTATION_CONTEXT(2) 
PARAMETRIC_REPRESENTATION_CONTEXT() REPRESENTATION_CONTEXT('2D SPACE',''
  ) );
#11992 = PCURVE('',#11993,#11998);
#11993 = PLANE('',#11994);
#11994 = AXIS2_PLACEMENT_3D('',#11995,#11996,#11997);
#11995 = CARTESIAN_POINT('',(435.,-234.4682713554,2.280414445399E+03));
#11996 = DIRECTION('',(0.,0.173648177667,0.984807753012));
#11997 = DIRECTION('',(1.,0.,-0.));
#11998 = DEFINITIONAL_REPRESENTATION('',(#11999),#12003);
#11999 = LINE('',#12000,#12001);
#12000 = CARTESIAN_POINT('',(-1.716E+03,12.660614538514));
#12001 = VECTOR('',#12002,1.);
#12002 = DIRECTION('',(1.,0.));
#12003 = ( GEOMETRIC_REPRESENTATION_CONTEXT(2) 
PARAMETRIC_REPRESENTATION_CONTEXT() REPRESENTATION_CONTEXT('2D SPACE',''
  ) );
#12004 = ADVANCED_FACE('',(#12005),#11919,.F.);
#12005 = FACE_BOUND('',#12006,.F.);
#12006 = EDGE_LOOP('',(#12007,#12008,#12009,#12032));
#12007 = ORIENTED_EDGE('',*,*,#11957,.F.);
#12008 = ORIENTED_EDGE('',*,*,#11905,.T.);
#12009 = ORIENTED_EDGE('',*,*,#12010,.T.);
#12010 = EDGE_CURVE('',#11879,#12011,#12013,.T.);
#12011 = VERTEX_POINT('',#12012);
#12012 = CARTESIAN_POINT('',(438.,-178.,2.270457565605E+03));
#12013 = SURFACE_CURVE('',#12014,(#12018,#12025),.PCURVE_S1.);
#12014 = LINE('',#12015,#12016);
#12015 = CARTESIAN_POINT('',(438.,-178.,1.507E+03));
#12016 = VECTOR('',#12017,1.);
#12017 = DIRECTION('',(0.,0.,1.));
#12018 = PCURVE('',#11919,#12019);
#12019 = DEFINITIONAL_REPRESENTATION('',(#12020),#12024);
#12020 = LINE('',#12021,#12022);
#12021 = CARTESIAN_POINT('',(0.,-44.));
#12022 = VECTOR('',#12023,1.);
#12023 = DIRECTION('',(1.,0.));
#12024 = ( GEOMETRIC_REPRESENTATION_CONTEXT(2) 
PARAMETRIC_REPRESENTATION_CONTEXT() REPRESENTATION_CONTEXT('2D SPACE',''
  ) );
#12025 = PCURVE('',#11894,#12026);
#12026 = DEFINITIONAL_REPRESENTATION('',(#12027),#12031);
#12027 = LINE('',#12028,#12029);
#12028 = CARTESIAN_POINT('',(0.,0.));
#12029 = VECTOR('',#12030,1.);
#12030 = DIRECTION('',(1.,0.));
#12031 = ( GEOMETRIC_REPRESENTATION_CONTEXT(2) 
PARAMETRIC_REPRESENTATION_CONTEXT() REPRESENTATION_CONTEXT('2D SPACE',''
  ) );
#12032 = ORIENTED_EDGE('',*,*,#12033,.T.);
#12033 = EDGE_CURVE('',#12011,#11958,#12034,.T.);
#12034 = SURFACE_CURVE('',#12035,(#12039,#12045),.PCURVE_S1.);
#12035 = LINE('',#12036,#12037);
#12036 = CARTESIAN_POINT('',(438.,-1.602782111485E+03,2.521685093491E+03
    ));
#12037 = VECTOR('',#12038,1.);
#12038 = DIRECTION('',(0.,-0.984807753012,0.173648177667));
#12039 = PCURVE('',#11919,#12040);
#12040 = DEFINITIONAL_REPRESENTATION('',(#12041),#12044);
#12041 = B_SPLINE_CURVE_WITH_KNOTS('',1,(#12042,#12043),.UNSPECIFIED.,
  .F.,.F.,(2,2),(-1.446761672141E+03,-1.402082901218E+03),
  .PIECEWISE_BEZIER_KNOTS.);
#12042 = CARTESIAN_POINT('',(763.45756560509,-44.));
#12043 = CARTESIAN_POINT('',(771.21595275626,-2.273736754432E-13));
#12044 = ( GEOMETRIC_REPRESENTATION_CONTEXT(2) 
PARAMETRIC_REPRESENTATION_CONTEXT() REPRESENTATION_CONTEXT('2D SPACE',''
  ) );
#12045 = PCURVE('',#11993,#12046);
#12046 = DEFINITIONAL_REPRESENTATION('',(#12047),#12051);
#12047 = LINE('',#12048,#12049);
#12048 = CARTESIAN_POINT('',(3.,-1.389422286679E+03));
#12049 = VECTOR('',#12050,1.);
#12050 = DIRECTION('',(0.,-1.));
#12051 = ( GEOMETRIC_REPRESENTATION_CONTEXT(2) 
PARAMETRIC_REPRESENTATION_CONTEXT() REPRESENTATION_CONTEXT('2D SPACE',''
  ) );
#12052 = ADVANCED_FACE('',(#12053),#11894,.T.);
#12053 = FACE_BOUND('',#12054,.T.);
#12054 = EDGE_LOOP('',(#12055,#12078,#12079,#12080));
#12055 = ORIENTED_EDGE('',*,*,#12056,.F.);
#12056 = EDGE_CURVE('',#11852,#12057,#12059,.T.);
#12057 = VERTEX_POINT('',#12058);
#12058 = CARTESIAN_POINT('',(482.,-178.,2.270457565605E+03));
#12059 = SURFACE_CURVE('',#12060,(#12064,#12071),.PCURVE_S1.);
#12060 = LINE('',#12061,#12062);
#12061 = CARTESIAN_POINT('',(482.,-178.,1.507E+03));
#12062 = VECTOR('',#12063,1.);
#12063 = DIRECTION('',(0.,0.,1.));
#12064 = PCURVE('',#11894,#12065);
#12065 = DEFINITIONAL_REPRESENTATION('',(#12066),#12070);
#12066 = LINE('',#12067,#12068);
#12067 = CARTESIAN_POINT('',(0.,44.));
#12068 = VECTOR('',#12069,1.);
#12069 = DIRECTION('',(1.,0.));
#12070 = ( GEOMETRIC_REPRESENTATION_CONTEXT(2) 
PARAMETRIC_REPRESENTATION_CONTEXT() REPRESENTATION_CONTEXT('2D SPACE',''
  ) );
#12071 = PCURVE('',#11867,#12072);
#12072 = DEFINITIONAL_REPRESENTATION('',(#12073),#12077);
#12073 = LINE('',#12074,#12075);
#12074 = CARTESIAN_POINT('',(0.,-44.));
#12075 = VECTOR('',#12076,1.);
#12076 = DIRECTION('',(1.,0.));
#12077 = ( GEOMETRIC_REPRESENTATION_CONTEXT(2) 
PARAMETRIC_REPRESENTATION_CONTEXT() REPRESENTATION_CONTEXT('2D SPACE',''
  ) );
#12078 = ORIENTED_EDGE('',*,*,#11878,.T.);
#12079 = ORIENTED_EDGE('',*,*,#12010,.T.);
#12080 = ORIENTED_EDGE('',*,*,#12081,.T.);
#12081 = EDGE_CURVE('',#12011,#12057,#12082,.T.);
#12082 = SURFACE_CURVE('',#12083,(#12087,#12093),.PCURVE_S1.);
#12083 = LINE('',#12084,#12085);
#12084 = CARTESIAN_POINT('',(-1.281E+03,-178.,2.270457565605E+03));
#12085 = VECTOR('',#12086,1.);
#12086 = DIRECTION('',(1.,0.,-0.));
#12087 = PCURVE('',#11894,#12088);
#12088 = DEFINITIONAL_REPRESENTATION('',(#12089),#12092);
#12089 = B_SPLINE_CURVE_WITH_KNOTS('',1,(#12090,#12091),.UNSPECIFIED.,
  .F.,.F.,(2,2),(1.719E+03,1.763E+03),.PIECEWISE_BEZIER_KNOTS.);
#12090 = CARTESIAN_POINT('',(763.45756560509,0.));
#12091 = CARTESIAN_POINT('',(763.45756560509,44.));
#12092 = ( GEOMETRIC_REPRESENTATION_CONTEXT(2) 
PARAMETRIC_REPRESENTATION_CONTEXT() REPRESENTATION_CONTEXT('2D SPACE',''
  ) );
#12093 = PCURVE('',#11993,#12094);
#12094 = DEFINITIONAL_REPRESENTATION('',(#12095),#12099);
#12095 = LINE('',#12096,#12097);
#12096 = CARTESIAN_POINT('',(-1.716E+03,57.339385461487));
#12097 = VECTOR('',#12098,1.);
#12098 = DIRECTION('',(1.,0.));
#12099 = ( GEOMETRIC_REPRESENTATION_CONTEXT(2) 
PARAMETRIC_REPRESENTATION_CONTEXT() REPRESENTATION_CONTEXT('2D SPACE',''
  ) );
#12100 = ADVANCED_FACE('',(#12101),#11867,.T.);
#12101 = FACE_BOUND('',#12102,.T.);
#12102 = EDGE_LOOP('',(#12103,#12104,#12105,#12106));
#12103 = ORIENTED_EDGE('',*,*,#11933,.F.);
#12104 = ORIENTED_EDGE('',*,*,#11851,.T.);
#12105 = ORIENTED_EDGE('',*,*,#12056,.T.);
#12106 = ORIENTED_EDGE('',*,*,#12107,.T.);
#12107 = EDGE_CURVE('',#12057,#11934,#12108,.T.);
#12108 = SURFACE_CURVE('',#12109,(#12113,#12119),.PCURVE_S1.);
#12109 = LINE('',#12110,#12111);
#12110 = CARTESIAN_POINT('',(482.,-1.602782111485E+03,2.521685093491E+03
    ));
#12111 = VECTOR('',#12112,1.);
#12112 = DIRECTION('',(0.,-0.984807753012,0.173648177667));
#12113 = PCURVE('',#11867,#12114);
#12114 = DEFINITIONAL_REPRESENTATION('',(#12115),#12118);
#12115 = B_SPLINE_CURVE_WITH_KNOTS('',1,(#12116,#12117),.UNSPECIFIED.,
  .F.,.F.,(2,2),(-1.446761672141E+03,-1.402082901218E+03),
  .PIECEWISE_BEZIER_KNOTS.);
#12116 = CARTESIAN_POINT('',(763.45756560509,-44.));
#12117 = CARTESIAN_POINT('',(771.21595275626,-2.273736754432E-13));
#12118 = ( GEOMETRIC_REPRESENTATION_CONTEXT(2) 
PARAMETRIC_REPRESENTATION_CONTEXT() REPRESENTATION_CONTEXT('2D SPACE',''
  ) );
#12119 = PCURVE('',#11993,#12120);
#12120 = DEFINITIONAL_REPRESENTATION('',(#12121),#12125);
#12121 = LINE('',#12122,#12123);
#12122 = CARTESIAN_POINT('',(47.,-1.389422286679E+03));
#12123 = VECTOR('',#12124,1.);
#12124 = DIRECTION('',(0.,-1.));
#12125 = ( GEOMETRIC_REPRESENTATION_CONTEXT(2) 
PARAMETRIC_REPRESENTATION_CONTEXT() REPRESENTATION_CONTEXT('2D SPACE',''
  ) );
#12126 = ADVANCED_FACE('',(#12127),#11993,.T.);
#12127 = FACE_BOUND('',#12128,.T.);
#12128 = EDGE_LOOP('',(#12129,#12130,#12131,#12132));
#12129 = ORIENTED_EDGE('',*,*,#12033,.T.);
#12130 = ORIENTED_EDGE('',*,*,#11980,.T.);
#12131 = ORIENTED_EDGE('',*,*,#12107,.F.);
#12132 = ORIENTED_EDGE('',*,*,#12081,.F.);
#12133 = ( GEOMETRIC_REPRESENTATION_CONTEXT(3) 
GLOBAL_UNCERTAINTY_ASSIGNED_CONTEXT((#12137)) 
GLOBAL_UNIT_ASSIGNED_CONTEXT((#12134,#12135,#12136)) 
REPRESENTATION_CONTEXT('Context #1',
  '3D Context with UNIT and UNCERTAINTY') );
#12134 = ( LENGTH_UNIT() NAMED_UNIT(*) SI_UNIT(.MILLI.,.METRE.) );
#12135 = ( NAMED_UNIT(*) PLANE_ANGLE_UNIT() SI_UNIT($,.RADIAN.) );
#12136 = ( NAMED_UNIT(*) SI_UNIT($,.STERADIAN.) SOLID_ANGLE_UNIT() );
#12137 = UNCERTAINTY_MEASURE_WITH_UNIT(LENGTH_MEASURE(1.E-07),#12134,
  'distance_accuracy_value','confusion accuracy');
#12138 = PRODUCT_RELATED_PRODUCT_CATEGORY('part',$,(#7));
ENDSEC;
END-ISO-10303-21;
